Component_ID,Batch_ID,Part_Type,Absolute_Spec_Fail,Lot_Relative_Score,Worst_Lot_Zscore,Multivariate_Score,Drift_Score,Anomaly_Risk_Score,QA_Decision,Label,Traditional_Test_Result
C501,ISRO-SCL-250421-16,MOSFET,0,12.6,1.01,9.8,3.1,9.6,PASS,Safe,Pass
C502,ISRO-SCL-250224-08,MOSFET,0,21.0,1.68,8.0,26.1,16.8,PASS,Borderline,Pass
C503,ISRO-SCL-250414-15,Digital Logic IC,0,100.0,9.02,38.6,7.1,56.8,MONITOR,Safe,Pass
C504,ISRO-SCL-250113-02,MOSFET,0,16.5,1.32,21.6,24.5,20.1,PASS,Borderline,Pass
C505,ISRO-SCL-250120-03,Op-Amp IC,1,14.1,1.13,15.2,10.4,85.0,REJECT,Safe,Fail
C506,ISRO-SCL-250428-17,Voltage Regulator IC,0,17.1,1.37,38.7,18.9,26.1,PASS,Safe,Pass
C507,ISRO-SCL-250407-14,MOSFET,0,4.8,0.38,2.4,20.5,7.0,PASS,Safe,Pass
C508,ISRO-SCL-250414-15,Digital Logic IC,0,17.9,1.43,23.2,11.0,18.6,PASS,Safe,Pass
C509,ISRO-SCL-250303-09,Voltage Regulator IC,0,12.5,1.0,8.2,9.6,10.2,PASS,Fail,Pass
C510,ISRO-SCL-250407-14,MOSFET,0,19.0,1.52,25.5,9.8,19.8,PASS,Safe,Pass
C511,ISRO-SCL-250217-07,Op-Amp IC,0,29.3,2.35,13.9,25.9,22.5,PASS,Borderline,Pass
C512,ISRO-SCL-250505-18,Op-Amp IC,0,16.6,1.33,10.1,5.8,11.9,PASS,Safe,Pass
C513,ISRO-SCL-250217-07,Op-Amp IC,0,11.1,0.89,1.7,7.0,6.5,PASS,Safe,Pass
C514,ISRO-SCL-250217-07,Op-Amp IC,0,22.6,1.81,10.8,22.9,18.0,PASS,Borderline,Pass
C515,ISRO-SCL-250203-05,Digital Logic IC,1,10.1,0.81,2.2,2.8,85.0,REJECT,Fail,Fail
C516,ISRO-SCL-250210-06,MOSFET,0,16.4,1.31,31.8,9.2,21.1,PASS,Safe,Pass
C517,ISRO-SCL-250303-09,Voltage Regulator IC,0,17.8,1.43,10.6,18.6,15.1,PASS,Borderline,Pass
C518,ISRO-SCL-250303-09,Voltage Regulator IC,0,13.9,1.11,7.6,14.9,11.6,PASS,Safe,Pass
C519,ISRO-SCL-250113-02,MOSFET,0,18.5,1.48,2.4,9.1,10.2,PASS,Safe,Pass
C520,ISRO-SCL-250317-11,Voltage Regulator IC,0,10.0,0.8,16.0,25.7,15.5,PASS,Borderline,Pass
C521,ISRO-SCL-250310-10,Voltage Regulator IC,0,16.9,1.35,37.7,1.4,22.1,PASS,Safe,Pass
C522,ISRO-SCL-250512-19,Op-Amp IC,0,10.0,0.8,8.9,3.4,8.3,PASS,Safe,Pass
C523,ISRO-SCL-250519-20,Voltage Regulator IC,0,14.6,1.17,17.6,12.9,15.5,PASS,Safe,Pass
C524,ISRO-SCL-250303-09,Voltage Regulator IC,0,8.8,0.7,1.6,6.1,5.4,PASS,Borderline,Pass
C525,ISRO-SCL-250414-15,Digital Logic IC,1,50.6,4.05,73.2,31.3,85.0,REJECT,Fail,Fail
C526,ISRO-SCL-250317-11,Voltage Regulator IC,1,72.3,5.78,100.0,94.6,87.8,REJECT,Fail,Fail
C527,ISRO-SCL-250113-02,MOSFET,1,24.7,1.98,39.5,12.8,85.0,REJECT,Borderline,Fail
C528,ISRO-SCL-250407-14,MOSFET,0,8.0,0.64,2.7,6.2,5.5,PASS,Safe,Pass
C529,ISRO-SCL-250512-19,Op-Amp IC,1,10.3,0.82,12.6,5.2,85.0,REJECT,Safe,Fail
C530,ISRO-SCL-250331-13,Voltage Regulator IC,0,12.0,0.96,0.0,17.8,8.4,PASS,Safe,Pass
C531,ISRO-SCL-250505-18,Op-Amp IC,0,20.1,1.61,10.1,11.9,14.5,PASS,Safe,Pass
C532,ISRO-SCL-250421-16,MOSFET,0,14.1,1.12,22.1,4.5,15.4,PASS,Safe,Pass
C533,ISRO-SCL-250317-11,Voltage Regulator IC,0,13.7,1.1,21.5,18.0,17.7,PASS,Borderline,Pass
C534,ISRO-SCL-250127-04,Op-Amp IC,1,13.0,1.04,17.9,9.1,85.0,REJECT,Safe,Fail
C535,ISRO-SCL-250224-08,MOSFET,0,21.6,1.73,16.7,9.0,17.1,PASS,Safe,Pass
C536,ISRO-SCL-250127-04,Op-Amp IC,0,22.8,1.83,25.9,44.9,28.5,PASS,Fail,Pass
C537,ISRO-SCL-250414-15,Digital Logic IC,0,16.0,1.28,29.5,3.1,18.8,PASS,Safe,Pass
C538,ISRO-SCL-250421-16,MOSFET,0,17.1,1.37,30.4,10.9,21.2,PASS,Safe,Pass
C539,ISRO-SCL-250203-05,Digital Logic IC,0,13.7,1.09,6.2,0.7,8.1,PASS,Safe,Pass
C540,ISRO-SCL-250217-07,Op-Amp IC,1,57.8,4.63,26.9,22.6,85.0,REJECT,Fail,Fail
C541,ISRO-SCL-250120-03,Op-Amp IC,0,21.8,1.75,11.4,24.4,18.2,PASS,Borderline,Pass
C542,ISRO-SCL-250203-05,Digital Logic IC,0,21.2,1.69,16.7,12.4,17.6,PASS,Safe,Pass
C543,ISRO-SCL-250512-19,Op-Amp IC,0,12.0,0.96,12.0,21.4,13.9,PASS,Safe,Pass
C544,ISRO-SCL-250120-03,Op-Amp IC,0,14.3,1.15,11.7,19.6,14.4,PASS,Safe,Pass
C545,ISRO-SCL-250217-07,Op-Amp IC,0,9.4,0.76,2.9,25.9,10.1,PASS,Borderline,Pass
C546,ISRO-SCL-250217-07,Op-Amp IC,1,35.9,2.87,35.6,9.9,85.0,REJECT,Safe,Fail
C547,ISRO-SCL-250421-16,MOSFET,0,15.7,1.26,3.6,8.4,9.4,PASS,Safe,Pass
C548,ISRO-SCL-250127-04,Op-Amp IC,0,15.2,1.22,10.6,17.5,13.8,PASS,Safe,Pass
C549,ISRO-SCL-250303-09,Voltage Regulator IC,0,11.7,0.94,3.3,19.7,10.0,PASS,Safe,Pass
C550,ISRO-SCL-250512-19,Op-Amp IC,0,95.0,7.6,55.6,33.2,66.9,HOLD,Fail,Pass
C551,ISRO-SCL-250106-01,MOSFET,0,11.8,0.94,7.0,7.5,9.0,PASS,Safe,Pass
C552,ISRO-SCL-250203-05,Digital Logic IC,0,26.3,2.11,10.2,9.7,16.6,PASS,Safe,Pass
C553,ISRO-SCL-250317-11,Voltage Regulator IC,0,10.3,0.82,5.5,9.0,8.1,PASS,Safe,Pass
C554,ISRO-SCL-250210-06,MOSFET,0,30.9,2.47,12.6,11.5,19.7,PASS,Safe,Pass
C555,ISRO-SCL-250512-19,Op-Amp IC,1,32.4,2.59,12.7,34.2,85.0,REJECT,Fail,Fail
C556,ISRO-SCL-250407-14,MOSFET,0,13.0,1.04,6.6,6.9,9.2,PASS,Safe,Pass
C557,ISRO-SCL-250512-19,Op-Amp IC,1,16.9,1.35,33.8,15.6,85.0,REJECT,Safe,Fail
C558,ISRO-SCL-250324-12,Op-Amp IC,0,54.4,4.35,56.3,27.4,49.7,MONITOR,Fail,Pass
C559,ISRO-SCL-250203-05,Digital Logic IC,0,40.3,3.22,30.3,21.7,32.6,MONITOR,Borderline,Pass
C560,ISRO-SCL-250519-20,Voltage Regulator IC,0,19.3,1.55,12.1,11.5,14.8,PASS,Safe,Pass
C561,ISRO-SCL-250331-13,Voltage Regulator IC,0,40.9,3.27,31.9,24.7,34.1,MONITOR,Borderline,Pass
C562,ISRO-SCL-250113-02,MOSFET,1,14.2,1.14,28.5,13.9,85.0,REJECT,Fail,Fail
C563,ISRO-SCL-250120-03,Op-Amp IC,0,17.8,1.42,9.9,3.2,11.7,PASS,Safe,Pass
C564,ISRO-SCL-250203-05,Digital Logic IC,0,100.0,12.56,49.5,7.9,61.4,HOLD,Safe,Pass
C565,ISRO-SCL-250217-07,Op-Amp IC,0,15.8,1.27,13.6,3.7,12.5,PASS,Safe,Pass
C566,ISRO-SCL-250317-11,Voltage Regulator IC,0,22.7,1.82,10.4,36.6,20.6,PASS,Borderline,Pass
C567,ISRO-SCL-250310-10,Voltage Regulator IC,0,10.2,0.82,0.2,9.8,6.1,PASS,Safe,Pass
C568,ISRO-SCL-250303-09,Voltage Regulator IC,0,20.2,1.62,18.7,38.5,23.2,PASS,Fail,Pass
C569,ISRO-SCL-250414-15,Digital Logic IC,1,44.6,3.56,33.7,30.2,85.0,REJECT,Borderline,Fail
C570,ISRO-SCL-250127-04,Op-Amp IC,0,20.0,1.6,17.3,15.2,18.0,PASS,Fail,Pass
C571,ISRO-SCL-250127-04,Op-Amp IC,0,14.5,1.16,25.4,24.2,20.8,PASS,Safe,Pass
C572,ISRO-SCL-250407-14,MOSFET,0,13.4,1.07,8.7,4.0,9.6,PASS,Fail,Pass
C573,ISRO-SCL-250414-15,Digital Logic IC,0,15.7,1.26,17.4,7.5,14.7,PASS,Safe,Pass
C574,ISRO-SCL-250421-16,MOSFET,0,6.7,0.53,3.0,10.1,5.9,PASS,Safe,Pass
C575,ISRO-SCL-250127-04,Op-Amp IC,1,17.1,1.37,40.0,0.5,85.0,REJECT,Safe,Fail
C576,ISRO-SCL-250512-19,Op-Amp IC,1,11.2,0.9,8.9,7.4,85.0,REJECT,Safe,Fail
C577,ISRO-SCL-250127-04,Op-Amp IC,1,31.0,2.48,11.2,28.4,85.0,REJECT,Fail,Fail
C578,ISRO-SCL-250331-13,Voltage Regulator IC,1,28.1,2.25,35.4,18.7,85.0,REJECT,Borderline,Fail
C579,ISRO-SCL-250203-05,Digital Logic IC,0,13.5,1.08,6.8,8.7,9.9,PASS,Safe,Pass
C580,ISRO-SCL-250210-06,MOSFET,0,31.0,2.48,18.7,21.8,24.3,PASS,Borderline,Pass
C581,ISRO-SCL-250224-08,MOSFET,0,15.6,1.25,13.8,6.7,13.1,PASS,Safe,Pass
C582,ISRO-SCL-250217-07,Op-Amp IC,0,14.0,1.12,9.5,4.3,10.3,PASS,Safe,Pass
C583,ISRO-SCL-250106-01,MOSFET,0,16.3,1.3,14.0,8.9,13.9,PASS,Safe,Pass
C584,ISRO-SCL-250217-07,Op-Amp IC,0,15.7,1.25,5.4,6.8,9.8,PASS,Safe,Pass
C585,ISRO-SCL-250310-10,Voltage Regulator IC,0,65.3,5.23,25.5,6.0,37.5,MONITOR,Safe,Pass
C586,ISRO-SCL-250331-13,Voltage Regulator IC,1,46.7,3.73,30.4,26.1,85.0,REJECT,Borderline,Fail
C587,ISRO-SCL-250113-02,MOSFET,0,14.7,1.18,14.4,7.5,13.2,PASS,Safe,Pass
C588,ISRO-SCL-250512-19,Op-Amp IC,0,26.9,2.15,18.5,18.6,21.9,PASS,Fail,Pass
C589,ISRO-SCL-250421-16,MOSFET,0,18.4,1.47,12.9,12.0,14.9,PASS,Safe,Pass
C590,ISRO-SCL-250203-05,Digital Logic IC,0,18.5,1.48,13.1,2.7,13.2,PASS,Safe,Pass
C591,ISRO-SCL-250331-13,Voltage Regulator IC,0,14.5,1.16,5.9,11.7,10.5,PASS,Borderline,Pass
C592,ISRO-SCL-250113-02,MOSFET,1,14.0,1.12,23.7,26.8,85.0,REJECT,Safe,Fail
C593,ISRO-SCL-250421-16,MOSFET,0,13.1,1.05,12.5,11.9,12.6,PASS,Safe,Pass
C594,ISRO-SCL-250210-06,MOSFET,0,10.1,0.81,5.9,3.6,7.1,PASS,Safe,Pass
C595,ISRO-SCL-250106-01,MOSFET,0,23.1,1.84,10.3,30.2,19.4,PASS,Borderline,Pass
C596,ISRO-SCL-250210-06,MOSFET,0,16.6,1.33,21.0,3.4,15.7,PASS,Safe,Pass
C597,ISRO-SCL-250421-16,MOSFET,0,10.1,0.81,0.0,8.0,5.6,PASS,Safe,Pass
C598,ISRO-SCL-250421-16,MOSFET,0,15.1,1.21,20.3,9.9,16.1,PASS,Safe,Pass
C599,ISRO-SCL-250106-01,MOSFET,0,15.5,1.24,10.4,8.1,12.0,PASS,Safe,Pass
C600,ISRO-SCL-250414-15,Digital Logic IC,0,15.1,1.21,20.8,17.4,17.8,PASS,Safe,Pass
C601,ISRO-SCL-250505-18,Op-Amp IC,0,25.3,2.02,10.6,10.4,16.4,PASS,Safe,Pass
C602,ISRO-SCL-250217-07,Op-Amp IC,0,16.3,1.31,29.1,22.9,22.7,PASS,Safe,Pass
C603,ISRO-SCL-250428-17,Voltage Regulator IC,0,18.7,1.49,16.2,31.6,20.3,PASS,Borderline,Pass
C604,ISRO-SCL-250407-14,MOSFET,0,14.6,1.17,17.4,25.8,18.0,PASS,Borderline,Pass
C605,ISRO-SCL-250203-05,Digital Logic IC,0,19.8,1.58,13.2,1.2,13.4,PASS,Safe,Pass
C606,ISRO-SCL-250310-10,Voltage Regulator IC,0,21.1,1.69,6.9,12.3,13.7,PASS,Safe,Pass
C607,ISRO-SCL-250224-08,MOSFET,0,17.6,1.41,7.2,13.6,12.6,PASS,Borderline,Pass
C608,ISRO-SCL-250203-05,Digital Logic IC,0,13.6,1.09,10.7,12.3,12.2,PASS,Safe,Pass
C609,ISRO-SCL-250303-09,Voltage Regulator IC,0,15.7,1.25,7.0,18.0,12.7,PASS,Safe,Pass
C610,ISRO-SCL-250414-15,Digital Logic IC,0,10.2,0.81,3.8,12.8,8.1,PASS,Safe,Pass
C611,ISRO-SCL-250113-02,MOSFET,1,31.1,2.49,23.1,10.2,85.0,REJECT,Safe,Fail
C612,ISRO-SCL-250203-05,Digital Logic IC,0,10.8,0.86,0.0,5.9,5.5,PASS,Safe,Pass
C613,ISRO-SCL-250310-10,Voltage Regulator IC,0,28.0,2.24,27.4,16.9,25.5,PASS,Safe,Pass
C614,ISRO-SCL-250317-11,Voltage Regulator IC,0,10.1,0.81,18.6,20.0,15.5,PASS,Safe,Pass
C615,ISRO-SCL-250217-07,Op-Amp IC,0,23.9,1.91,4.9,31.2,17.7,PASS,Fail,Pass
C616,ISRO-SCL-250421-16,MOSFET,1,34.7,2.77,12.1,35.9,85.0,REJECT,Fail,Fail
C617,ISRO-SCL-250113-02,MOSFET,0,12.1,0.97,9.0,5.4,9.5,PASS,Safe,Pass
C618,ISRO-SCL-250120-03,Op-Amp IC,0,15.9,1.27,11.7,6.7,12.4,PASS,Safe,Pass
C619,ISRO-SCL-250407-14,MOSFET,0,12.5,1.0,28.7,50.4,26.6,PASS,Borderline,Pass
C620,ISRO-SCL-250303-09,Voltage Regulator IC,0,12.7,1.01,16.6,2.9,12.3,PASS,Safe,Pass
C621,ISRO-SCL-250120-03,Op-Amp IC,0,34.5,2.76,25.4,23.6,28.7,PASS,Fail,Pass
C622,ISRO-SCL-250324-12,Op-Amp IC,0,18.6,1.49,34.8,30.2,27.4,PASS,Fail,Pass
C623,ISRO-SCL-250310-10,Voltage Regulator IC,0,9.3,0.74,5.5,11.3,8.2,PASS,Safe,Pass
C624,ISRO-SCL-250203-05,Digital Logic IC,0,16.9,1.35,10.0,3.0,11.3,PASS,Safe,Pass
C625,ISRO-SCL-250519-20,Voltage Regulator IC,0,16.0,1.28,26.6,12.7,19.6,PASS,Safe,Pass
C626,ISRO-SCL-250310-10,Voltage Regulator IC,0,25.3,2.02,14.0,21.1,19.9,PASS,Borderline,Pass
C627,ISRO-SCL-250113-02,MOSFET,0,13.2,1.05,18.6,31.4,19.0,PASS,Borderline,Pass
C628,ISRO-SCL-250120-03,Op-Amp IC,0,9.9,0.8,3.3,8.6,7.0,PASS,Safe,Pass
C629,ISRO-SCL-250414-15,Digital Logic IC,0,13.1,1.05,5.7,7.1,9.0,PASS,Safe,Pass
C630,ISRO-SCL-250324-12,Op-Amp IC,0,65.3,5.23,41.3,3.0,43.2,MONITOR,Safe,Pass
C631,ISRO-SCL-250407-14,MOSFET,0,25.9,2.07,25.6,32.7,27.1,PASS,Fail,Pass
C632,ISRO-SCL-250407-14,MOSFET,1,17.8,1.42,27.8,1.6,85.0,REJECT,Safe,Fail
C633,ISRO-SCL-250224-08,MOSFET,0,66.2,5.29,61.3,27.6,56.5,MONITOR,Fail,Pass
C634,ISRO-SCL-250324-12,Op-Amp IC,0,13.8,1.1,3.5,4.6,7.9,PASS,Safe,Pass
C635,ISRO-SCL-250407-14,MOSFET,0,72.1,5.77,51.0,4.4,50.1,MONITOR,Fail,Pass
C636,ISRO-SCL-250303-09,Voltage Regulator IC,0,27.2,2.17,14.3,19.1,20.4,PASS,Borderline,Pass
C637,ISRO-SCL-250310-10,Voltage Regulator IC,1,100.0,12.79,52.2,66.0,85.0,REJECT,Fail,Fail
C638,ISRO-SCL-250113-02,MOSFET,0,16.9,1.35,6.0,16.6,12.5,PASS,Safe,Pass
C639,ISRO-SCL-250331-13,Voltage Regulator IC,0,20.5,1.64,9.7,16.9,15.4,PASS,Fail,Pass
C640,ISRO-SCL-250120-03,Op-Amp IC,0,14.1,1.12,6.1,3.8,8.8,PASS,Safe,Pass
C641,ISRO-SCL-250324-12,Op-Amp IC,1,33.0,2.64,45.7,30.8,85.0,REJECT,Borderline,Fail
C642,ISRO-SCL-250331-13,Voltage Regulator IC,0,18.5,1.48,28.0,30.9,24.8,PASS,Borderline,Pass
C643,ISRO-SCL-250331-13,Voltage Regulator IC,0,13.2,1.06,19.6,32.4,19.6,PASS,Borderline,Pass
C644,ISRO-SCL-250120-03,Op-Amp IC,0,14.3,1.15,11.0,16.3,13.4,PASS,Safe,Pass
C645,ISRO-SCL-250120-03,Op-Amp IC,1,29.6,2.37,21.3,29.9,85.0,REJECT,Borderline,Fail
C646,ISRO-SCL-250505-18,Op-Amp IC,0,24.5,1.96,10.4,20.6,18.1,PASS,Borderline,Pass
C647,ISRO-SCL-250127-04,Op-Amp IC,1,16.1,1.29,24.7,9.6,85.0,REJECT,Safe,Fail
C648,ISRO-SCL-250331-13,Voltage Regulator IC,1,100.0,8.14,52.6,65.2,85.0,REJECT,Fail,Fail
C649,ISRO-SCL-250113-02,MOSFET,1,22.9,1.83,23.9,19.1,85.0,REJECT,Safe,Fail
C650,ISRO-SCL-250217-07,Op-Amp IC,0,16.1,1.29,18.0,10.8,15.8,PASS,Safe,Pass
C651,ISRO-SCL-250310-10,Voltage Regulator IC,1,14.8,1.18,8.1,6.9,85.0,REJECT,Safe,Fail
C652,ISRO-SCL-250519-20,Voltage Regulator IC,0,10.0,0.8,4.9,15.5,9.1,PASS,Borderline,Pass
C653,ISRO-SCL-250407-14,MOSFET,1,61.5,4.92,69.2,42.8,85.0,REJECT,Fail,Fail
C654,ISRO-SCL-250331-13,Voltage Regulator IC,0,9.6,0.77,5.2,4.4,6.8,PASS,Safe,Pass
C655,ISRO-SCL-250407-14,MOSFET,1,100.0,8.54,82.5,45.3,85.0,REJECT,Fail,Fail
C656,ISRO-SCL-250203-05,Digital Logic IC,0,7.9,0.64,2.8,3.4,5.0,PASS,Safe,Pass
C657,ISRO-SCL-250224-08,MOSFET,0,62.0,4.96,56.6,37.5,54.9,MONITOR,Borderline,Pass
C658,ISRO-SCL-250317-11,Voltage Regulator IC,1,100.0,18.56,100.0,100.0,100.0,REJECT,Fail,Fail
C659,ISRO-SCL-250106-01,MOSFET,0,14.9,1.19,23.5,15.2,18.4,PASS,Safe,Pass
C660,ISRO-SCL-250203-05,Digital Logic IC,0,13.1,1.05,8.6,15.4,11.8,PASS,Safe,Pass
C661,ISRO-SCL-250512-19,Op-Amp IC,1,16.6,1.33,18.6,11.3,85.0,REJECT,Safe,Fail
C662,ISRO-SCL-250203-05,Digital Logic IC,1,20.8,1.67,27.5,5.1,85.0,REJECT,Safe,Fail
C663,ISRO-SCL-250224-08,MOSFET,1,12.3,0.99,16.4,19.7,85.0,REJECT,Fail,Fail
C664,ISRO-SCL-250120-03,Op-Amp IC,1,47.4,3.79,31.8,36.9,85.0,REJECT,Fail,Fail
C665,ISRO-SCL-250113-02,MOSFET,1,18.2,1.46,28.1,4.6,85.0,REJECT,Safe,Fail
C666,ISRO-SCL-250303-09,Voltage Regulator IC,0,15.8,1.26,11.5,17.1,14.3,PASS,Safe,Pass
C667,ISRO-SCL-250414-15,Digital Logic IC,0,100.0,15.1,83.5,100.0,93.4,REJECT,Safe,Pass
C668,ISRO-SCL-250127-04,Op-Amp IC,0,10.9,0.87,13.6,5.5,10.9,PASS,Safe,Pass
C669,ISRO-SCL-250505-18,Op-Amp IC,0,18.7,1.49,28.0,18.0,22.3,PASS,Safe,Pass
C670,ISRO-SCL-250428-17,Voltage Regulator IC,0,20.5,1.64,39.2,9.3,25.7,PASS,Safe,Pass
C671,ISRO-SCL-250407-14,MOSFET,0,8.4,0.67,1.1,14.4,6.7,PASS,Safe,Pass
C672,ISRO-SCL-250217-07,Op-Amp IC,1,54.9,4.39,28.3,37.9,85.0,REJECT,Fail,Fail
C673,ISRO-SCL-250203-05,Digital Logic IC,1,16.4,1.31,11.0,12.6,85.0,REJECT,Safe,Fail
C674,ISRO-SCL-250310-10,Voltage Regulator IC,0,21.9,1.75,5.0,13.6,13.5,PASS,Safe,Pass
C675,ISRO-SCL-250224-08,MOSFET,0,14.5,1.16,26.3,15.2,19.4,PASS,Safe,Pass
C676,ISRO-SCL-250217-07,Op-Amp IC,0,35.8,2.86,23.5,20.4,27.8,PASS,Borderline,Pass
C677,ISRO-SCL-250421-16,MOSFET,0,15.9,1.27,4.2,6.7,9.4,PASS,Safe,Pass
C678,ISRO-SCL-250414-15,Digital Logic IC,0,12.3,0.99,10.7,14.7,12.2,PASS,Safe,Pass
C679,ISRO-SCL-250519-20,Voltage Regulator IC,0,17.2,1.37,26.9,1.5,17.9,PASS,Safe,Pass
C680,ISRO-SCL-250519-20,Voltage Regulator IC,0,18.5,1.48,6.5,25.5,15.1,PASS,Borderline,Pass
C681,ISRO-SCL-250414-15,Digital Logic IC,1,30.8,2.46,33.2,24.4,85.0,REJECT,Borderline,Fail
C682,ISRO-SCL-250224-08,MOSFET,0,18.3,1.46,45.7,11.5,27.9,PASS,Safe,Pass
C683,ISRO-SCL-250106-01,MOSFET,1,16.2,1.3,20.1,5.1,85.0,REJECT,Safe,Fail
C684,ISRO-SCL-250421-16,MOSFET,0,100.0,10.57,54.1,4.7,62.6,HOLD,Safe,Pass
C685,ISRO-SCL-250120-03,Op-Amp IC,0,10.6,0.85,6.7,17.6,10.5,PASS,Fail,Pass
C686,ISRO-SCL-250203-05,Digital Logic IC,0,34.1,2.73,12.6,15.5,21.8,PASS,Safe,Pass
C687,ISRO-SCL-250224-08,MOSFET,0,10.9,0.87,13.4,14.6,12.6,PASS,Safe,Pass
C688,ISRO-SCL-250519-20,Voltage Regulator IC,0,41.7,3.33,11.7,27.2,26.8,PASS,Borderline,Pass
C689,ISRO-SCL-250331-13,Voltage Regulator IC,0,14.5,1.16,18.7,7.7,14.8,PASS,Safe,Pass
C690,ISRO-SCL-250113-02,MOSFET,0,23.7,1.9,17.8,14.9,19.6,PASS,Safe,Pass
C691,ISRO-SCL-250407-14,MOSFET,0,27.2,2.17,59.1,33.4,41.2,MONITOR,Fail,Pass
C692,ISRO-SCL-250127-04,Op-Amp IC,1,13.9,1.11,25.6,24.2,85.0,REJECT,Safe,Fail
C693,ISRO-SCL-250106-01,MOSFET,1,8.0,0.64,9.8,13.1,85.0,REJECT,Safe,Fail
C694,ISRO-SCL-250324-12,Op-Amp IC,1,33.6,2.69,40.1,39.1,85.0,REJECT,Borderline,Fail
C695,ISRO-SCL-250331-13,Voltage Regulator IC,0,14.1,1.13,12.9,10.4,12.9,PASS,Safe,Pass
C696,ISRO-SCL-250407-14,MOSFET,0,13.6,1.08,9.5,6.4,10.5,PASS,Safe,Pass
C697,ISRO-SCL-250106-01,MOSFET,0,71.7,5.73,47.2,30.0,53.5,MONITOR,Fail,Pass
C698,ISRO-SCL-250512-19,Op-Amp IC,0,72.6,5.81,40.4,39.6,53.1,MONITOR,Fail,Pass
C699,ISRO-SCL-250120-03,Op-Amp IC,0,14.0,1.12,19.7,13.2,16.1,PASS,Safe,Pass
C700,ISRO-SCL-250324-12,Op-Amp IC,0,44.3,3.54,37.6,42.4,41.2,MONITOR,Fail,Pass
C701,ISRO-SCL-250217-07,Op-Amp IC,0,18.0,1.44,18.7,11.1,16.9,PASS,Safe,Pass
C702,ISRO-SCL-250303-09,Voltage Regulator IC,0,19.3,1.54,4.5,17.8,13.1,PASS,Borderline,Pass
C703,ISRO-SCL-250414-15,Digital Logic IC,0,23.8,1.91,29.9,14.4,24.4,PASS,Fail,Pass
C704,ISRO-SCL-250310-10,Voltage Regulator IC,0,13.0,1.04,17.7,16.4,15.6,PASS,Safe,Pass
C705,ISRO-SCL-250217-07,Op-Amp IC,0,12.4,0.99,6.4,6.4,8.8,PASS,Safe,Pass
C706,ISRO-SCL-250324-12,Op-Amp IC,0,18.9,1.51,8.8,10.4,13.2,PASS,Safe,Pass
C707,ISRO-SCL-250217-07,Op-Amp IC,0,37.0,2.96,26.5,40.7,33.6,MONITOR,Fail,Pass
C708,ISRO-SCL-250113-02,MOSFET,0,12.5,1.0,6.5,4.9,8.6,PASS,Safe,Pass
C709,ISRO-SCL-250407-14,MOSFET,0,19.7,1.57,15.7,23.7,18.9,PASS,Fail,Pass
C710,ISRO-SCL-250224-08,MOSFET,0,18.7,1.5,6.7,8.7,11.9,PASS,Safe,Pass
C711,ISRO-SCL-250414-15,Digital Logic IC,0,11.6,0.93,7.9,13.8,10.5,PASS,Safe,Pass
C712,ISRO-SCL-250505-18,Op-Amp IC,0,14.0,1.12,16.6,9.2,14.1,PASS,Safe,Pass
C713,ISRO-SCL-250505-18,Op-Amp IC,0,14.1,1.13,21.4,7.5,15.7,PASS,Safe,Pass
C714,ISRO-SCL-250106-01,MOSFET,0,19.0,1.52,24.5,21.2,21.6,PASS,Borderline,Pass
C715,ISRO-SCL-250217-07,Op-Amp IC,0,11.9,0.95,2.9,11.5,8.2,PASS,Safe,Pass
C716,ISRO-SCL-250113-02,MOSFET,0,14.1,1.12,10.5,27.8,15.4,PASS,Safe,Pass
C717,ISRO-SCL-250203-05,Digital Logic IC,1,17.2,1.38,13.0,3.8,85.0,REJECT,Safe,Fail
C718,ISRO-SCL-250217-07,Op-Amp IC,0,14.5,1.16,17.0,11.5,14.9,PASS,Fail,Pass
C719,ISRO-SCL-250414-15,Digital Logic IC,0,29.5,2.36,38.8,17.3,30.8,MONITOR,Fail,Pass
C720,ISRO-SCL-250224-08,MOSFET,0,15.5,1.24,12.9,9.7,13.3,PASS,Safe,Pass
C721,ISRO-SCL-250224-08,MOSFET,0,16.4,1.31,7.3,2.0,9.9,PASS,Safe,Pass
C722,ISRO-SCL-250324-12,Op-Amp IC,1,9.3,0.75,9.7,9.0,85.0,REJECT,Fail,Fail
C723,ISRO-SCL-250127-04,Op-Amp IC,0,41.2,3.3,23.0,31.4,32.0,MONITOR,Borderline,Pass
C724,ISRO-SCL-250210-06,MOSFET,0,12.8,1.02,7.7,7.7,9.7,PASS,Safe,Pass
C725,ISRO-SCL-250217-07,Op-Amp IC,1,42.4,3.39,38.8,22.2,85.0,REJECT,Borderline,Fail
C726,ISRO-SCL-250113-02,MOSFET,0,15.5,1.24,1.4,14.0,9.6,PASS,Safe,Pass
C727,ISRO-SCL-250303-09,Voltage Regulator IC,1,17.8,1.42,16.0,16.2,85.0,REJECT,Safe,Fail
C728,ISRO-SCL-250414-15,Digital Logic IC,0,100.0,8.24,52.2,9.6,62.8,HOLD,Fail,Pass
C729,ISRO-SCL-250407-14,MOSFET,1,73.1,5.85,80.1,48.8,85.0,REJECT,Fail,Fail
C730,ISRO-SCL-250217-07,Op-Amp IC,0,16.5,1.32,21.1,11.5,17.3,PASS,Safe,Pass
C731,ISRO-SCL-250310-10,Voltage Regulator IC,0,26.7,2.14,9.0,19.2,18.1,PASS,Borderline,Pass
C732,ISRO-SCL-250421-16,MOSFET,0,19.7,1.57,8.0,10.9,13.3,PASS,Safe,Pass
C733,ISRO-SCL-250310-10,Voltage Regulator IC,0,13.5,1.08,15.7,4.3,12.5,PASS,Safe,Pass
C734,ISRO-SCL-250421-16,MOSFET,0,13.5,1.08,1.5,5.6,7.1,PASS,Safe,Pass
C735,ISRO-SCL-250414-15,Digital Logic IC,1,17.9,1.43,24.0,8.9,85.0,REJECT,Safe,Fail
C736,ISRO-SCL-250421-16,MOSFET,0,30.4,2.44,31.2,13.7,27.4,PASS,Safe,Pass
C737,ISRO-SCL-250303-09,Voltage Regulator IC,0,15.7,1.25,25.1,12.0,18.7,PASS,Safe,Pass
C738,ISRO-SCL-250210-06,MOSFET,0,13.9,1.11,3.2,2.5,7.3,PASS,Safe,Pass
C739,ISRO-SCL-250310-10,Voltage Regulator IC,0,16.3,1.3,16.2,1.4,13.3,PASS,Safe,Pass
C740,ISRO-SCL-250113-02,MOSFET,0,34.9,2.79,5.9,23.7,21.1,PASS,Safe,Pass
C741,ISRO-SCL-250127-04,Op-Amp IC,0,39.8,3.18,23.3,39.0,33.1,MONITOR,Fail,Pass
C742,ISRO-SCL-250113-02,MOSFET,0,15.0,1.2,21.0,38.1,22.0,PASS,Borderline,Pass
C743,ISRO-SCL-250203-05,Digital Logic IC,0,13.1,1.05,12.9,1.3,10.7,PASS,Safe,Pass
C744,ISRO-SCL-250421-16,MOSFET,0,16.9,1.35,21.8,16.5,18.8,PASS,Safe,Pass
C745,ISRO-SCL-250331-13,Voltage Regulator IC,1,17.4,1.39,8.6,7.1,85.0,REJECT,Fail,Fail
C746,ISRO-SCL-250217-07,Op-Amp IC,0,14.9,1.19,7.7,18.7,12.8,PASS,Borderline,Pass
C747,ISRO-SCL-250113-02,MOSFET,0,49.9,3.99,12.1,23.3,29.4,PASS,Borderline,Pass
C748,ISRO-SCL-250407-14,MOSFET,0,14.8,1.18,11.0,0.7,10.4,PASS,Safe,Pass
C749,ISRO-SCL-250505-18,Op-Amp IC,0,25.0,2.0,23.3,2.5,19.9,PASS,Safe,Pass
C750,ISRO-SCL-250324-12,Op-Amp IC,1,15.8,1.27,37.4,18.2,85.0,REJECT,Fail,Fail
C751,ISRO-SCL-250512-19,Op-Amp IC,1,76.0,6.08,42.7,77.5,85.0,REJECT,Fail,Fail
C752,ISRO-SCL-250203-05,Digital Logic IC,0,15.0,1.2,13.1,0.6,11.3,PASS,Safe,Pass
C753,ISRO-SCL-250120-03,Op-Amp IC,1,10.2,0.82,1.6,15.4,85.0,REJECT,Fail,Fail
C754,ISRO-SCL-250120-03,Op-Amp IC,0,29.9,2.4,29.2,10.1,25.7,PASS,Safe,Pass
C755,ISRO-SCL-250331-13,Voltage Regulator IC,0,17.0,1.36,22.2,6.2,16.9,PASS,Safe,Pass
C756,ISRO-SCL-250127-04,Op-Amp IC,0,35.8,2.87,12.9,15.1,22.5,PASS,Borderline,Pass
C757,ISRO-SCL-250414-15,Digital Logic IC,1,65.4,5.23,48.2,42.1,85.0,REJECT,Borderline,Fail
C758,ISRO-SCL-250127-04,Op-Amp IC,0,43.0,3.44,28.9,44.6,37.7,MONITOR,Fail,Pass
C759,ISRO-SCL-250120-03,Op-Amp IC,0,15.1,1.21,5.0,16.3,11.3,PASS,Safe,Pass
C760,ISRO-SCL-250407-14,MOSFET,0,18.7,1.5,9.0,3.3,11.7,PASS,Safe,Pass
C761,ISRO-SCL-250407-14,MOSFET,0,10.1,0.81,10.9,11.5,10.7,PASS,Safe,Pass
C762,ISRO-SCL-250421-16,MOSFET,0,100.0,15.31,52.4,9.6,62.9,HOLD,Safe,Pass
C763,ISRO-SCL-250106-01,MOSFET,0,15.3,1.22,11.7,0.5,10.9,PASS,Safe,Pass
C764,ISRO-SCL-250310-10,Voltage Regulator IC,0,49.3,3.95,27.0,47.5,40.1,MONITOR,Fail,Pass
C765,ISRO-SCL-250127-04,Op-Amp IC,0,29.5,2.36,35.7,25.7,31.2,MONITOR,Borderline,Pass
C766,ISRO-SCL-250414-15,Digital Logic IC,0,13.7,1.1,2.4,11.4,8.7,PASS,Safe,Pass
C767,ISRO-SCL-250331-13,Voltage Regulator IC,0,14.8,1.18,19.0,8.1,15.1,PASS,Borderline,Pass
C768,ISRO-SCL-250310-10,Voltage Regulator IC,0,13.9,1.11,12.6,7.4,12.1,PASS,Safe,Pass
C769,ISRO-SCL-250331-13,Voltage Regulator IC,0,15.6,1.25,17.4,4.6,14.1,PASS,Safe,Pass
C770,ISRO-SCL-250519-20,Voltage Regulator IC,0,81.9,6.55,40.9,10.9,51.3,MONITOR,Safe,Pass
C771,ISRO-SCL-250428-17,Voltage Regulator IC,0,15.7,1.25,3.9,20.4,11.9,PASS,Safe,Pass
C772,ISRO-SCL-250203-05,Digital Logic IC,0,36.0,2.88,30.7,15.9,29.9,PASS,Safe,Pass
C773,ISRO-SCL-250106-01,MOSFET,1,66.8,5.35,62.1,47.1,85.0,REJECT,Fail,Fail
C774,ISRO-SCL-250303-09,Voltage Regulator IC,0,42.0,3.36,16.5,24.2,28.2,PASS,Fail,Pass
C775,ISRO-SCL-250224-08,MOSFET,0,14.1,1.12,0.0,15.2,8.7,PASS,Safe,Pass
C776,ISRO-SCL-250113-02,MOSFET,0,12.5,1.0,5.3,3.7,7.9,PASS,Safe,Pass
C777,ISRO-SCL-250203-05,Digital Logic IC,0,12.9,1.03,9.2,2.7,9.4,PASS,Safe,Pass
C778,ISRO-SCL-250505-18,Op-Amp IC,0,31.7,2.54,9.9,20.0,20.6,PASS,Borderline,Pass
C779,ISRO-SCL-250217-07,Op-Amp IC,0,14.5,1.16,1.8,14.8,9.5,PASS,Safe,Pass
C780,ISRO-SCL-250331-13,Voltage Regulator IC,0,12.0,0.96,5.0,8.7,8.6,PASS,Safe,Pass
C781,ISRO-SCL-250310-10,Voltage Regulator IC,0,18.5,1.48,14.9,12.0,15.8,PASS,Safe,Pass
C782,ISRO-SCL-250106-01,MOSFET,0,11.6,0.93,6.1,9.7,9.0,PASS,Safe,Pass
C783,ISRO-SCL-250310-10,Voltage Regulator IC,0,9.8,0.79,11.3,7.3,9.9,PASS,Safe,Pass
C784,ISRO-SCL-250512-19,Op-Amp IC,0,35.4,2.84,48.0,43.8,42.1,MONITOR,Fail,Pass
C785,ISRO-SCL-250519-20,Voltage Regulator IC,0,17.7,1.42,14.8,14.0,15.8,PASS,Safe,Pass
C786,ISRO-SCL-250310-10,Voltage Regulator IC,0,14.1,1.12,5.8,13.1,10.6,PASS,Safe,Pass
C787,ISRO-SCL-250120-03,Op-Amp IC,0,11.4,0.91,7.4,21.9,11.9,PASS,Safe,Pass
C788,ISRO-SCL-250224-08,MOSFET,0,15.3,1.23,26.9,12.4,19.4,PASS,Safe,Pass
C789,ISRO-SCL-250106-01,MOSFET,0,13.7,1.1,5.4,4.2,8.5,PASS,Safe,Pass
C790,ISRO-SCL-250310-10,Voltage Regulator IC,0,14.7,1.18,5.3,15.3,11.1,PASS,Safe,Pass
C791,ISRO-SCL-250127-04,Op-Amp IC,0,10.6,0.85,18.3,17.1,15.0,PASS,Safe,Pass
C792,ISRO-SCL-250310-10,Voltage Regulator IC,1,13.5,1.08,14.7,3.6,85.0,REJECT,Fail,Fail
C793,ISRO-SCL-250421-16,MOSFET,0,21.1,1.69,13.7,8.6,15.6,PASS,Safe,Pass
C794,ISRO-SCL-250303-09,Voltage Regulator IC,0,30.6,2.45,21.7,30.7,27.1,PASS,Borderline,Pass
C795,ISRO-SCL-250127-04,Op-Amp IC,0,19.2,1.54,27.4,32.4,25.1,PASS,Fail,Pass
C796,ISRO-SCL-250113-02,MOSFET,0,12.1,0.97,13.2,8.1,11.7,PASS,Safe,Pass
C797,ISRO-SCL-250512-19,Op-Amp IC,1,14.4,1.15,27.5,8.7,85.0,REJECT,Safe,Fail
C798,ISRO-SCL-250310-10,Voltage Regulator IC,0,17.2,1.38,35.0,3.7,21.6,PASS,Safe,Pass
C799,ISRO-SCL-250407-14,MOSFET,0,14.1,1.12,19.1,15.3,16.3,PASS,Safe,Pass
C800,ISRO-SCL-250106-01,MOSFET,0,26.3,2.1,33.8,22.4,28.5,PASS,Borderline,Pass
C801,ISRO-SCL-250127-04,Op-Amp IC,0,13.8,1.1,14.2,11.5,13.5,PASS,Safe,Pass
C802,ISRO-SCL-250317-11,Voltage Regulator IC,0,14.1,1.12,28.8,27.2,22.6,PASS,Borderline,Pass
C803,ISRO-SCL-250113-02,MOSFET,0,18.3,1.46,16.6,30.3,20.0,PASS,Borderline,Pass
C804,ISRO-SCL-250324-12,Op-Amp IC,0,13.2,1.05,30.2,23.0,21.9,PASS,Borderline,Pass
C805,ISRO-SCL-250217-07,Op-Amp IC,1,14.3,1.14,7.6,13.0,85.0,REJECT,Fail,Fail
C806,ISRO-SCL-250224-08,MOSFET,0,15.4,1.23,17.9,14.8,16.3,PASS,Safe,Pass
C807,ISRO-SCL-250414-15,Digital Logic IC,0,24.6,1.97,36.2,29.8,30.3,MONITOR,Fail,Pass
C808,ISRO-SCL-250217-07,Op-Amp IC,0,16.2,1.3,33.0,9.2,21.5,PASS,Safe,Pass
C809,ISRO-SCL-250317-11,Voltage Regulator IC,0,15.0,1.2,18.8,13.6,16.2,PASS,Safe,Pass
C810,ISRO-SCL-250310-10,Voltage Regulator IC,0,15.9,1.28,4.6,5.0,9.2,PASS,Safe,Pass
C811,ISRO-SCL-250421-16,MOSFET,0,16.0,1.28,23.4,7.6,17.3,PASS,Safe,Pass
C812,ISRO-SCL-250310-10,Voltage Regulator IC,0,14.3,1.14,7.7,12.2,11.2,PASS,Safe,Pass
C813,ISRO-SCL-250414-15,Digital Logic IC,1,44.3,3.54,45.4,24.2,85.0,REJECT,Fail,Fail
C814,ISRO-SCL-250113-02,MOSFET,1,91.1,7.28,17.3,29.3,85.0,REJECT,Borderline,Fail
C815,ISRO-SCL-250303-09,Voltage Regulator IC,1,62.1,4.97,34.1,46.4,85.0,REJECT,Fail,Fail
C816,ISRO-SCL-250331-13,Voltage Regulator IC,0,16.2,1.29,3.4,9.4,9.7,PASS,Safe,Pass
C817,ISRO-SCL-250505-18,Op-Amp IC,0,56.6,4.53,19.8,24.0,35.3,MONITOR,Borderline,Pass
C818,ISRO-SCL-250127-04,Op-Amp IC,0,12.1,0.97,13.9,16.8,13.8,PASS,Safe,Pass
C819,ISRO-SCL-250407-14,MOSFET,0,11.2,0.9,2.3,15.5,8.5,PASS,Safe,Pass
C820,ISRO-SCL-250414-15,Digital Logic IC,0,11.6,0.93,13.4,6.2,11.2,PASS,Safe,Pass
C821,ISRO-SCL-250113-02,MOSFET,0,14.0,1.12,7.4,2.5,9.0,PASS,Safe,Pass
C822,ISRO-SCL-250512-19,Op-Amp IC,0,13.5,1.08,28.2,17.7,20.2,PASS,Safe,Pass
C823,ISRO-SCL-250331-13,Voltage Regulator IC,0,20.5,1.64,23.9,4.7,18.7,PASS,Safe,Pass
C824,ISRO-SCL-250310-10,Voltage Regulator IC,0,14.6,1.17,10.1,5.6,11.0,PASS,Safe,Pass
C825,ISRO-SCL-250407-14,MOSFET,1,13.4,1.07,19.6,14.8,85.0,REJECT,Borderline,Fail
C826,ISRO-SCL-250421-16,MOSFET,0,100.0,16.32,55.7,48.5,72.0,HOLD,Safe,Pass
C827,ISRO-SCL-250113-02,MOSFET,1,15.9,1.27,27.1,24.2,85.0,REJECT,Safe,Fail
C828,ISRO-SCL-250317-11,Voltage Regulator IC,0,9.1,0.73,3.3,17.6,8.5,PASS,Safe,Pass
C829,ISRO-SCL-250120-03,Op-Amp IC,0,41.8,3.34,34.2,29.5,36.3,MONITOR,Fail,Pass
C830,ISRO-SCL-250310-10,Voltage Regulator IC,0,36.2,2.9,16.2,21.0,25.2,PASS,Fail,Pass
C831,ISRO-SCL-250512-19,Op-Amp IC,1,11.7,0.93,9.9,14.2,85.0,REJECT,Fail,Fail
C832,ISRO-SCL-250421-16,MOSFET,0,9.8,0.79,2.8,6.3,6.3,PASS,Safe,Pass
C833,ISRO-SCL-250310-10,Voltage Regulator IC,0,19.9,1.59,4.2,22.7,14.2,PASS,Safe,Pass
C834,ISRO-SCL-250224-08,MOSFET,0,15.6,1.25,21.0,5.9,15.8,PASS,Safe,Pass
C835,ISRO-SCL-250127-04,Op-Amp IC,0,11.6,0.93,16.7,19.3,15.2,PASS,Safe,Pass
C836,ISRO-SCL-250310-10,Voltage Regulator IC,0,10.4,0.83,7.2,2.5,7.5,PASS,Safe,Pass
C837,ISRO-SCL-250210-06,MOSFET,0,8.9,0.71,3.0,3.7,5.5,PASS,Safe,Pass
C838,ISRO-SCL-250127-04,Op-Amp IC,1,41.9,3.35,31.7,34.4,85.0,REJECT,Fail,Fail
C839,ISRO-SCL-250127-04,Op-Amp IC,0,16.8,1.34,23.4,17.1,19.5,PASS,Safe,Pass
C840,ISRO-SCL-250407-14,MOSFET,0,10.3,0.82,7.7,29.8,13.1,PASS,Borderline,Pass
C841,ISRO-SCL-250120-03,Op-Amp IC,0,10.6,0.85,6.8,6.7,8.3,PASS,Safe,Pass
C842,ISRO-SCL-250120-03,Op-Amp IC,1,64.3,5.14,48.9,76.4,85.0,REJECT,Fail,Fail
C843,ISRO-SCL-250421-16,MOSFET,0,13.1,1.05,14.4,3.2,11.6,PASS,Safe,Pass
C844,ISRO-SCL-250512-19,Op-Amp IC,0,15.1,1.21,12.9,10.0,13.2,PASS,Borderline,Pass
C845,ISRO-SCL-250127-04,Op-Amp IC,0,13.0,1.04,9.6,17.6,12.6,PASS,Borderline,Pass
C846,ISRO-SCL-250324-12,Op-Amp IC,0,25.9,2.07,27.2,31.1,27.5,PASS,Borderline,Pass
C847,ISRO-SCL-250120-03,Op-Amp IC,1,13.8,1.1,21.7,2.5,85.0,REJECT,Safe,Fail
C848,ISRO-SCL-250113-02,MOSFET,0,12.3,0.98,17.8,20.1,16.0,PASS,Safe,Pass
C849,ISRO-SCL-250203-05,Digital Logic IC,0,14.2,1.14,8.7,7.5,10.7,PASS,Safe,Pass
C850,ISRO-SCL-250512-19,Op-Amp IC,0,14.4,1.15,12.2,3.2,11.3,PASS,Safe,Pass
C851,ISRO-SCL-250414-15,Digital Logic IC,0,38.4,3.07,36.0,11.1,32.0,MONITOR,Safe,Pass
C852,ISRO-SCL-250407-14,MOSFET,0,30.7,2.46,20.1,31.9,26.7,PASS,Borderline,Pass
C853,ISRO-SCL-250421-16,MOSFET,0,25.3,2.02,31.1,13.8,25.3,PASS,Borderline,Pass
C854,ISRO-SCL-250414-15,Digital Logic IC,0,10.3,0.82,2.8,10.3,7.3,PASS,Safe,Pass
C855,ISRO-SCL-250106-01,MOSFET,0,11.6,0.93,5.5,4.9,7.8,PASS,Safe,Pass
C856,ISRO-SCL-250414-15,Digital Logic IC,1,17.6,1.4,29.6,12.3,85.0,REJECT,Safe,Fail
C857,ISRO-SCL-250512-19,Op-Amp IC,1,11.4,0.91,12.9,20.8,85.0,REJECT,Safe,Fail
C858,ISRO-SCL-250407-14,MOSFET,1,12.6,1.01,16.4,11.8,85.0,REJECT,Safe,Fail
C859,ISRO-SCL-250428-17,Voltage Regulator IC,0,14.5,1.16,22.1,7.4,16.1,PASS,Safe,Pass
C860,ISRO-SCL-250512-19,Op-Amp IC,0,15.4,1.23,7.1,9.3,10.9,PASS,Safe,Pass
C861,ISRO-SCL-250317-11,Voltage Regulator IC,0,13.1,1.05,25.8,42.8,24.1,PASS,Fail,Pass
C862,ISRO-SCL-250113-02,MOSFET,0,8.2,0.65,0.0,10.9,5.5,PASS,Safe,Pass
C863,ISRO-SCL-250310-10,Voltage Regulator IC,0,14.7,1.18,5.8,10.7,10.3,PASS,Safe,Pass
C864,ISRO-SCL-250505-18,Op-Amp IC,0,53.6,4.29,30.9,25.2,38.8,MONITOR,Borderline,Pass
C865,ISRO-SCL-250303-09,Voltage Regulator IC,0,11.9,0.96,9.5,21.8,12.9,PASS,Safe,Pass
C866,ISRO-SCL-250414-15,Digital Logic IC,0,8.8,0.71,11.5,21.4,12.4,PASS,Safe,Pass
C867,ISRO-SCL-250303-09,Voltage Regulator IC,0,15.0,1.2,17.0,1.8,13.2,PASS,Safe,Pass
C868,ISRO-SCL-250224-08,MOSFET,0,14.8,1.19,13.6,26.5,16.7,PASS,Borderline,Pass
C869,ISRO-SCL-250505-18,Op-Amp IC,0,27.3,2.18,14.9,14.9,19.9,PASS,Safe,Pass
C870,ISRO-SCL-250331-13,Voltage Regulator IC,0,86.6,6.92,31.3,7.3,48.6,MONITOR,Safe,Pass
C871,ISRO-SCL-250421-16,MOSFET,0,15.3,1.22,0.0,4.9,7.1,PASS,Safe,Pass
C872,ISRO-SCL-250310-10,Voltage Regulator IC,0,14.1,1.12,20.3,23.1,18.4,PASS,Safe,Pass
C873,ISRO-SCL-250317-11,Voltage Regulator IC,0,14.0,1.12,7.2,0.8,8.6,PASS,Safe,Pass
C874,ISRO-SCL-250519-20,Voltage Regulator IC,0,16.0,1.28,6.2,6.8,10.2,PASS,Safe,Pass
C875,ISRO-SCL-250421-16,MOSFET,1,18.7,1.49,37.6,9.8,85.0,REJECT,Safe,Fail
C876,ISRO-SCL-250224-08,MOSFET,0,26.9,2.16,6.9,23.7,18.3,PASS,Safe,Pass
C877,ISRO-SCL-250303-09,Voltage Regulator IC,0,15.2,1.22,12.5,26.3,16.3,PASS,Borderline,Pass
C878,ISRO-SCL-250224-08,MOSFET,0,14.8,1.18,36.0,10.0,22.3,PASS,Safe,Pass
C879,ISRO-SCL-250310-10,Voltage Regulator IC,0,18.9,1.51,9.3,20.9,15.4,PASS,Borderline,Pass
C880,ISRO-SCL-250512-19,Op-Amp IC,0,15.0,1.2,5.4,8.3,9.8,PASS,Safe,Pass
C881,ISRO-SCL-250324-12,Op-Amp IC,0,25.6,2.05,33.9,15.9,26.9,PASS,Safe,Pass
C882,ISRO-SCL-250303-09,Voltage Regulator IC,0,15.2,1.21,26.4,5.6,17.7,PASS,Safe,Pass
C883,ISRO-SCL-250407-14,MOSFET,0,14.7,1.17,9.5,12.3,12.1,PASS,Safe,Pass
C884,ISRO-SCL-250203-05,Digital Logic IC,0,17.8,1.42,9.9,11.6,13.4,PASS,Safe,Pass
C885,ISRO-SCL-250203-05,Digital Logic IC,0,17.5,1.4,14.1,8.9,14.4,PASS,Safe,Pass
C886,ISRO-SCL-250310-10,Voltage Regulator IC,0,14.1,1.12,15.8,21.2,16.2,PASS,Borderline,Pass
C887,ISRO-SCL-250414-15,Digital Logic IC,0,14.8,1.18,20.0,14.6,16.8,PASS,Borderline,Pass
C888,ISRO-SCL-250407-14,MOSFET,0,17.4,1.39,24.3,15.4,19.7,PASS,Safe,Pass
C889,ISRO-SCL-250113-02,MOSFET,0,11.1,0.89,8.3,6.0,8.9,PASS,Safe,Pass
C890,ISRO-SCL-250407-14,MOSFET,1,27.3,2.19,35.1,44.9,85.0,REJECT,Fail,Fail
C891,ISRO-SCL-250127-04,Op-Amp IC,0,10.4,0.84,15.3,5.9,11.5,PASS,Safe,Pass
C892,ISRO-SCL-250127-04,Op-Amp IC,0,12.5,1.0,14.3,12.1,13.1,PASS,Safe,Pass
C893,ISRO-SCL-250414-15,Digital Logic IC,1,22.5,1.8,15.6,27.4,85.0,REJECT,Fail,Fail
C894,ISRO-SCL-250505-18,Op-Amp IC,0,16.5,1.32,18.5,4.1,14.8,PASS,Safe,Pass
C895,ISRO-SCL-250113-02,MOSFET,0,15.3,1.23,34.1,34.0,26.6,PASS,Borderline,Pass
C896,ISRO-SCL-250106-01,MOSFET,0,11.1,0.89,10.0,23.1,13.1,PASS,Borderline,Pass
C897,ISRO-SCL-250120-03,Op-Amp IC,0,22.3,1.78,24.5,30.8,24.9,PASS,Fail,Pass
C898,ISRO-SCL-250203-05,Digital Logic IC,0,11.3,0.9,16.7,1.3,11.5,PASS,Safe,Pass
C899,ISRO-SCL-250113-02,MOSFET,0,8.2,0.65,6.6,29.3,11.8,PASS,Borderline,Pass
C900,ISRO-SCL-250407-14,MOSFET,0,13.6,1.09,14.8,31.4,17.6,PASS,Safe,Pass
C901,ISRO-SCL-250310-10,Voltage Regulator IC,0,9.3,0.74,5.3,7.0,7.2,PASS,Safe,Pass
C902,ISRO-SCL-250127-04,Op-Amp IC,0,34.0,2.72,18.8,42.6,29.6,PASS,Fail,Pass
C903,ISRO-SCL-250512-19,Op-Amp IC,0,15.5,1.24,11.5,1.0,11.0,PASS,Safe,Pass
C904,ISRO-SCL-250512-19,Op-Amp IC,1,78.7,6.3,70.6,44.5,85.0,REJECT,Fail,Fail
C905,ISRO-SCL-250512-19,Op-Amp IC,0,29.0,2.32,38.7,31.4,33.4,MONITOR,Fail,Pass
C906,ISRO-SCL-250407-14,MOSFET,1,16.9,1.35,32.9,24.5,85.0,REJECT,Fail,Fail
C907,ISRO-SCL-250512-19,Op-Amp IC,1,75.5,6.04,59.7,51.2,85.0,REJECT,Fail,Fail
C908,ISRO-SCL-250210-06,MOSFET,0,16.4,1.31,30.5,10.9,21.0,PASS,Safe,Pass
C909,ISRO-SCL-250324-12,Op-Amp IC,0,12.5,1.0,11.2,35.7,16.6,PASS,Borderline,Pass
C910,ISRO-SCL-250113-02,MOSFET,0,100.0,15.19,42.0,9.9,58.8,MONITOR,Safe,Pass
C911,ISRO-SCL-250303-09,Voltage Regulator IC,0,14.2,1.14,22.6,6.0,15.9,PASS,Safe,Pass
C912,ISRO-SCL-250414-15,Digital Logic IC,0,18.6,1.49,17.8,17.8,18.1,PASS,Borderline,Pass
C913,ISRO-SCL-250421-16,MOSFET,0,28.3,2.27,31.4,16.0,27.1,PASS,Safe,Pass
C914,ISRO-SCL-250120-03,Op-Amp IC,0,12.0,0.96,11.5,16.9,12.8,PASS,Safe,Pass
C915,ISRO-SCL-250303-09,Voltage Regulator IC,0,12.0,0.96,7.2,12.5,10.2,PASS,Safe,Pass
C916,ISRO-SCL-250113-02,MOSFET,0,13.7,1.1,19.3,27.6,18.7,PASS,Safe,Pass
C917,ISRO-SCL-250421-16,MOSFET,0,22.5,1.8,27.7,3.8,20.8,PASS,Safe,Pass
C918,ISRO-SCL-250324-12,Op-Amp IC,0,15.7,1.26,10.7,20.9,14.7,PASS,Borderline,Pass
C919,ISRO-SCL-250113-02,MOSFET,0,42.9,3.43,5.1,17.0,22.6,PASS,Safe,Pass
C920,ISRO-SCL-250120-03,Op-Amp IC,1,10.7,0.86,6.9,4.9,85.0,REJECT,Fail,Fail
C921,ISRO-SCL-250324-12,Op-Amp IC,1,58.6,4.69,80.1,28.5,85.0,REJECT,Fail,Fail
C922,ISRO-SCL-250414-15,Digital Logic IC,0,10.8,0.87,8.1,9.9,9.6,PASS,Safe,Pass
C923,ISRO-SCL-250210-06,MOSFET,0,15.0,1.2,15.1,5.1,13.1,PASS,Safe,Pass
C924,ISRO-SCL-250217-07,Op-Amp IC,0,22.9,1.83,26.7,14.0,22.6,PASS,Safe,Pass
C925,ISRO-SCL-250210-06,MOSFET,0,22.5,1.8,34.9,11.9,25.3,PASS,Safe,Pass
C926,ISRO-SCL-250217-07,Op-Amp IC,0,17.0,1.36,15.7,30.6,19.2,PASS,Borderline,Pass
C927,ISRO-SCL-250512-19,Op-Amp IC,0,9.5,0.76,5.6,6.3,7.3,PASS,Safe,Pass
C928,ISRO-SCL-250421-16,MOSFET,0,25.3,2.02,10.5,3.5,15.0,PASS,Safe,Pass
C929,ISRO-SCL-250505-18,Op-Amp IC,0,11.6,0.93,7.6,3.7,8.4,PASS,Safe,Pass
C930,ISRO-SCL-250106-01,MOSFET,0,12.9,1.03,17.3,34.5,19.0,PASS,Borderline,Pass
C931,ISRO-SCL-250317-11,Voltage Regulator IC,1,14.1,1.12,9.4,10.4,85.0,REJECT,Fail,Fail
C932,ISRO-SCL-250113-02,MOSFET,0,19.0,1.52,10.7,9.2,13.8,PASS,Safe,Pass
C933,ISRO-SCL-250303-09,Voltage Regulator IC,0,14.5,1.16,10.5,6.3,11.3,PASS,Safe,Pass
C934,ISRO-SCL-250505-18,Op-Amp IC,0,43.4,3.47,8.1,16.8,24.0,PASS,Safe,Pass
C935,ISRO-SCL-250407-14,MOSFET,0,9.9,0.79,4.1,4.4,6.5,PASS,Safe,Pass
C936,ISRO-SCL-250407-14,MOSFET,0,44.0,3.52,69.5,100.0,65.4,HOLD,Fail,Pass
C937,ISRO-SCL-250217-07,Op-Amp IC,0,15.6,1.25,21.9,24.8,20.0,PASS,Borderline,Pass
C938,ISRO-SCL-250428-17,Voltage Regulator IC,0,13.5,1.08,8.2,3.2,9.3,PASS,Safe,Pass
C939,ISRO-SCL-250120-03,Op-Amp IC,1,15.0,1.2,18.2,5.5,85.0,REJECT,Fail,Fail
C940,ISRO-SCL-250127-04,Op-Amp IC,1,15.8,1.26,15.9,3.4,85.0,REJECT,Safe,Fail
C941,ISRO-SCL-250324-12,Op-Amp IC,0,14.5,1.16,13.9,34.8,18.3,PASS,Borderline,Pass
C942,ISRO-SCL-250407-14,MOSFET,0,13.4,1.07,6.8,22.7,12.6,PASS,Borderline,Pass
C943,ISRO-SCL-250217-07,Op-Amp IC,1,76.4,6.11,57.4,38.2,85.0,REJECT,Fail,Fail
C944,ISRO-SCL-250414-15,Digital Logic IC,0,20.1,1.61,19.5,22.6,20.4,PASS,Borderline,Pass
C945,ISRO-SCL-250331-13,Voltage Regulator IC,1,85.5,6.84,79.2,58.7,85.0,REJECT,Fail,Fail
C946,ISRO-SCL-250127-04,Op-Amp IC,0,18.2,1.45,21.7,31.1,22.1,PASS,Borderline,Pass
C947,ISRO-SCL-250127-04,Op-Amp IC,0,14.8,1.18,7.0,12.4,11.2,PASS,Safe,Pass
C948,ISRO-SCL-250512-19,Op-Amp IC,0,23.4,1.87,26.9,16.0,23.3,PASS,Fail,Pass
C949,ISRO-SCL-250203-05,Digital Logic IC,0,24.9,1.99,17.8,10.5,19.2,PASS,Safe,Pass
C950,ISRO-SCL-250407-14,MOSFET,0,100.0,166.37,100.0,93.1,98.6,REJECT,Fail,Pass
C951,ISRO-SCL-250324-12,Op-Amp IC,1,6.1,0.49,6.0,8.3,85.0,REJECT,Fail,Fail
C952,ISRO-SCL-250120-03,Op-Amp IC,0,14.3,1.15,16.2,2.8,12.8,PASS,Safe,Pass
C953,ISRO-SCL-250421-16,MOSFET,0,39.1,3.13,23.8,16.3,28.4,PASS,Borderline,Pass
C954,ISRO-SCL-250217-07,Op-Amp IC,0,7.6,0.61,1.5,7.6,5.2,PASS,Safe,Pass
C955,ISRO-SCL-250505-18,Op-Amp IC,0,15.3,1.22,15.5,22.1,16.7,PASS,Safe,Pass
C956,ISRO-SCL-250127-04,Op-Amp IC,1,27.4,2.19,22.9,22.0,85.0,REJECT,Fail,Fail
C957,ISRO-SCL-250505-18,Op-Amp IC,1,16.9,1.35,15.7,9.3,85.0,REJECT,Safe,Fail
C958,ISRO-SCL-250106-01,MOSFET,0,12.5,1.0,3.9,7.4,8.0,PASS,Safe,Pass
C959,ISRO-SCL-250414-15,Digital Logic IC,1,69.8,5.58,67.2,64.8,85.0,REJECT,Fail,Fail
C960,ISRO-SCL-250414-15,Digital Logic IC,1,14.7,1.18,27.9,10.7,85.0,REJECT,Borderline,Fail
C961,ISRO-SCL-250106-01,MOSFET,0,45.3,3.63,40.0,27.8,39.7,MONITOR,Fail,Pass
C962,ISRO-SCL-250113-02,MOSFET,0,71.5,5.72,39.3,100.0,64.3,HOLD,Safe,Pass
C963,ISRO-SCL-250224-08,MOSFET,0,13.6,1.08,8.6,5.9,10.1,PASS,Safe,Pass
C964,ISRO-SCL-250324-12,Op-Amp IC,0,49.5,3.96,43.8,38.8,45.1,MONITOR,Fail,Pass
C965,ISRO-SCL-250310-10,Voltage Regulator IC,0,14.7,1.18,7.4,6.5,10.2,PASS,Safe,Pass
C966,ISRO-SCL-250224-08,MOSFET,0,16.2,1.3,16.0,13.9,15.7,PASS,Safe,Pass
C967,ISRO-SCL-250331-13,Voltage Regulator IC,0,13.5,1.08,4.8,18.1,11.0,PASS,Safe,Pass
C968,ISRO-SCL-250303-09,Voltage Regulator IC,0,18.8,1.51,13.6,9.6,14.9,PASS,Safe,Pass
C969,ISRO-SCL-250331-13,Voltage Regulator IC,1,14.7,1.17,18.7,4.6,85.0,REJECT,Safe,Fail
C970,ISRO-SCL-250519-20,Voltage Regulator IC,0,30.6,2.45,32.7,28.8,31.0,MONITOR,Fail,Pass
C971,ISRO-SCL-250505-18,Op-Amp IC,1,19.4,1.55,20.8,10.8,85.0,REJECT,Safe,Fail
C972,ISRO-SCL-250421-16,MOSFET,0,21.8,1.74,32.3,6.9,23.0,PASS,Safe,Pass
C973,ISRO-SCL-250331-13,Voltage Regulator IC,0,13.8,1.1,7.0,13.0,10.9,PASS,Safe,Pass
C974,ISRO-SCL-250106-01,MOSFET,0,7.3,0.58,3.5,9.2,6.1,PASS,Fail,Pass
C975,ISRO-SCL-250210-06,MOSFET,0,25.0,2.0,9.6,36.4,21.1,PASS,Fail,Pass
C976,ISRO-SCL-250203-05,Digital Logic IC,0,13.5,1.08,11.7,9.9,12.0,PASS,Fail,Pass
C977,ISRO-SCL-250127-04,Op-Amp IC,0,21.0,1.68,7.6,19.0,15.3,PASS,Safe,Pass
C978,ISRO-SCL-250310-10,Voltage Regulator IC,0,18.5,1.48,10.7,10.9,13.9,PASS,Safe,Pass
C979,ISRO-SCL-250310-10,Voltage Regulator IC,0,45.4,3.63,45.0,67.6,49.7,MONITOR,Safe,Pass
C980,ISRO-SCL-250120-03,Op-Amp IC,0,13.1,1.05,15.4,4.9,12.4,PASS,Safe,Pass
C981,ISRO-SCL-250113-02,MOSFET,0,25.3,2.02,12.3,13.4,17.7,PASS,Safe,Pass
C982,ISRO-SCL-250106-01,MOSFET,0,14.9,1.19,18.5,0.7,13.5,PASS,Safe,Pass
C983,ISRO-SCL-250407-14,MOSFET,0,20.4,1.63,25.7,21.9,22.8,PASS,Safe,Pass
C984,ISRO-SCL-250324-12,Op-Amp IC,0,20.2,1.62,21.8,5.9,18.0,PASS,Safe,Pass
C985,ISRO-SCL-250127-04,Op-Amp IC,0,14.7,1.17,12.8,11.9,13.4,PASS,Borderline,Pass
C986,ISRO-SCL-250113-02,MOSFET,0,26.7,2.14,20.4,52.0,29.2,PASS,Borderline,Pass
C987,ISRO-SCL-250203-05,Digital Logic IC,0,54.0,4.32,14.8,19.1,31.3,MONITOR,Safe,Pass
C988,ISRO-SCL-250106-01,MOSFET,1,34.1,2.73,20.7,30.4,85.0,REJECT,Fail,Fail
C989,ISRO-SCL-250512-19,Op-Amp IC,1,12.8,1.03,23.7,18.7,85.0,REJECT,Safe,Fail
C990,ISRO-SCL-250505-18,Op-Amp IC,0,12.7,1.02,11.2,16.6,12.9,PASS,Safe,Pass
C991,ISRO-SCL-250421-16,MOSFET,0,19.7,1.57,39.3,2.9,24.2,PASS,Safe,Pass
C992,ISRO-SCL-250512-19,Op-Amp IC,0,14.7,1.18,16.4,7.4,13.9,PASS,Safe,Pass
C993,ISRO-SCL-250224-08,MOSFET,0,11.2,0.9,8.2,9.0,9.6,PASS,Safe,Pass
C994,ISRO-SCL-250512-19,Op-Amp IC,1,13.8,1.11,20.2,24.4,85.0,REJECT,Borderline,Fail
C995,ISRO-SCL-250421-16,MOSFET,0,25.8,2.06,10.2,8.0,16.0,PASS,Safe,Pass
C996,ISRO-SCL-250106-01,MOSFET,0,10.5,0.84,2.7,23.4,10.0,PASS,Safe,Pass
C997,ISRO-SCL-250106-01,MOSFET,0,15.6,1.25,13.6,22.4,16.2,PASS,Safe,Pass
C998,ISRO-SCL-250127-04,Op-Amp IC,0,42.2,3.37,39.5,18.3,36.3,MONITOR,Fail,Pass
C999,ISRO-SCL-250127-04,Op-Amp IC,1,14.9,1.19,38.0,20.1,85.0,REJECT,Safe,Fail
C1000,ISRO-SCL-250203-05,Digital Logic IC,0,7.7,0.62,0.0,6.1,4.3,PASS,Safe,Pass
C1001,ISRO-SCL-250127-04,Op-Amp IC,1,100.0,8.35,70.5,78.9,85.0,REJECT,Fail,Fail
C1002,ISRO-SCL-250303-09,Voltage Regulator IC,0,7.8,0.63,2.6,27.5,9.7,PASS,Borderline,Pass
C1003,ISRO-SCL-250519-20,Voltage Regulator IC,0,15.8,1.27,26.6,4.9,18.0,PASS,Safe,Pass
C1004,ISRO-SCL-250203-05,Digital Logic IC,0,46.1,3.69,41.4,17.1,38.4,MONITOR,Safe,Pass
C1005,ISRO-SCL-250407-14,MOSFET,0,8.1,0.64,1.7,9.3,5.8,PASS,Safe,Pass
C1006,ISRO-SCL-250421-16,MOSFET,0,14.5,1.16,11.5,34.0,17.2,PASS,Borderline,Pass
C1007,ISRO-SCL-250217-07,Op-Amp IC,0,19.3,1.54,6.9,17.0,13.9,PASS,Borderline,Pass
C1008,ISRO-SCL-250505-18,Op-Amp IC,0,16.3,1.31,35.1,20.5,24.7,PASS,Safe,Pass
C1009,ISRO-SCL-250127-04,Op-Amp IC,1,16.2,1.3,36.7,2.5,85.0,REJECT,Safe,Fail
C1010,ISRO-SCL-250407-14,MOSFET,0,16.0,1.28,26.9,37.4,24.6,PASS,Borderline,Pass
C1011,ISRO-SCL-250203-05,Digital Logic IC,1,15.5,1.24,15.9,3.3,85.0,REJECT,Safe,Fail
C1012,ISRO-SCL-250310-10,Voltage Regulator IC,0,9.0,0.72,5.7,11.9,8.3,PASS,Safe,Pass
C1013,ISRO-SCL-250217-07,Op-Amp IC,0,44.6,3.57,29.0,37.4,36.9,MONITOR,Fail,Pass
C1014,ISRO-SCL-250224-08,MOSFET,0,100.0,237.08,100.0,97.5,99.5,REJECT,Safe,Pass
C1015,ISRO-SCL-250127-04,Op-Amp IC,0,13.4,1.07,23.4,30.5,20.8,PASS,Borderline,Pass
C1016,ISRO-SCL-250505-18,Op-Amp IC,0,13.5,1.08,0.0,8.0,7.0,PASS,Safe,Pass
C1017,ISRO-SCL-250106-01,MOSFET,0,6.4,0.51,3.6,19.5,7.9,PASS,Safe,Pass
C1018,ISRO-SCL-250127-04,Op-Amp IC,0,12.8,1.02,0.0,11.6,7.4,PASS,Safe,Pass
C1019,ISRO-SCL-250127-04,Op-Amp IC,0,16.6,1.33,16.4,19.9,17.2,PASS,Borderline,Pass
C1020,ISRO-SCL-250331-13,Voltage Regulator IC,0,15.1,1.21,6.9,13.2,11.4,PASS,Safe,Pass
C1021,ISRO-SCL-250310-10,Voltage Regulator IC,0,100.0,27.5,72.8,100.0,89.1,REJECT,Safe,Pass
C1022,ISRO-SCL-250203-05,Digital Logic IC,1,15.9,1.27,19.0,10.7,85.0,REJECT,Fail,Fail
C1023,ISRO-SCL-250210-06,MOSFET,0,15.5,1.24,30.4,5.6,19.4,PASS,Safe,Pass
C1024,ISRO-SCL-250505-18,Op-Amp IC,0,28.7,2.29,20.2,3.4,20.2,PASS,Safe,Pass
C1025,ISRO-SCL-250224-08,MOSFET,0,38.3,3.06,38.0,24.8,35.5,MONITOR,Fail,Pass
C1026,ISRO-SCL-250505-18,Op-Amp IC,0,27.0,2.16,21.9,2.7,20.1,PASS,Safe,Pass
C1027,ISRO-SCL-250310-10,Voltage Regulator IC,0,16.1,1.28,17.8,31.9,19.9,PASS,Borderline,Pass
C1028,ISRO-SCL-250512-19,Op-Amp IC,0,6.4,0.51,0.3,11.5,5.0,PASS,Safe,Pass
C1029,ISRO-SCL-250414-15,Digital Logic IC,0,26.3,2.11,29.1,17.3,25.6,PASS,Borderline,Pass
C1030,ISRO-SCL-250106-01,MOSFET,0,19.4,1.55,20.7,6.2,17.3,PASS,Safe,Pass
C1031,ISRO-SCL-250519-20,Voltage Regulator IC,0,16.3,1.3,13.7,10.7,14.1,PASS,Safe,Pass
C1032,ISRO-SCL-250519-20,Voltage Regulator IC,0,13.7,1.1,9.8,10.3,11.5,PASS,Safe,Pass
C1033,ISRO-SCL-250217-07,Op-Amp IC,1,72.3,5.78,78.9,85.5,85.0,REJECT,Fail,Fail
C1034,ISRO-SCL-250303-09,Voltage Regulator IC,0,100.0,16.55,63.2,100.0,85.3,REJECT,Safe,Pass
C1035,ISRO-SCL-250414-15,Digital Logic IC,0,27.4,2.19,40.9,16.8,30.7,MONITOR,Fail,Pass
C1036,ISRO-SCL-250310-10,Voltage Regulator IC,0,26.9,2.15,22.9,16.5,23.2,PASS,Safe,Pass
C1037,ISRO-SCL-250310-10,Voltage Regulator IC,0,4.7,0.37,0.0,8.0,3.5,PASS,Safe,Pass
C1038,ISRO-SCL-250512-19,Op-Amp IC,1,20.1,1.61,26.0,11.2,85.0,REJECT,Safe,Fail
C1039,ISRO-SCL-250217-07,Op-Amp IC,0,10.9,0.87,1.2,4.7,5.8,PASS,Safe,Pass
C1040,ISRO-SCL-250120-03,Op-Amp IC,0,16.9,1.35,24.7,3.2,17.3,PASS,Safe,Pass
C1041,ISRO-SCL-250127-04,Op-Amp IC,1,70.2,5.62,49.1,42.7,85.0,REJECT,Fail,Fail
C1042,ISRO-SCL-250210-06,MOSFET,0,16.9,1.35,27.0,8.9,19.3,PASS,Safe,Pass
C1043,ISRO-SCL-250217-07,Op-Amp IC,0,13.2,1.06,17.6,6.8,13.7,PASS,Safe,Pass
C1044,ISRO-SCL-250203-05,Digital Logic IC,0,95.9,7.67,32.1,6.3,52.5,MONITOR,Safe,Pass
C1045,ISRO-SCL-250224-08,MOSFET,0,15.4,1.23,43.3,12.9,26.1,PASS,Safe,Pass
C1046,ISRO-SCL-250519-20,Voltage Regulator IC,0,13.9,1.11,8.3,3.1,9.5,PASS,Safe,Pass
C1047,ISRO-SCL-250120-03,Op-Amp IC,0,9.0,0.72,5.0,21.1,9.8,PASS,Safe,Pass
C1048,ISRO-SCL-250217-07,Op-Amp IC,0,22.2,1.77,17.5,31.2,22.1,PASS,Fail,Pass
C1049,ISRO-SCL-250331-13,Voltage Regulator IC,0,22.9,1.83,7.9,29.6,18.2,PASS,Borderline,Pass
C1050,ISRO-SCL-250310-10,Voltage Regulator IC,0,13.0,1.04,10.7,5.1,10.5,PASS,Safe,Pass
C1051,ISRO-SCL-250421-16,MOSFET,0,15.5,1.24,9.2,7.2,11.3,PASS,Safe,Pass
C1052,ISRO-SCL-250414-15,Digital Logic IC,1,16.9,1.35,21.1,2.8,85.0,REJECT,Safe,Fail
C1053,ISRO-SCL-250414-15,Digital Logic IC,0,21.1,1.69,34.5,24.7,27.2,PASS,Borderline,Pass
C1054,ISRO-SCL-250505-18,Op-Amp IC,0,18.5,1.48,17.0,11.7,16.6,PASS,Safe,Pass
C1055,ISRO-SCL-250310-10,Voltage Regulator IC,0,29.5,2.36,25.4,25.5,27.1,PASS,Safe,Pass
C1056,ISRO-SCL-250414-15,Digital Logic IC,0,11.6,0.93,3.7,8.0,7.7,PASS,Safe,Pass
C1057,ISRO-SCL-250317-11,Voltage Regulator IC,0,8.7,0.69,1.0,15.0,6.9,PASS,Safe,Pass
C1058,ISRO-SCL-250421-16,MOSFET,1,11.7,0.94,15.7,4.2,85.0,REJECT,Fail,Fail
C1059,ISRO-SCL-250324-12,Op-Amp IC,0,15.8,1.26,9.5,25.3,15.2,PASS,Fail,Pass
C1060,ISRO-SCL-250113-02,MOSFET,0,15.7,1.25,18.9,0.6,14.0,PASS,Safe,Pass
C1061,ISRO-SCL-250120-03,Op-Amp IC,0,9.1,0.73,16.3,3.8,10.9,PASS,Safe,Pass
C1062,ISRO-SCL-250113-02,MOSFET,1,18.3,1.46,20.6,8.6,85.0,REJECT,Safe,Fail
C1063,ISRO-SCL-250505-18,Op-Amp IC,0,28.7,2.29,16.8,0.8,18.3,PASS,Safe,Pass
C1064,ISRO-SCL-250113-02,MOSFET,0,6.0,0.48,0.6,13.3,5.3,PASS,Safe,Pass
C1065,ISRO-SCL-250310-10,Voltage Regulator IC,0,18.3,1.46,6.3,10.7,12.0,PASS,Safe,Pass
C1066,ISRO-SCL-250421-16,MOSFET,0,16.1,1.29,27.3,3.1,18.0,PASS,Safe,Pass
C1067,ISRO-SCL-250127-04,Op-Amp IC,1,12.6,1.01,19.0,11.8,85.0,REJECT,Safe,Fail
C1068,ISRO-SCL-250512-19,Op-Amp IC,1,15.9,1.28,35.8,13.0,85.0,REJECT,Borderline,Fail
C1069,ISRO-SCL-250210-06,MOSFET,0,21.1,1.69,4.8,4.2,11.2,PASS,Safe,Pass
C1070,ISRO-SCL-250127-04,Op-Amp IC,0,13.5,1.08,15.0,2.0,11.8,PASS,Safe,Pass
C1071,ISRO-SCL-250303-09,Voltage Regulator IC,0,16.5,1.32,23.5,2.2,16.4,PASS,Safe,Pass
C1072,ISRO-SCL-250113-02,MOSFET,1,14.8,1.19,7.9,5.1,85.0,REJECT,Fail,Fail
C1073,ISRO-SCL-250127-04,Op-Amp IC,0,15.8,1.26,17.4,4.1,14.1,PASS,Safe,Pass
C1074,ISRO-SCL-250106-01,MOSFET,0,18.5,1.48,12.0,14.3,15.1,PASS,Safe,Pass
C1075,ISRO-SCL-250106-01,MOSFET,1,72.7,5.82,78.5,60.8,85.0,REJECT,Fail,Fail
C1076,ISRO-SCL-250505-18,Op-Amp IC,0,14.2,1.13,7.2,2.1,9.0,PASS,Safe,Pass
C1077,ISRO-SCL-250217-07,Op-Amp IC,0,13.9,1.11,14.6,13.0,14.0,PASS,Safe,Pass
C1078,ISRO-SCL-250120-03,Op-Amp IC,0,18.0,1.44,15.9,44.8,22.5,PASS,Borderline,Pass
C1079,ISRO-SCL-250414-15,Digital Logic IC,0,11.6,0.93,9.5,8.0,10.1,PASS,Safe,Pass
C1080,ISRO-SCL-250113-02,MOSFET,0,11.9,0.96,7.9,24.7,12.9,PASS,Safe,Pass
C1081,ISRO-SCL-250203-05,Digital Logic IC,0,11.2,0.89,3.8,4.6,6.9,PASS,Safe,Pass
C1082,ISRO-SCL-250217-07,Op-Amp IC,0,12.0,0.96,9.1,18.1,12.1,PASS,Safe,Pass
C1083,ISRO-SCL-250224-08,MOSFET,0,14.1,1.13,15.8,6.2,13.2,PASS,Safe,Pass
C1084,ISRO-SCL-250120-03,Op-Amp IC,0,30.7,2.46,20.6,42.3,29.0,PASS,Fail,Pass
C1085,ISRO-SCL-250217-07,Op-Amp IC,0,32.9,2.64,30.8,23.0,30.1,MONITOR,Safe,Pass
C1086,ISRO-SCL-250512-19,Op-Amp IC,1,16.5,1.32,34.5,30.3,85.0,REJECT,Borderline,Fail
C1087,ISRO-SCL-250113-02,MOSFET,0,12.0,0.96,6.8,2.5,8.0,PASS,Safe,Pass
C1088,ISRO-SCL-250210-06,MOSFET,0,10.9,0.87,3.0,10.9,7.7,PASS,Safe,Pass
C1089,ISRO-SCL-250303-09,Voltage Regulator IC,0,13.9,1.11,14.1,3.9,12.0,PASS,Safe,Pass
C1090,ISRO-SCL-250407-14,MOSFET,1,12.7,1.01,14.0,17.0,85.0,REJECT,Safe,Fail
C1091,ISRO-SCL-250324-12,Op-Amp IC,0,21.1,1.69,41.3,7.0,26.4,PASS,Safe,Pass
C1092,ISRO-SCL-250407-14,MOSFET,0,36.3,2.9,35.1,30.2,34.6,MONITOR,Fail,Pass
C1093,ISRO-SCL-250120-03,Op-Amp IC,1,11.3,0.91,5.8,20.6,85.0,REJECT,Fail,Fail
C1094,ISRO-SCL-250414-15,Digital Logic IC,0,23.2,1.85,21.8,16.4,21.3,PASS,Borderline,Pass
C1095,ISRO-SCL-250414-15,Digital Logic IC,0,26.3,2.11,49.4,29.1,36.1,MONITOR,Fail,Pass
C1096,ISRO-SCL-250217-07,Op-Amp IC,0,7.1,0.57,4.6,9.2,6.5,PASS,Safe,Pass
C1097,ISRO-SCL-250127-04,Op-Amp IC,0,20.6,1.65,11.6,26.7,18.2,PASS,Borderline,Pass
C1098,ISRO-SCL-250421-16,MOSFET,1,20.4,1.63,23.1,1.9,85.0,REJECT,Safe,Fail
C1099,ISRO-SCL-250331-13,Voltage Regulator IC,1,17.2,1.38,36.5,28.8,85.0,REJECT,Borderline,Fail
C1100,ISRO-SCL-250505-18,Op-Amp IC,0,14.4,1.15,16.3,34.0,19.1,PASS,Borderline,Pass
C1101,ISRO-SCL-250421-16,MOSFET,0,16.0,1.28,11.8,8.9,12.9,PASS,Safe,Pass
C1102,ISRO-SCL-250407-14,MOSFET,1,13.6,1.09,16.7,16.7,85.0,REJECT,Safe,Fail
C1103,ISRO-SCL-250505-18,Op-Amp IC,0,14.9,1.19,25.3,20.5,20.2,PASS,Borderline,Pass
C1104,ISRO-SCL-250106-01,MOSFET,0,14.1,1.13,13.8,16.3,14.4,PASS,Safe,Pass
C1105,ISRO-SCL-250113-02,MOSFET,0,9.9,0.79,2.1,7.1,6.2,PASS,Safe,Pass
C1106,ISRO-SCL-250414-15,Digital Logic IC,0,10.9,0.87,10.3,6.3,9.7,PASS,Safe,Pass
C1107,ISRO-SCL-250310-10,Voltage Regulator IC,0,56.2,4.5,37.2,21.3,41.6,MONITOR,Fail,Pass
C1108,ISRO-SCL-250106-01,MOSFET,0,23.6,1.88,17.8,22.7,21.1,PASS,Borderline,Pass
C1109,ISRO-SCL-250113-02,MOSFET,1,14.9,1.19,16.3,1.1,85.0,REJECT,Safe,Fail
C1110,ISRO-SCL-250203-05,Digital Logic IC,0,16.9,1.35,22.2,2.3,16.1,PASS,Safe,Pass
C1111,ISRO-SCL-250414-15,Digital Logic IC,0,9.8,0.79,8.3,6.2,8.5,PASS,Safe,Pass
C1112,ISRO-SCL-250407-14,MOSFET,1,23.9,1.91,37.0,24.0,85.0,REJECT,Borderline,Fail
C1113,ISRO-SCL-250203-05,Digital Logic IC,0,30.3,2.42,10.1,2.7,16.7,PASS,Safe,Pass
C1114,ISRO-SCL-250310-10,Voltage Regulator IC,0,25.7,2.05,15.9,18.3,20.3,PASS,Safe,Pass
C1115,ISRO-SCL-250512-19,Op-Amp IC,0,15.7,1.26,29.8,17.5,21.7,PASS,Safe,Pass
C1116,ISRO-SCL-250113-02,MOSFET,0,27.7,2.22,7.1,13.2,16.5,PASS,Safe,Pass
C1117,ISRO-SCL-250127-04,Op-Amp IC,1,14.8,1.18,26.4,11.4,85.0,REJECT,Safe,Fail
C1118,ISRO-SCL-250120-03,Op-Amp IC,1,93.4,7.47,76.0,78.5,85.0,REJECT,Fail,Fail
C1119,ISRO-SCL-250407-14,MOSFET,0,15.0,1.2,8.2,15.8,12.4,PASS,Fail,Pass
C1120,ISRO-SCL-250106-01,MOSFET,0,10.5,0.84,7.3,14.4,10.0,PASS,Borderline,Pass
C1121,ISRO-SCL-250217-07,Op-Amp IC,0,28.2,2.26,15.6,15.3,20.6,PASS,Safe,Pass
C1122,ISRO-SCL-250113-02,MOSFET,0,7.8,0.63,2.0,8.6,5.7,PASS,Safe,Pass
C1123,ISRO-SCL-250127-04,Op-Amp IC,0,13.6,1.08,15.9,10.9,14.0,PASS,Safe,Pass
C1124,ISRO-SCL-250210-06,MOSFET,0,28.1,2.25,19.2,6.4,20.2,PASS,Safe,Pass
C1125,ISRO-SCL-250217-07,Op-Amp IC,0,10.9,0.87,2.9,4.0,6.3,PASS,Safe,Pass
C1126,ISRO-SCL-250127-04,Op-Amp IC,0,14.3,1.14,9.5,8.6,11.2,PASS,Safe,Pass
C1127,ISRO-SCL-250224-08,MOSFET,0,26.5,2.12,31.2,17.1,26.5,PASS,Safe,Pass
C1128,ISRO-SCL-250210-06,MOSFET,0,21.1,1.69,8.4,8.1,13.4,PASS,Safe,Pass
C1129,ISRO-SCL-250414-15,Digital Logic IC,0,12.6,1.01,4.2,7.7,8.3,PASS,Safe,Pass
C1130,ISRO-SCL-250407-14,MOSFET,0,5.6,0.45,0.1,12.2,4.7,PASS,Safe,Pass
C1131,ISRO-SCL-250224-08,MOSFET,0,32.4,2.59,15.3,16.8,22.4,PASS,Safe,Pass
C1132,ISRO-SCL-250428-17,Voltage Regulator IC,0,17.5,1.4,16.4,4.7,14.5,PASS,Safe,Pass
C1133,ISRO-SCL-250203-05,Digital Logic IC,1,18.0,1.44,20.0,6.1,85.0,REJECT,Safe,Fail
C1134,ISRO-SCL-250203-05,Digital Logic IC,0,15.3,1.23,18.0,13.6,16.1,PASS,Safe,Pass
C1135,ISRO-SCL-250310-10,Voltage Regulator IC,0,14.8,1.18,26.8,6.5,17.9,PASS,Safe,Pass
C1136,ISRO-SCL-250407-14,MOSFET,1,80.1,6.41,73.1,57.7,85.0,REJECT,Fail,Fail
C1137,ISRO-SCL-250310-10,Voltage Regulator IC,0,29.1,2.33,18.5,12.8,21.6,PASS,Safe,Pass
C1138,ISRO-SCL-250407-14,MOSFET,0,34.7,2.77,33.7,33.9,34.1,MONITOR,Fail,Pass
C1139,ISRO-SCL-250428-17,Voltage Regulator IC,0,17.4,1.39,3.8,6.9,9.9,PASS,Safe,Pass
C1140,ISRO-SCL-250331-13,Voltage Regulator IC,0,15.6,1.24,4.1,8.0,9.5,PASS,Safe,Pass
C1141,ISRO-SCL-250421-16,MOSFET,0,33.2,2.65,26.7,7.1,25.4,PASS,Safe,Pass
C1142,ISRO-SCL-250310-10,Voltage Regulator IC,0,8.7,0.69,3.5,9.1,6.7,PASS,Safe,Pass
C1143,ISRO-SCL-250428-17,Voltage Regulator IC,0,10.7,0.85,4.7,7.2,7.6,PASS,Safe,Pass
C1144,ISRO-SCL-250113-02,MOSFET,0,28.1,2.25,6.2,9.9,15.7,PASS,Borderline,Pass
C1145,ISRO-SCL-250203-05,Digital Logic IC,0,16.9,1.35,16.8,6.4,14.8,PASS,Safe,Pass
C1146,ISRO-SCL-250310-10,Voltage Regulator IC,0,10.8,0.86,9.6,10.0,10.2,PASS,Safe,Pass
C1147,ISRO-SCL-250519-20,Voltage Regulator IC,0,35.0,2.8,20.9,31.7,28.7,PASS,Borderline,Pass
C1148,ISRO-SCL-250414-15,Digital Logic IC,1,80.1,6.41,65.5,52.7,85.0,REJECT,Fail,Fail
C1149,ISRO-SCL-250224-08,MOSFET,0,16.9,1.35,16.9,9.7,15.5,PASS,Safe,Pass
C1150,ISRO-SCL-250203-05,Digital Logic IC,0,16.9,1.35,13.7,12.2,14.7,PASS,Safe,Pass
C1151,ISRO-SCL-250120-03,Op-Amp IC,1,56.5,4.52,49.0,60.0,85.0,REJECT,Fail,Fail
C1152,ISRO-SCL-250519-20,Voltage Regulator IC,0,10.8,0.87,8.1,2.8,8.1,PASS,Safe,Pass
C1153,ISRO-SCL-250505-18,Op-Amp IC,0,32.0,2.56,34.5,4.1,27.4,PASS,Safe,Pass
C1154,ISRO-SCL-250310-10,Voltage Regulator IC,0,39.3,3.15,14.5,16.0,24.7,PASS,Safe,Pass
C1155,ISRO-SCL-250310-10,Voltage Regulator IC,0,100.0,16.24,53.0,6.7,62.5,HOLD,Safe,Pass
C1156,ISRO-SCL-250512-19,Op-Amp IC,1,12.9,1.03,18.1,4.5,85.0,REJECT,Safe,Fail
C1157,ISRO-SCL-250203-05,Digital Logic IC,0,20.2,1.62,28.6,4.7,20.5,PASS,Safe,Pass
C1158,ISRO-SCL-250324-12,Op-Amp IC,0,11.2,0.9,12.7,16.8,12.9,PASS,Safe,Pass
C1159,ISRO-SCL-250310-10,Voltage Regulator IC,0,18.7,1.49,17.7,1.1,14.8,PASS,Safe,Pass
C1160,ISRO-SCL-250421-16,MOSFET,0,25.3,2.02,3.7,17.8,15.2,PASS,Safe,Pass
C1161,ISRO-SCL-250505-18,Op-Amp IC,0,46.6,3.73,21.5,17.4,30.7,MONITOR,Safe,Pass
C1162,ISRO-SCL-250113-02,MOSFET,0,18.0,1.44,12.1,7.2,13.5,PASS,Borderline,Pass
C1163,ISRO-SCL-250317-11,Voltage Regulator IC,0,7.4,0.59,2.4,9.2,5.8,PASS,Safe,Pass
C1164,ISRO-SCL-250512-19,Op-Amp IC,0,14.5,1.16,8.6,8.6,11.0,PASS,Safe,Pass
C1165,ISRO-SCL-250505-18,Op-Amp IC,0,12.5,1.0,7.7,5.4,9.2,PASS,Safe,Pass
C1166,ISRO-SCL-250331-13,Voltage Regulator IC,0,9.6,0.77,12.9,22.5,13.5,PASS,Safe,Pass
C1167,ISRO-SCL-250127-04,Op-Amp IC,0,21.1,1.69,9.3,13.9,14.9,PASS,Borderline,Pass
C1168,ISRO-SCL-250217-07,Op-Amp IC,0,16.4,1.31,24.2,10.7,18.4,PASS,Safe,Pass
C1169,ISRO-SCL-250106-01,MOSFET,1,11.7,0.93,14.2,1.7,85.0,REJECT,Safe,Fail
C1170,ISRO-SCL-250203-05,Digital Logic IC,0,12.1,0.97,6.5,11.9,9.8,PASS,Safe,Pass
C1171,ISRO-SCL-250127-04,Op-Amp IC,0,16.1,1.29,13.2,42.9,20.3,PASS,Borderline,Pass
C1172,ISRO-SCL-250324-12,Op-Amp IC,0,12.3,0.99,26.1,24.0,20.2,PASS,Borderline,Pass
C1173,ISRO-SCL-250310-10,Voltage Regulator IC,0,12.5,1.0,19.1,21.1,16.9,PASS,Borderline,Pass
C1174,ISRO-SCL-250414-15,Digital Logic IC,1,26.3,2.1,29.8,27.4,85.0,REJECT,Borderline,Fail
C1175,ISRO-SCL-250120-03,Op-Amp IC,0,14.1,1.12,9.6,13.5,12.2,PASS,Safe,Pass
C1176,ISRO-SCL-250217-07,Op-Amp IC,0,15.7,1.25,9.6,8.1,11.7,PASS,Safe,Pass
C1177,ISRO-SCL-250210-06,MOSFET,0,23.9,1.91,45.5,4.6,28.7,PASS,Safe,Pass
C1178,ISRO-SCL-250120-03,Op-Amp IC,0,38.0,3.04,29.6,40.7,35.2,MONITOR,Fail,Pass
C1179,ISRO-SCL-250414-15,Digital Logic IC,1,44.4,3.55,50.3,31.0,85.0,REJECT,Fail,Fail
C1180,ISRO-SCL-250106-01,MOSFET,1,14.3,1.14,15.8,10.4,85.0,REJECT,Safe,Fail
C1181,ISRO-SCL-250407-14,MOSFET,0,9.0,0.72,1.5,8.5,5.9,PASS,Safe,Pass
C1182,ISRO-SCL-250324-12,Op-Amp IC,0,14.5,1.16,15.7,27.3,17.5,PASS,Borderline,Pass
C1183,ISRO-SCL-250414-15,Digital Logic IC,0,12.4,0.99,12.2,14.4,12.7,PASS,Safe,Pass
C1184,ISRO-SCL-250407-14,MOSFET,0,12.8,1.02,8.6,32.7,15.1,PASS,Borderline,Pass
C1185,ISRO-SCL-250113-02,MOSFET,0,24.7,1.98,9.8,10.5,15.9,PASS,Safe,Pass
C1186,ISRO-SCL-250407-14,MOSFET,0,34.5,2.76,36.4,40.9,36.5,MONITOR,Borderline,Pass
C1187,ISRO-SCL-250113-02,MOSFET,1,42.4,3.39,16.1,16.7,85.0,REJECT,Safe,Fail
C1188,ISRO-SCL-250224-08,MOSFET,0,13.2,1.05,6.8,6.7,9.3,PASS,Safe,Pass
C1189,ISRO-SCL-250113-02,MOSFET,0,12.4,0.99,20.1,18.5,16.7,PASS,Safe,Pass
C1190,ISRO-SCL-250310-10,Voltage Regulator IC,0,15.1,1.21,8.5,10.8,11.6,PASS,Safe,Pass
C1191,ISRO-SCL-250421-16,MOSFET,0,14.1,1.13,11.4,16.8,13.6,PASS,Safe,Pass
C1192,ISRO-SCL-250407-14,MOSFET,1,8.3,0.66,3.1,20.6,85.0,REJECT,Fail,Fail
C1193,ISRO-SCL-250127-04,Op-Amp IC,0,23.2,1.85,23.3,10.9,20.8,PASS,Safe,Pass
C1194,ISRO-SCL-250106-01,MOSFET,0,9.4,0.75,6.1,23.4,10.9,PASS,Borderline,Pass
C1195,ISRO-SCL-250324-12,Op-Amp IC,0,9.5,0.76,17.1,13.9,13.4,PASS,Borderline,Pass
C1196,ISRO-SCL-250407-14,MOSFET,1,15.9,1.27,14.8,7.6,85.0,REJECT,Fail,Fail
C1197,ISRO-SCL-250505-18,Op-Amp IC,0,17.5,1.4,22.0,2.0,16.2,PASS,Safe,Pass
C1198,ISRO-SCL-250421-16,MOSFET,0,15.7,1.26,1.9,10.1,9.0,PASS,Safe,Pass
C1199,ISRO-SCL-250203-05,Digital Logic IC,0,43.8,3.51,11.0,17.3,25.4,PASS,Safe,Pass
C1200,ISRO-SCL-250113-02,MOSFET,0,11.9,0.95,8.2,2.4,8.5,PASS,Safe,Pass
C1201,ISRO-SCL-250113-02,MOSFET,0,15.7,1.25,11.5,9.3,12.7,PASS,Safe,Pass
C1202,ISRO-SCL-250421-16,MOSFET,1,16.8,1.34,1.2,14.7,85.0,REJECT,Fail,Fail
C1203,ISRO-SCL-250106-01,MOSFET,0,11.5,0.92,14.2,15.8,13.4,PASS,Safe,Pass
C1204,ISRO-SCL-250407-14,MOSFET,0,16.9,1.35,18.8,1.3,14.5,PASS,Safe,Pass
C1205,ISRO-SCL-250310-10,Voltage Regulator IC,0,16.5,1.32,16.6,12.7,15.8,PASS,Safe,Pass
C1206,ISRO-SCL-250303-09,Voltage Regulator IC,0,11.5,0.92,14.7,4.8,11.5,PASS,Safe,Pass
C1207,ISRO-SCL-250217-07,Op-Amp IC,0,13.4,1.07,8.2,8.0,10.2,PASS,Safe,Pass
C1208,ISRO-SCL-250217-07,Op-Amp IC,0,16.4,1.31,26.4,4.8,18.1,PASS,Safe,Pass
C1209,ISRO-SCL-250407-14,MOSFET,0,16.9,1.35,9.6,3.5,11.3,PASS,Safe,Pass
C1210,ISRO-SCL-250224-08,MOSFET,0,12.8,1.02,15.4,8.7,13.0,PASS,Safe,Pass
C1211,ISRO-SCL-250324-12,Op-Amp IC,0,16.9,1.35,34.7,3.6,21.3,PASS,Safe,Pass
C1212,ISRO-SCL-250210-06,MOSFET,0,21.9,1.75,15.2,13.1,17.5,PASS,Safe,Pass
C1213,ISRO-SCL-250512-19,Op-Amp IC,0,42.2,3.37,31.7,21.6,33.9,MONITOR,Fail,Pass
C1214,ISRO-SCL-250414-15,Digital Logic IC,0,14.3,1.14,8.6,10.0,11.2,PASS,Safe,Pass
C1215,ISRO-SCL-250331-13,Voltage Regulator IC,0,14.6,1.16,13.5,16.3,14.5,PASS,Safe,Pass
C1216,ISRO-SCL-250505-18,Op-Amp IC,0,16.5,1.32,14.5,0.3,12.4,PASS,Safe,Pass
C1217,ISRO-SCL-250512-19,Op-Amp IC,0,11.2,0.9,9.7,14.1,11.2,PASS,Safe,Pass
C1218,ISRO-SCL-250217-07,Op-Amp IC,0,14.5,1.16,24.1,9.7,17.4,PASS,Safe,Pass
C1219,ISRO-SCL-250428-17,Voltage Regulator IC,0,9.8,0.78,10.6,8.3,9.8,PASS,Safe,Pass
C1220,ISRO-SCL-250113-02,MOSFET,0,14.2,1.14,11.4,6.7,11.6,PASS,Safe,Pass
C1221,ISRO-SCL-250331-13,Voltage Regulator IC,0,8.8,0.7,4.4,5.8,6.4,PASS,Safe,Pass
C1222,ISRO-SCL-250113-02,MOSFET,0,15.7,1.25,17.6,10.9,15.5,PASS,Safe,Pass
C1223,ISRO-SCL-250414-15,Digital Logic IC,0,21.1,1.69,17.1,0.7,15.4,PASS,Safe,Pass
C1224,ISRO-SCL-250303-09,Voltage Regulator IC,0,14.6,1.17,14.4,10.1,13.6,PASS,Safe,Pass
C1225,ISRO-SCL-250421-16,MOSFET,0,28.1,2.25,43.8,23.7,33.5,MONITOR,Borderline,Pass
C1226,ISRO-SCL-250407-14,MOSFET,0,16.9,1.35,17.7,16.7,17.1,PASS,Fail,Pass
C1227,ISRO-SCL-250512-19,Op-Amp IC,0,10.4,0.83,2.2,10.5,7.1,PASS,Borderline,Pass
C1228,ISRO-SCL-250505-18,Op-Amp IC,0,13.2,1.05,13.9,10.5,12.9,PASS,Safe,Pass
C1229,ISRO-SCL-250407-14,MOSFET,1,13.6,1.09,16.5,28.6,85.0,REJECT,Borderline,Fail
C1230,ISRO-SCL-250217-07,Op-Amp IC,0,12.1,0.97,11.6,4.0,10.3,PASS,Safe,Pass
C1231,ISRO-SCL-250407-14,MOSFET,1,15.7,1.26,28.2,23.7,85.0,REJECT,Borderline,Fail
C1232,ISRO-SCL-250106-01,MOSFET,0,12.5,1.0,12.5,18.6,13.7,PASS,Fail,Pass
C1233,ISRO-SCL-250127-04,Op-Amp IC,0,18.5,1.48,5.6,13.9,12.4,PASS,Safe,Pass
C1234,ISRO-SCL-250120-03,Op-Amp IC,0,15.0,1.2,17.0,11.8,15.2,PASS,Safe,Pass
C1235,ISRO-SCL-250210-06,MOSFET,0,22.5,1.8,10.2,6.5,14.4,PASS,Safe,Pass
C1236,ISRO-SCL-250414-15,Digital Logic IC,1,17.4,1.4,24.0,14.0,85.0,REJECT,Fail,Fail
C1237,ISRO-SCL-250505-18,Op-Amp IC,0,68.5,5.48,21.6,29.6,41.9,MONITOR,Borderline,Pass
C1238,ISRO-SCL-250217-07,Op-Amp IC,0,29.0,2.32,50.3,41.9,40.1,MONITOR,Fail,Pass
C1239,ISRO-SCL-250127-04,Op-Amp IC,0,89.6,7.17,48.5,25.6,60.3,HOLD,Borderline,Pass
C1240,ISRO-SCL-250331-13,Voltage Regulator IC,0,17.6,1.41,12.8,0.9,12.4,PASS,Safe,Pass
C1241,ISRO-SCL-250217-07,Op-Amp IC,0,13.2,1.06,4.5,14.5,10.0,PASS,Safe,Pass
C1242,ISRO-SCL-250421-16,MOSFET,1,56.3,4.51,40.7,24.2,85.0,REJECT,Borderline,Fail
C1243,ISRO-SCL-250407-14,MOSFET,0,9.6,0.77,14.5,48.0,19.2,PASS,Fail,Pass
C1244,ISRO-SCL-250303-09,Voltage Regulator IC,0,8.7,0.7,4.1,15.8,8.3,PASS,Safe,Pass
C1245,ISRO-SCL-250512-19,Op-Amp IC,1,12.7,1.02,11.1,4.8,85.0,REJECT,Fail,Fail
C1246,ISRO-SCL-250324-12,Op-Amp IC,0,32.7,2.61,25.8,23.2,28.0,PASS,Borderline,Pass
C1247,ISRO-SCL-250414-15,Digital Logic IC,0,15.8,1.26,13.0,2.7,12.1,PASS,Safe,Pass
C1248,ISRO-SCL-250414-15,Digital Logic IC,0,14.8,1.18,11.9,4.1,11.5,PASS,Safe,Pass
C1249,ISRO-SCL-250331-13,Voltage Regulator IC,0,14.9,1.2,3.3,8.9,9.1,PASS,Safe,Pass
C1250,ISRO-SCL-250317-11,Voltage Regulator IC,0,15.0,1.2,26.8,10.4,18.8,PASS,Safe,Pass
C1251,ISRO-SCL-250217-07,Op-Amp IC,0,9.9,0.79,0.5,12.2,6.6,PASS,Safe,Pass
C1252,ISRO-SCL-250414-15,Digital Logic IC,1,42.3,3.39,42.8,29.8,85.0,REJECT,Borderline,Fail
C1253,ISRO-SCL-250331-13,Voltage Regulator IC,0,18.1,1.45,3.5,5.3,9.7,PASS,Safe,Pass
C1254,ISRO-SCL-250224-08,MOSFET,0,15.2,1.22,26.7,13.3,19.4,PASS,Safe,Pass
C1255,ISRO-SCL-250303-09,Voltage Regulator IC,0,18.1,1.45,15.8,23.2,18.2,PASS,Borderline,Pass
C1256,ISRO-SCL-250203-05,Digital Logic IC,0,10.1,0.81,2.1,3.4,5.6,PASS,Safe,Pass
C1257,ISRO-SCL-250428-17,Voltage Regulator IC,1,41.6,3.33,29.9,56.0,85.0,REJECT,Fail,Fail
C1258,ISRO-SCL-250421-16,MOSFET,0,16.8,1.34,13.1,4.3,12.8,PASS,Safe,Pass
C1259,ISRO-SCL-250324-12,Op-Amp IC,0,7.7,0.62,18.9,11.1,12.9,PASS,Safe,Pass
C1260,ISRO-SCL-250203-05,Digital Logic IC,0,20.2,1.62,13.0,0.7,13.4,PASS,Safe,Pass
C1261,ISRO-SCL-250224-08,MOSFET,0,11.1,0.88,5.6,20.0,10.7,PASS,Borderline,Pass
C1262,ISRO-SCL-250203-05,Digital Logic IC,0,18.5,1.48,16.5,3.2,14.6,PASS,Safe,Pass
C1263,ISRO-SCL-250120-03,Op-Amp IC,0,13.4,1.07,12.0,7.4,11.6,PASS,Safe,Pass
C1264,ISRO-SCL-250106-01,MOSFET,0,15.8,1.27,17.9,25.7,18.6,PASS,Fail,Pass
C1265,ISRO-SCL-250414-15,Digital Logic IC,0,11.4,0.91,8.0,7.1,9.2,PASS,Safe,Pass
C1266,ISRO-SCL-250310-10,Voltage Regulator IC,0,18.1,1.45,31.7,4.1,20.7,PASS,Safe,Pass
C1267,ISRO-SCL-250414-15,Digital Logic IC,0,11.3,0.9,8.4,11.6,10.2,PASS,Safe,Pass
C1268,ISRO-SCL-250203-05,Digital Logic IC,0,18.5,1.48,11.8,11.9,14.5,PASS,Safe,Pass
C1269,ISRO-SCL-250106-01,MOSFET,0,23.2,1.85,12.3,19.8,18.1,PASS,Safe,Pass
C1270,ISRO-SCL-250512-19,Op-Amp IC,1,22.2,1.78,32.6,27.0,85.0,REJECT,Borderline,Fail
C1271,ISRO-SCL-250127-04,Op-Amp IC,0,42.0,3.36,22.1,51.2,35.9,MONITOR,Fail,Pass
C1272,ISRO-SCL-250113-02,MOSFET,0,38.9,3.12,34.7,31.1,35.7,MONITOR,Borderline,Pass
C1273,ISRO-SCL-250421-16,MOSFET,0,17.5,1.4,9.9,8.9,12.7,PASS,Safe,Pass
C1274,ISRO-SCL-250519-20,Voltage Regulator IC,0,16.2,1.3,8.6,12.2,12.4,PASS,Borderline,Pass
C1275,ISRO-SCL-250324-12,Op-Amp IC,1,15.8,1.26,18.3,26.1,85.0,REJECT,Fail,Fail
C1276,ISRO-SCL-250512-19,Op-Amp IC,0,26.2,2.1,20.0,24.0,23.3,PASS,Fail,Pass
C1277,ISRO-SCL-250217-07,Op-Amp IC,1,15.6,1.25,19.8,4.1,85.0,REJECT,Safe,Fail
C1278,ISRO-SCL-250512-19,Op-Amp IC,0,62.7,5.02,77.7,56.1,67.4,HOLD,Fail,Pass
C1279,ISRO-SCL-250303-09,Voltage Regulator IC,0,10.7,0.86,10.9,5.0,9.6,PASS,Safe,Pass
C1280,ISRO-SCL-250106-01,MOSFET,0,17.9,1.43,7.3,13.4,12.8,PASS,Safe,Pass
C1281,ISRO-SCL-250407-14,MOSFET,1,19.4,1.55,7.2,3.9,85.0,REJECT,Fail,Fail
C1282,ISRO-SCL-250512-19,Op-Amp IC,1,13.1,1.05,11.1,12.1,85.0,REJECT,Safe,Fail
C1283,ISRO-SCL-250217-07,Op-Amp IC,1,15.0,1.2,5.2,9.4,85.0,REJECT,Fail,Fail
C1284,ISRO-SCL-250113-02,MOSFET,0,14.7,1.18,16.2,9.3,14.2,PASS,Safe,Pass
C1285,ISRO-SCL-250310-10,Voltage Regulator IC,0,14.7,1.18,3.5,9.9,9.3,PASS,Safe,Pass
C1286,ISRO-SCL-250203-05,Digital Logic IC,0,20.0,1.6,11.3,10.5,14.7,PASS,Safe,Pass
C1287,ISRO-SCL-250505-18,Op-Amp IC,0,15.9,1.27,13.6,7.7,13.3,PASS,Safe,Pass
C1288,ISRO-SCL-250217-07,Op-Amp IC,1,15.1,1.21,10.0,10.5,85.0,REJECT,Fail,Fail
C1289,ISRO-SCL-250113-02,MOSFET,0,27.1,2.17,12.6,20.1,19.9,PASS,Borderline,Pass
C1290,ISRO-SCL-250127-04,Op-Amp IC,0,32.1,2.57,30.4,27.3,30.4,MONITOR,Fail,Pass
C1291,ISRO-SCL-250421-16,MOSFET,0,18.0,1.44,7.1,7.7,11.6,PASS,Safe,Pass
C1292,ISRO-SCL-250324-12,Op-Amp IC,0,19.6,1.57,14.5,22.8,18.2,PASS,Borderline,Pass
C1293,ISRO-SCL-250217-07,Op-Amp IC,1,100.0,8.48,61.0,37.6,85.0,REJECT,Fail,Fail
C1294,ISRO-SCL-250317-11,Voltage Regulator IC,0,7.6,0.61,3.1,21.3,8.5,PASS,Borderline,Pass
C1295,ISRO-SCL-250414-15,Digital Logic IC,0,13.7,1.1,8.1,12.4,11.2,PASS,Borderline,Pass
C1296,ISRO-SCL-250407-14,MOSFET,0,16.6,1.33,14.4,12.0,14.8,PASS,Safe,Pass
C1297,ISRO-SCL-250310-10,Voltage Regulator IC,0,26.0,2.08,6.0,23.7,17.5,PASS,Borderline,Pass
C1298,ISRO-SCL-250217-07,Op-Amp IC,1,57.8,4.63,34.8,28.3,85.0,REJECT,Fail,Fail
C1299,ISRO-SCL-250120-03,Op-Amp IC,0,12.0,0.96,4.0,6.8,7.8,PASS,Safe,Pass
C1300,ISRO-SCL-250331-13,Voltage Regulator IC,0,24.9,1.99,13.1,20.7,19.4,PASS,Borderline,Pass
C1301,ISRO-SCL-250120-03,Op-Amp IC,1,15.0,1.2,17.0,9.2,85.0,REJECT,Safe,Fail
C1302,ISRO-SCL-250303-09,Voltage Regulator IC,0,29.6,2.37,20.2,25.7,25.1,PASS,Borderline,Pass
C1303,ISRO-SCL-250421-16,MOSFET,0,18.6,1.49,17.4,5.5,15.5,PASS,Safe,Pass
C1304,ISRO-SCL-250217-07,Op-Amp IC,0,24.9,1.99,21.4,15.9,21.7,PASS,Safe,Pass
C1305,ISRO-SCL-250414-15,Digital Logic IC,0,27.4,2.19,19.0,19.3,22.4,PASS,Safe,Pass
C1306,ISRO-SCL-250324-12,Op-Amp IC,0,10.5,0.84,15.7,9.3,12.3,PASS,Borderline,Pass
C1307,ISRO-SCL-250317-11,Voltage Regulator IC,1,58.0,4.64,70.1,97.2,85.0,REJECT,Fail,Fail
C1308,ISRO-SCL-250203-05,Digital Logic IC,0,12.4,0.99,2.1,9.2,7.6,PASS,Safe,Pass
C1309,ISRO-SCL-250203-05,Digital Logic IC,1,20.2,1.62,45.9,4.2,85.0,REJECT,Safe,Fail
C1310,ISRO-SCL-250331-13,Voltage Regulator IC,1,16.2,1.3,25.4,10.3,85.0,REJECT,Safe,Fail
C1311,ISRO-SCL-250127-04,Op-Amp IC,0,12.7,1.01,17.6,24.3,17.0,PASS,Borderline,Pass
C1312,ISRO-SCL-250414-15,Digital Logic IC,0,12.8,1.03,9.0,8.9,10.5,PASS,Safe,Pass
C1313,ISRO-SCL-250519-20,Voltage Regulator IC,1,17.8,1.43,18.5,4.0,85.0,REJECT,Safe,Fail
C1314,ISRO-SCL-250331-13,Voltage Regulator IC,1,17.6,1.4,24.2,10.6,85.0,REJECT,Safe,Fail
C1315,ISRO-SCL-250303-09,Voltage Regulator IC,0,20.6,1.64,20.0,18.3,19.9,PASS,Borderline,Pass
C1316,ISRO-SCL-250414-15,Digital Logic IC,0,12.3,0.98,5.9,1.7,7.6,PASS,Safe,Pass
C1317,ISRO-SCL-250217-07,Op-Amp IC,0,15.7,1.25,31.3,11.1,21.0,PASS,Safe,Pass
C1318,ISRO-SCL-250317-11,Voltage Regulator IC,0,13.3,1.06,15.6,13.5,14.3,PASS,Safe,Pass
C1319,ISRO-SCL-250303-09,Voltage Regulator IC,0,11.1,0.89,5.0,13.8,9.2,PASS,Safe,Pass
C1320,ISRO-SCL-250421-16,MOSFET,0,10.4,0.83,6.9,6.0,8.1,PASS,Safe,Pass
C1321,ISRO-SCL-250113-02,MOSFET,0,16.1,1.29,5.4,0.8,8.8,PASS,Safe,Pass
C1322,ISRO-SCL-250120-03,Op-Amp IC,0,25.1,2.01,20.6,37.1,25.7,PASS,Borderline,Pass
C1323,ISRO-SCL-250127-04,Op-Amp IC,0,15.0,1.2,15.7,11.9,14.7,PASS,Safe,Pass
C1324,ISRO-SCL-250407-14,MOSFET,1,15.2,1.21,32.5,29.3,85.0,REJECT,Borderline,Fail
C1325,ISRO-SCL-250505-18,Op-Amp IC,0,25.3,2.02,8.9,10.3,15.7,PASS,Safe,Pass
C1326,ISRO-SCL-250407-14,MOSFET,1,100.0,8.78,100.0,100.0,100.0,REJECT,Fail,Fail
C1327,ISRO-SCL-250512-19,Op-Amp IC,0,85.2,6.81,79.1,58.1,77.3,HOLD,Fail,Pass
C1328,ISRO-SCL-250217-07,Op-Amp IC,0,17.2,1.38,33.1,6.4,21.4,PASS,Safe,Pass
C1329,ISRO-SCL-250106-01,MOSFET,0,13.7,1.1,11.8,11.1,12.4,PASS,Safe,Pass
C1330,ISRO-SCL-250203-05,Digital Logic IC,0,16.9,1.35,7.7,7.7,11.4,PASS,Safe,Pass
C1331,ISRO-SCL-250421-16,MOSFET,0,15.7,1.25,7.4,4.6,10.1,PASS,Safe,Pass
C1332,ISRO-SCL-250317-11,Voltage Regulator IC,0,33.9,2.71,33.9,33.2,33.8,MONITOR,Fail,Pass
C1333,ISRO-SCL-250505-18,Op-Amp IC,0,59.6,4.77,8.7,24.7,32.3,MONITOR,Borderline,Pass
C1334,ISRO-SCL-250127-04,Op-Amp IC,0,25.9,2.07,11.3,26.2,20.1,PASS,Borderline,Pass
C1335,ISRO-SCL-250407-14,MOSFET,0,22.5,1.8,12.3,6.7,15.3,PASS,Safe,Pass
C1336,ISRO-SCL-250127-04,Op-Amp IC,1,40.7,3.26,26.8,26.2,85.0,REJECT,Fail,Fail
C1337,ISRO-SCL-250106-01,MOSFET,0,13.3,1.07,7.2,16.1,11.4,PASS,Borderline,Pass
C1338,ISRO-SCL-250127-04,Op-Amp IC,0,14.7,1.18,13.9,9.8,13.4,PASS,Safe,Pass
C1339,ISRO-SCL-250505-18,Op-Amp IC,0,27.5,2.2,9.5,6.7,16.1,PASS,Safe,Pass
C1340,ISRO-SCL-250421-16,MOSFET,1,72.1,5.77,57.1,31.1,85.0,REJECT,Fail,Fail
C1341,ISRO-SCL-250331-13,Voltage Regulator IC,0,42.2,3.37,38.4,37.0,39.6,MONITOR,Borderline,Pass
C1342,ISRO-SCL-250113-02,MOSFET,0,12.6,1.01,11.8,27.0,15.2,PASS,Safe,Pass
C1343,ISRO-SCL-250407-14,MOSFET,1,18.0,1.44,15.3,9.9,85.0,REJECT,Safe,Fail
C1344,ISRO-SCL-250407-14,MOSFET,0,19.0,1.52,18.9,12.4,17.6,PASS,Safe,Pass
C1345,ISRO-SCL-250203-05,Digital Logic IC,0,27.7,2.21,23.4,5.7,21.6,PASS,Safe,Pass
C1346,ISRO-SCL-250217-07,Op-Amp IC,0,14.6,1.17,19.8,17.0,17.2,PASS,Borderline,Pass
C1347,ISRO-SCL-250120-03,Op-Amp IC,0,16.6,1.33,21.4,20.8,19.3,PASS,Borderline,Pass
C1348,ISRO-SCL-250203-05,Digital Logic IC,0,21.9,1.75,17.6,16.7,19.1,PASS,Safe,Pass
C1349,ISRO-SCL-250127-04,Op-Amp IC,0,11.4,0.91,2.9,11.7,8.1,PASS,Safe,Pass
C1350,ISRO-SCL-250310-10,Voltage Regulator IC,1,15.0,1.2,15.1,7.0,85.0,REJECT,Safe,Fail
C1351,ISRO-SCL-250310-10,Voltage Regulator IC,0,11.8,0.94,1.4,17.1,8.7,PASS,Safe,Pass
C1352,ISRO-SCL-250317-11,Voltage Regulator IC,0,24.7,1.98,16.4,34.6,23.4,PASS,Borderline,Pass
C1353,ISRO-SCL-250224-08,MOSFET,0,25.5,2.04,38.8,32.6,32.2,MONITOR,Borderline,Pass
C1354,ISRO-SCL-250106-01,MOSFET,0,14.8,1.18,14.0,14.6,14.4,PASS,Borderline,Pass
C1355,ISRO-SCL-250113-02,MOSFET,1,12.6,1.01,16.7,11.9,85.0,REJECT,Safe,Fail
C1356,ISRO-SCL-250113-02,MOSFET,0,15.5,1.24,7.9,11.5,11.6,PASS,Safe,Pass
C1357,ISRO-SCL-250331-13,Voltage Regulator IC,0,35.8,2.87,29.4,70.1,40.1,MONITOR,Safe,Pass
C1358,ISRO-SCL-250224-08,MOSFET,0,22.5,1.8,7.5,9.2,13.8,PASS,Safe,Pass
C1359,ISRO-SCL-250505-18,Op-Amp IC,0,18.5,1.48,8.1,4.6,11.6,PASS,Safe,Pass
C1360,ISRO-SCL-250414-15,Digital Logic IC,0,10.2,0.82,6.5,12.8,9.2,PASS,Safe,Pass
C1361,ISRO-SCL-250331-13,Voltage Regulator IC,1,46.1,3.69,40.1,57.6,85.0,REJECT,Fail,Fail
C1362,ISRO-SCL-250414-15,Digital Logic IC,0,13.8,1.1,5.1,7.1,9.0,PASS,Safe,Pass
C1363,ISRO-SCL-250317-11,Voltage Regulator IC,0,12.6,1.01,35.2,21.6,23.4,PASS,Borderline,Pass
C1364,ISRO-SCL-250310-10,Voltage Regulator IC,0,17.8,1.42,16.9,13.5,16.6,PASS,Safe,Pass
C1365,ISRO-SCL-250120-03,Op-Amp IC,1,16.5,1.32,31.8,28.7,85.0,REJECT,Borderline,Fail
C1366,ISRO-SCL-250127-04,Op-Amp IC,0,11.8,0.95,7.2,6.1,8.8,PASS,Safe,Pass
C1367,ISRO-SCL-250210-06,MOSFET,0,12.5,1.0,15.4,8.4,12.8,PASS,Safe,Pass
C1368,ISRO-SCL-250203-05,Digital Logic IC,1,14.4,1.15,18.9,12.7,85.0,REJECT,Safe,Fail
C1369,ISRO-SCL-250203-05,Digital Logic IC,0,13.6,1.09,11.2,3.2,10.6,PASS,Safe,Pass
C1370,ISRO-SCL-250224-08,MOSFET,0,12.6,1.01,12.7,11.3,12.4,PASS,Safe,Pass
C1371,ISRO-SCL-250310-10,Voltage Regulator IC,0,15.5,1.24,5.0,1.7,8.5,PASS,Safe,Pass
C1372,ISRO-SCL-250407-14,MOSFET,0,20.6,1.65,22.4,11.2,19.5,PASS,Safe,Pass
C1373,ISRO-SCL-250113-02,MOSFET,0,15.5,1.24,6.9,12.3,11.4,PASS,Safe,Pass
C1374,ISRO-SCL-250210-06,MOSFET,0,10.4,0.83,6.1,4.9,7.6,PASS,Safe,Pass
C1375,ISRO-SCL-250217-07,Op-Amp IC,0,12.9,1.03,20.2,15.8,16.4,PASS,Safe,Pass
C1376,ISRO-SCL-250317-11,Voltage Regulator IC,0,26.9,2.15,27.3,23.1,26.3,PASS,Borderline,Pass
C1377,ISRO-SCL-250217-07,Op-Amp IC,0,98.8,7.9,40.5,8.5,57.4,MONITOR,Fail,Pass
C1378,ISRO-SCL-250407-14,MOSFET,0,13.1,1.05,6.1,13.7,10.4,PASS,Safe,Pass
C1379,ISRO-SCL-250210-06,MOSFET,0,13.6,1.08,19.6,3.2,13.9,PASS,Safe,Pass
C1380,ISRO-SCL-250310-10,Voltage Regulator IC,0,60.4,4.83,35.0,38.6,45.9,MONITOR,Fail,Pass
C1381,ISRO-SCL-250519-20,Voltage Regulator IC,0,25.6,2.05,25.7,17.5,24.0,PASS,Safe,Pass
C1382,ISRO-SCL-250421-16,MOSFET,0,56.2,4.5,62.7,91.7,65.9,HOLD,Safe,Pass
C1383,ISRO-SCL-250217-07,Op-Amp IC,0,11.6,0.93,8.8,9.4,10.0,PASS,Safe,Pass
C1384,ISRO-SCL-250303-09,Voltage Regulator IC,0,14.8,1.19,14.2,6.6,12.9,PASS,Safe,Pass
C1385,ISRO-SCL-250421-16,MOSFET,0,19.1,1.53,33.1,5.6,22.0,PASS,Safe,Pass
C1386,ISRO-SCL-250310-10,Voltage Regulator IC,0,14.9,1.19,27.5,6.8,18.3,PASS,Safe,Pass
C1387,ISRO-SCL-250106-01,MOSFET,0,10.1,0.81,4.3,12.8,8.3,PASS,Safe,Pass
C1388,ISRO-SCL-250331-13,Voltage Regulator IC,1,12.3,0.99,16.8,13.0,85.0,REJECT,Safe,Fail
C1389,ISRO-SCL-250127-04,Op-Amp IC,0,15.2,1.22,14.2,10.5,13.9,PASS,Safe,Pass
C1390,ISRO-SCL-250407-14,MOSFET,0,16.5,1.32,16.1,19.0,16.8,PASS,Borderline,Pass
C1391,ISRO-SCL-250224-08,MOSFET,0,19.7,1.57,32.9,22.4,25.5,PASS,Borderline,Pass
C1392,ISRO-SCL-250210-06,MOSFET,0,10.4,0.83,7.4,7.0,8.5,PASS,Safe,Pass
C1393,ISRO-SCL-250519-20,Voltage Regulator IC,0,14.7,1.18,13.1,7.1,12.5,PASS,Safe,Pass
C1394,ISRO-SCL-250505-18,Op-Amp IC,1,100.0,15.91,61.8,4.8,85.0,REJECT,Safe,Fail
C1395,ISRO-SCL-250324-12,Op-Amp IC,0,14.2,1.14,13.5,12.4,13.6,PASS,Safe,Pass
C1396,ISRO-SCL-250317-11,Voltage Regulator IC,0,27.2,2.17,23.3,19.2,24.0,PASS,Fail,Pass
C1397,ISRO-SCL-250310-10,Voltage Regulator IC,0,18.1,1.45,4.9,7.8,10.8,PASS,Safe,Pass
C1398,ISRO-SCL-250512-19,Op-Amp IC,0,26.2,2.1,29.0,26.2,27.3,PASS,Fail,Pass
C1399,ISRO-SCL-250310-10,Voltage Regulator IC,0,23.9,1.91,12.2,11.0,16.6,PASS,Safe,Pass
C1400,ISRO-SCL-250505-18,Op-Amp IC,0,100.0,19.76,74.5,23.4,74.5,HOLD,Safe,Pass
C1401,ISRO-SCL-250512-19,Op-Amp IC,1,15.1,1.21,33.5,20.1,85.0,REJECT,Fail,Fail
C1402,ISRO-SCL-250106-01,MOSFET,0,41.5,3.32,51.2,38.3,44.7,MONITOR,Fail,Pass
C1403,ISRO-SCL-250113-02,MOSFET,1,13.4,1.07,12.5,8.7,85.0,REJECT,Safe,Fail
C1404,ISRO-SCL-250224-08,MOSFET,0,14.1,1.12,13.3,13.1,13.6,PASS,Safe,Pass
C1405,ISRO-SCL-250428-17,Voltage Regulator IC,0,12.0,0.96,6.5,16.5,10.7,PASS,Borderline,Pass
C1406,ISRO-SCL-250519-20,Voltage Regulator IC,0,100.0,15.54,83.7,100.0,93.5,REJECT,Fail,Pass
C1407,ISRO-SCL-250203-05,Digital Logic IC,0,20.8,1.66,18.0,25.4,20.6,PASS,Safe,Pass
C1408,ISRO-SCL-250317-11,Voltage Regulator IC,0,11.1,0.89,5.2,13.1,9.1,PASS,Safe,Pass
C1409,ISRO-SCL-250414-15,Digital Logic IC,0,21.7,1.73,11.0,11.2,15.3,PASS,Safe,Pass
C1410,ISRO-SCL-250203-05,Digital Logic IC,0,54.7,4.38,14.0,20.2,31.5,MONITOR,Safe,Pass
C1411,ISRO-SCL-250414-15,Digital Logic IC,0,14.4,1.15,15.6,7.5,13.5,PASS,Safe,Pass
C1412,ISRO-SCL-250120-03,Op-Amp IC,1,17.0,1.36,24.6,9.2,85.0,REJECT,Safe,Fail
C1413,ISRO-SCL-250310-10,Voltage Regulator IC,0,15.3,1.22,11.7,6.9,12.2,PASS,Safe,Pass
C1414,ISRO-SCL-250519-20,Voltage Regulator IC,0,15.9,1.27,8.5,0.3,9.8,PASS,Safe,Pass
C1415,ISRO-SCL-250310-10,Voltage Regulator IC,0,16.9,1.35,7.8,28.3,15.5,PASS,Borderline,Pass
C1416,ISRO-SCL-250414-15,Digital Logic IC,0,8.7,0.69,2.6,6.0,5.7,PASS,Safe,Pass
C1417,ISRO-SCL-250310-10,Voltage Regulator IC,1,16.5,1.32,20.5,2.6,85.0,REJECT,Safe,Fail
C1418,ISRO-SCL-250414-15,Digital Logic IC,0,14.8,1.19,11.5,9.1,12.3,PASS,Safe,Pass
C1419,ISRO-SCL-250113-02,MOSFET,0,7.0,0.56,4.2,3.8,5.3,PASS,Safe,Pass
C1420,ISRO-SCL-250113-02,MOSFET,0,20.2,1.62,4.6,12.7,12.5,PASS,Safe,Pass
C1421,ISRO-SCL-250106-01,MOSFET,1,15.4,1.23,25.8,5.9,85.0,REJECT,Safe,Fail
C1422,ISRO-SCL-250407-14,MOSFET,0,41.2,3.3,42.3,43.0,42.0,MONITOR,Fail,Pass
C1423,ISRO-SCL-250310-10,Voltage Regulator IC,0,12.6,1.01,9.0,5.8,9.8,PASS,Safe,Pass
C1424,ISRO-SCL-250512-19,Op-Amp IC,1,13.0,1.04,23.1,5.0,85.0,REJECT,Safe,Fail
C1425,ISRO-SCL-250310-10,Voltage Regulator IC,0,28.5,2.28,12.8,14.2,19.4,PASS,Safe,Pass
C1426,ISRO-SCL-250203-05,Digital Logic IC,0,5.4,0.43,0.0,4.9,3.1,PASS,Safe,Pass
C1427,ISRO-SCL-250519-20,Voltage Regulator IC,0,13.9,1.11,13.2,1.4,11.1,PASS,Safe,Pass
C1428,ISRO-SCL-250331-13,Voltage Regulator IC,1,100.0,207.55,100.0,95.6,99.1,REJECT,Fail,Fail
C1429,ISRO-SCL-250407-14,MOSFET,1,8.6,0.69,8.9,25.0,85.0,REJECT,Fail,Fail
C1430,ISRO-SCL-250113-02,MOSFET,0,5.6,0.45,0.0,8.8,4.0,PASS,Fail,Pass
C1431,ISRO-SCL-250407-14,MOSFET,0,18.5,1.48,24.0,19.5,20.9,PASS,Borderline,Pass
C1432,ISRO-SCL-250512-19,Op-Amp IC,1,15.8,1.26,36.3,6.7,85.0,REJECT,Safe,Fail
C1433,ISRO-SCL-250210-06,MOSFET,0,7.9,0.63,2.0,9.6,5.9,PASS,Safe,Pass
C1434,ISRO-SCL-250324-12,Op-Amp IC,0,18.2,1.46,10.9,22.4,16.1,PASS,Borderline,Pass
C1435,ISRO-SCL-250203-05,Digital Logic IC,0,23.6,1.89,5.7,7.1,13.1,PASS,Safe,Pass
C1436,ISRO-SCL-250505-18,Op-Amp IC,0,17.8,1.42,5.5,7.3,10.7,PASS,Safe,Pass
C1437,ISRO-SCL-250505-18,Op-Amp IC,0,12.4,0.99,6.1,2.2,7.8,PASS,Safe,Pass
C1438,ISRO-SCL-250310-10,Voltage Regulator IC,1,100.0,8.05,51.2,52.8,85.0,REJECT,Fail,Fail
C1439,ISRO-SCL-250120-03,Op-Amp IC,0,25.7,2.06,23.3,57.4,31.1,MONITOR,Safe,Pass
C1440,ISRO-SCL-250331-13,Voltage Regulator IC,1,15.7,1.26,20.5,5.9,85.0,REJECT,Safe,Fail
C1441,ISRO-SCL-250203-05,Digital Logic IC,1,16.7,1.33,30.9,4.4,85.0,REJECT,Safe,Fail
C1442,ISRO-SCL-250512-19,Op-Amp IC,1,66.0,5.28,38.3,14.8,85.0,REJECT,Safe,Fail
C1443,ISRO-SCL-250505-18,Op-Amp IC,0,13.2,1.06,11.0,3.2,10.3,PASS,Safe,Pass
C1444,ISRO-SCL-250203-05,Digital Logic IC,0,14.3,1.15,25.7,1.4,16.3,PASS,Safe,Pass
C1445,ISRO-SCL-250113-02,MOSFET,0,15.1,1.21,24.0,9.3,17.5,PASS,Safe,Pass
C1446,ISRO-SCL-250324-12,Op-Amp IC,0,17.9,1.43,32.0,43.5,28.7,PASS,Fail,Pass
C1447,ISRO-SCL-250217-07,Op-Amp IC,0,12.2,0.98,1.4,8.3,7.1,PASS,Safe,Pass
C1448,ISRO-SCL-250512-19,Op-Amp IC,0,60.9,4.87,66.4,75.8,66.1,HOLD,Fail,Pass
C1449,ISRO-SCL-250512-19,Op-Amp IC,1,11.1,0.89,14.7,5.4,85.0,REJECT,Safe,Fail
C1450,ISRO-SCL-250113-02,MOSFET,0,53.0,4.24,6.1,19.6,27.6,PASS,Safe,Pass
C1451,ISRO-SCL-250512-19,Op-Amp IC,0,13.6,1.09,16.2,12.3,14.4,PASS,Safe,Pass
C1452,ISRO-SCL-250113-02,MOSFET,0,15.6,1.25,6.3,6.9,10.2,PASS,Safe,Pass
C1453,ISRO-SCL-250127-04,Op-Amp IC,0,16.6,1.33,2.7,12.8,10.3,PASS,Safe,Pass
C1454,ISRO-SCL-250310-10,Voltage Regulator IC,0,14.1,1.12,35.2,36.0,26.9,PASS,Borderline,Pass
C1455,ISRO-SCL-250217-07,Op-Amp IC,0,11.4,0.91,1.4,4.2,6.0,PASS,Safe,Pass
C1456,ISRO-SCL-250210-06,MOSFET,0,23.1,1.85,29.6,12.0,23.5,PASS,Safe,Pass
C1457,ISRO-SCL-250113-02,MOSFET,1,14.0,1.12,15.9,2.9,85.0,REJECT,Safe,Fail
C1458,ISRO-SCL-250210-06,MOSFET,0,28.2,2.25,24.2,14.0,23.7,PASS,Safe,Pass
C1459,ISRO-SCL-250224-08,MOSFET,0,31.8,2.54,19.4,7.2,21.9,PASS,Safe,Pass
C1460,ISRO-SCL-250303-09,Voltage Regulator IC,0,28.2,2.26,27.6,35.7,29.5,PASS,Borderline,Pass
C1461,ISRO-SCL-250519-20,Voltage Regulator IC,0,10.8,0.87,4.8,6.8,7.6,PASS,Safe,Pass
C1462,ISRO-SCL-250106-01,MOSFET,1,16.3,1.3,39.7,41.2,85.0,REJECT,Borderline,Fail
C1463,ISRO-SCL-250217-07,Op-Amp IC,0,15.3,1.22,8.3,28.7,15.2,PASS,Borderline,Pass
C1464,ISRO-SCL-250106-01,MOSFET,0,13.9,1.11,5.7,6.7,9.2,PASS,Safe,Pass
C1465,ISRO-SCL-250324-12,Op-Amp IC,1,21.4,1.71,19.8,16.5,85.0,REJECT,Safe,Fail
C1466,ISRO-SCL-250120-03,Op-Amp IC,1,55.6,4.44,44.1,58.3,85.0,REJECT,Fail,Fail
C1467,ISRO-SCL-250505-18,Op-Amp IC,0,19.8,1.59,7.5,6.6,12.2,PASS,Safe,Pass
C1468,ISRO-SCL-250217-07,Op-Amp IC,0,15.8,1.26,24.7,14.4,19.1,PASS,Safe,Pass
C1469,ISRO-SCL-250127-04,Op-Amp IC,0,16.5,1.32,12.9,4.1,12.6,PASS,Safe,Pass
C1470,ISRO-SCL-250106-01,MOSFET,0,15.5,1.24,24.3,11.2,18.2,PASS,Safe,Pass
C1471,ISRO-SCL-250106-01,MOSFET,1,84.3,6.74,63.7,44.5,85.0,REJECT,Fail,Fail
C1472,ISRO-SCL-250310-10,Voltage Regulator IC,0,14.2,1.14,17.6,12.3,15.2,PASS,Safe,Pass
C1473,ISRO-SCL-250120-03,Op-Amp IC,0,12.2,0.97,12.2,11.2,12.0,PASS,Safe,Pass
C1474,ISRO-SCL-250310-10,Voltage Regulator IC,0,10.3,0.82,5.1,12.7,8.7,PASS,Safe,Pass
C1475,ISRO-SCL-250303-09,Voltage Regulator IC,1,69.1,5.53,55.6,37.9,85.0,REJECT,Fail,Fail
C1476,ISRO-SCL-250106-01,MOSFET,1,73.2,5.85,66.7,40.9,85.0,REJECT,Fail,Fail
C1477,ISRO-SCL-250217-07,Op-Amp IC,0,35.4,2.83,24.8,27.4,29.6,PASS,Borderline,Pass
C1478,ISRO-SCL-250120-03,Op-Amp IC,0,8.4,0.67,1.4,6.7,5.3,PASS,Safe,Pass
C1479,ISRO-SCL-250324-12,Op-Amp IC,0,19.1,1.53,42.7,19.1,28.6,PASS,Borderline,Pass
C1480,ISRO-SCL-250421-16,MOSFET,0,11.9,0.96,1.0,6.4,6.5,PASS,Safe,Pass
C1481,ISRO-SCL-250113-02,MOSFET,0,21.1,1.69,18.5,6.6,17.2,PASS,Safe,Pass
C1482,ISRO-SCL-250120-03,Op-Amp IC,0,20.0,1.6,9.4,16.4,15.1,PASS,Borderline,Pass
C1483,ISRO-SCL-250203-05,Digital Logic IC,1,18.0,1.44,23.2,15.7,85.0,REJECT,Safe,Fail
C1484,ISRO-SCL-250505-18,Op-Amp IC,0,12.8,1.03,10.4,2.5,9.8,PASS,Safe,Pass
C1485,ISRO-SCL-250414-15,Digital Logic IC,0,17.3,1.39,20.4,16.9,18.5,PASS,Safe,Pass
C1486,ISRO-SCL-250224-08,MOSFET,0,12.4,0.99,4.9,10.5,9.0,PASS,Safe,Pass
C1487,ISRO-SCL-250127-04,Op-Amp IC,1,15.8,1.26,25.8,3.8,85.0,REJECT,Safe,Fail
C1488,ISRO-SCL-250303-09,Voltage Regulator IC,0,38.8,3.11,32.9,27.2,34.1,MONITOR,Borderline,Pass
C1489,ISRO-SCL-250127-04,Op-Amp IC,0,27.6,2.21,17.1,28.7,23.6,PASS,Borderline,Pass
C1490,ISRO-SCL-250421-16,MOSFET,0,10.9,0.88,3.6,15.2,8.8,PASS,Safe,Pass
C1491,ISRO-SCL-250224-08,MOSFET,0,31.9,2.55,14.3,16.7,21.8,PASS,Safe,Pass
C1492,ISRO-SCL-250303-09,Voltage Regulator IC,0,12.2,0.97,2.7,12.8,8.5,PASS,Safe,Pass
C1493,ISRO-SCL-250113-02,MOSFET,1,11.0,0.88,20.3,45.8,85.0,REJECT,Borderline,Fail
C1494,ISRO-SCL-250217-07,Op-Amp IC,0,100.0,9.73,57.4,4.0,63.8,HOLD,Safe,Pass
C1495,ISRO-SCL-250407-14,MOSFET,0,24.5,1.96,22.9,32.5,25.5,PASS,Fail,Pass
C1496,ISRO-SCL-250217-07,Op-Amp IC,0,22.3,1.78,21.1,20.2,21.4,PASS,Borderline,Pass
C1497,ISRO-SCL-250113-02,MOSFET,1,13.3,1.06,13.8,2.6,85.0,REJECT,Safe,Fail
C1498,ISRO-SCL-250224-08,MOSFET,0,46.9,3.76,25.9,22.3,33.6,MONITOR,Borderline,Pass
C1499,ISRO-SCL-250512-19,Op-Amp IC,0,16.9,1.35,17.6,14.9,16.8,PASS,Safe,Pass
C1500,ISRO-SCL-250317-11,Voltage Regulator IC,0,11.4,0.91,16.1,26.6,16.3,PASS,Borderline,Pass
C1501,ISRO-SCL-250120-03,Op-Amp IC,0,10.2,0.82,2.2,21.7,9.3,PASS,Safe,Pass
C1502,ISRO-SCL-250113-02,MOSFET,0,15.5,1.24,23.7,17.0,19.1,PASS,Safe,Pass
C1503,ISRO-SCL-250414-15,Digital Logic IC,0,12.0,0.96,15.3,20.6,15.0,PASS,Safe,Pass
C1504,ISRO-SCL-250414-15,Digital Logic IC,1,16.3,1.3,10.7,21.7,85.0,REJECT,Fail,Fail
C1505,ISRO-SCL-250113-02,MOSFET,0,36.9,2.95,5.0,16.3,20.0,PASS,Safe,Pass
C1506,ISRO-SCL-250407-14,MOSFET,0,17.8,1.42,33.7,37.8,28.2,PASS,Fail,Pass
C1507,ISRO-SCL-250217-07,Op-Amp IC,0,13.3,1.06,17.8,11.4,14.7,PASS,Safe,Pass
C1508,ISRO-SCL-250217-07,Op-Amp IC,0,14.7,1.17,24.0,9.1,17.3,PASS,Safe,Pass
C1509,ISRO-SCL-250224-08,MOSFET,0,34.9,2.79,16.8,24.4,25.6,PASS,Safe,Pass
C1510,ISRO-SCL-250113-02,MOSFET,0,11.3,0.91,2.3,2.4,5.9,PASS,Safe,Pass
C1511,ISRO-SCL-250106-01,MOSFET,0,11.6,0.93,3.0,15.6,9.0,PASS,Safe,Pass
C1512,ISRO-SCL-250106-01,MOSFET,0,13.0,1.04,12.1,28.5,15.7,PASS,Borderline,Pass
C1513,ISRO-SCL-250505-18,Op-Amp IC,0,11.7,0.93,7.8,8.0,9.4,PASS,Safe,Pass
C1514,ISRO-SCL-250203-05,Digital Logic IC,1,20.8,1.67,30.6,0.3,85.0,REJECT,Safe,Fail
C1515,ISRO-SCL-250127-04,Op-Amp IC,1,68.9,5.51,64.1,50.3,85.0,REJECT,Fail,Fail
C1516,ISRO-SCL-250414-15,Digital Logic IC,0,10.8,0.87,6.9,5.9,8.3,PASS,Safe,Pass
C1517,ISRO-SCL-250120-03,Op-Amp IC,0,4.2,0.33,0.0,16.3,4.9,PASS,Safe,Pass
C1518,ISRO-SCL-250113-02,MOSFET,0,12.9,1.04,11.3,5.4,10.8,PASS,Safe,Pass
C1519,ISRO-SCL-250303-09,Voltage Regulator IC,0,13.2,1.06,1.1,6.9,7.1,PASS,Safe,Pass
C1520,ISRO-SCL-250120-03,Op-Amp IC,0,9.1,0.73,7.1,22.1,10.9,PASS,Borderline,Pass
C1521,ISRO-SCL-250331-13,Voltage Regulator IC,1,60.0,4.8,29.4,32.5,85.0,REJECT,Fail,Fail
C1522,ISRO-SCL-250324-12,Op-Amp IC,0,25.3,2.02,9.7,18.4,17.7,PASS,Safe,Pass
C1523,ISRO-SCL-250203-05,Digital Logic IC,0,17.2,1.37,22.8,14.5,18.9,PASS,Safe,Pass
C1524,ISRO-SCL-250303-09,Voltage Regulator IC,0,15.7,1.25,11.0,12.0,13.1,PASS,Safe,Pass
C1525,ISRO-SCL-250414-15,Digital Logic IC,1,45.9,3.67,44.4,38.0,85.0,REJECT,Borderline,Fail
C1526,ISRO-SCL-250106-01,MOSFET,0,16.0,1.28,9.7,3.5,11.0,PASS,Safe,Pass
C1527,ISRO-SCL-250414-15,Digital Logic IC,1,15.5,1.24,16.2,10.0,85.0,REJECT,Safe,Fail
C1528,ISRO-SCL-250210-06,MOSFET,0,9.7,0.77,4.0,20.1,9.5,PASS,Borderline,Pass
C1529,ISRO-SCL-250331-13,Voltage Regulator IC,0,15.7,1.25,10.3,3.7,11.1,PASS,Safe,Pass
C1530,ISRO-SCL-250127-04,Op-Amp IC,0,13.3,1.06,15.4,33.4,18.2,PASS,Borderline,Pass
C1531,ISRO-SCL-250106-01,MOSFET,0,8.1,0.64,1.8,23.1,8.5,PASS,Borderline,Pass
C1532,ISRO-SCL-250505-18,Op-Amp IC,0,19.6,1.57,15.1,9.8,15.8,PASS,Borderline,Pass
C1533,ISRO-SCL-250120-03,Op-Amp IC,1,16.1,1.29,20.5,16.5,85.0,REJECT,Safe,Fail
C1534,ISRO-SCL-250303-09,Voltage Regulator IC,1,21.3,1.71,12.2,15.8,85.0,REJECT,Borderline,Fail
C1535,ISRO-SCL-250310-10,Voltage Regulator IC,0,23.3,1.86,8.8,20.8,17.0,PASS,Borderline,Pass
C1536,ISRO-SCL-250113-02,MOSFET,0,14.5,1.16,18.6,9.2,15.1,PASS,Safe,Pass
C1537,ISRO-SCL-250127-04,Op-Amp IC,0,10.7,0.86,2.3,15.6,8.3,PASS,Safe,Pass
C1538,ISRO-SCL-250224-08,MOSFET,0,12.6,1.01,23.8,10.2,16.6,PASS,Safe,Pass
C1539,ISRO-SCL-250120-03,Op-Amp IC,0,22.7,1.82,22.1,18.4,21.6,PASS,Safe,Pass
C1540,ISRO-SCL-250407-14,MOSFET,0,16.7,1.34,9.4,9.1,12.3,PASS,Safe,Pass
C1541,ISRO-SCL-250303-09,Voltage Regulator IC,0,14.6,1.17,12.4,9.0,12.6,PASS,Safe,Pass
C1542,ISRO-SCL-250421-16,MOSFET,0,26.5,2.12,9.2,13.5,17.0,PASS,Borderline,Pass
C1543,ISRO-SCL-250414-15,Digital Logic IC,0,35.8,2.87,38.2,37.6,37.1,MONITOR,Fail,Pass
C1544,ISRO-SCL-250217-07,Op-Amp IC,1,100.0,13.68,96.5,90.4,96.7,REJECT,Fail,Fail
C1545,ISRO-SCL-250113-02,MOSFET,1,36.6,2.93,28.1,13.6,85.0,REJECT,Safe,Fail
C1546,ISRO-SCL-250217-07,Op-Amp IC,1,26.5,2.12,28.9,65.7,85.0,REJECT,Fail,Fail
C1547,ISRO-SCL-250113-02,MOSFET,1,46.0,3.68,10.4,24.7,85.0,REJECT,Fail,Fail
C1548,ISRO-SCL-250224-08,MOSFET,0,38.0,3.04,7.9,14.0,21.2,PASS,Borderline,Pass
C1549,ISRO-SCL-250127-04,Op-Amp IC,0,12.6,1.01,3.0,12.7,8.8,PASS,Safe,Pass
C1550,ISRO-SCL-250407-14,MOSFET,0,20.9,1.67,16.8,20.7,19.2,PASS,Borderline,Pass
C1551,ISRO-SCL-250414-15,Digital Logic IC,0,14.1,1.13,11.4,6.9,11.6,PASS,Safe,Pass
C1552,ISRO-SCL-250120-03,Op-Amp IC,0,51.5,4.12,46.0,41.5,47.3,MONITOR,Fail,Pass
C1553,ISRO-SCL-250407-14,MOSFET,0,15.9,1.27,12.5,31.2,17.6,PASS,Fail,Pass
C1554,ISRO-SCL-250505-18,Op-Amp IC,0,8.4,0.67,10.3,18.2,11.1,PASS,Safe,Pass
C1555,ISRO-SCL-250203-05,Digital Logic IC,0,15.4,1.23,15.4,8.4,14.0,PASS,Safe,Pass
C1556,ISRO-SCL-250217-07,Op-Amp IC,0,28.0,2.24,20.7,8.6,21.2,PASS,Safe,Pass
C1557,ISRO-SCL-250203-05,Digital Logic IC,0,19.7,1.57,16.9,10.0,16.6,PASS,Safe,Pass
C1558,ISRO-SCL-250324-12,Op-Amp IC,0,16.9,1.35,10.0,20.1,14.7,PASS,Safe,Pass
C1559,ISRO-SCL-250203-05,Digital Logic IC,0,15.1,1.21,18.1,4.5,14.2,PASS,Safe,Pass
C1560,ISRO-SCL-250106-01,MOSFET,0,13.7,1.09,12.3,20.1,14.4,PASS,Borderline,Pass
C1561,ISRO-SCL-250407-14,MOSFET,1,34.3,2.75,31.0,30.7,85.0,REJECT,Fail,Fail
C1562,ISRO-SCL-250127-04,Op-Amp IC,1,13.5,1.08,14.8,7.2,85.0,REJECT,Safe,Fail
C1563,ISRO-SCL-250224-08,MOSFET,0,18.3,1.46,34.7,5.3,22.3,PASS,Safe,Pass
C1564,ISRO-SCL-250224-08,MOSFET,0,16.9,1.35,8.5,7.4,11.6,PASS,Safe,Pass
C1565,ISRO-SCL-250310-10,Voltage Regulator IC,0,16.9,1.35,6.0,10.3,11.2,PASS,Safe,Pass
C1566,ISRO-SCL-250203-05,Digital Logic IC,0,38.8,3.1,17.1,13.8,25.1,PASS,Safe,Pass
C1567,ISRO-SCL-250120-03,Op-Amp IC,1,42.6,3.41,28.1,9.8,85.0,REJECT,Fail,Fail
C1568,ISRO-SCL-250310-10,Voltage Regulator IC,0,26.7,2.14,13.6,8.9,17.9,PASS,Safe,Pass
C1569,ISRO-SCL-250310-10,Voltage Regulator IC,0,12.6,1.01,5.4,3.9,8.0,PASS,Safe,Pass
C1570,ISRO-SCL-250303-09,Voltage Regulator IC,0,14.9,1.19,13.7,12.4,13.9,PASS,Safe,Pass
C1571,ISRO-SCL-250331-13,Voltage Regulator IC,1,12.3,0.98,16.1,19.0,85.0,REJECT,Safe,Fail
C1572,ISRO-SCL-250113-02,MOSFET,0,100.0,15.4,62.3,30.3,71.0,HOLD,Safe,Pass
C1573,ISRO-SCL-250113-02,MOSFET,0,17.1,1.37,16.4,0.3,13.5,PASS,Safe,Pass
C1574,ISRO-SCL-250217-07,Op-Amp IC,0,16.9,1.35,10.6,4.7,11.9,PASS,Safe,Pass
C1575,ISRO-SCL-250203-05,Digital Logic IC,0,6.7,0.54,1.3,4.3,4.1,PASS,Safe,Pass
C1576,ISRO-SCL-250407-14,MOSFET,0,11.4,0.91,8.1,17.2,11.3,PASS,Safe,Pass
C1577,ISRO-SCL-250224-08,MOSFET,0,22.9,1.83,41.7,24.7,30.8,MONITOR,Borderline,Pass
C1578,ISRO-SCL-250331-13,Voltage Regulator IC,0,9.9,0.79,8.0,35.5,14.3,PASS,Borderline,Pass
C1579,ISRO-SCL-250127-04,Op-Amp IC,0,15.8,1.26,14.5,9.0,13.9,PASS,Safe,Pass
C1580,ISRO-SCL-250519-20,Voltage Regulator IC,0,25.3,2.02,12.0,26.7,20.3,PASS,Safe,Pass
C1581,ISRO-SCL-250210-06,MOSFET,0,14.3,1.14,20.4,6.3,15.1,PASS,Safe,Pass
C1582,ISRO-SCL-250120-03,Op-Amp IC,0,12.1,0.97,16.0,31.8,17.6,PASS,Borderline,Pass
C1583,ISRO-SCL-250210-06,MOSFET,0,28.1,2.25,12.8,20.3,20.4,PASS,Safe,Pass
C1584,ISRO-SCL-250224-08,MOSFET,0,17.2,1.38,12.5,11.6,14.2,PASS,Safe,Pass
C1585,ISRO-SCL-250407-14,MOSFET,0,12.0,0.96,7.8,7.8,9.5,PASS,Safe,Pass
C1586,ISRO-SCL-250106-01,MOSFET,0,13.4,1.07,3.9,16.3,10.2,PASS,Safe,Pass
C1587,ISRO-SCL-250120-03,Op-Amp IC,1,17.8,1.42,14.3,7.0,85.0,REJECT,Safe,Fail
C1588,ISRO-SCL-250127-04,Op-Amp IC,0,12.6,1.01,19.9,5.0,14.0,PASS,Safe,Pass
C1589,ISRO-SCL-250217-07,Op-Amp IC,0,13.3,1.06,5.9,5.6,8.8,PASS,Safe,Pass
C1590,ISRO-SCL-250407-14,MOSFET,0,18.2,1.46,41.0,81.3,39.9,MONITOR,Fail,Pass
C1591,ISRO-SCL-250317-11,Voltage Regulator IC,0,15.5,1.24,10.2,10.1,12.3,PASS,Safe,Pass
C1592,ISRO-SCL-250519-20,Voltage Regulator IC,0,27.7,2.22,11.6,17.9,19.3,PASS,Borderline,Pass
C1593,ISRO-SCL-250421-16,MOSFET,0,16.5,1.32,19.6,5.7,15.6,PASS,Safe,Pass
C1594,ISRO-SCL-250331-13,Voltage Regulator IC,1,13.2,1.06,4.8,2.8,85.0,REJECT,Fail,Fail
C1595,ISRO-SCL-250113-02,MOSFET,0,8.5,0.68,1.1,9.4,5.7,PASS,Borderline,Pass
C1596,ISRO-SCL-250421-16,MOSFET,0,54.2,4.34,58.2,23.1,49.6,MONITOR,Borderline,Pass
C1597,ISRO-SCL-250113-02,MOSFET,0,11.7,0.93,4.5,15.1,9.5,PASS,Safe,Pass
C1598,ISRO-SCL-250203-05,Digital Logic IC,1,34.5,2.76,28.5,13.3,85.0,REJECT,Safe,Fail
C1599,ISRO-SCL-250324-12,Op-Amp IC,0,17.9,1.43,16.1,3.8,14.4,PASS,Safe,Pass
C1600,ISRO-SCL-250428-17,Voltage Regulator IC,1,18.6,1.49,23.8,5.1,85.0,REJECT,Safe,Fail
C1601,ISRO-SCL-250203-05,Digital Logic IC,0,16.5,1.32,18.2,8.0,15.5,PASS,Safe,Pass
C1602,ISRO-SCL-250505-18,Op-Amp IC,0,8.8,0.7,9.5,18.0,10.9,PASS,Safe,Pass
C1603,ISRO-SCL-250203-05,Digital Logic IC,0,26.6,2.13,21.9,20.2,23.4,PASS,Safe,Pass
C1604,ISRO-SCL-250407-14,MOSFET,1,13.9,1.11,24.4,32.9,85.0,REJECT,Borderline,Fail
C1605,ISRO-SCL-250407-14,MOSFET,0,5.6,0.45,1.7,9.5,4.8,PASS,Borderline,Pass
C1606,ISRO-SCL-250317-11,Voltage Regulator IC,0,61.8,4.95,27.6,13.7,38.5,MONITOR,Safe,Pass
C1607,ISRO-SCL-250303-09,Voltage Regulator IC,0,18.1,1.45,19.0,14.6,17.8,PASS,Safe,Pass
C1608,ISRO-SCL-250512-19,Op-Amp IC,1,15.6,1.25,19.5,13.1,85.0,REJECT,Safe,Fail
C1609,ISRO-SCL-250407-14,MOSFET,0,45.0,3.6,35.5,37.3,39.7,MONITOR,Fail,Pass
C1610,ISRO-SCL-250106-01,MOSFET,0,14.5,1.16,8.4,15.0,12.1,PASS,Safe,Pass
C1611,ISRO-SCL-250505-18,Op-Amp IC,1,15.0,1.2,8.5,3.1,85.0,REJECT,Safe,Fail
C1612,ISRO-SCL-250127-04,Op-Amp IC,0,25.3,2.02,14.8,21.2,20.3,PASS,Borderline,Pass
C1613,ISRO-SCL-250331-13,Voltage Regulator IC,0,97.6,7.8,61.4,45.8,72.7,HOLD,Fail,Pass
C1614,ISRO-SCL-250106-01,MOSFET,0,33.7,2.7,35.6,24.2,32.6,MONITOR,Fail,Pass
C1615,ISRO-SCL-250331-13,Voltage Regulator IC,0,16.9,1.35,29.1,6.1,19.6,PASS,Safe,Pass
C1616,ISRO-SCL-250106-01,MOSFET,0,11.6,0.93,7.2,27.6,13.0,PASS,Borderline,Pass
C1617,ISRO-SCL-250317-11,Voltage Regulator IC,0,17.2,1.38,20.8,9.3,17.0,PASS,Safe,Pass
C1618,ISRO-SCL-250127-04,Op-Amp IC,0,33.3,2.66,33.1,95.2,45.6,MONITOR,Safe,Pass
C1619,ISRO-SCL-250127-04,Op-Amp IC,0,15.8,1.26,16.5,7.3,14.4,PASS,Safe,Pass
C1620,ISRO-SCL-250120-03,Op-Amp IC,1,18.0,1.44,24.9,7.8,85.0,REJECT,Safe,Fail
C1621,ISRO-SCL-250331-13,Voltage Regulator IC,0,25.5,2.04,31.5,69.0,36.6,MONITOR,Fail,Pass
C1622,ISRO-SCL-250324-12,Op-Amp IC,0,19.0,1.52,61.1,18.5,35.7,MONITOR,Borderline,Pass
C1623,ISRO-SCL-250217-07,Op-Amp IC,0,20.8,1.66,23.0,42.3,26.0,PASS,Borderline,Pass
C1624,ISRO-SCL-250113-02,MOSFET,0,12.7,1.01,10.8,13.9,12.1,PASS,Safe,Pass
C1625,ISRO-SCL-250414-15,Digital Logic IC,1,27.7,2.22,56.3,51.0,85.0,REJECT,Fail,Fail
C1626,ISRO-SCL-250203-05,Digital Logic IC,0,41.2,3.3,7.8,18.1,23.2,PASS,Safe,Pass
C1627,ISRO-SCL-250224-08,MOSFET,0,13.3,1.06,9.4,11.0,11.3,PASS,Safe,Pass
C1628,ISRO-SCL-250331-13,Voltage Regulator IC,0,18.7,1.5,19.3,19.4,19.1,PASS,Safe,Pass
C1629,ISRO-SCL-250106-01,MOSFET,0,15.8,1.26,22.4,44.2,24.1,PASS,Borderline,Pass
C1630,ISRO-SCL-250203-05,Digital Logic IC,0,12.7,1.02,16.6,1.8,12.1,PASS,Safe,Pass
C1631,ISRO-SCL-250113-02,MOSFET,0,14.1,1.12,12.2,21.4,14.8,PASS,Safe,Pass
C1632,ISRO-SCL-250303-09,Voltage Regulator IC,0,21.7,1.73,10.8,26.3,18.2,PASS,Fail,Pass
C1633,ISRO-SCL-250331-13,Voltage Regulator IC,0,24.0,1.92,8.0,16.0,16.0,PASS,Safe,Pass
C1634,ISRO-SCL-250324-12,Op-Amp IC,0,14.1,1.13,14.9,16.6,14.9,PASS,Borderline,Pass
C1635,ISRO-SCL-250127-04,Op-Amp IC,0,16.0,1.28,17.0,0.5,13.3,PASS,Safe,Pass
C1636,ISRO-SCL-250224-08,MOSFET,0,29.4,2.35,20.7,27.1,25.5,PASS,Borderline,Pass
C1637,ISRO-SCL-250106-01,MOSFET,0,20.0,1.6,20.5,11.9,18.6,PASS,Safe,Pass
C1638,ISRO-SCL-250224-08,MOSFET,1,25.3,2.02,10.0,16.1,85.0,REJECT,Fail,Fail
C1639,ISRO-SCL-250217-07,Op-Amp IC,1,35.9,2.87,25.2,20.2,85.0,REJECT,Borderline,Fail
C1640,ISRO-SCL-250113-02,MOSFET,0,32.3,2.58,18.9,18.5,24.2,PASS,Borderline,Pass
C1641,ISRO-SCL-250224-08,MOSFET,0,28.3,2.26,25.0,22.4,25.8,PASS,Safe,Pass
C1642,ISRO-SCL-250519-20,Voltage Regulator IC,0,6.0,0.48,2.0,8.5,4.9,PASS,Safe,Pass
C1643,ISRO-SCL-250512-19,Op-Amp IC,0,56.9,4.55,70.4,72.4,65.4,HOLD,Fail,Pass
C1644,ISRO-SCL-250203-05,Digital Logic IC,0,13.9,1.11,9.8,1.0,9.7,PASS,Safe,Pass
C1645,ISRO-SCL-250512-19,Op-Amp IC,1,77.6,6.21,54.7,57.4,85.0,REJECT,Fail,Fail
C1646,ISRO-SCL-250113-02,MOSFET,0,4.8,0.39,0.0,10.6,4.0,PASS,Safe,Pass
C1647,ISRO-SCL-250407-14,MOSFET,0,12.8,1.03,10.9,16.3,12.7,PASS,Safe,Pass
C1648,ISRO-SCL-250127-04,Op-Amp IC,0,12.9,1.03,18.6,42.2,21.1,PASS,Fail,Pass
C1649,ISRO-SCL-250317-11,Voltage Regulator IC,0,24.4,1.95,42.0,28.4,32.2,MONITOR,Borderline,Pass
C1650,ISRO-SCL-250310-10,Voltage Regulator IC,0,13.1,1.05,16.9,3.0,12.6,PASS,Fail,Pass
C1651,ISRO-SCL-250127-04,Op-Amp IC,1,9.5,0.76,16.0,8.8,85.0,REJECT,Safe,Fail
C1652,ISRO-SCL-250414-15,Digital Logic IC,0,9.5,0.76,4.3,9.9,7.5,PASS,Safe,Pass
C1653,ISRO-SCL-250331-13,Voltage Regulator IC,0,19.3,1.54,7.4,10.9,12.8,PASS,Safe,Pass
C1654,ISRO-SCL-250120-03,Op-Amp IC,0,25.3,2.02,31.5,36.4,30.0,MONITOR,Fail,Pass
C1655,ISRO-SCL-250203-05,Digital Logic IC,0,18.2,1.45,18.1,4.5,15.4,PASS,Safe,Pass
C1656,ISRO-SCL-250421-16,MOSFET,0,11.7,0.94,19.3,2.7,13.0,PASS,Safe,Pass
C1657,ISRO-SCL-250331-13,Voltage Regulator IC,0,12.4,0.99,14.5,10.8,12.9,PASS,Safe,Pass
C1658,ISRO-SCL-250113-02,MOSFET,0,8.2,0.66,5.4,9.7,7.4,PASS,Safe,Pass
C1659,ISRO-SCL-250310-10,Voltage Regulator IC,0,12.6,1.01,3.5,10.3,8.5,PASS,Safe,Pass
C1660,ISRO-SCL-250217-07,Op-Amp IC,0,7.3,0.58,0.0,15.9,6.1,PASS,Safe,Pass
C1661,ISRO-SCL-250512-19,Op-Amp IC,0,25.9,2.07,27.0,26.2,26.4,PASS,Fail,Pass
C1662,ISRO-SCL-250310-10,Voltage Regulator IC,1,27.3,2.18,17.3,2.6,85.0,REJECT,Fail,Fail
C1663,ISRO-SCL-250414-15,Digital Logic IC,1,72.7,5.82,46.8,7.5,85.0,REJECT,Safe,Fail
C1664,ISRO-SCL-250310-10,Voltage Regulator IC,1,75.9,6.07,26.6,33.2,85.0,REJECT,Fail,Fail
C1665,ISRO-SCL-250324-12,Op-Amp IC,0,15.8,1.26,25.5,27.4,22.0,PASS,Borderline,Pass
C1666,ISRO-SCL-250303-09,Voltage Regulator IC,0,11.6,0.93,12.0,6.2,10.7,PASS,Fail,Pass
C1667,ISRO-SCL-250303-09,Voltage Regulator IC,0,15.8,1.26,14.8,20.9,16.4,PASS,Borderline,Pass
C1668,ISRO-SCL-250113-02,MOSFET,1,15.7,1.25,11.8,10.3,85.0,REJECT,Fail,Fail
C1669,ISRO-SCL-250127-04,Op-Amp IC,0,43.3,3.47,33.2,33.6,37.3,MONITOR,Fail,Pass
C1670,ISRO-SCL-250310-10,Voltage Regulator IC,0,14.9,1.2,35.8,43.0,28.9,PASS,Fail,Pass
C1671,ISRO-SCL-250113-02,MOSFET,0,11.7,0.93,9.0,11.7,10.6,PASS,Safe,Pass
C1672,ISRO-SCL-250217-07,Op-Amp IC,0,30.2,2.42,9.5,24.4,20.7,PASS,Fail,Pass
C1673,ISRO-SCL-250407-14,MOSFET,0,27.2,2.17,45.0,36.9,36.2,MONITOR,Fail,Pass
C1674,ISRO-SCL-250331-13,Voltage Regulator IC,0,15.2,1.21,17.7,3.3,13.8,PASS,Safe,Pass
C1675,ISRO-SCL-250407-14,MOSFET,0,33.7,2.7,29.2,13.4,27.9,PASS,Safe,Pass
C1676,ISRO-SCL-250512-19,Op-Amp IC,0,14.1,1.12,10.6,9.6,11.8,PASS,Safe,Pass
C1677,ISRO-SCL-250113-02,MOSFET,0,13.2,1.06,0.1,17.6,8.9,PASS,Safe,Pass
C1678,ISRO-SCL-250414-15,Digital Logic IC,0,13.7,1.1,12.7,12.4,13.0,PASS,Safe,Pass
C1679,ISRO-SCL-250113-02,MOSFET,0,8.1,0.65,2.5,18.4,7.9,PASS,Safe,Pass
C1680,ISRO-SCL-250414-15,Digital Logic IC,0,23.8,1.91,23.6,23.0,23.6,PASS,Fail,Pass
C1681,ISRO-SCL-250120-03,Op-Amp IC,0,31.8,2.54,30.2,30.1,30.8,MONITOR,Fail,Pass
C1682,ISRO-SCL-250224-08,MOSFET,0,11.2,0.9,2.3,13.0,8.0,PASS,Safe,Pass
C1683,ISRO-SCL-250421-16,MOSFET,0,17.0,1.36,23.5,15.7,19.3,PASS,Borderline,Pass
C1684,ISRO-SCL-250324-12,Op-Amp IC,1,32.7,2.61,49.0,36.4,85.0,REJECT,Fail,Fail
C1685,ISRO-SCL-250113-02,MOSFET,0,51.8,4.14,14.7,27.3,32.0,MONITOR,Safe,Pass
C1686,ISRO-SCL-250120-03,Op-Amp IC,0,15.9,1.27,19.2,40.0,22.0,PASS,Borderline,Pass
C1687,ISRO-SCL-250310-10,Voltage Regulator IC,0,11.3,0.91,7.0,5.6,8.4,PASS,Safe,Pass
C1688,ISRO-SCL-250512-19,Op-Amp IC,1,15.1,1.21,21.1,18.6,85.0,REJECT,Safe,Fail
C1689,ISRO-SCL-250127-04,Op-Amp IC,0,18.8,1.51,9.2,12.1,13.7,PASS,Safe,Pass
C1690,ISRO-SCL-250224-08,MOSFET,1,29.4,2.35,26.2,11.7,85.0,REJECT,Fail,Fail
C1691,ISRO-SCL-250120-03,Op-Amp IC,0,15.4,1.24,30.5,41.2,26.6,PASS,Fail,Pass
C1692,ISRO-SCL-250414-15,Digital Logic IC,1,17.1,1.37,19.1,2.5,85.0,REJECT,Safe,Fail
C1693,ISRO-SCL-250106-01,MOSFET,0,13.0,1.04,7.3,12.1,10.6,PASS,Safe,Pass
C1694,ISRO-SCL-250113-02,MOSFET,0,37.1,2.97,6.1,14.0,20.1,PASS,Safe,Pass
C1695,ISRO-SCL-250310-10,Voltage Regulator IC,0,16.3,1.3,4.5,7.6,9.8,PASS,Safe,Pass
C1696,ISRO-SCL-250421-16,MOSFET,0,14.1,1.12,11.6,12.8,12.8,PASS,Safe,Pass
C1697,ISRO-SCL-250505-18,Op-Amp IC,0,23.6,1.89,4.3,20.3,15.2,PASS,Safe,Pass
C1698,ISRO-SCL-250505-18,Op-Amp IC,0,16.4,1.32,17.9,11.5,16.0,PASS,Safe,Pass
C1699,ISRO-SCL-250407-14,MOSFET,0,37.5,3.0,37.7,30.3,36.1,MONITOR,Fail,Pass
C1700,ISRO-SCL-250113-02,MOSFET,0,59.0,4.72,34.2,16.8,40.7,MONITOR,Fail,Pass
C1701,ISRO-SCL-250217-07,Op-Amp IC,0,35.5,2.84,35.4,20.4,32.4,MONITOR,Safe,Pass
C1702,ISRO-SCL-250310-10,Voltage Regulator IC,0,100.0,261.59,100.0,90.0,98.0,REJECT,Borderline,Pass
C1703,ISRO-SCL-250224-08,MOSFET,0,15.2,1.22,9.2,15.4,12.8,PASS,Safe,Pass
C1704,ISRO-SCL-250310-10,Voltage Regulator IC,0,16.4,1.31,21.9,7.6,16.8,PASS,Safe,Pass
C1705,ISRO-SCL-250203-05,Digital Logic IC,0,62.7,5.02,27.2,25.9,41.1,MONITOR,Fail,Pass
C1706,ISRO-SCL-250414-15,Digital Logic IC,0,26.9,2.15,44.2,37.2,35.9,MONITOR,Fail,Pass
C1707,ISRO-SCL-250414-15,Digital Logic IC,1,17.9,1.43,22.3,4.8,85.0,REJECT,Safe,Fail
C1708,ISRO-SCL-250421-16,MOSFET,0,9.6,0.76,3.4,2.4,5.6,PASS,Safe,Pass
C1709,ISRO-SCL-250120-03,Op-Amp IC,0,12.5,1.0,30.7,55.6,28.4,PASS,Fail,Pass
C1710,ISRO-SCL-250106-01,MOSFET,1,66.5,5.32,46.6,44.2,85.0,REJECT,Fail,Fail
C1711,ISRO-SCL-250224-08,MOSFET,0,16.9,1.35,4.0,5.3,9.4,PASS,Safe,Pass
C1712,ISRO-SCL-250505-18,Op-Amp IC,0,16.5,1.32,23.4,0.9,16.1,PASS,Safe,Pass
C1713,ISRO-SCL-250407-14,MOSFET,0,16.0,1.28,9.6,17.2,13.7,PASS,Safe,Pass
C1714,ISRO-SCL-250113-02,MOSFET,0,15.5,1.24,11.3,2.0,11.1,PASS,Safe,Pass
C1715,ISRO-SCL-250414-15,Digital Logic IC,1,15.5,1.24,10.7,10.6,85.0,REJECT,Fail,Fail
C1716,ISRO-SCL-250324-12,Op-Amp IC,0,16.5,1.32,10.8,12.6,13.4,PASS,Safe,Pass
C1717,ISRO-SCL-250203-05,Digital Logic IC,0,5.1,0.41,0.4,7.2,3.7,PASS,Safe,Pass
C1718,ISRO-SCL-250414-15,Digital Logic IC,0,13.4,1.07,10.8,2.9,10.2,PASS,Safe,Pass
C1719,ISRO-SCL-250407-14,MOSFET,1,13.4,1.07,15.3,10.2,85.0,REJECT,Safe,Fail
C1720,ISRO-SCL-250407-14,MOSFET,0,12.4,0.99,12.9,24.5,15.0,PASS,Borderline,Pass
C1721,ISRO-SCL-250224-08,MOSFET,0,5.4,0.43,2.9,17.1,6.8,PASS,Safe,Pass
C1722,ISRO-SCL-250505-18,Op-Amp IC,0,16.9,1.35,27.0,4.7,18.5,PASS,Safe,Pass
C1723,ISRO-SCL-250407-14,MOSFET,0,76.7,6.14,45.4,36.5,56.2,MONITOR,Borderline,Pass
C1724,ISRO-SCL-250113-02,MOSFET,1,68.7,5.49,22.7,25.6,85.0,REJECT,Borderline,Fail
C1725,ISRO-SCL-250127-04,Op-Amp IC,1,15.4,1.23,26.1,2.9,85.0,REJECT,Safe,Fail
C1726,ISRO-SCL-250317-11,Voltage Regulator IC,0,10.3,0.83,32.7,59.6,29.1,PASS,Fail,Pass
C1727,ISRO-SCL-250120-03,Op-Amp IC,0,21.1,1.69,25.1,7.6,20.0,PASS,Borderline,Pass
C1728,ISRO-SCL-250519-20,Voltage Regulator IC,0,10.0,0.8,1.6,20.3,8.7,PASS,Safe,Pass
C1729,ISRO-SCL-250120-03,Op-Amp IC,1,16.7,1.34,24.0,9.4,85.0,REJECT,Safe,Fail
C1730,ISRO-SCL-250421-16,MOSFET,0,14.7,1.18,1.4,14.4,9.3,PASS,Safe,Pass
C1731,ISRO-SCL-250317-11,Voltage Regulator IC,0,11.2,0.9,19.4,30.3,18.3,PASS,Borderline,Pass
C1732,ISRO-SCL-250217-07,Op-Amp IC,0,18.9,1.51,12.5,40.7,20.7,PASS,Fail,Pass
C1733,ISRO-SCL-250113-02,MOSFET,1,18.5,1.48,30.1,2.5,85.0,REJECT,Safe,Fail
C1734,ISRO-SCL-250113-02,MOSFET,0,14.1,1.13,11.1,12.2,12.5,PASS,Safe,Pass
C1735,ISRO-SCL-250210-06,MOSFET,0,25.3,2.02,24.0,25.8,24.9,PASS,Borderline,Pass
C1736,ISRO-SCL-250120-03,Op-Amp IC,0,14.7,1.17,9.3,4.4,10.5,PASS,Safe,Pass
C1737,ISRO-SCL-250203-05,Digital Logic IC,0,11.8,0.94,4.0,7.6,7.8,PASS,Safe,Pass
C1738,ISRO-SCL-250203-05,Digital Logic IC,0,18.4,1.48,6.1,10.8,12.0,PASS,Safe,Pass
C1739,ISRO-SCL-250512-19,Op-Amp IC,1,98.6,7.89,98.6,100.0,98.9,REJECT,Fail,Fail
C1740,ISRO-SCL-250512-19,Op-Amp IC,0,37.3,2.98,36.1,30.8,35.5,MONITOR,Fail,Pass
C1741,ISRO-SCL-250407-14,MOSFET,1,10.6,0.85,8.6,10.5,85.0,REJECT,Safe,Fail
C1742,ISRO-SCL-250505-18,Op-Amp IC,1,19.5,1.56,4.9,17.0,85.0,REJECT,Fail,Fail
C1743,ISRO-SCL-250324-12,Op-Amp IC,0,15.7,1.26,13.1,17.6,15.0,PASS,Borderline,Pass
C1744,ISRO-SCL-250414-15,Digital Logic IC,0,18.2,1.46,19.8,21.0,19.4,PASS,Borderline,Pass
C1745,ISRO-SCL-250310-10,Voltage Regulator IC,0,14.2,1.13,7.7,4.3,9.6,PASS,Safe,Pass
C1746,ISRO-SCL-250414-15,Digital Logic IC,1,80.3,6.42,66.1,70.0,85.0,REJECT,Fail,Fail
C1747,ISRO-SCL-250127-04,Op-Amp IC,0,24.2,1.94,20.6,30.2,24.0,PASS,Fail,Pass
C1748,ISRO-SCL-250217-07,Op-Amp IC,0,18.1,1.45,15.6,5.8,14.6,PASS,Safe,Pass
C1749,ISRO-SCL-250331-13,Voltage Regulator IC,0,84.3,6.74,58.1,41.0,65.2,HOLD,Fail,Pass
C1750,ISRO-SCL-250414-15,Digital Logic IC,0,16.9,1.35,19.4,14.4,17.4,PASS,Safe,Pass
C1751,ISRO-SCL-250519-20,Voltage Regulator IC,0,45.5,3.64,18.7,8.3,27.3,PASS,Safe,Pass
C1752,ISRO-SCL-250407-14,MOSFET,0,36.2,2.89,55.5,48.0,46.3,MONITOR,Fail,Pass
C1753,ISRO-SCL-250127-04,Op-Amp IC,0,9.5,0.76,0.6,14.7,7.0,PASS,Safe,Pass
C1754,ISRO-SCL-250512-19,Op-Amp IC,1,90.3,7.22,55.9,53.0,85.0,REJECT,Fail,Fail
C1755,ISRO-SCL-250127-04,Op-Amp IC,1,92.7,7.42,79.1,51.8,85.0,REJECT,Fail,Fail
C1756,ISRO-SCL-250414-15,Digital Logic IC,1,54.8,4.38,63.8,37.3,85.0,REJECT,Fail,Fail
C1757,ISRO-SCL-250505-18,Op-Amp IC,0,13.0,1.04,10.2,3.7,10.0,PASS,Safe,Pass
C1758,ISRO-SCL-250217-07,Op-Amp IC,0,13.0,1.04,13.7,4.8,11.6,PASS,Safe,Pass
C1759,ISRO-SCL-250310-10,Voltage Regulator IC,0,10.1,0.81,6.7,11.8,9.1,PASS,Safe,Pass
C1760,ISRO-SCL-250106-01,MOSFET,0,100.0,9.27,54.1,38.4,69.3,HOLD,Fail,Pass
C1761,ISRO-SCL-250127-04,Op-Amp IC,1,15.5,1.24,15.2,3.7,85.0,REJECT,Fail,Fail
C1762,ISRO-SCL-250421-16,MOSFET,0,19.9,1.59,46.4,6.3,27.8,PASS,Safe,Pass
C1763,ISRO-SCL-250505-18,Op-Amp IC,0,25.3,2.02,9.9,3.5,14.8,PASS,Safe,Pass
C1764,ISRO-SCL-250310-10,Voltage Regulator IC,0,17.6,1.41,15.1,21.2,17.3,PASS,Safe,Pass
C1765,ISRO-SCL-250310-10,Voltage Regulator IC,0,10.6,0.85,13.8,14.4,12.7,PASS,Safe,Pass
C1766,ISRO-SCL-250303-09,Voltage Regulator IC,0,9.0,0.72,0.7,11.7,6.2,PASS,Safe,Pass
C1767,ISRO-SCL-250224-08,MOSFET,1,10.9,0.87,3.0,13.4,85.0,REJECT,Fail,Fail
C1768,ISRO-SCL-250324-12,Op-Amp IC,0,19.0,1.52,36.5,27.8,27.8,PASS,Borderline,Pass
C1769,ISRO-SCL-250217-07,Op-Amp IC,0,16.3,1.3,10.4,11.0,12.9,PASS,Safe,Pass
C1770,ISRO-SCL-250512-19,Op-Amp IC,1,11.0,0.88,7.3,8.9,85.0,REJECT,Fail,Fail
C1771,ISRO-SCL-250512-19,Op-Amp IC,1,14.4,1.15,29.1,22.7,85.0,REJECT,Borderline,Fail
C1772,ISRO-SCL-250324-12,Op-Amp IC,0,14.8,1.19,13.0,34.1,18.0,PASS,Borderline,Pass
C1773,ISRO-SCL-250210-06,MOSFET,0,39.9,3.19,34.6,26.6,35.1,MONITOR,Borderline,Pass
C1774,ISRO-SCL-250217-07,Op-Amp IC,0,15.7,1.25,42.2,7.8,24.7,PASS,Safe,Pass
C1775,ISRO-SCL-250414-15,Digital Logic IC,1,44.1,3.53,41.3,29.2,85.0,REJECT,Fail,Fail
C1776,ISRO-SCL-250512-19,Op-Amp IC,0,19.7,1.57,13.8,16.9,16.8,PASS,Safe,Pass
C1777,ISRO-SCL-250421-16,MOSFET,0,13.9,1.11,2.6,3.8,7.4,PASS,Safe,Pass
C1778,ISRO-SCL-250414-15,Digital Logic IC,0,12.5,1.0,10.3,10.4,11.2,PASS,Safe,Pass
C1779,ISRO-SCL-250421-16,MOSFET,0,18.7,1.5,36.8,16.4,25.5,PASS,Safe,Pass
C1780,ISRO-SCL-250113-02,MOSFET,0,13.6,1.09,6.2,5.9,9.1,PASS,Safe,Pass
C1781,ISRO-SCL-250324-12,Op-Amp IC,0,19.2,1.54,25.5,27.2,23.3,PASS,Borderline,Pass
C1782,ISRO-SCL-250414-15,Digital Logic IC,0,13.7,1.1,12.1,3.5,11.0,PASS,Safe,Pass
C1783,ISRO-SCL-250106-01,MOSFET,0,100.0,143.63,100.0,51.9,90.4,REJECT,Safe,Pass
C1784,ISRO-SCL-250421-16,MOSFET,0,20.1,1.61,12.6,24.7,18.0,PASS,Borderline,Pass
C1785,ISRO-SCL-250120-03,Op-Amp IC,0,12.3,0.98,6.6,18.5,11.2,PASS,Safe,Pass
C1786,ISRO-SCL-250217-07,Op-Amp IC,0,29.7,2.38,26.4,6.3,23.7,PASS,Safe,Pass
C1787,ISRO-SCL-250210-06,MOSFET,0,98.4,7.87,29.3,10.3,53.1,MONITOR,Safe,Pass
C1788,ISRO-SCL-250203-05,Digital Logic IC,0,42.3,3.39,36.5,15.0,34.5,MONITOR,Safe,Pass
C1789,ISRO-SCL-250106-01,MOSFET,0,9.5,0.76,7.5,18.5,10.5,PASS,Safe,Pass
C1790,ISRO-SCL-250203-05,Digital Logic IC,0,12.2,0.97,6.1,8.5,9.0,PASS,Fail,Pass
C1791,ISRO-SCL-250324-12,Op-Amp IC,0,20.0,1.6,27.0,4.3,19.7,PASS,Safe,Pass
C1792,ISRO-SCL-250203-05,Digital Logic IC,0,16.3,1.3,12.7,10.4,13.6,PASS,Safe,Pass
C1793,ISRO-SCL-250113-02,MOSFET,0,15.5,1.24,5.3,8.5,10.0,PASS,Safe,Pass
C1794,ISRO-SCL-250127-04,Op-Amp IC,0,22.1,1.77,17.7,17.2,19.4,PASS,Safe,Pass
C1795,ISRO-SCL-250210-06,MOSFET,0,16.0,1.28,3.2,8.6,9.4,PASS,Safe,Pass
C1796,ISRO-SCL-250203-05,Digital Logic IC,1,100.0,235.5,100.0,51.9,90.4,REJECT,Safe,Fail
C1797,ISRO-SCL-250317-11,Voltage Regulator IC,0,31.8,2.55,20.1,30.4,26.9,PASS,Fail,Pass
C1798,ISRO-SCL-250310-10,Voltage Regulator IC,0,14.1,1.12,14.1,21.6,15.6,PASS,Safe,Pass
C1799,ISRO-SCL-250303-09,Voltage Regulator IC,0,11.0,0.88,5.2,4.0,7.3,PASS,Safe,Pass
C1800,ISRO-SCL-250217-07,Op-Amp IC,1,40.0,3.2,23.0,23.1,85.0,REJECT,Borderline,Fail
C1801,ISRO-SCL-250224-08,MOSFET,0,14.9,1.2,9.4,10.3,11.8,PASS,Safe,Pass
C1802,ISRO-SCL-250113-02,MOSFET,0,50.6,4.05,12.6,19.7,29.2,PASS,Borderline,Pass
C1803,ISRO-SCL-250217-07,Op-Amp IC,1,12.4,0.99,12.7,6.4,85.0,REJECT,Safe,Fail
C1804,ISRO-SCL-250407-14,MOSFET,0,26.3,2.1,17.2,24.7,22.3,PASS,Fail,Pass
C1805,ISRO-SCL-250127-04,Op-Amp IC,0,65.0,5.2,42.5,27.8,48.6,MONITOR,Fail,Pass
C1806,ISRO-SCL-250127-04,Op-Amp IC,0,5.6,0.44,1.3,19.7,6.7,PASS,Borderline,Pass
C1807,ISRO-SCL-250317-11,Voltage Regulator IC,0,16.5,1.32,40.0,64.2,35.4,MONITOR,Fail,Pass
C1808,ISRO-SCL-250113-02,MOSFET,0,14.1,1.12,14.0,12.4,13.7,PASS,Safe,Pass
C1809,ISRO-SCL-250317-11,Voltage Regulator IC,0,20.6,1.65,19.5,11.0,18.3,PASS,Safe,Pass
C1810,ISRO-SCL-250331-13,Voltage Regulator IC,0,20.8,1.66,24.9,6.1,19.5,PASS,Safe,Pass
C1811,ISRO-SCL-250317-11,Voltage Regulator IC,0,12.3,0.98,23.6,54.0,25.2,PASS,Fail,Pass
C1812,ISRO-SCL-250203-05,Digital Logic IC,0,11.6,0.92,6.9,5.9,8.6,PASS,Safe,Pass
C1813,ISRO-SCL-250127-04,Op-Amp IC,0,17.9,1.43,5.9,4.7,10.5,PASS,Safe,Pass
C1814,ISRO-SCL-250407-14,MOSFET,1,13.8,1.11,23.2,5.7,85.0,REJECT,Safe,Fail
C1815,ISRO-SCL-250113-02,MOSFET,0,8.4,0.67,1.4,9.2,5.7,PASS,Safe,Pass
C1816,ISRO-SCL-250303-09,Voltage Regulator IC,0,37.3,2.99,22.3,11.4,26.1,PASS,Safe,Pass
C1817,ISRO-SCL-250224-08,MOSFET,0,5.4,0.43,0.0,10.1,4.2,PASS,Safe,Pass
C1818,ISRO-SCL-250519-20,Voltage Regulator IC,0,9.5,0.76,2.7,3.8,5.6,PASS,Safe,Pass
C1819,ISRO-SCL-250407-14,MOSFET,0,15.5,1.24,9.9,9.6,12.0,PASS,Borderline,Pass
C1820,ISRO-SCL-250407-14,MOSFET,1,14.1,1.12,12.4,10.5,85.0,REJECT,Fail,Fail
C1821,ISRO-SCL-250310-10,Voltage Regulator IC,0,29.5,2.36,7.4,17.0,18.2,PASS,Borderline,Pass
C1822,ISRO-SCL-250407-14,MOSFET,1,15.9,1.27,15.3,9.8,85.0,REJECT,Safe,Fail
C1823,ISRO-SCL-250127-04,Op-Amp IC,0,28.6,2.29,15.7,23.9,22.5,PASS,Borderline,Pass
C1824,ISRO-SCL-250407-14,MOSFET,0,14.3,1.15,9.2,10.0,11.4,PASS,Safe,Pass
C1825,ISRO-SCL-250303-09,Voltage Regulator IC,0,17.8,1.42,12.3,16.9,15.4,PASS,Borderline,Pass
C1826,ISRO-SCL-250127-04,Op-Amp IC,0,13.9,1.11,9.4,11.9,11.7,PASS,Safe,Pass
C1827,ISRO-SCL-250428-17,Voltage Regulator IC,0,12.0,0.96,0.2,11.9,7.3,PASS,Safe,Pass
C1828,ISRO-SCL-250113-02,MOSFET,0,19.7,1.57,17.0,10.9,16.9,PASS,Safe,Pass
C1829,ISRO-SCL-250331-13,Voltage Regulator IC,0,15.7,1.25,3.9,4.3,8.7,PASS,Safe,Pass
C1830,ISRO-SCL-250421-16,MOSFET,0,13.1,1.05,6.0,11.8,10.0,PASS,Safe,Pass
C1831,ISRO-SCL-250407-14,MOSFET,1,16.1,1.28,26.3,8.7,85.0,REJECT,Safe,Fail
C1832,ISRO-SCL-250407-14,MOSFET,0,12.8,1.03,25.0,44.8,24.1,PASS,Fail,Pass
C1833,ISRO-SCL-250331-13,Voltage Regulator IC,0,16.7,1.34,11.8,10.8,13.5,PASS,Safe,Pass
C1834,ISRO-SCL-250512-19,Op-Amp IC,0,46.8,3.75,45.0,39.6,44.6,MONITOR,Fail,Pass
C1835,ISRO-SCL-250106-01,MOSFET,0,60.2,4.82,47.7,61.2,55.4,MONITOR,Fail,Pass
C1836,ISRO-SCL-250407-14,MOSFET,0,96.5,7.72,55.9,46.8,70.3,HOLD,Borderline,Pass
C1837,ISRO-SCL-250127-04,Op-Amp IC,0,17.9,1.43,17.9,1.8,14.6,PASS,Safe,Pass
C1838,ISRO-SCL-250512-19,Op-Amp IC,0,9.5,0.76,3.6,4.1,6.1,PASS,Safe,Pass
C1839,ISRO-SCL-250113-02,MOSFET,0,43.2,3.46,28.0,33.5,35.2,MONITOR,Borderline,Pass
C1840,ISRO-SCL-250421-16,MOSFET,0,15.7,1.26,10.7,9.7,12.5,PASS,Safe,Pass
C1841,ISRO-SCL-250310-10,Voltage Regulator IC,0,12.5,1.0,9.9,6.1,10.2,PASS,Safe,Pass
C1842,ISRO-SCL-250310-10,Voltage Regulator IC,0,16.1,1.29,26.1,5.3,17.9,PASS,Safe,Pass
C1843,ISRO-SCL-250512-19,Op-Amp IC,0,27.4,2.19,30.0,39.6,30.9,MONITOR,Fail,Pass
C1844,ISRO-SCL-250210-06,MOSFET,0,16.8,1.34,35.9,14.1,23.9,PASS,Borderline,Pass
C1845,ISRO-SCL-250203-05,Digital Logic IC,0,82.6,6.61,24.6,4.1,43.7,MONITOR,Safe,Pass
C1846,ISRO-SCL-250303-09,Voltage Regulator IC,0,28.0,2.24,26.0,18.8,25.3,PASS,Borderline,Pass
C1847,ISRO-SCL-250127-04,Op-Amp IC,1,15.6,1.25,48.6,17.3,85.0,REJECT,Safe,Fail
C1848,ISRO-SCL-250310-10,Voltage Regulator IC,0,40.8,3.26,27.6,42.7,35.9,MONITOR,Borderline,Pass
C1849,ISRO-SCL-250113-02,MOSFET,0,14.7,1.17,10.9,5.5,11.3,PASS,Safe,Pass
C1850,ISRO-SCL-250210-06,MOSFET,0,52.1,4.17,49.8,21.2,45.0,MONITOR,Borderline,Pass
C1851,ISRO-SCL-250331-13,Voltage Regulator IC,0,17.2,1.38,8.6,7.9,11.9,PASS,Safe,Pass
C1852,ISRO-SCL-250421-16,MOSFET,0,9.8,0.79,13.0,2.3,9.6,PASS,Safe,Pass
C1853,ISRO-SCL-250217-07,Op-Amp IC,0,18.0,1.44,21.6,12.2,18.3,PASS,Safe,Pass
C1854,ISRO-SCL-250310-10,Voltage Regulator IC,0,19.7,1.57,2.5,16.9,12.2,PASS,Safe,Pass
C1855,ISRO-SCL-250310-10,Voltage Regulator IC,0,38.2,3.06,16.9,44.5,30.9,MONITOR,Borderline,Pass
C1856,ISRO-SCL-250310-10,Voltage Regulator IC,0,18.1,1.45,9.6,14.0,13.9,PASS,Safe,Pass
C1857,ISRO-SCL-250310-10,Voltage Regulator IC,0,7.0,0.56,4.2,7.0,5.9,PASS,Safe,Pass
C1858,ISRO-SCL-250414-15,Digital Logic IC,0,22.1,1.77,28.4,24.3,25.1,PASS,Fail,Pass
C1859,ISRO-SCL-250120-03,Op-Amp IC,0,18.3,1.46,12.6,3.8,13.1,PASS,Safe,Pass
C1860,ISRO-SCL-250407-14,MOSFET,0,34.7,2.77,37.2,43.2,37.4,MONITOR,Fail,Pass
C1861,ISRO-SCL-250324-12,Op-Amp IC,0,10.4,0.83,8.9,10.8,9.9,PASS,Safe,Pass
C1862,ISRO-SCL-250421-16,MOSFET,1,12.8,1.02,18.8,7.3,85.0,REJECT,Fail,Fail
C1863,ISRO-SCL-250331-13,Voltage Regulator IC,0,51.7,4.14,18.1,44.4,36.8,MONITOR,Fail,Pass
C1864,ISRO-SCL-250407-14,MOSFET,0,16.4,1.31,6.2,9.3,10.9,PASS,Safe,Pass
C1865,ISRO-SCL-250217-07,Op-Amp IC,0,12.0,0.96,5.4,4.6,7.9,PASS,Safe,Pass
C1866,ISRO-SCL-250120-03,Op-Amp IC,0,13.1,1.05,13.5,22.2,15.1,PASS,Borderline,Pass
C1867,ISRO-SCL-250127-04,Op-Amp IC,0,28.5,2.28,14.9,3.8,18.1,PASS,Safe,Pass
C1868,ISRO-SCL-250407-14,MOSFET,1,14.9,1.19,21.6,20.7,85.0,REJECT,Safe,Fail
C1869,ISRO-SCL-250113-02,MOSFET,1,15.0,1.2,10.1,8.7,85.0,REJECT,Safe,Fail
C1870,ISRO-SCL-250421-16,MOSFET,0,21.1,1.69,10.3,6.5,13.8,PASS,Safe,Pass
C1871,ISRO-SCL-250113-02,MOSFET,0,11.5,0.92,13.2,13.2,12.5,PASS,Safe,Pass
C1872,ISRO-SCL-250210-06,MOSFET,0,75.0,6.0,19.2,50.6,47.8,MONITOR,Fail,Pass
C1873,ISRO-SCL-250407-14,MOSFET,0,100.0,105.13,100.0,52.0,90.4,REJECT,Fail,Pass
C1874,ISRO-SCL-250414-15,Digital Logic IC,1,19.0,1.52,26.6,11.0,85.0,REJECT,Safe,Fail
C1875,ISRO-SCL-250217-07,Op-Amp IC,0,49.0,3.92,31.5,32.9,38.8,MONITOR,Fail,Pass
C1876,ISRO-SCL-250224-08,MOSFET,1,21.1,1.69,27.1,20.9,85.0,REJECT,Fail,Fail
C1877,ISRO-SCL-250217-07,Op-Amp IC,0,9.8,0.78,12.0,9.3,10.6,PASS,Safe,Pass
C1878,ISRO-SCL-250303-09,Voltage Regulator IC,1,26.7,2.13,21.2,19.5,85.0,REJECT,Fail,Fail
C1879,ISRO-SCL-250310-10,Voltage Regulator IC,0,13.8,1.11,14.3,8.9,13.1,PASS,Safe,Pass
C1880,ISRO-SCL-250407-14,MOSFET,0,9.5,0.76,1.2,7.8,5.9,PASS,Safe,Pass
C1881,ISRO-SCL-250310-10,Voltage Regulator IC,0,13.1,1.04,10.6,9.2,11.3,PASS,Safe,Pass
C1882,ISRO-SCL-250317-11,Voltage Regulator IC,0,14.0,1.12,8.3,12.1,11.3,PASS,Safe,Pass
C1883,ISRO-SCL-250512-19,Op-Amp IC,1,15.3,1.22,33.8,9.0,85.0,REJECT,Safe,Fail
C1884,ISRO-SCL-250127-04,Op-Amp IC,1,20.5,1.64,23.8,3.8,85.0,REJECT,Safe,Fail
C1885,ISRO-SCL-250324-12,Op-Amp IC,0,8.6,0.69,10.3,10.5,9.7,PASS,Safe,Pass
C1886,ISRO-SCL-250310-10,Voltage Regulator IC,0,54.8,4.38,41.0,26.9,43.7,MONITOR,Borderline,Pass
C1887,ISRO-SCL-250519-20,Voltage Regulator IC,1,52.5,4.2,14.2,43.4,85.0,REJECT,Fail,Fail
C1888,ISRO-SCL-250421-16,MOSFET,0,22.6,1.81,28.0,17.2,23.7,PASS,Safe,Pass
C1889,ISRO-SCL-250127-04,Op-Amp IC,0,20.7,1.65,25.4,21.8,22.8,PASS,Fail,Pass
C1890,ISRO-SCL-250421-16,MOSFET,0,15.5,1.24,18.2,11.3,15.7,PASS,Safe,Pass
C1891,ISRO-SCL-250421-16,MOSFET,0,13.9,1.11,9.7,7.7,11.0,PASS,Safe,Pass
C1892,ISRO-SCL-250203-05,Digital Logic IC,0,21.5,1.72,12.6,13.9,16.4,PASS,Safe,Pass
C1893,ISRO-SCL-250407-14,MOSFET,0,13.3,1.06,7.6,0.7,8.5,PASS,Safe,Pass
C1894,ISRO-SCL-250519-20,Voltage Regulator IC,0,41.3,3.3,21.9,21.7,29.6,PASS,Fail,Pass
C1895,ISRO-SCL-250127-04,Op-Amp IC,0,7.4,0.59,2.0,13.6,6.5,PASS,Safe,Pass
C1896,ISRO-SCL-250127-04,Op-Amp IC,0,8.4,0.67,6.5,17.5,9.5,PASS,Borderline,Pass
C1897,ISRO-SCL-250519-20,Voltage Regulator IC,0,12.1,0.97,7.2,10.8,9.9,PASS,Safe,Pass
C1898,ISRO-SCL-250210-06,MOSFET,0,100.0,257.66,100.0,91.1,98.2,REJECT,Borderline,Pass
C1899,ISRO-SCL-250310-10,Voltage Regulator IC,0,100.0,179.77,100.0,51.9,90.4,REJECT,Safe,Pass
C1900,ISRO-SCL-250407-14,MOSFET,0,16.6,1.33,18.8,28.8,19.9,PASS,Borderline,Pass
C1901,ISRO-SCL-250414-15,Digital Logic IC,0,12.1,0.97,5.8,9.6,9.1,PASS,Safe,Pass
C1902,ISRO-SCL-250127-04,Op-Amp IC,0,14.1,1.13,4.2,9.1,9.1,PASS,Safe,Pass
C1903,ISRO-SCL-250407-14,MOSFET,1,16.1,1.29,18.1,3.7,85.0,REJECT,Fail,Fail
C1904,ISRO-SCL-250127-04,Op-Amp IC,0,10.9,0.87,12.9,18.3,13.2,PASS,Safe,Pass
C1905,ISRO-SCL-250303-09,Voltage Regulator IC,0,13.3,1.07,16.0,9.2,13.6,PASS,Safe,Pass
C1906,ISRO-SCL-250106-01,MOSFET,0,31.6,2.53,20.0,26.6,25.9,PASS,Fail,Pass
C1907,ISRO-SCL-250414-15,Digital Logic IC,0,17.6,1.4,42.7,14.0,26.9,PASS,Safe,Pass
C1908,ISRO-SCL-250106-01,MOSFET,0,13.7,1.1,5.3,10.9,9.8,PASS,Safe,Pass
C1909,ISRO-SCL-250512-19,Op-Amp IC,1,100.0,10.44,100.0,65.1,93.0,REJECT,Fail,Fail
C1910,ISRO-SCL-250310-10,Voltage Regulator IC,0,8.8,0.7,3.3,7.5,6.4,PASS,Safe,Pass
C1911,ISRO-SCL-250407-14,MOSFET,0,24.4,1.95,31.5,51.2,32.6,MONITOR,Fail,Pass
C1912,ISRO-SCL-250113-02,MOSFET,0,35.2,2.81,2.5,21.2,19.3,PASS,Borderline,Pass
C1913,ISRO-SCL-250324-12,Op-Amp IC,0,10.2,0.82,21.3,15.6,15.7,PASS,Safe,Pass
C1914,ISRO-SCL-250120-03,Op-Amp IC,1,100.0,118.46,100.0,52.0,90.4,REJECT,Safe,Fail
C1915,ISRO-SCL-250303-09,Voltage Regulator IC,0,13.1,1.05,4.3,8.4,8.6,PASS,Safe,Pass
C1916,ISRO-SCL-250106-01,MOSFET,0,10.5,0.84,3.0,3.4,6.1,PASS,Safe,Pass
C1917,ISRO-SCL-250210-06,MOSFET,0,26.7,2.14,8.6,4.5,15.0,PASS,Safe,Pass
C1918,ISRO-SCL-250113-02,MOSFET,0,39.5,3.16,19.4,16.8,26.9,PASS,Safe,Pass
C1919,ISRO-SCL-250113-02,MOSFET,0,12.6,1.01,3.6,12.5,9.0,PASS,Safe,Pass
C1920,ISRO-SCL-250217-07,Op-Amp IC,0,18.1,1.45,29.7,8.5,20.8,PASS,Safe,Pass
C1921,ISRO-SCL-250414-15,Digital Logic IC,0,11.8,0.94,0.8,3.3,5.7,PASS,Safe,Pass
C1922,ISRO-SCL-250421-16,MOSFET,0,13.3,1.07,16.1,2.2,12.2,PASS,Safe,Pass
C1923,ISRO-SCL-250310-10,Voltage Regulator IC,0,21.1,1.69,19.0,19.8,20.0,PASS,Borderline,Pass
C1924,ISRO-SCL-250203-05,Digital Logic IC,0,19.0,1.52,7.3,4.6,11.4,PASS,Safe,Pass
C1925,ISRO-SCL-250203-05,Digital Logic IC,0,10.1,0.81,5.3,6.9,7.5,PASS,Safe,Pass
C1926,ISRO-SCL-250113-02,MOSFET,0,16.9,1.35,13.1,7.8,13.5,PASS,Safe,Pass
C1927,ISRO-SCL-250127-04,Op-Amp IC,0,8.6,0.69,8.4,10.6,9.0,PASS,Safe,Pass
C1928,ISRO-SCL-250217-07,Op-Amp IC,0,17.0,1.36,13.5,18.2,15.8,PASS,Safe,Pass
C1929,ISRO-SCL-250224-08,MOSFET,0,19.0,1.52,29.3,4.0,20.1,PASS,Safe,Pass
C1930,ISRO-SCL-250317-11,Voltage Regulator IC,0,34.5,2.76,25.9,24.2,29.0,PASS,Fail,Pass
C1931,ISRO-SCL-250421-16,MOSFET,0,11.2,0.9,9.4,20.5,12.4,PASS,Safe,Pass
C1932,ISRO-SCL-250331-13,Voltage Regulator IC,1,15.2,1.22,26.1,8.6,85.0,REJECT,Safe,Fail
C1933,ISRO-SCL-250519-20,Voltage Regulator IC,0,15.6,1.25,8.8,6.0,11.0,PASS,Safe,Pass
C1934,ISRO-SCL-250505-18,Op-Amp IC,0,18.8,1.5,24.4,8.4,19.0,PASS,Safe,Pass
C1935,ISRO-SCL-250512-19,Op-Amp IC,1,50.6,4.05,46.1,15.9,85.0,REJECT,Borderline,Fail
C1936,ISRO-SCL-250331-13,Voltage Regulator IC,0,5.4,0.43,0.0,15.8,5.3,PASS,Safe,Pass
C1937,ISRO-SCL-250317-11,Voltage Regulator IC,0,20.1,1.61,3.2,26.8,14.7,PASS,Borderline,Pass
C1938,ISRO-SCL-250310-10,Voltage Regulator IC,0,12.4,1.0,7.1,15.5,10.9,PASS,Safe,Pass
C1939,ISRO-SCL-250210-06,MOSFET,0,11.5,0.92,17.4,10.4,13.6,PASS,Safe,Pass
C1940,ISRO-SCL-250217-07,Op-Amp IC,0,23.1,1.85,7.6,24.3,17.2,PASS,Borderline,Pass
C1941,ISRO-SCL-250113-02,MOSFET,0,30.4,2.43,23.2,15.9,24.6,PASS,Safe,Pass
C1942,ISRO-SCL-250127-04,Op-Amp IC,0,26.5,2.12,25.2,11.5,22.9,PASS,Borderline,Pass
C1943,ISRO-SCL-250414-15,Digital Logic IC,0,12.5,1.0,7.1,6.3,9.1,PASS,Safe,Pass
C1944,ISRO-SCL-250428-17,Voltage Regulator IC,0,13.0,1.04,6.2,7.6,9.2,PASS,Safe,Pass
C1945,ISRO-SCL-250113-02,MOSFET,0,22.6,1.81,4.0,10.4,12.7,PASS,Safe,Pass
C1946,ISRO-SCL-250113-02,MOSFET,0,27.3,2.18,18.1,11.0,20.4,PASS,Safe,Pass
C1947,ISRO-SCL-250303-09,Voltage Regulator IC,0,13.4,1.08,12.0,8.4,11.9,PASS,Safe,Pass
C1948,ISRO-SCL-250421-16,MOSFET,0,13.0,1.04,15.9,5.3,12.6,PASS,Safe,Pass
C1949,ISRO-SCL-250331-13,Voltage Regulator IC,0,6.7,0.54,1.4,19.6,7.2,PASS,Safe,Pass
C1950,ISRO-SCL-250317-11,Voltage Regulator IC,0,17.6,1.41,13.0,22.1,16.7,PASS,Borderline,Pass
C1951,ISRO-SCL-250113-02,MOSFET,0,14.4,1.15,12.2,5.0,11.6,PASS,Safe,Pass
C1952,ISRO-SCL-250113-02,MOSFET,0,25.2,2.01,21.4,11.7,21.0,PASS,Safe,Pass
C1953,ISRO-SCL-250331-13,Voltage Regulator IC,0,10.0,0.8,9.1,4.9,8.6,PASS,Safe,Pass
C1954,ISRO-SCL-250106-01,MOSFET,0,16.4,1.31,14.7,10.0,14.4,PASS,Safe,Pass
C1955,ISRO-SCL-250421-16,MOSFET,0,13.8,1.11,7.9,7.9,10.3,PASS,Safe,Pass
C1956,ISRO-SCL-250127-04,Op-Amp IC,1,13.7,1.1,19.9,3.2,85.0,REJECT,Safe,Fail
C1957,ISRO-SCL-250407-14,MOSFET,1,12.1,0.97,12.4,3.2,85.0,REJECT,Safe,Fail
C1958,ISRO-SCL-250120-03,Op-Amp IC,0,10.6,0.84,10.7,22.8,13.1,PASS,Safe,Pass
C1959,ISRO-SCL-250203-05,Digital Logic IC,0,25.3,2.02,21.6,12.8,21.3,PASS,Safe,Pass
C1960,ISRO-SCL-250113-02,MOSFET,0,7.7,0.62,3.3,11.5,6.7,PASS,Safe,Pass
C1961,ISRO-SCL-250106-01,MOSFET,0,100.0,9.48,47.0,29.1,64.6,HOLD,Fail,Pass
C1962,ISRO-SCL-250113-02,MOSFET,0,31.3,2.51,13.3,16.0,21.1,PASS,Borderline,Pass
C1963,ISRO-SCL-250505-18,Op-Amp IC,0,16.9,1.35,18.9,5.1,15.3,PASS,Safe,Pass
C1964,ISRO-SCL-250203-05,Digital Logic IC,0,12.6,1.0,11.1,1.3,9.7,PASS,Safe,Pass
C1965,ISRO-SCL-250127-04,Op-Amp IC,0,9.9,0.8,2.0,16.3,8.1,PASS,Safe,Pass
C1966,ISRO-SCL-250505-18,Op-Amp IC,0,11.9,0.95,7.1,4.5,8.5,PASS,Safe,Pass
C1967,ISRO-SCL-250519-20,Voltage Regulator IC,0,14.0,1.12,11.9,3.8,11.1,PASS,Safe,Pass
C1968,ISRO-SCL-250512-19,Op-Amp IC,1,17.6,1.41,35.3,1.3,85.0,REJECT,Safe,Fail
C1969,ISRO-SCL-250217-07,Op-Amp IC,1,30.6,2.45,29.6,6.7,85.0,REJECT,Safe,Fail
C1970,ISRO-SCL-250127-04,Op-Amp IC,0,28.4,2.27,10.9,22.6,20.2,PASS,Borderline,Pass
C1971,ISRO-SCL-250310-10,Voltage Regulator IC,0,53.2,4.26,20.2,35.8,36.5,MONITOR,Borderline,Pass
C1972,ISRO-SCL-250113-02,MOSFET,0,12.6,1.01,0.4,7.4,6.7,PASS,Safe,Pass
C1973,ISRO-SCL-250414-15,Digital Logic IC,0,31.5,2.52,23.4,36.6,29.3,PASS,Borderline,Pass
C1974,ISRO-SCL-250331-13,Voltage Regulator IC,0,17.2,1.38,36.9,53.4,32.3,MONITOR,Fail,Pass
C1975,ISRO-SCL-250224-08,MOSFET,0,100.0,16.3,73.6,11.5,71.7,HOLD,Safe,Pass
C1976,ISRO-SCL-250113-02,MOSFET,0,14.7,1.18,20.7,5.1,15.2,PASS,Safe,Pass
C1977,ISRO-SCL-250512-19,Op-Amp IC,0,15.9,1.27,15.7,27.7,18.2,PASS,Borderline,Pass
C1978,ISRO-SCL-250407-14,MOSFET,0,15.6,1.25,19.0,21.1,18.0,PASS,Fail,Pass
C1979,ISRO-SCL-250113-02,MOSFET,0,7.2,0.58,0.0,3.3,3.6,PASS,Safe,Pass
C1980,ISRO-SCL-250113-02,MOSFET,0,12.9,1.03,6.2,2.7,8.2,PASS,Safe,Pass
C1981,ISRO-SCL-250113-02,MOSFET,0,34.4,2.76,14.8,21.9,24.1,PASS,Borderline,Pass
C1982,ISRO-SCL-250217-07,Op-Amp IC,1,15.3,1.22,16.2,6.1,85.0,REJECT,Safe,Fail
C1983,ISRO-SCL-250210-06,MOSFET,0,14.3,1.14,22.4,25.1,19.7,PASS,Borderline,Pass
C1984,ISRO-SCL-250407-14,MOSFET,0,15.5,1.24,11.5,6.9,12.2,PASS,Safe,Pass
C1985,ISRO-SCL-250113-02,MOSFET,0,18.3,1.46,15.6,2.6,14.1,PASS,Safe,Pass
C1986,ISRO-SCL-250127-04,Op-Amp IC,0,89.6,7.17,51.3,21.6,60.7,HOLD,Fail,Pass
C1987,ISRO-SCL-250421-16,MOSFET,0,12.6,1.01,6.7,1.7,8.1,PASS,Safe,Pass
C1988,ISRO-SCL-250113-02,MOSFET,0,7.4,0.59,0.0,6.6,4.3,PASS,Safe,Pass
C1989,ISRO-SCL-250310-10,Voltage Regulator IC,0,13.6,1.09,19.7,4.3,14.2,PASS,Safe,Pass
C1990,ISRO-SCL-250303-09,Voltage Regulator IC,1,31.3,2.51,23.1,28.5,85.0,REJECT,Borderline,Fail
C1991,ISRO-SCL-250421-16,MOSFET,0,88.5,7.08,51.6,16.1,59.3,MONITOR,Safe,Pass
C1992,ISRO-SCL-250421-16,MOSFET,0,13.8,1.1,8.0,19.6,12.6,PASS,Safe,Pass
C1993,ISRO-SCL-250407-14,MOSFET,0,16.9,1.35,21.4,32.4,21.8,PASS,Borderline,Pass
C1994,ISRO-SCL-250421-16,MOSFET,0,17.6,1.41,15.3,21.5,17.4,PASS,Safe,Pass
C1995,ISRO-SCL-250331-13,Voltage Regulator IC,0,32.2,2.57,28.1,20.1,28.1,PASS,Safe,Pass
C1996,ISRO-SCL-250113-02,MOSFET,0,12.6,1.01,13.2,9.1,12.1,PASS,Safe,Pass
C1997,ISRO-SCL-250106-01,MOSFET,0,15.8,1.27,14.0,25.7,17.1,PASS,Borderline,Pass
C1998,ISRO-SCL-250519-20,Voltage Regulator IC,0,27.7,2.22,15.2,21.3,21.4,PASS,Safe,Pass
C1999,ISRO-SCL-250217-07,Op-Amp IC,0,16.4,1.31,32.9,8.0,21.3,PASS,Safe,Pass
C2000,ISRO-SCL-250120-03,Op-Amp IC,0,63.7,5.1,44.0,44.8,52.0,MONITOR,Fail,Pass
C2001,ISRO-SCL-250407-14,MOSFET,0,16.7,1.34,12.1,23.7,16.3,PASS,Borderline,Pass
C2002,ISRO-SCL-250127-04,Op-Amp IC,0,12.0,0.96,15.0,10.3,12.9,PASS,Safe,Pass
C2003,ISRO-SCL-250421-16,MOSFET,1,21.1,1.69,16.6,0.8,85.0,REJECT,Safe,Fail
C2004,ISRO-SCL-250310-10,Voltage Regulator IC,0,100.0,18.54,70.2,100.0,88.1,REJECT,Borderline,Pass
C2005,ISRO-SCL-250331-13,Voltage Regulator IC,0,16.9,1.35,16.6,5.0,14.4,PASS,Safe,Pass
C2006,ISRO-SCL-250414-15,Digital Logic IC,0,10.3,0.82,13.6,21.8,13.9,PASS,Borderline,Pass
C2007,ISRO-SCL-250203-05,Digital Logic IC,0,7.5,0.6,0.6,6.7,4.6,PASS,Safe,Pass
C2008,ISRO-SCL-250512-19,Op-Amp IC,0,13.0,1.04,16.7,12.4,14.4,PASS,Safe,Pass
C2009,ISRO-SCL-250217-07,Op-Amp IC,1,38.7,3.09,24.5,23.2,85.0,REJECT,Fail,Fail
C2010,ISRO-SCL-250505-18,Op-Amp IC,0,26.8,2.14,12.9,9.5,17.8,PASS,Safe,Pass
C2011,ISRO-SCL-250512-19,Op-Amp IC,0,14.1,1.12,17.3,28.5,18.3,PASS,Fail,Pass
C2012,ISRO-SCL-250310-10,Voltage Regulator IC,0,13.8,1.1,13.1,19.5,14.7,PASS,Safe,Pass
C2013,ISRO-SCL-250414-15,Digital Logic IC,0,36.3,2.9,41.7,25.5,36.3,MONITOR,Safe,Pass
C2014,ISRO-SCL-250414-15,Digital Logic IC,0,26.8,2.14,43.0,23.8,32.7,MONITOR,Borderline,Pass
C2015,ISRO-SCL-250106-01,MOSFET,0,100.0,12.1,79.2,100.0,91.7,REJECT,Safe,Pass
C2016,ISRO-SCL-250310-10,Voltage Regulator IC,0,12.0,0.96,10.7,8.4,10.8,PASS,Safe,Pass
C2017,ISRO-SCL-250203-05,Digital Logic IC,0,9.3,0.74,4.7,7.0,7.0,PASS,Safe,Pass
C2018,ISRO-SCL-250421-16,MOSFET,0,8.2,0.65,0.4,15.6,6.5,PASS,Safe,Pass
C2019,ISRO-SCL-250127-04,Op-Amp IC,0,13.4,1.07,13.2,4.0,11.4,PASS,Safe,Pass
C2020,ISRO-SCL-250310-10,Voltage Regulator IC,0,14.7,1.18,2.7,24.3,11.8,PASS,Safe,Pass
C2021,ISRO-SCL-250310-10,Voltage Regulator IC,1,21.1,1.69,13.3,6.3,85.0,REJECT,Safe,Fail
C2022,ISRO-SCL-250106-01,MOSFET,0,8.4,0.67,0.2,21.3,7.7,PASS,Safe,Pass
C2023,ISRO-SCL-250203-05,Digital Logic IC,0,44.0,3.52,48.2,40.4,45.0,MONITOR,Borderline,Pass
C2024,ISRO-SCL-250113-02,MOSFET,0,35.1,2.81,18.6,11.4,23.8,PASS,Borderline,Pass
C2025,ISRO-SCL-250407-14,MOSFET,0,42.2,3.37,27.0,22.0,32.1,MONITOR,Fail,Pass
C2026,ISRO-SCL-250407-14,MOSFET,1,68.9,5.51,65.7,50.3,85.0,REJECT,Fail,Fail
C2027,ISRO-SCL-250414-15,Digital Logic IC,0,7.0,0.56,0.0,5.2,3.8,PASS,Safe,Pass
C2028,ISRO-SCL-250331-13,Voltage Regulator IC,0,10.3,0.83,6.3,9.5,8.6,PASS,Safe,Pass
C2029,ISRO-SCL-250113-02,MOSFET,0,11.1,0.89,14.9,37.0,17.8,PASS,Borderline,Pass
C2030,ISRO-SCL-250505-18,Op-Amp IC,0,51.4,4.11,22.4,18.7,33.3,MONITOR,Safe,Pass
C2031,ISRO-SCL-250224-08,MOSFET,1,12.3,0.99,3.6,2.7,85.0,REJECT,Fail,Fail
C2032,ISRO-SCL-250414-15,Digital Logic IC,1,18.3,1.46,34.6,21.4,85.0,REJECT,Fail,Fail
C2033,ISRO-SCL-250106-01,MOSFET,0,16.2,1.3,8.0,9.7,11.6,PASS,Safe,Pass
C2034,ISRO-SCL-250210-06,MOSFET,0,17.1,1.37,30.9,0.7,19.3,PASS,Safe,Pass
C2035,ISRO-SCL-250217-07,Op-Amp IC,0,100.0,153.09,100.0,51.9,90.4,REJECT,Fail,Pass
C2036,ISRO-SCL-250106-01,MOSFET,0,13.7,1.1,3.3,4.3,7.7,PASS,Safe,Pass
C2037,ISRO-SCL-250120-03,Op-Amp IC,0,10.3,0.82,11.5,12.2,11.2,PASS,Borderline,Pass
C2038,ISRO-SCL-250324-12,Op-Amp IC,0,11.3,0.9,14.6,18.2,14.0,PASS,Borderline,Pass
C2039,ISRO-SCL-250106-01,MOSFET,0,9.1,0.72,1.9,5.8,5.5,PASS,Safe,Pass
C2040,ISRO-SCL-250224-08,MOSFET,0,22.5,1.8,10.9,9.0,15.1,PASS,Safe,Pass
C2041,ISRO-SCL-250407-14,MOSFET,1,14.3,1.15,34.2,18.5,85.0,REJECT,Safe,Fail
C2042,ISRO-SCL-250203-05,Digital Logic IC,0,15.0,1.2,8.8,2.1,10.0,PASS,Safe,Pass
C2043,ISRO-SCL-250317-11,Voltage Regulator IC,0,16.4,1.31,20.4,16.0,17.9,PASS,Borderline,Pass
C2044,ISRO-SCL-250120-03,Op-Amp IC,0,15.1,1.21,14.7,16.1,15.1,PASS,Safe,Pass
C2045,ISRO-SCL-250428-17,Voltage Regulator IC,0,27.7,2.22,20.7,44.4,28.2,PASS,Fail,Pass
C2046,ISRO-SCL-250317-11,Voltage Regulator IC,1,62.8,5.02,53.3,19.8,85.0,REJECT,Fail,Fail
C2047,ISRO-SCL-250421-16,MOSFET,1,18.3,1.47,31.2,6.3,85.0,REJECT,Safe,Fail
C2048,ISRO-SCL-250512-19,Op-Amp IC,0,15.0,1.2,10.6,4.8,11.2,PASS,Safe,Pass
C2049,ISRO-SCL-250414-15,Digital Logic IC,0,16.4,1.31,28.2,11.2,20.1,PASS,Safe,Pass
C2050,ISRO-SCL-250217-07,Op-Amp IC,0,39.7,3.18,40.3,23.3,36.7,MONITOR,Borderline,Pass
C2051,ISRO-SCL-250127-04,Op-Amp IC,0,14.8,1.18,23.4,37.0,22.7,PASS,Borderline,Pass
C2052,ISRO-SCL-250127-04,Op-Amp IC,0,47.4,3.79,53.2,10.7,42.4,MONITOR,Fail,Pass
C2053,ISRO-SCL-250505-18,Op-Amp IC,0,18.4,1.47,9.8,7.7,12.8,PASS,Safe,Pass
C2054,ISRO-SCL-250317-11,Voltage Regulator IC,0,10.9,0.87,12.2,8.0,10.9,PASS,Safe,Pass
C2055,ISRO-SCL-250113-02,MOSFET,0,12.3,0.98,12.3,20.1,13.8,PASS,Borderline,Pass
C2056,ISRO-SCL-250203-05,Digital Logic IC,0,18.7,1.5,18.1,13.6,17.5,PASS,Safe,Pass
C2057,ISRO-SCL-250210-06,MOSFET,0,19.6,1.57,9.9,18.1,15.4,PASS,Safe,Pass
C2058,ISRO-SCL-250210-06,MOSFET,0,14.4,1.15,23.6,5.2,16.2,PASS,Safe,Pass
C2059,ISRO-SCL-250407-14,MOSFET,0,16.0,1.28,10.9,9.6,12.7,PASS,Fail,Pass
C2060,ISRO-SCL-250127-04,Op-Amp IC,0,38.5,3.08,19.8,32.5,29.8,PASS,Fail,Pass
C2061,ISRO-SCL-250331-13,Voltage Regulator IC,1,94.7,7.58,38.7,45.5,85.0,REJECT,Fail,Fail
C2062,ISRO-SCL-250224-08,MOSFET,0,16.7,1.33,10.1,2.1,11.1,PASS,Borderline,Pass
C2063,ISRO-SCL-250428-17,Voltage Regulator IC,0,14.8,1.19,20.6,12.7,16.7,PASS,Safe,Pass
C2064,ISRO-SCL-250106-01,MOSFET,0,14.3,1.14,11.1,12.1,12.6,PASS,Safe,Pass
C2065,ISRO-SCL-250505-18,Op-Amp IC,0,56.2,4.5,28.9,25.8,39.2,MONITOR,Borderline,Pass
C2066,ISRO-SCL-250331-13,Voltage Regulator IC,0,19.1,1.53,24.5,5.4,18.5,PASS,Safe,Pass
C2067,ISRO-SCL-250310-10,Voltage Regulator IC,0,16.9,1.35,4.6,4.7,9.5,PASS,Safe,Pass
C2068,ISRO-SCL-250414-15,Digital Logic IC,0,13.3,1.06,4.9,11.4,9.5,PASS,Safe,Pass
C2069,ISRO-SCL-250421-16,MOSFET,0,13.7,1.09,24.2,9.9,17.1,PASS,Safe,Pass
C2070,ISRO-SCL-250203-05,Digital Logic IC,0,7.7,0.61,2.3,3.7,4.8,PASS,Safe,Pass
C2071,ISRO-SCL-250120-03,Op-Amp IC,1,16.4,1.31,26.4,4.8,85.0,REJECT,Safe,Fail
C2072,ISRO-SCL-250428-17,Voltage Regulator IC,0,13.0,1.04,1.8,5.2,7.0,PASS,Safe,Pass
C2073,ISRO-SCL-250331-13,Voltage Regulator IC,0,46.7,3.73,29.3,24.1,35.2,MONITOR,Safe,Pass
C2074,ISRO-SCL-250106-01,MOSFET,1,11.7,0.94,13.4,16.1,85.0,REJECT,Safe,Fail
C2075,ISRO-SCL-250127-04,Op-Amp IC,1,30.2,2.42,13.3,27.9,85.0,REJECT,Fail,Fail
C2076,ISRO-SCL-250512-19,Op-Amp IC,0,32.9,2.63,15.7,23.1,24.0,PASS,Fail,Pass
C2077,ISRO-SCL-250414-15,Digital Logic IC,0,14.7,1.17,6.1,23.0,12.9,PASS,Borderline,Pass
C2078,ISRO-SCL-250106-01,MOSFET,0,16.4,1.31,8.9,9.6,12.0,PASS,Safe,Pass
C2079,ISRO-SCL-250421-16,MOSFET,0,19.6,1.57,28.7,10.4,21.4,PASS,Safe,Pass
C2080,ISRO-SCL-250310-10,Voltage Regulator IC,0,10.4,0.83,13.9,7.4,11.2,PASS,Safe,Pass
C2081,ISRO-SCL-250512-19,Op-Amp IC,0,13.8,1.11,0.2,13.1,8.2,PASS,Safe,Pass
C2082,ISRO-SCL-250512-19,Op-Amp IC,0,18.7,1.5,16.4,5.0,15.0,PASS,Safe,Pass
C2083,ISRO-SCL-250310-10,Voltage Regulator IC,0,12.9,1.03,23.3,25.7,19.6,PASS,Borderline,Pass
C2084,ISRO-SCL-250303-09,Voltage Regulator IC,0,14.5,1.16,7.6,16.1,12.0,PASS,Safe,Pass
C2085,ISRO-SCL-250310-10,Voltage Regulator IC,0,13.4,1.07,18.8,38.1,20.5,PASS,Borderline,Pass
C2086,ISRO-SCL-250203-05,Digital Logic IC,0,17.7,1.41,10.5,7.8,12.8,PASS,Safe,Pass
C2087,ISRO-SCL-250120-03,Op-Amp IC,1,11.1,0.89,11.6,21.8,85.0,REJECT,Fail,Fail
C2088,ISRO-SCL-250127-04,Op-Amp IC,0,30.5,2.44,13.8,29.8,23.7,PASS,Fail,Pass
C2089,ISRO-SCL-250512-19,Op-Amp IC,0,64.4,5.16,66.8,43.0,61.1,HOLD,Fail,Pass
C2090,ISRO-SCL-250210-06,MOSFET,0,23.3,1.86,42.9,11.6,28.8,PASS,Safe,Pass
C2091,ISRO-SCL-250113-02,MOSFET,0,15.7,1.25,17.8,11.5,15.7,PASS,Safe,Pass
C2092,ISRO-SCL-250303-09,Voltage Regulator IC,1,62.2,4.98,44.4,30.8,85.0,REJECT,Borderline,Fail
C2093,ISRO-SCL-250113-02,MOSFET,0,21.1,1.69,15.4,17.5,18.1,PASS,Safe,Pass
C2094,ISRO-SCL-250210-06,MOSFET,0,13.2,1.05,7.0,16.9,11.4,PASS,Safe,Pass
C2095,ISRO-SCL-250331-13,Voltage Regulator IC,0,57.8,4.63,77.9,100.0,74.3,HOLD,Fail,Pass
C2096,ISRO-SCL-250310-10,Voltage Regulator IC,0,15.1,1.2,14.0,7.4,13.1,PASS,Safe,Pass
C2097,ISRO-SCL-250203-05,Digital Logic IC,0,56.9,4.55,22.8,9.6,33.8,MONITOR,Fail,Pass
C2098,ISRO-SCL-250310-10,Voltage Regulator IC,0,14.5,1.16,8.5,9.6,11.1,PASS,Safe,Pass
C2099,ISRO-SCL-250310-10,Voltage Regulator IC,0,100.0,12.86,43.3,9.4,59.2,MONITOR,Safe,Pass
C2100,ISRO-SCL-250407-14,MOSFET,1,89.7,7.18,70.4,63.2,85.0,REJECT,Fail,Fail
C2101,ISRO-SCL-250203-05,Digital Logic IC,0,9.3,0.74,1.2,12.5,6.7,PASS,Safe,Pass
C2102,ISRO-SCL-250106-01,MOSFET,0,18.7,1.5,18.4,37.2,22.3,PASS,Borderline,Pass
C2103,ISRO-SCL-250120-03,Op-Amp IC,1,32.8,2.62,34.8,45.6,85.0,REJECT,Fail,Fail
C2104,ISRO-SCL-250224-08,MOSFET,0,15.9,1.27,28.4,3.9,18.5,PASS,Safe,Pass
C2105,ISRO-SCL-250331-13,Voltage Regulator IC,1,20.5,1.64,31.5,10.1,85.0,REJECT,Borderline,Fail
C2106,ISRO-SCL-250203-05,Digital Logic IC,0,45.6,3.65,17.8,14.2,28.2,PASS,Safe,Pass
C2107,ISRO-SCL-250414-15,Digital Logic IC,0,11.3,0.91,8.2,13.7,10.6,PASS,Safe,Pass
C2108,ISRO-SCL-250210-06,MOSFET,0,20.7,1.66,9.0,14.0,14.7,PASS,Safe,Pass
C2109,ISRO-SCL-250224-08,MOSFET,1,59.7,4.77,33.1,27.9,85.0,REJECT,Borderline,Fail
C2110,ISRO-SCL-250407-14,MOSFET,1,11.7,0.94,19.8,15.4,85.0,REJECT,Borderline,Fail
C2111,ISRO-SCL-250331-13,Voltage Regulator IC,0,14.1,1.13,8.3,5.3,10.0,PASS,Safe,Pass
C2112,ISRO-SCL-250120-03,Op-Amp IC,0,14.1,1.13,15.1,20.7,15.8,PASS,Safe,Pass
C2113,ISRO-SCL-250428-17,Voltage Regulator IC,0,34.4,2.75,20.6,24.3,26.9,PASS,Borderline,Pass
C2114,ISRO-SCL-250120-03,Op-Amp IC,0,13.9,1.11,34.4,67.4,32.8,MONITOR,Fail,Pass
C2115,ISRO-SCL-250224-08,MOSFET,1,100.0,8.05,44.8,50.7,85.0,REJECT,Fail,Fail
C2116,ISRO-SCL-250310-10,Voltage Regulator IC,0,16.9,1.35,12.6,6.0,13.0,PASS,Safe,Pass
C2117,ISRO-SCL-250127-04,Op-Amp IC,1,13.9,1.11,27.8,14.8,85.0,REJECT,Safe,Fail
C2118,ISRO-SCL-250217-07,Op-Amp IC,1,16.7,1.33,22.3,11.6,85.0,REJECT,Safe,Fail
C2119,ISRO-SCL-250120-03,Op-Amp IC,0,13.9,1.11,7.3,15.8,11.6,PASS,Borderline,Pass
C2120,ISRO-SCL-250421-16,MOSFET,0,20.5,1.64,32.4,13.3,23.8,PASS,Borderline,Pass
C2121,ISRO-SCL-250407-14,MOSFET,1,29.0,2.32,41.1,27.2,85.0,REJECT,Fail,Fail
C2122,ISRO-SCL-250217-07,Op-Amp IC,1,16.3,1.31,20.9,9.3,85.0,REJECT,Safe,Fail
C2123,ISRO-SCL-250324-12,Op-Amp IC,1,43.7,3.5,69.8,42.3,85.0,REJECT,Fail,Fail
C2124,ISRO-SCL-250106-01,MOSFET,1,13.4,1.07,26.7,41.2,85.0,REJECT,Borderline,Fail
C2125,ISRO-SCL-250113-02,MOSFET,0,18.3,1.46,9.4,6.7,12.4,PASS,Safe,Pass
C2126,ISRO-SCL-250127-04,Op-Amp IC,0,13.9,1.11,20.3,11.4,16.0,PASS,Borderline,Pass
C2127,ISRO-SCL-250310-10,Voltage Regulator IC,0,53.4,4.27,22.6,22.8,35.0,MONITOR,Fail,Pass
C2128,ISRO-SCL-250310-10,Voltage Regulator IC,0,47.3,3.78,19.2,6.0,27.8,PASS,Safe,Pass
C2129,ISRO-SCL-250224-08,MOSFET,0,22.5,1.8,32.4,1.8,22.3,PASS,Safe,Pass
C2130,ISRO-SCL-250203-05,Digital Logic IC,0,8.5,0.68,2.1,4.9,5.2,PASS,Safe,Pass
C2131,ISRO-SCL-250127-04,Op-Amp IC,1,15.4,1.23,15.0,14.0,85.0,REJECT,Safe,Fail
C2132,ISRO-SCL-250113-02,MOSFET,1,14.1,1.12,9.0,9.9,85.0,REJECT,Safe,Fail
C2133,ISRO-SCL-250203-05,Digital Logic IC,0,44.4,3.55,15.8,8.5,25.8,PASS,Safe,Pass
C2134,ISRO-SCL-250317-11,Voltage Regulator IC,1,100.0,8.26,93.8,64.6,90.4,REJECT,Fail,Fail
C2135,ISRO-SCL-250407-14,MOSFET,0,29.1,2.33,15.6,26.8,23.3,PASS,Borderline,Pass
C2136,ISRO-SCL-250113-02,MOSFET,0,16.5,1.32,21.3,16.5,18.4,PASS,Safe,Pass
C2137,ISRO-SCL-250512-19,Op-Amp IC,1,16.5,1.32,39.6,27.1,85.0,REJECT,Borderline,Fail
C2138,ISRO-SCL-250414-15,Digital Logic IC,0,22.2,1.78,28.2,23.4,24.9,PASS,Safe,Pass
C2139,ISRO-SCL-250120-03,Op-Amp IC,0,15.9,1.27,8.2,9.4,11.5,PASS,Safe,Pass
C2140,ISRO-SCL-250210-06,MOSFET,0,13.4,1.07,7.1,12.3,10.6,PASS,Safe,Pass
C2141,ISRO-SCL-250127-04,Op-Amp IC,0,17.5,1.4,14.6,18.8,16.6,PASS,Safe,Pass
C2142,ISRO-SCL-250303-09,Voltage Regulator IC,0,25.6,2.05,7.2,22.1,17.5,PASS,Borderline,Pass
C2143,ISRO-SCL-250407-14,MOSFET,0,34.2,2.73,29.6,32.0,31.9,MONITOR,Fail,Pass
C2144,ISRO-SCL-250113-02,MOSFET,0,18.3,1.46,7.3,7.9,11.8,PASS,Safe,Pass
C2145,ISRO-SCL-250106-01,MOSFET,0,27.4,2.19,30.0,18.0,26.6,PASS,Fail,Pass
C2146,ISRO-SCL-250421-16,MOSFET,0,24.3,1.94,15.2,15.5,18.9,PASS,Safe,Pass
C2147,ISRO-SCL-250310-10,Voltage Regulator IC,0,15.2,1.22,17.0,7.7,14.4,PASS,Safe,Pass
C2148,ISRO-SCL-250519-20,Voltage Regulator IC,0,14.2,1.14,10.0,10.9,11.9,PASS,Safe,Pass
C2149,ISRO-SCL-250217-07,Op-Amp IC,1,15.4,1.23,26.9,15.4,85.0,REJECT,Fail,Fail
C2150,ISRO-SCL-250303-09,Voltage Regulator IC,0,11.2,0.89,2.0,6.8,6.6,PASS,Safe,Pass
C2151,ISRO-SCL-250113-02,MOSFET,0,14.1,1.13,12.1,1.8,10.8,PASS,Safe,Pass
C2152,ISRO-SCL-250106-01,MOSFET,0,16.3,1.3,12.5,18.5,15.2,PASS,Borderline,Pass
C2153,ISRO-SCL-250127-04,Op-Amp IC,0,12.6,1.01,7.9,19.3,12.1,PASS,Borderline,Pass
C2154,ISRO-SCL-250331-13,Voltage Regulator IC,1,66.6,5.33,48.2,60.3,85.0,REJECT,Fail,Fail
C2155,ISRO-SCL-250519-20,Voltage Regulator IC,0,12.4,0.99,9.0,3.0,9.1,PASS,Safe,Pass
C2156,ISRO-SCL-250421-16,MOSFET,0,100.0,258.78,100.0,90.7,98.1,REJECT,Safe,Pass
C2157,ISRO-SCL-250331-13,Voltage Regulator IC,0,10.4,0.83,3.3,10.0,7.5,PASS,Safe,Pass
C2158,ISRO-SCL-250414-15,Digital Logic IC,0,10.5,0.84,8.7,12.8,10.2,PASS,Safe,Pass
C2159,ISRO-SCL-250310-10,Voltage Regulator IC,0,12.8,1.03,5.1,11.2,9.4,PASS,Safe,Pass
C2160,ISRO-SCL-250519-20,Voltage Regulator IC,0,27.2,2.18,14.1,27.2,22.0,PASS,Borderline,Pass
C2161,ISRO-SCL-250210-06,MOSFET,0,10.1,0.81,2.6,14.1,7.9,PASS,Safe,Pass
C2162,ISRO-SCL-250421-16,MOSFET,0,10.3,0.82,8.7,6.4,8.9,PASS,Safe,Pass
C2163,ISRO-SCL-250210-06,MOSFET,0,14.6,1.17,12.4,8.2,12.4,PASS,Safe,Pass
C2164,ISRO-SCL-250414-15,Digital Logic IC,0,24.0,1.92,29.9,26.3,26.8,PASS,Fail,Pass
C2165,ISRO-SCL-250512-19,Op-Amp IC,1,17.8,1.42,13.4,15.9,85.0,REJECT,Fail,Fail
C2166,ISRO-SCL-250421-16,MOSFET,0,24.6,1.97,23.0,17.8,22.6,PASS,Borderline,Pass
C2167,ISRO-SCL-250310-10,Voltage Regulator IC,0,7.8,0.62,0.8,4.3,4.3,PASS,Safe,Pass
C2168,ISRO-SCL-250120-03,Op-Amp IC,1,54.3,4.34,30.3,41.1,85.0,REJECT,Fail,Fail
C2169,ISRO-SCL-250203-05,Digital Logic IC,1,28.2,2.26,29.6,15.1,85.0,REJECT,Safe,Fail
C2170,ISRO-SCL-250203-05,Digital Logic IC,1,11.8,0.94,11.1,14.4,85.0,REJECT,Fail,Fail
C2171,ISRO-SCL-250310-10,Voltage Regulator IC,0,28.1,2.25,11.9,12.3,18.5,PASS,Safe,Pass
C2172,ISRO-SCL-250203-05,Digital Logic IC,0,23.6,1.89,15.1,20.9,19.7,PASS,Safe,Pass
C2173,ISRO-SCL-250512-19,Op-Amp IC,0,16.4,1.31,11.2,25.4,16.1,PASS,Borderline,Pass
C2174,ISRO-SCL-250407-14,MOSFET,0,100.0,158.43,100.0,97.0,99.4,REJECT,Safe,Pass
C2175,ISRO-SCL-250210-06,MOSFET,0,14.1,1.12,11.2,13.0,12.7,PASS,Safe,Pass
C2176,ISRO-SCL-250505-18,Op-Amp IC,1,18.6,1.49,14.4,14.9,85.0,REJECT,Fail,Fail
C2177,ISRO-SCL-250421-16,MOSFET,0,14.1,1.12,0.9,10.2,8.0,PASS,Safe,Pass
C2178,ISRO-SCL-250113-02,MOSFET,1,16.7,1.34,21.6,2.9,85.0,REJECT,Safe,Fail
C2179,ISRO-SCL-250303-09,Voltage Regulator IC,0,12.9,1.03,3.4,12.4,9.0,PASS,Safe,Pass
C2180,ISRO-SCL-250303-09,Voltage Regulator IC,0,39.0,3.12,22.7,25.2,29.7,PASS,Borderline,Pass
C2181,ISRO-SCL-250310-10,Voltage Regulator IC,0,14.9,1.19,0.7,11.0,8.4,PASS,Safe,Pass
C2182,ISRO-SCL-250217-07,Op-Amp IC,0,15.9,1.28,21.2,1.6,15.2,PASS,Safe,Pass
C2183,ISRO-SCL-250303-09,Voltage Regulator IC,0,17.4,1.39,21.2,19.6,19.3,PASS,Borderline,Pass
C2184,ISRO-SCL-250421-16,MOSFET,0,19.9,1.59,12.7,9.0,14.8,PASS,Safe,Pass
C2185,ISRO-SCL-250505-18,Op-Amp IC,1,21.1,1.69,23.7,21.4,85.0,REJECT,Fail,Fail
C2186,ISRO-SCL-250421-16,MOSFET,0,23.9,1.91,9.8,6.5,14.8,PASS,Safe,Pass
C2187,ISRO-SCL-250113-02,MOSFET,0,36.6,2.93,7.5,20.6,21.8,PASS,Safe,Pass
C2188,ISRO-SCL-250407-14,MOSFET,0,13.7,1.1,11.0,12.0,12.3,PASS,Safe,Pass
C2189,ISRO-SCL-250519-20,Voltage Regulator IC,0,39.5,3.16,16.6,24.8,27.4,PASS,Fail,Pass
C2190,ISRO-SCL-250421-16,MOSFET,0,13.2,1.06,37.1,3.2,20.8,PASS,Safe,Pass
C2191,ISRO-SCL-250210-06,MOSFET,0,14.4,1.15,16.8,16.0,15.7,PASS,Safe,Pass
C2192,ISRO-SCL-250414-15,Digital Logic IC,0,9.1,0.73,4.9,11.0,7.8,PASS,Safe,Pass
C2193,ISRO-SCL-250414-15,Digital Logic IC,0,14.4,1.15,8.2,3.9,9.8,PASS,Safe,Pass
C2194,ISRO-SCL-250407-14,MOSFET,0,64.6,5.17,51.9,17.9,50.2,MONITOR,Fail,Pass
C2195,ISRO-SCL-250324-12,Op-Amp IC,0,13.4,1.07,3.5,4.6,7.7,PASS,Safe,Pass
C2196,ISRO-SCL-250512-19,Op-Amp IC,0,16.2,1.29,7.8,15.0,12.6,PASS,Safe,Pass
C2197,ISRO-SCL-250317-11,Voltage Regulator IC,0,12.2,0.97,3.8,9.7,8.3,PASS,Safe,Pass
C2198,ISRO-SCL-250519-20,Voltage Regulator IC,0,15.7,1.25,18.2,11.4,15.8,PASS,Safe,Pass
C2199,ISRO-SCL-250310-10,Voltage Regulator IC,0,44.6,3.57,20.6,26.0,31.3,MONITOR,Borderline,Pass
C2200,ISRO-SCL-250210-06,MOSFET,0,31.0,2.48,17.1,1.4,19.5,PASS,Safe,Pass
C2201,ISRO-SCL-250303-09,Voltage Regulator IC,1,67.0,5.36,36.8,37.7,85.0,REJECT,Fail,Fail
C2202,ISRO-SCL-250127-04,Op-Amp IC,0,16.9,1.35,16.0,13.5,15.8,PASS,Safe,Pass
C2203,ISRO-SCL-250127-04,Op-Amp IC,0,20.8,1.67,7.9,23.2,16.1,PASS,Borderline,Pass
C2204,ISRO-SCL-250303-09,Voltage Regulator IC,0,10.3,0.82,1.3,3.8,5.4,PASS,Safe,Pass
C2205,ISRO-SCL-250217-07,Op-Amp IC,0,16.3,1.31,35.9,19.3,24.8,PASS,Safe,Pass
C2206,ISRO-SCL-250505-18,Op-Amp IC,0,24.5,1.96,5.2,10.1,13.9,PASS,Borderline,Pass
C2207,ISRO-SCL-250414-15,Digital Logic IC,0,11.6,0.93,0.7,7.1,6.3,PASS,Safe,Pass
C2208,ISRO-SCL-250414-15,Digital Logic IC,0,23.6,1.89,25.9,50.1,29.8,PASS,Fail,Pass
C2209,ISRO-SCL-250519-20,Voltage Regulator IC,1,15.6,1.25,13.0,9.7,85.0,REJECT,Fail,Fail
C2210,ISRO-SCL-250519-20,Voltage Regulator IC,0,16.9,1.35,10.3,4.0,11.6,PASS,Safe,Pass
C2211,ISRO-SCL-250224-08,MOSFET,0,10.9,0.87,0.0,13.6,7.1,PASS,Safe,Pass
C2212,ISRO-SCL-250106-01,MOSFET,1,20.6,1.65,27.2,33.4,85.0,REJECT,Borderline,Fail
C2213,ISRO-SCL-250113-02,MOSFET,1,16.9,1.35,28.3,29.3,85.0,REJECT,Borderline,Fail
C2214,ISRO-SCL-250224-08,MOSFET,0,23.9,1.91,39.3,0.9,25.5,PASS,Safe,Pass
C2215,ISRO-SCL-250106-01,MOSFET,0,15.6,1.25,15.7,29.3,18.4,PASS,Fail,Pass
C2216,ISRO-SCL-250127-04,Op-Amp IC,0,13.7,1.1,11.0,14.2,12.7,PASS,Safe,Pass
C2217,ISRO-SCL-250217-07,Op-Amp IC,0,13.3,1.06,11.9,10.7,12.2,PASS,Safe,Pass
C2218,ISRO-SCL-250217-07,Op-Amp IC,1,13.4,1.07,12.3,11.3,85.0,REJECT,Safe,Fail
C2219,ISRO-SCL-250505-18,Op-Amp IC,0,15.0,1.2,27.0,10.5,18.9,PASS,Safe,Pass
C2220,ISRO-SCL-250203-05,Digital Logic IC,0,16.4,1.31,25.0,4.0,17.3,PASS,Safe,Pass
C2221,ISRO-SCL-250217-07,Op-Amp IC,0,15.7,1.25,0.4,14.3,9.3,PASS,Safe,Pass
C2222,ISRO-SCL-250512-19,Op-Amp IC,0,21.5,1.72,12.2,1.9,13.9,PASS,Safe,Pass
C2223,ISRO-SCL-250203-05,Digital Logic IC,0,32.8,2.62,20.1,27.5,26.7,PASS,Borderline,Pass
C2224,ISRO-SCL-250113-02,MOSFET,0,33.7,2.7,6.9,21.5,20.5,PASS,Borderline,Pass
C2225,ISRO-SCL-250217-07,Op-Amp IC,0,10.8,0.86,13.8,4.8,10.8,PASS,Safe,Pass
C2226,ISRO-SCL-250310-10,Voltage Regulator IC,0,83.8,6.7,43.9,33.2,57.7,MONITOR,Borderline,Pass
C2227,ISRO-SCL-250113-02,MOSFET,0,18.3,1.46,3.9,16.7,12.2,PASS,Safe,Pass
C2228,ISRO-SCL-250519-20,Voltage Regulator IC,0,16.4,1.31,39.2,35.8,29.4,PASS,Borderline,Pass
C2229,ISRO-SCL-250303-09,Voltage Regulator IC,0,18.1,1.45,6.2,25.8,14.9,PASS,Safe,Pass
C2230,ISRO-SCL-250120-03,Op-Amp IC,0,41.0,3.28,45.2,40.6,42.6,MONITOR,Fail,Pass
C2231,ISRO-SCL-250217-07,Op-Amp IC,0,16.3,1.3,18.4,10.6,16.0,PASS,Safe,Pass
C2232,ISRO-SCL-250310-10,Voltage Regulator IC,0,18.3,1.46,5.2,6.9,10.8,PASS,Safe,Pass
C2233,ISRO-SCL-250324-12,Op-Amp IC,0,28.5,2.28,18.4,34.0,25.5,PASS,Borderline,Pass
C2234,ISRO-SCL-250203-05,Digital Logic IC,0,13.5,1.08,0.4,6.4,6.9,PASS,Safe,Pass
C2235,ISRO-SCL-250113-02,MOSFET,0,43.2,3.46,14.6,26.3,28.4,PASS,Fail,Pass
C2236,ISRO-SCL-250127-04,Op-Amp IC,0,13.2,1.06,9.5,24.6,14.0,PASS,Fail,Pass
C2237,ISRO-SCL-250217-07,Op-Amp IC,1,24.2,1.94,12.7,17.9,85.0,REJECT,Fail,Fail
C2238,ISRO-SCL-250217-07,Op-Amp IC,0,47.7,3.82,54.0,31.9,47.1,MONITOR,Fail,Pass
C2239,ISRO-SCL-250407-14,MOSFET,1,100.0,121.77,100.0,96.3,99.3,REJECT,Fail,Fail
C2240,ISRO-SCL-250519-20,Voltage Regulator IC,0,13.3,1.07,9.7,4.3,10.1,PASS,Safe,Pass
C2241,ISRO-SCL-250407-14,MOSFET,0,42.9,3.43,43.2,42.9,43.0,MONITOR,Borderline,Pass
C2242,ISRO-SCL-250414-15,Digital Logic IC,0,15.3,1.22,25.1,22.3,20.6,PASS,Borderline,Pass
C2243,ISRO-SCL-250203-05,Digital Logic IC,0,10.3,0.82,0.0,5.0,5.1,PASS,Safe,Pass
C2244,ISRO-SCL-250224-08,MOSFET,0,10.8,0.86,1.0,15.6,7.8,PASS,Safe,Pass
C2245,ISRO-SCL-250310-10,Voltage Regulator IC,0,13.0,1.04,8.9,7.2,10.2,PASS,Safe,Pass
C2246,ISRO-SCL-250113-02,MOSFET,0,30.9,2.47,8.9,17.8,19.5,PASS,Safe,Pass
C2247,ISRO-SCL-250210-06,MOSFET,0,9.7,0.77,0.0,6.9,5.2,PASS,Safe,Pass
C2248,ISRO-SCL-250217-07,Op-Amp IC,0,16.2,1.3,3.4,12.3,10.3,PASS,Safe,Pass
C2249,ISRO-SCL-250217-07,Op-Amp IC,0,17.1,1.37,10.9,9.7,13.2,PASS,Safe,Pass
C2250,ISRO-SCL-250217-07,Op-Amp IC,0,100.0,222.0,97.2,90.6,97.0,REJECT,Safe,Pass
C2251,ISRO-SCL-250512-19,Op-Amp IC,0,13.8,1.1,19.8,38.6,21.2,PASS,Fail,Pass
C2252,ISRO-SCL-250127-04,Op-Amp IC,0,31.1,2.49,34.6,56.5,37.6,MONITOR,Fail,Pass
C2253,ISRO-SCL-250331-13,Voltage Regulator IC,0,25.3,2.02,18.7,11.6,19.9,PASS,Safe,Pass
C2254,ISRO-SCL-250324-12,Op-Amp IC,0,20.3,1.63,23.1,26.1,22.6,PASS,Borderline,Pass
C2255,ISRO-SCL-250331-13,Voltage Regulator IC,1,15.4,1.23,29.3,14.4,85.0,REJECT,Safe,Fail
C2256,ISRO-SCL-250324-12,Op-Amp IC,0,15.8,1.26,4.5,8.7,9.8,PASS,Safe,Pass
C2257,ISRO-SCL-250113-02,MOSFET,1,59.5,4.76,33.5,21.8,85.0,REJECT,Safe,Fail
C2258,ISRO-SCL-250331-13,Voltage Regulator IC,1,55.1,4.41,34.1,43.3,85.0,REJECT,Fail,Fail
C2259,ISRO-SCL-250421-16,MOSFET,0,11.8,0.95,9.7,5.1,9.6,PASS,Safe,Pass
C2260,ISRO-SCL-250505-18,Op-Amp IC,0,33.7,2.7,22.0,15.7,25.4,PASS,Safe,Pass
C2261,ISRO-SCL-250113-02,MOSFET,0,15.5,1.24,10.6,2.6,10.9,PASS,Safe,Pass
C2262,ISRO-SCL-250217-07,Op-Amp IC,0,42.2,3.37,23.5,21.2,30.5,MONITOR,Borderline,Pass
C2263,ISRO-SCL-250310-10,Voltage Regulator IC,0,16.1,1.28,14.4,12.9,14.8,PASS,Safe,Pass
C2264,ISRO-SCL-250407-14,MOSFET,0,12.3,0.98,22.1,40.1,21.8,PASS,Fail,Pass
C2265,ISRO-SCL-250512-19,Op-Amp IC,1,17.7,1.42,31.4,8.2,85.0,REJECT,Safe,Fail
C2266,ISRO-SCL-250113-02,MOSFET,1,19.5,1.56,28.9,0.7,85.0,REJECT,Safe,Fail
C2267,ISRO-SCL-250210-06,MOSFET,0,15.5,1.24,30.8,26.7,23.8,PASS,Borderline,Pass
C2268,ISRO-SCL-250428-17,Voltage Regulator IC,0,100.0,208.42,100.0,95.3,99.1,REJECT,Safe,Pass
C2269,ISRO-SCL-250113-02,MOSFET,0,11.2,0.9,8.8,9.1,9.8,PASS,Safe,Pass
C2270,ISRO-SCL-250421-16,MOSFET,0,25.3,2.02,19.5,3.5,18.6,PASS,Safe,Pass
C2271,ISRO-SCL-250224-08,MOSFET,0,37.4,2.99,24.0,25.4,29.6,PASS,Borderline,Pass
C2272,ISRO-SCL-250113-02,MOSFET,0,10.9,0.87,12.6,4.5,10.3,PASS,Safe,Pass
C2273,ISRO-SCL-250519-20,Voltage Regulator IC,0,16.0,1.28,15.6,13.7,15.4,PASS,Safe,Pass
C2274,ISRO-SCL-250512-19,Op-Amp IC,0,19.6,1.57,14.7,31.3,20.0,PASS,Fail,Pass
C2275,ISRO-SCL-250407-14,MOSFET,0,18.7,1.5,32.2,30.3,26.5,PASS,Fail,Pass
C2276,ISRO-SCL-250113-02,MOSFET,0,4.5,0.36,1.0,11.9,4.6,PASS,Safe,Pass
C2277,ISRO-SCL-250310-10,Voltage Regulator IC,0,17.7,1.41,13.1,4.3,13.2,PASS,Safe,Pass
C2278,ISRO-SCL-250512-19,Op-Amp IC,1,14.7,1.18,15.0,6.4,85.0,REJECT,Fail,Fail
C2279,ISRO-SCL-250414-15,Digital Logic IC,1,33.6,2.69,39.2,9.2,85.0,REJECT,Fail,Fail
C2280,ISRO-SCL-250407-14,MOSFET,1,96.5,7.72,89.4,100.0,94.4,REJECT,Fail,Fail
C2281,ISRO-SCL-250407-14,MOSFET,1,17.2,1.38,29.2,8.5,85.0,REJECT,Safe,Fail
C2282,ISRO-SCL-250310-10,Voltage Regulator IC,0,15.6,1.25,9.0,10.1,11.8,PASS,Safe,Pass
C2283,ISRO-SCL-250217-07,Op-Amp IC,0,14.2,1.14,24.5,10.8,17.7,PASS,Safe,Pass
C2284,ISRO-SCL-250127-04,Op-Amp IC,0,64.3,5.14,47.6,19.2,48.6,MONITOR,Fail,Pass
C2285,ISRO-SCL-250310-10,Voltage Regulator IC,0,82.9,6.63,42.0,42.0,58.4,MONITOR,Fail,Pass
C2286,ISRO-SCL-250317-11,Voltage Regulator IC,0,13.9,1.11,27.1,9.4,18.3,PASS,Safe,Pass
C2287,ISRO-SCL-250324-12,Op-Amp IC,0,15.3,1.22,19.1,28.4,19.4,PASS,Fail,Pass
C2288,ISRO-SCL-250106-01,MOSFET,0,26.7,2.13,26.2,19.1,25.0,PASS,Safe,Pass
C2289,ISRO-SCL-250407-14,MOSFET,0,19.0,1.52,19.2,9.1,17.1,PASS,Safe,Pass
C2290,ISRO-SCL-250421-16,MOSFET,1,51.0,4.08,29.2,28.5,85.0,REJECT,Fail,Fail
C2291,ISRO-SCL-250113-02,MOSFET,0,30.4,2.43,8.2,12.9,18.0,PASS,Safe,Pass
C2292,ISRO-SCL-250127-04,Op-Amp IC,0,65.3,5.23,33.3,24.8,44.4,MONITOR,Fail,Pass
C2293,ISRO-SCL-250106-01,MOSFET,0,12.6,1.01,1.6,4.1,6.5,PASS,Safe,Pass
C2294,ISRO-SCL-250106-01,MOSFET,0,10.3,0.82,7.5,3.6,7.8,PASS,Safe,Pass
C2295,ISRO-SCL-250127-04,Op-Amp IC,1,11.7,0.94,2.4,9.8,85.0,REJECT,Fail,Fail
C2296,ISRO-SCL-250331-13,Voltage Regulator IC,0,8.4,0.67,4.1,12.0,7.4,PASS,Safe,Pass
C2297,ISRO-SCL-250414-15,Digital Logic IC,0,11.5,0.92,8.6,19.8,12.0,PASS,Safe,Pass
C2298,ISRO-SCL-250428-17,Voltage Regulator IC,0,24.3,1.94,28.4,18.7,24.8,PASS,Borderline,Pass
C2299,ISRO-SCL-250421-16,MOSFET,0,11.2,0.9,8.5,6.6,9.2,PASS,Safe,Pass
C2300,ISRO-SCL-250113-02,MOSFET,0,33.2,2.66,6.0,15.5,18.8,PASS,Safe,Pass
C2301,ISRO-SCL-250113-02,MOSFET,0,40.5,3.24,11.0,18.3,24.3,PASS,Safe,Pass
C2302,ISRO-SCL-250217-07,Op-Amp IC,0,16.0,1.28,39.3,3.0,22.7,PASS,Safe,Pass
C2303,ISRO-SCL-250324-12,Op-Amp IC,0,15.1,1.21,22.1,19.6,18.8,PASS,Borderline,Pass
C2304,ISRO-SCL-250414-15,Digital Logic IC,0,25.3,2.02,26.4,23.5,25.4,PASS,Fail,Pass
C2305,ISRO-SCL-250224-08,MOSFET,0,17.5,1.4,5.2,22.9,13.7,PASS,Safe,Pass
C2306,ISRO-SCL-250224-08,MOSFET,0,14.1,1.13,26.3,3.6,16.9,PASS,Safe,Pass
C2307,ISRO-SCL-250210-06,MOSFET,0,16.9,1.35,12.8,37.3,19.3,PASS,Borderline,Pass
C2308,ISRO-SCL-250310-10,Voltage Regulator IC,0,47.4,3.79,16.2,26.3,30.7,MONITOR,Borderline,Pass
C2309,ISRO-SCL-250331-13,Voltage Regulator IC,0,17.4,1.39,13.4,18.4,16.0,PASS,Borderline,Pass
C2310,ISRO-SCL-250421-16,MOSFET,0,23.2,1.85,11.0,5.2,14.7,PASS,Safe,Pass
C2311,ISRO-SCL-250113-02,MOSFET,0,10.8,0.87,5.2,2.1,6.8,PASS,Safe,Pass
C2312,ISRO-SCL-250512-19,Op-Amp IC,1,32.0,2.56,27.4,29.8,85.0,REJECT,Fail,Fail
C2313,ISRO-SCL-250217-07,Op-Amp IC,0,16.1,1.29,14.0,25.1,17.1,PASS,Safe,Pass
C2314,ISRO-SCL-250120-03,Op-Amp IC,0,16.0,1.28,15.4,21.3,16.8,PASS,Safe,Pass
C2315,ISRO-SCL-250505-18,Op-Amp IC,0,21.1,1.69,22.8,0.9,17.7,PASS,Safe,Pass
C2316,ISRO-SCL-250203-05,Digital Logic IC,0,17.7,1.41,22.6,13.2,18.7,PASS,Safe,Pass
C2317,ISRO-SCL-250512-19,Op-Amp IC,0,11.2,0.9,4.2,8.0,7.7,PASS,Safe,Pass
C2318,ISRO-SCL-250203-05,Digital Logic IC,0,15.2,1.21,11.4,5.8,11.8,PASS,Safe,Pass
C2319,ISRO-SCL-250505-18,Op-Amp IC,0,23.7,1.89,4.1,15.6,14.2,PASS,Safe,Pass
C2320,ISRO-SCL-250203-05,Digital Logic IC,0,13.5,1.08,8.8,1.6,9.2,PASS,Safe,Pass
C2321,ISRO-SCL-250331-13,Voltage Regulator IC,1,13.8,1.11,22.7,10.2,85.0,REJECT,Safe,Fail
C2322,ISRO-SCL-250414-15,Digital Logic IC,0,10.3,0.83,6.9,16.9,10.3,PASS,Borderline,Pass
C2323,ISRO-SCL-250217-07,Op-Amp IC,0,13.2,1.06,1.6,8.1,7.5,PASS,Safe,Pass
C2324,ISRO-SCL-250106-01,MOSFET,0,15.8,1.27,4.5,5.2,9.2,PASS,Safe,Pass
C2325,ISRO-SCL-250428-17,Voltage Regulator IC,0,8.4,0.67,6.1,15.3,8.9,PASS,Safe,Pass
C2326,ISRO-SCL-250414-15,Digital Logic IC,0,14.8,1.18,21.2,7.6,15.9,PASS,Safe,Pass
C2327,ISRO-SCL-250414-15,Digital Logic IC,1,26.3,2.11,32.2,12.2,85.0,REJECT,Safe,Fail
C2328,ISRO-SCL-250217-07,Op-Amp IC,0,24.4,1.95,22.6,5.0,19.8,PASS,Safe,Pass
C2329,ISRO-SCL-250421-16,MOSFET,0,14.9,1.19,9.4,12.6,12.2,PASS,Borderline,Pass
C2330,ISRO-SCL-250331-13,Voltage Regulator IC,0,29.2,2.34,18.1,27.1,24.4,PASS,Borderline,Pass
C2331,ISRO-SCL-250407-14,MOSFET,0,13.4,1.08,14.3,34.0,17.9,PASS,Borderline,Pass
C2332,ISRO-SCL-250120-03,Op-Amp IC,0,12.3,0.98,8.6,21.9,12.7,PASS,Safe,Pass
C2333,ISRO-SCL-250224-08,MOSFET,0,16.8,1.34,36.1,1.7,21.5,PASS,Safe,Pass
C2334,ISRO-SCL-250210-06,MOSFET,0,11.2,0.9,4.8,2.7,7.0,PASS,Safe,Pass
C2335,ISRO-SCL-250113-02,MOSFET,1,16.9,1.35,22.3,6.2,85.0,REJECT,Safe,Fail
C2336,ISRO-SCL-250210-06,MOSFET,0,14.6,1.17,1.5,13.9,9.2,PASS,Safe,Pass
C2337,ISRO-SCL-250203-05,Digital Logic IC,0,17.1,1.37,19.9,1.9,15.2,PASS,Safe,Pass
C2338,ISRO-SCL-250512-19,Op-Amp IC,1,100.0,14.84,84.7,100.0,93.9,REJECT,Safe,Fail
C2339,ISRO-SCL-250512-19,Op-Amp IC,1,22.7,1.82,50.3,68.9,85.0,REJECT,Borderline,Fail
C2340,ISRO-SCL-250421-16,MOSFET,0,100.0,258.11,100.0,90.9,98.2,REJECT,Safe,Pass
C2341,ISRO-SCL-250217-07,Op-Amp IC,0,18.3,1.47,8.4,5.3,11.7,PASS,Safe,Pass
C2342,ISRO-SCL-250505-18,Op-Amp IC,0,15.7,1.25,7.9,11.7,11.8,PASS,Safe,Pass
C2343,ISRO-SCL-250324-12,Op-Amp IC,0,14.8,1.18,34.7,2.2,20.2,PASS,Safe,Pass
C2344,ISRO-SCL-250210-06,MOSFET,1,18.0,1.44,19.3,7.0,85.0,REJECT,Safe,Fail
C2345,ISRO-SCL-250113-02,MOSFET,0,100.0,10.78,31.7,7.1,54.1,MONITOR,Safe,Pass
C2346,ISRO-SCL-250310-10,Voltage Regulator IC,0,100.0,28.85,79.3,100.0,91.7,REJECT,Safe,Pass
C2347,ISRO-SCL-250113-02,MOSFET,0,11.2,0.89,1.1,10.1,6.9,PASS,Safe,Pass
C2348,ISRO-SCL-250519-20,Voltage Regulator IC,1,22.1,1.77,8.8,24.5,85.0,REJECT,Fail,Fail
C2349,ISRO-SCL-250414-15,Digital Logic IC,0,18.3,1.46,30.5,16.7,22.8,PASS,Safe,Pass
C2350,ISRO-SCL-250512-19,Op-Amp IC,1,17.7,1.42,31.2,5.9,85.0,REJECT,Safe,Fail
C2351,ISRO-SCL-250113-02,MOSFET,0,52.0,4.16,33.0,15.6,37.1,MONITOR,Fail,Pass
C2352,ISRO-SCL-250303-09,Voltage Regulator IC,0,39.7,3.18,38.8,72.8,46.0,MONITOR,Safe,Pass
C2353,ISRO-SCL-250414-15,Digital Logic IC,0,12.8,1.02,9.0,6.0,9.9,PASS,Safe,Pass
C2354,ISRO-SCL-250310-10,Voltage Regulator IC,0,100.0,164.51,95.4,51.9,88.5,REJECT,Safe,Pass
C2355,ISRO-SCL-250217-07,Op-Amp IC,0,19.3,1.54,10.7,18.4,15.7,PASS,Safe,Pass
C2356,ISRO-SCL-250113-02,MOSFET,0,13.5,1.08,7.0,9.1,10.0,PASS,Safe,Pass
C2357,ISRO-SCL-250310-10,Voltage Regulator IC,0,14.2,1.14,19.9,16.2,16.9,PASS,Safe,Pass
C2358,ISRO-SCL-250331-13,Voltage Regulator IC,1,29.9,2.39,32.2,19.3,85.0,REJECT,Safe,Fail
C2359,ISRO-SCL-250519-20,Voltage Regulator IC,0,11.4,0.91,6.3,10.6,9.2,PASS,Safe,Pass
C2360,ISRO-SCL-250407-14,MOSFET,0,20.6,1.65,24.1,15.3,20.9,PASS,Safe,Pass
C2361,ISRO-SCL-250421-16,MOSFET,1,18.1,1.45,24.9,7.0,85.0,REJECT,Safe,Fail
C2362,ISRO-SCL-250317-11,Voltage Regulator IC,0,10.0,0.8,5.9,25.2,11.4,PASS,Borderline,Pass
C2363,ISRO-SCL-250106-01,MOSFET,1,14.1,1.13,22.7,7.2,85.0,REJECT,Safe,Fail
C2364,ISRO-SCL-250512-19,Op-Amp IC,0,13.1,1.05,19.6,10.0,15.1,PASS,Safe,Pass
C2365,ISRO-SCL-250310-10,Voltage Regulator IC,0,8.9,0.71,7.7,2.7,7.2,PASS,Safe,Pass
C2366,ISRO-SCL-250203-05,Digital Logic IC,1,21.9,1.75,30.5,5.0,85.0,REJECT,Safe,Fail
C2367,ISRO-SCL-250120-03,Op-Amp IC,0,16.9,1.35,7.3,10.3,11.7,PASS,Safe,Pass
C2368,ISRO-SCL-250407-14,MOSFET,1,16.9,1.35,27.2,5.5,85.0,REJECT,Safe,Fail
C2369,ISRO-SCL-250120-03,Op-Amp IC,0,21.5,1.72,18.6,7.7,17.6,PASS,Safe,Pass
C2370,ISRO-SCL-250421-16,MOSFET,0,14.7,1.18,29.9,5.0,18.9,PASS,Safe,Pass
C2371,ISRO-SCL-250519-20,Voltage Regulator IC,0,12.1,0.97,15.6,30.1,17.1,PASS,Borderline,Pass
C2372,ISRO-SCL-250113-02,MOSFET,0,16.1,1.29,3.5,7.2,9.3,PASS,Safe,Pass
C2373,ISRO-SCL-250519-20,Voltage Regulator IC,0,13.7,1.1,1.9,7.7,7.8,PASS,Safe,Pass
C2374,ISRO-SCL-250421-16,MOSFET,0,18.0,1.44,9.0,6.8,12.1,PASS,Safe,Pass
C2375,ISRO-SCL-250224-08,MOSFET,0,14.6,1.17,4.5,14.8,10.6,PASS,Safe,Pass
C2376,ISRO-SCL-250512-19,Op-Amp IC,0,16.4,1.31,4.6,21.1,12.6,PASS,Fail,Pass
C2377,ISRO-SCL-250224-08,MOSFET,0,19.7,1.57,36.3,24.9,27.4,PASS,Borderline,Pass
C2378,ISRO-SCL-250203-05,Digital Logic IC,0,14.2,1.14,9.3,11.1,11.7,PASS,Safe,Pass
C2379,ISRO-SCL-250512-19,Op-Amp IC,0,39.3,3.15,37.7,23.3,35.5,MONITOR,Fail,Pass
C2380,ISRO-SCL-250310-10,Voltage Regulator IC,0,22.4,1.79,17.4,14.5,18.8,PASS,Borderline,Pass
C2381,ISRO-SCL-250203-05,Digital Logic IC,0,20.2,1.62,6.3,11.9,13.0,PASS,Safe,Pass
C2382,ISRO-SCL-250512-19,Op-Amp IC,0,58.1,4.65,40.2,15.8,42.5,MONITOR,Safe,Pass
C2383,ISRO-SCL-250324-12,Op-Amp IC,0,15.8,1.26,7.1,19.1,13.0,PASS,Borderline,Pass
C2384,ISRO-SCL-250428-17,Voltage Regulator IC,0,24.1,1.93,14.6,0.4,15.6,PASS,Safe,Pass
C2385,ISRO-SCL-250310-10,Voltage Regulator IC,0,29.1,2.33,18.9,20.7,23.3,PASS,Borderline,Pass
C2386,ISRO-SCL-250217-07,Op-Amp IC,0,13.8,1.1,24.8,10.7,17.6,PASS,Safe,Pass
C2387,ISRO-SCL-250421-16,MOSFET,0,9.1,0.73,10.7,8.3,9.6,PASS,Safe,Pass
C2388,ISRO-SCL-250113-02,MOSFET,0,14.1,1.12,1.9,5.5,7.5,PASS,Safe,Pass
C2389,ISRO-SCL-250421-16,MOSFET,0,13.6,1.09,0.8,18.3,9.4,PASS,Safe,Pass
C2390,ISRO-SCL-250414-15,Digital Logic IC,0,10.8,0.87,10.6,14.0,11.4,PASS,Safe,Pass
C2391,ISRO-SCL-250421-16,MOSFET,0,17.8,1.42,22.7,5.0,17.2,PASS,Safe,Pass
C2392,ISRO-SCL-250217-07,Op-Amp IC,0,16.1,1.29,29.0,11.9,20.4,PASS,Safe,Pass
C2393,ISRO-SCL-250407-14,MOSFET,0,7.9,0.63,3.1,14.4,7.3,PASS,Borderline,Pass
C2394,ISRO-SCL-250421-16,MOSFET,0,13.1,1.05,20.8,6.1,14.8,PASS,Safe,Pass
C2395,ISRO-SCL-250331-13,Voltage Regulator IC,0,28.2,2.26,34.6,18.8,28.9,PASS,Borderline,Pass
C2396,ISRO-SCL-250505-18,Op-Amp IC,0,15.2,1.21,0.0,7.3,7.5,PASS,Safe,Pass
C2397,ISRO-SCL-250203-05,Digital Logic IC,0,8.8,0.7,2.2,4.1,5.2,PASS,Safe,Pass
C2398,ISRO-SCL-250428-17,Voltage Regulator IC,0,11.1,0.88,9.9,11.8,10.7,PASS,Safe,Pass
C2399,ISRO-SCL-250421-16,MOSFET,1,68.7,5.5,45.2,35.1,85.0,REJECT,Borderline,Fail
C2400,ISRO-SCL-250407-14,MOSFET,0,11.2,0.9,13.5,20.2,13.9,PASS,Borderline,Pass
C2401,ISRO-SCL-250113-02,MOSFET,0,15.2,1.22,18.4,22.6,18.0,PASS,Safe,Pass
C2402,ISRO-SCL-250203-05,Digital Logic IC,1,24.8,1.98,21.0,7.5,85.0,REJECT,Safe,Fail
C2403,ISRO-SCL-250210-06,MOSFET,0,13.3,1.07,0.3,14.5,8.3,PASS,Safe,Pass
C2404,ISRO-SCL-250324-12,Op-Amp IC,0,8.4,0.67,11.9,15.2,11.2,PASS,Borderline,Pass
C2405,ISRO-SCL-250407-14,MOSFET,0,12.8,1.03,8.6,3.4,9.2,PASS,Safe,Pass
C2406,ISRO-SCL-250317-11,Voltage Regulator IC,1,100.0,10.27,66.0,77.4,85.0,REJECT,Fail,Fail
C2407,ISRO-SCL-250512-19,Op-Amp IC,0,100.0,166.22,100.0,93.2,98.6,REJECT,Safe,Pass
C2408,ISRO-SCL-250414-15,Digital Logic IC,1,65.6,5.25,84.0,38.0,85.0,REJECT,Fail,Fail
C2409,ISRO-SCL-250324-12,Op-Amp IC,0,12.1,0.97,15.0,7.4,12.3,PASS,Safe,Pass
C2410,ISRO-SCL-250428-17,Voltage Regulator IC,0,14.0,1.12,6.2,22.8,12.7,PASS,Safe,Pass
C2411,ISRO-SCL-250512-19,Op-Amp IC,0,23.6,1.89,27.5,21.7,24.8,PASS,Fail,Pass
C2412,ISRO-SCL-250120-03,Op-Amp IC,1,81.0,6.48,71.9,51.3,85.0,REJECT,Fail,Fail
C2413,ISRO-SCL-250505-18,Op-Amp IC,0,11.9,0.95,2.9,5.6,7.0,PASS,Safe,Pass
C2414,ISRO-SCL-250224-08,MOSFET,0,15.8,1.27,38.1,37.5,29.1,PASS,Borderline,Pass
C2415,ISRO-SCL-250421-16,MOSFET,0,14.3,1.14,7.3,11.0,10.8,PASS,Safe,Pass
C2416,ISRO-SCL-250113-02,MOSFET,1,15.0,1.2,28.1,23.7,85.0,REJECT,Borderline,Fail
C2417,ISRO-SCL-250113-02,MOSFET,0,16.4,1.31,14.9,8.8,14.3,PASS,Safe,Pass
C2418,ISRO-SCL-250519-20,Voltage Regulator IC,0,14.5,1.16,22.7,22.0,19.3,PASS,Safe,Pass
C2419,ISRO-SCL-250414-15,Digital Logic IC,0,40.0,3.2,29.6,5.0,28.9,PASS,Safe,Pass
C2420,ISRO-SCL-250414-15,Digital Logic IC,0,27.5,2.2,32.4,33.6,30.7,MONITOR,Fail,Pass
C2421,ISRO-SCL-250303-09,Voltage Regulator IC,0,54.3,4.34,23.4,39.7,39.0,MONITOR,Borderline,Pass
C2422,ISRO-SCL-250120-03,Op-Amp IC,0,9.9,0.79,3.2,3.7,6.0,PASS,Safe,Pass
C2423,ISRO-SCL-250317-11,Voltage Regulator IC,0,10.2,0.81,6.6,18.0,10.3,PASS,Safe,Pass
C2424,ISRO-SCL-250317-11,Voltage Regulator IC,0,11.0,0.88,13.1,20.0,13.6,PASS,Safe,Pass
C2425,ISRO-SCL-250127-04,Op-Amp IC,0,18.1,1.45,16.1,11.5,16.0,PASS,Safe,Pass
C2426,ISRO-SCL-250127-04,Op-Amp IC,1,11.7,0.94,13.7,12.5,85.0,REJECT,Safe,Fail
C2427,ISRO-SCL-250331-13,Voltage Regulator IC,0,28.1,2.25,39.9,16.9,30.6,MONITOR,Borderline,Pass
C2428,ISRO-SCL-250414-15,Digital Logic IC,0,21.0,1.68,17.8,6.1,16.7,PASS,Safe,Pass
C2429,ISRO-SCL-250310-10,Voltage Regulator IC,1,17.9,1.43,8.4,8.3,85.0,REJECT,Fail,Fail
C2430,ISRO-SCL-250106-01,MOSFET,1,16.6,1.33,31.3,13.4,85.0,REJECT,Safe,Fail
C2431,ISRO-SCL-250407-14,MOSFET,0,16.0,1.28,9.6,8.2,11.9,PASS,Safe,Pass
C2432,ISRO-SCL-250113-02,MOSFET,0,11.4,0.91,12.2,32.4,15.9,PASS,Borderline,Pass
C2433,ISRO-SCL-250519-20,Voltage Regulator IC,0,46.7,3.74,50.4,36.3,46.1,MONITOR,Fail,Pass
C2434,ISRO-SCL-250407-14,MOSFET,0,20.0,1.6,27.1,12.0,21.3,PASS,Safe,Pass
C2435,ISRO-SCL-250331-13,Voltage Regulator IC,0,13.6,1.09,7.5,5.0,9.5,PASS,Safe,Pass
C2436,ISRO-SCL-250421-16,MOSFET,0,16.2,1.29,1.0,6.9,8.2,PASS,Safe,Pass
C2437,ISRO-SCL-250217-07,Op-Amp IC,1,53.3,4.26,36.6,26.5,85.0,REJECT,Borderline,Fail
C2438,ISRO-SCL-250519-20,Voltage Regulator IC,0,14.6,1.17,20.8,24.1,19.0,PASS,Safe,Pass
C2439,ISRO-SCL-250421-16,MOSFET,0,11.3,0.9,7.6,12.1,10.0,PASS,Safe,Pass
C2440,ISRO-SCL-250505-18,Op-Amp IC,0,31.0,2.48,13.3,9.3,19.6,PASS,Safe,Pass
C2441,ISRO-SCL-250331-13,Voltage Regulator IC,0,14.4,1.15,5.4,14.7,10.9,PASS,Safe,Pass
C2442,ISRO-SCL-250210-06,MOSFET,0,10.3,0.83,12.7,5.1,10.2,PASS,Safe,Pass
C2443,ISRO-SCL-250113-02,MOSFET,0,18.3,1.46,8.6,8.9,12.6,PASS,Safe,Pass
C2444,ISRO-SCL-250113-02,MOSFET,0,21.1,1.69,11.1,9.7,14.8,PASS,Safe,Pass
C2445,ISRO-SCL-250512-19,Op-Amp IC,1,18.7,1.5,26.0,8.8,85.0,REJECT,Safe,Fail
C2446,ISRO-SCL-250421-16,MOSFET,0,17.0,1.36,21.5,15.4,18.5,PASS,Safe,Pass
C2447,ISRO-SCL-250210-06,MOSFET,0,14.9,1.19,11.3,8.2,12.1,PASS,Safe,Pass
C2448,ISRO-SCL-250210-06,MOSFET,1,89.2,7.14,56.1,32.7,85.0,REJECT,Fail,Fail
C2449,ISRO-SCL-250428-17,Voltage Regulator IC,0,15.5,1.24,17.3,12.3,15.6,PASS,Safe,Pass
C2450,ISRO-SCL-250224-08,MOSFET,0,12.6,1.01,14.8,14.4,13.9,PASS,Safe,Pass
C2451,ISRO-SCL-250428-17,Voltage Regulator IC,0,15.5,1.24,8.8,7.0,11.1,PASS,Safe,Pass
C2452,ISRO-SCL-250310-10,Voltage Regulator IC,1,13.7,1.09,8.1,6.5,85.0,REJECT,Fail,Fail
C2453,ISRO-SCL-250217-07,Op-Amp IC,0,24.1,1.93,13.9,9.8,17.2,PASS,Safe,Pass
C2454,ISRO-SCL-250210-06,MOSFET,0,29.7,2.37,23.6,13.9,24.1,PASS,Borderline,Pass
C2455,ISRO-SCL-250127-04,Op-Amp IC,0,20.5,1.64,25.2,24.2,23.1,PASS,Borderline,Pass
C2456,ISRO-SCL-250217-07,Op-Amp IC,0,66.2,5.3,40.8,51.6,53.1,MONITOR,Fail,Pass
C2457,ISRO-SCL-250505-18,Op-Amp IC,0,27.1,2.17,13.8,31.1,22.6,PASS,Safe,Pass
C2458,ISRO-SCL-250106-01,MOSFET,0,25.0,2.0,10.8,21.3,18.6,PASS,Borderline,Pass
C2459,ISRO-SCL-250210-06,MOSFET,0,16.4,1.31,18.3,7.9,15.5,PASS,Safe,Pass
C2460,ISRO-SCL-250224-08,MOSFET,1,100.0,12.79,60.9,61.0,85.0,REJECT,Fail,Fail
C2461,ISRO-SCL-250310-10,Voltage Regulator IC,0,14.3,1.14,4.7,11.8,10.0,PASS,Safe,Pass
C2462,ISRO-SCL-250120-03,Op-Amp IC,0,13.1,1.05,15.0,7.4,12.7,PASS,Safe,Pass
C2463,ISRO-SCL-250303-09,Voltage Regulator IC,0,20.5,1.64,31.6,12.3,23.3,PASS,Borderline,Pass
C2464,ISRO-SCL-250303-09,Voltage Regulator IC,0,13.6,1.09,5.9,7.7,9.3,PASS,Safe,Pass
C2465,ISRO-SCL-250113-02,MOSFET,1,18.5,1.48,24.7,12.3,85.0,REJECT,Safe,Fail
C2466,ISRO-SCL-250113-02,MOSFET,1,45.4,3.63,41.7,50.4,85.0,REJECT,Fail,Fail
C2467,ISRO-SCL-250421-16,MOSFET,1,97.8,7.82,73.5,44.9,85.0,REJECT,Fail,Fail
C2468,ISRO-SCL-250217-07,Op-Amp IC,1,35.8,2.86,25.7,25.5,85.0,REJECT,Borderline,Fail
C2469,ISRO-SCL-250310-10,Voltage Regulator IC,0,12.6,1.01,16.4,11.2,13.8,PASS,Safe,Pass
C2470,ISRO-SCL-250519-20,Voltage Regulator IC,0,13.2,1.06,6.8,11.1,10.2,PASS,Safe,Pass
C2471,ISRO-SCL-250407-14,MOSFET,0,12.2,0.97,13.0,23.6,14.8,PASS,Fail,Pass
C2472,ISRO-SCL-250310-10,Voltage Regulator IC,0,15.6,1.25,29.9,19.5,22.1,PASS,Safe,Pass
C2473,ISRO-SCL-250310-10,Voltage Regulator IC,0,8.4,0.67,0.4,8.6,5.2,PASS,Safe,Pass
C2474,ISRO-SCL-250217-07,Op-Amp IC,0,14.5,1.16,8.0,12.8,11.6,PASS,Safe,Pass
C2475,ISRO-SCL-250414-15,Digital Logic IC,0,16.9,1.35,24.4,24.0,21.3,PASS,Borderline,Pass
C2476,ISRO-SCL-250310-10,Voltage Regulator IC,0,14.1,1.12,10.1,12.9,12.2,PASS,Safe,Pass
C2477,ISRO-SCL-250414-15,Digital Logic IC,0,22.1,1.77,17.6,4.2,16.7,PASS,Safe,Pass
C2478,ISRO-SCL-250331-13,Voltage Regulator IC,0,20.5,1.64,5.9,13.3,13.2,PASS,Borderline,Pass
C2479,ISRO-SCL-250127-04,Op-Amp IC,0,26.8,2.15,19.9,42.3,27.1,PASS,Fail,Pass
C2480,ISRO-SCL-250512-19,Op-Amp IC,0,9.4,0.75,5.0,13.4,8.4,PASS,Safe,Pass
C2481,ISRO-SCL-250407-14,MOSFET,0,18.0,1.44,28.7,34.9,25.7,PASS,Safe,Pass
C2482,ISRO-SCL-250310-10,Voltage Regulator IC,0,15.5,1.24,1.6,11.5,9.1,PASS,Safe,Pass
C2483,ISRO-SCL-250505-18,Op-Amp IC,0,21.9,1.75,13.7,3.8,15.0,PASS,Safe,Pass
C2484,ISRO-SCL-250505-18,Op-Amp IC,0,15.4,1.23,16.2,16.0,15.8,PASS,Safe,Pass
C2485,ISRO-SCL-250317-11,Voltage Regulator IC,0,16.0,1.28,5.6,4.9,9.6,PASS,Safe,Pass
C2486,ISRO-SCL-250127-04,Op-Amp IC,0,22.1,1.77,13.8,5.8,15.5,PASS,Safe,Pass
C2487,ISRO-SCL-250421-16,MOSFET,0,18.0,1.44,22.5,2.9,16.8,PASS,Safe,Pass
C2488,ISRO-SCL-250127-04,Op-Amp IC,0,13.0,1.04,12.6,14.1,13.1,PASS,Safe,Pass
C2489,ISRO-SCL-250310-10,Voltage Regulator IC,0,19.5,1.56,28.2,8.9,20.8,PASS,Safe,Pass
C2490,ISRO-SCL-250324-12,Op-Amp IC,0,16.9,1.35,40.3,11.0,25.1,PASS,Safe,Pass
C2491,ISRO-SCL-250519-20,Voltage Regulator IC,0,100.0,147.66,100.0,51.9,90.4,REJECT,Safe,Pass
C2492,ISRO-SCL-250310-10,Voltage Regulator IC,0,13.9,1.11,9.5,3.6,10.1,PASS,Safe,Pass
C2493,ISRO-SCL-250217-07,Op-Amp IC,0,26.5,2.12,7.2,16.1,16.7,PASS,Safe,Pass
C2494,ISRO-SCL-250224-08,MOSFET,0,16.2,1.3,17.0,17.8,16.8,PASS,Safe,Pass
C2495,ISRO-SCL-250414-15,Digital Logic IC,0,24.6,1.97,42.9,37.6,34.5,MONITOR,Fail,Pass
C2496,ISRO-SCL-250331-13,Voltage Regulator IC,1,13.2,1.06,4.4,6.2,85.0,REJECT,Fail,Fail
C2497,ISRO-SCL-250113-02,MOSFET,1,14.3,1.14,20.2,15.7,85.0,REJECT,Safe,Fail
C2498,ISRO-SCL-250113-02,MOSFET,0,7.7,0.62,0.6,10.4,5.4,PASS,Safe,Pass
C2499,ISRO-SCL-250414-15,Digital Logic IC,1,100.0,9.83,100.0,72.9,94.6,REJECT,Fail,Fail
C2500,ISRO-SCL-250324-12,Op-Amp IC,0,16.2,1.3,19.4,19.0,18.0,PASS,Safe,Pass
C2501,ISRO-SCL-250303-09,Voltage Regulator IC,0,9.8,0.78,3.6,6.5,6.6,PASS,Safe,Pass
C2502,ISRO-SCL-250407-14,MOSFET,0,29.9,2.39,34.5,16.1,29.0,PASS,Fail,Pass
C2503,ISRO-SCL-250421-16,MOSFET,0,12.9,1.03,27.7,4.7,17.2,PASS,Safe,Pass
C2504,ISRO-SCL-250113-02,MOSFET,1,29.1,2.33,10.2,17.5,85.0,REJECT,Safe,Fail
C2505,ISRO-SCL-250428-17,Voltage Regulator IC,0,11.7,0.94,3.6,4.4,7.0,PASS,Safe,Pass
C2506,ISRO-SCL-250331-13,Voltage Regulator IC,0,12.0,0.96,5.4,26.1,12.2,PASS,Safe,Pass
C2507,ISRO-SCL-250421-16,MOSFET,0,11.2,0.9,3.0,25.4,10.8,PASS,Safe,Pass
C2508,ISRO-SCL-250407-14,MOSFET,0,6.8,0.54,1.0,15.2,6.1,PASS,Safe,Pass
C2509,ISRO-SCL-250310-10,Voltage Regulator IC,0,15.3,1.22,25.5,4.4,17.2,PASS,Safe,Pass
C2510,ISRO-SCL-250407-14,MOSFET,0,11.2,0.9,4.4,8.7,8.0,PASS,Safe,Pass
C2511,ISRO-SCL-250414-15,Digital Logic IC,0,12.4,0.99,12.7,9.5,11.9,PASS,Safe,Pass
C2512,ISRO-SCL-250113-02,MOSFET,0,11.6,0.93,7.3,4.2,8.4,PASS,Safe,Pass
C2513,ISRO-SCL-250224-08,MOSFET,0,16.0,1.28,43.5,22.5,28.3,PASS,Safe,Pass
C2514,ISRO-SCL-250407-14,MOSFET,0,88.1,7.04,71.4,43.2,72.4,HOLD,Fail,Pass
C2515,ISRO-SCL-250512-19,Op-Amp IC,0,13.0,1.04,23.5,24.6,19.5,PASS,Borderline,Pass
C2516,ISRO-SCL-250203-05,Digital Logic IC,1,31.1,2.49,21.8,23.9,85.0,REJECT,Fail,Fail
C2517,ISRO-SCL-250505-18,Op-Amp IC,0,15.4,1.23,10.9,8.2,12.1,PASS,Safe,Pass
C2518,ISRO-SCL-250505-18,Op-Amp IC,0,19.2,1.53,22.1,3.0,17.1,PASS,Safe,Pass
C2519,ISRO-SCL-250512-19,Op-Amp IC,0,40.3,3.23,23.1,37.0,32.8,MONITOR,Borderline,Pass
C2520,ISRO-SCL-250331-13,Voltage Regulator IC,0,19.1,1.53,8.0,12.6,13.4,PASS,Safe,Pass
C2521,ISRO-SCL-250210-06,MOSFET,0,20.7,1.66,2.6,17.8,12.9,PASS,Borderline,Pass
C2522,ISRO-SCL-250106-01,MOSFET,0,13.3,1.07,10.7,6.2,10.8,PASS,Fail,Pass
C2523,ISRO-SCL-250127-04,Op-Amp IC,0,14.2,1.14,34.7,30.7,25.7,PASS,Borderline,Pass
C2524,ISRO-SCL-250106-01,MOSFET,0,15.2,1.22,9.7,9.6,11.9,PASS,Safe,Pass
C2525,ISRO-SCL-250203-05,Digital Logic IC,0,10.3,0.82,4.5,12.3,8.4,PASS,Safe,Pass
C2526,ISRO-SCL-250519-20,Voltage Regulator IC,1,17.4,1.39,13.3,6.5,85.0,REJECT,Safe,Fail
C2527,ISRO-SCL-250414-15,Digital Logic IC,0,13.7,1.1,10.0,8.4,11.2,PASS,Safe,Pass
C2528,ISRO-SCL-250203-05,Digital Logic IC,0,27.0,2.16,21.2,9.6,21.2,PASS,Safe,Pass
C2529,ISRO-SCL-250331-13,Voltage Regulator IC,0,18.5,1.48,0.5,20.8,11.8,PASS,Borderline,Pass
C2530,ISRO-SCL-250310-10,Voltage Regulator IC,0,12.3,0.99,3.8,5.6,7.6,PASS,Safe,Pass
C2531,ISRO-SCL-250113-02,MOSFET,0,24.2,1.94,31.0,33.3,28.7,PASS,Fail,Pass
C2532,ISRO-SCL-250217-07,Op-Amp IC,0,13.2,1.06,5.6,11.7,9.9,PASS,Safe,Pass
C2533,ISRO-SCL-250113-02,MOSFET,0,67.0,5.36,32.3,23.5,44.4,MONITOR,Borderline,Pass
C2534,ISRO-SCL-250310-10,Voltage Regulator IC,0,40.8,3.26,20.0,26.4,29.6,PASS,Fail,Pass
C2535,ISRO-SCL-250210-06,MOSFET,0,19.7,1.57,37.4,12.9,25.4,PASS,Safe,Pass
C2536,ISRO-SCL-250512-19,Op-Amp IC,0,64.6,5.17,51.3,25.6,51.5,MONITOR,Fail,Pass
C2537,ISRO-SCL-250331-13,Voltage Regulator IC,0,15.2,1.21,7.9,15.8,12.4,PASS,Safe,Pass
C2538,ISRO-SCL-250217-07,Op-Amp IC,0,16.7,1.34,16.3,0.9,13.4,PASS,Safe,Pass
C2539,ISRO-SCL-250127-04,Op-Amp IC,0,21.5,1.72,23.5,24.7,22.9,PASS,Borderline,Pass
C2540,ISRO-SCL-250127-04,Op-Amp IC,0,15.0,1.2,14.9,3.8,12.7,PASS,Safe,Pass
C2541,ISRO-SCL-250113-02,MOSFET,0,12.0,0.96,25.7,27.3,20.5,PASS,Borderline,Pass
C2542,ISRO-SCL-250203-05,Digital Logic IC,0,16.3,1.31,8.8,8.4,11.7,PASS,Safe,Pass
C2543,ISRO-SCL-250127-04,Op-Amp IC,0,16.6,1.33,7.6,11.5,12.0,PASS,Safe,Pass
C2544,ISRO-SCL-250113-02,MOSFET,0,15.3,1.23,18.5,14.2,16.4,PASS,Safe,Pass
C2545,ISRO-SCL-250407-14,MOSFET,0,14.0,1.12,12.6,2.1,11.1,PASS,Safe,Pass
C2546,ISRO-SCL-250203-05,Digital Logic IC,0,94.4,7.55,42.5,4.2,55.6,MONITOR,Safe,Pass
C2547,ISRO-SCL-250414-15,Digital Logic IC,1,32.7,2.61,37.2,29.0,85.0,REJECT,Borderline,Fail
C2548,ISRO-SCL-250127-04,Op-Amp IC,0,11.8,0.94,8.2,13.1,10.6,PASS,Safe,Pass
C2549,ISRO-SCL-250512-19,Op-Amp IC,0,11.4,0.91,1.7,16.6,8.6,PASS,Safe,Pass
C2550,ISRO-SCL-250310-10,Voltage Regulator IC,0,13.5,1.08,18.0,10.5,14.7,PASS,Safe,Pass
C2551,ISRO-SCL-250407-14,MOSFET,1,39.3,3.14,54.4,100.0,85.0,REJECT,Fail,Fail
C2552,ISRO-SCL-250317-11,Voltage Regulator IC,1,53.4,4.27,37.7,53.7,85.0,REJECT,Fail,Fail
C2553,ISRO-SCL-250217-07,Op-Amp IC,0,16.6,1.33,11.8,12.8,13.9,PASS,Safe,Pass
C2554,ISRO-SCL-250407-14,MOSFET,0,15.5,1.24,13.5,18.0,15.2,PASS,Safe,Pass
C2555,ISRO-SCL-250505-18,Op-Amp IC,0,11.3,0.9,9.5,11.7,10.6,PASS,Safe,Pass
C2556,ISRO-SCL-250203-05,Digital Logic IC,0,16.6,1.33,8.9,2.5,10.7,PASS,Safe,Pass
C2557,ISRO-SCL-250421-16,MOSFET,0,31.1,2.49,10.1,19.7,20.5,PASS,Borderline,Pass
C2558,ISRO-SCL-250217-07,Op-Amp IC,1,100.0,16.36,99.4,95.4,98.8,REJECT,Fail,Fail
C2559,ISRO-SCL-250120-03,Op-Amp IC,0,12.9,1.03,6.3,12.3,10.1,PASS,Safe,Pass
C2560,ISRO-SCL-250428-17,Voltage Regulator IC,0,17.2,1.37,19.2,11.3,16.8,PASS,Safe,Pass
C2561,ISRO-SCL-250217-07,Op-Amp IC,0,13.6,1.08,21.2,11.1,16.1,PASS,Safe,Pass
C2562,ISRO-SCL-250120-03,Op-Amp IC,0,12.0,0.96,16.2,8.8,13.1,PASS,Safe,Pass
C2563,ISRO-SCL-250505-18,Op-Amp IC,0,21.6,1.73,3.8,17.6,13.7,PASS,Safe,Pass
C2564,ISRO-SCL-250512-19,Op-Amp IC,0,13.3,1.06,20.7,5.8,14.8,PASS,Safe,Pass
C2565,ISRO-SCL-250217-07,Op-Amp IC,0,22.8,1.83,26.1,18.5,23.3,PASS,Borderline,Pass
C2566,ISRO-SCL-250421-16,MOSFET,0,13.0,1.04,2.9,2.4,6.8,PASS,Safe,Pass
C2567,ISRO-SCL-250407-14,MOSFET,0,13.3,1.06,5.1,14.1,10.2,PASS,Borderline,Pass
C2568,ISRO-SCL-250113-02,MOSFET,0,14.1,1.12,7.7,12.1,11.1,PASS,Safe,Pass
C2569,ISRO-SCL-250310-10,Voltage Regulator IC,1,20.8,1.66,21.3,13.2,85.0,REJECT,Fail,Fail
C2570,ISRO-SCL-250519-20,Voltage Regulator IC,1,77.2,6.17,32.1,42.4,85.0,REJECT,Fail,Fail
C2571,ISRO-SCL-250217-07,Op-Amp IC,0,20.5,1.64,14.6,17.2,17.5,PASS,Safe,Pass
C2572,ISRO-SCL-250310-10,Voltage Regulator IC,0,18.5,1.48,16.3,17.5,17.4,PASS,Borderline,Pass
C2573,ISRO-SCL-250414-15,Digital Logic IC,0,12.7,1.01,16.0,4.6,12.4,PASS,Safe,Pass
C2574,ISRO-SCL-250310-10,Voltage Regulator IC,0,16.9,1.35,7.6,14.4,12.7,PASS,Safe,Pass
C2575,ISRO-SCL-250203-05,Digital Logic IC,0,13.5,1.08,9.6,5.0,10.2,PASS,Safe,Pass
C2576,ISRO-SCL-250505-18,Op-Amp IC,0,23.3,1.86,7.2,17.0,15.6,PASS,Safe,Pass
C2577,ISRO-SCL-250310-10,Voltage Regulator IC,0,18.8,1.51,5.5,15.3,12.8,PASS,Borderline,Pass
C2578,ISRO-SCL-250331-13,Voltage Regulator IC,1,14.1,1.12,2.6,16.6,85.0,REJECT,Fail,Fail
C2579,ISRO-SCL-250505-18,Op-Amp IC,0,23.6,1.89,11.1,5.2,14.9,PASS,Safe,Pass
C2580,ISRO-SCL-250331-13,Voltage Regulator IC,0,15.2,1.21,14.6,0.6,12.0,PASS,Safe,Pass
C2581,ISRO-SCL-250414-15,Digital Logic IC,1,73.7,5.89,79.4,54.6,85.0,REJECT,Fail,Fail
C2582,ISRO-SCL-250113-02,MOSFET,1,16.3,1.31,38.2,35.9,85.0,REJECT,Borderline,Fail
C2583,ISRO-SCL-250512-19,Op-Amp IC,0,12.3,0.98,16.1,23.2,16.0,PASS,Borderline,Pass
C2584,ISRO-SCL-250512-19,Op-Amp IC,0,14.6,1.17,15.6,23.7,16.8,PASS,Safe,Pass
C2585,ISRO-SCL-250120-03,Op-Amp IC,0,10.2,0.82,8.2,13.4,10.1,PASS,Safe,Pass
C2586,ISRO-SCL-250127-04,Op-Amp IC,0,26.0,2.08,21.5,50.8,29.2,PASS,Fail,Pass
C2587,ISRO-SCL-250428-17,Voltage Regulator IC,0,26.9,2.15,39.7,19.9,30.6,MONITOR,Borderline,Pass
C2588,ISRO-SCL-250224-08,MOSFET,1,64.6,5.17,52.8,36.3,85.0,REJECT,Fail,Fail
C2589,ISRO-SCL-250407-14,MOSFET,0,15.4,1.23,15.5,0.2,12.4,PASS,Safe,Pass
C2590,ISRO-SCL-250428-17,Voltage Regulator IC,0,17.6,1.41,16.8,13.5,16.5,PASS,Safe,Pass
C2591,ISRO-SCL-250303-09,Voltage Regulator IC,0,14.1,1.13,16.1,3.7,12.8,PASS,Safe,Pass
C2592,ISRO-SCL-250217-07,Op-Amp IC,0,100.0,155.32,100.0,51.9,90.4,REJECT,Borderline,Pass
C2593,ISRO-SCL-250113-02,MOSFET,0,11.3,0.91,2.2,9.7,7.3,PASS,Safe,Pass
C2594,ISRO-SCL-250127-04,Op-Amp IC,0,16.2,1.3,27.5,17.8,21.0,PASS,Fail,Pass
C2595,ISRO-SCL-250324-12,Op-Amp IC,0,15.8,1.26,8.1,28.5,15.2,PASS,Borderline,Pass
C2596,ISRO-SCL-250113-02,MOSFET,0,15.2,1.21,2.9,7.8,8.8,PASS,Safe,Pass
C2597,ISRO-SCL-250203-05,Digital Logic IC,0,57.9,4.63,35.7,21.3,41.7,MONITOR,Safe,Pass
C2598,ISRO-SCL-250224-08,MOSFET,0,18.4,1.47,14.0,12.7,15.5,PASS,Safe,Pass
C2599,ISRO-SCL-250407-14,MOSFET,1,33.1,2.65,45.7,74.6,85.0,REJECT,Fail,Fail
C2600,ISRO-SCL-250217-07,Op-Amp IC,0,17.4,1.39,17.7,18.2,17.7,PASS,Safe,Pass
C2601,ISRO-SCL-250217-07,Op-Amp IC,1,15.4,1.23,20.6,4.3,85.0,REJECT,Safe,Fail
C2602,ISRO-SCL-250113-02,MOSFET,1,19.3,1.54,24.0,1.1,85.0,REJECT,Safe,Fail
C2603,ISRO-SCL-250113-02,MOSFET,0,8.2,0.66,2.3,4.3,5.0,PASS,Safe,Pass
C2604,ISRO-SCL-250113-02,MOSFET,0,100.0,15.74,49.6,21.2,64.1,HOLD,Safe,Pass
C2605,ISRO-SCL-250310-10,Voltage Regulator IC,0,65.5,5.24,51.8,100.0,66.9,HOLD,Safe,Pass
C2606,ISRO-SCL-250120-03,Op-Amp IC,1,60.4,4.83,65.0,68.0,85.0,REJECT,Fail,Fail
C2607,ISRO-SCL-250113-02,MOSFET,0,9.4,0.75,1.9,9.7,6.4,PASS,Safe,Pass
C2608,ISRO-SCL-250127-04,Op-Amp IC,1,20.5,1.64,28.0,16.8,85.0,REJECT,Safe,Fail
C2609,ISRO-SCL-250407-14,MOSFET,0,14.3,1.14,6.2,6.8,9.6,PASS,Safe,Pass
C2610,ISRO-SCL-250421-16,MOSFET,0,16.9,1.35,16.5,5.4,14.4,PASS,Safe,Pass
C2611,ISRO-SCL-250310-10,Voltage Regulator IC,1,13.2,1.06,20.6,4.4,85.0,REJECT,Fail,Fail
C2612,ISRO-SCL-250414-15,Digital Logic IC,0,100.0,8.98,69.8,48.1,77.5,HOLD,Fail,Pass
C2613,ISRO-SCL-250421-16,MOSFET,0,14.3,1.15,18.0,6.3,14.2,PASS,Safe,Pass
C2614,ISRO-SCL-250421-16,MOSFET,0,19.4,1.55,12.6,2.0,13.2,PASS,Safe,Pass
C2615,ISRO-SCL-250421-16,MOSFET,0,15.4,1.23,17.8,6.3,14.6,PASS,Safe,Pass
C2616,ISRO-SCL-250428-17,Voltage Regulator IC,0,23.5,1.88,23.6,2.0,19.3,PASS,Safe,Pass
C2617,ISRO-SCL-250120-03,Op-Amp IC,1,15.0,1.2,18.0,3.6,85.0,REJECT,Safe,Fail
C2618,ISRO-SCL-250106-01,MOSFET,0,16.8,1.34,6.9,4.5,10.4,PASS,Safe,Pass
C2619,ISRO-SCL-250127-04,Op-Amp IC,0,27.6,2.21,26.8,48.4,31.4,MONITOR,Fail,Pass
C2620,ISRO-SCL-250210-06,MOSFET,0,47.4,3.79,20.1,23.5,31.7,MONITOR,Safe,Pass
C2621,ISRO-SCL-250331-13,Voltage Regulator IC,0,9.7,0.78,4.5,11.6,8.0,PASS,Safe,Pass
C2622,ISRO-SCL-250120-03,Op-Amp IC,0,15.9,1.27,35.0,21.2,24.6,PASS,Borderline,Pass
C2623,ISRO-SCL-250428-17,Voltage Regulator IC,0,16.9,1.35,24.1,5.1,17.4,PASS,Safe,Pass
C2624,ISRO-SCL-250106-01,MOSFET,1,13.7,1.09,16.0,3.8,85.0,REJECT,Safe,Fail
C2625,ISRO-SCL-250421-16,MOSFET,0,18.3,1.46,6.9,3.5,10.8,PASS,Safe,Pass
C2626,ISRO-SCL-250331-13,Voltage Regulator IC,0,14.5,1.16,10.6,15.9,13.2,PASS,Safe,Pass
C2627,ISRO-SCL-250203-05,Digital Logic IC,0,11.6,0.93,4.1,1.7,6.6,PASS,Safe,Pass
C2628,ISRO-SCL-250203-05,Digital Logic IC,0,15.3,1.23,18.2,5.9,14.6,PASS,Safe,Pass
C2629,ISRO-SCL-250310-10,Voltage Regulator IC,0,25.7,2.06,10.9,14.9,17.6,PASS,Borderline,Pass
C2630,ISRO-SCL-250217-07,Op-Amp IC,0,7.7,0.61,3.0,7.2,5.7,PASS,Safe,Pass
C2631,ISRO-SCL-250407-14,MOSFET,1,43.1,3.45,45.6,49.7,85.0,REJECT,Fail,Fail
C2632,ISRO-SCL-250505-18,Op-Amp IC,0,22.1,1.77,2.7,11.6,12.2,PASS,Safe,Pass
C2633,ISRO-SCL-250113-02,MOSFET,0,13.4,1.07,7.0,3.6,8.9,PASS,Safe,Pass
C2634,ISRO-SCL-250113-02,MOSFET,1,16.0,1.28,44.9,35.9,85.0,REJECT,Borderline,Fail
C2635,ISRO-SCL-250421-16,MOSFET,0,10.3,0.82,16.2,3.8,11.4,PASS,Safe,Pass
C2636,ISRO-SCL-250428-17,Voltage Regulator IC,0,19.7,1.57,15.6,21.0,18.3,PASS,Safe,Pass
C2637,ISRO-SCL-250113-02,MOSFET,0,8.9,0.72,1.5,8.3,5.8,PASS,Safe,Pass
C2638,ISRO-SCL-250106-01,MOSFET,0,39.3,3.14,17.7,45.3,31.9,MONITOR,Fail,Pass
C2639,ISRO-SCL-250303-09,Voltage Regulator IC,0,45.3,3.63,36.8,25.3,37.9,MONITOR,Borderline,Pass
C2640,ISRO-SCL-250203-05,Digital Logic IC,0,15.0,1.2,6.1,11.8,10.8,PASS,Safe,Pass
C2641,ISRO-SCL-250217-07,Op-Amp IC,0,35.2,2.81,37.1,19.4,32.8,MONITOR,Safe,Pass
C2642,ISRO-SCL-250317-11,Voltage Regulator IC,0,100.0,120.93,99.6,51.9,90.2,REJECT,Safe,Pass
C2643,ISRO-SCL-250127-04,Op-Amp IC,0,31.5,2.52,29.9,51.2,34.8,MONITOR,Fail,Pass
C2644,ISRO-SCL-250310-10,Voltage Regulator IC,1,11.2,0.9,0.0,8.4,85.0,REJECT,Fail,Fail
C2645,ISRO-SCL-250310-10,Voltage Regulator IC,0,21.1,1.69,32.5,20.7,25.6,PASS,Borderline,Pass
C2646,ISRO-SCL-250331-13,Voltage Regulator IC,0,12.5,1.0,8.2,18.4,11.9,PASS,Borderline,Pass
C2647,ISRO-SCL-250113-02,MOSFET,1,16.9,1.35,23.0,16.3,85.0,REJECT,Safe,Fail
C2648,ISRO-SCL-250414-15,Digital Logic IC,1,20.6,1.65,18.6,8.1,85.0,REJECT,Safe,Fail
C2649,ISRO-SCL-250224-08,MOSFET,0,13.1,1.04,4.5,1.8,7.4,PASS,Safe,Pass
C2650,ISRO-SCL-250217-07,Op-Amp IC,0,15.7,1.25,15.7,8.3,14.2,PASS,Safe,Pass
C2651,ISRO-SCL-250113-02,MOSFET,0,15.4,1.24,10.6,1.5,10.7,PASS,Safe,Pass
C2652,ISRO-SCL-250113-02,MOSFET,0,23.5,1.88,11.2,3.3,14.6,PASS,Safe,Pass
C2653,ISRO-SCL-250210-06,MOSFET,0,63.0,5.04,36.5,30.8,45.9,MONITOR,Fail,Pass
C2654,ISRO-SCL-250217-07,Op-Amp IC,0,16.5,1.32,11.7,21.9,15.7,PASS,Borderline,Pass
C2655,ISRO-SCL-250217-07,Op-Amp IC,0,18.1,1.45,23.3,5.3,17.6,PASS,Safe,Pass
C2656,ISRO-SCL-250414-15,Digital Logic IC,0,14.8,1.18,7.8,12.3,11.5,PASS,Safe,Pass
C2657,ISRO-SCL-250421-16,MOSFET,1,33.4,2.68,36.7,7.2,85.0,REJECT,Safe,Fail
C2658,ISRO-SCL-250310-10,Voltage Regulator IC,0,14.4,1.15,1.0,11.9,8.5,PASS,Safe,Pass
C2659,ISRO-SCL-250512-19,Op-Amp IC,0,12.8,1.02,5.6,13.3,10.0,PASS,Safe,Pass
C2660,ISRO-SCL-250414-15,Digital Logic IC,0,23.8,1.9,25.2,26.3,24.9,PASS,Fail,Pass
C2661,ISRO-SCL-250106-01,MOSFET,0,13.7,1.1,11.8,9.1,12.0,PASS,Safe,Pass
C2662,ISRO-SCL-250203-05,Digital Logic IC,0,20.2,1.62,10.5,7.0,13.7,PASS,Safe,Pass
C2663,ISRO-SCL-250407-14,MOSFET,0,34.7,2.77,58.6,15.1,40.3,MONITOR,Borderline,Pass
C2664,ISRO-SCL-250224-08,MOSFET,0,12.8,1.02,8.6,3.8,9.3,PASS,Safe,Pass
C2665,ISRO-SCL-250106-01,MOSFET,0,21.1,1.69,19.6,14.1,19.1,PASS,Borderline,Pass
C2666,ISRO-SCL-250113-02,MOSFET,0,100.0,14.2,48.9,10.4,61.7,HOLD,Safe,Pass
C2667,ISRO-SCL-250203-05,Digital Logic IC,0,58.1,4.65,30.4,19.3,39.2,MONITOR,Safe,Pass
C2668,ISRO-SCL-250120-03,Op-Amp IC,0,30.0,2.4,22.5,47.4,30.5,MONITOR,Fail,Pass
C2669,ISRO-SCL-250210-06,MOSFET,1,100.0,10.35,58.2,99.4,85.0,REJECT,Fail,Fail
C2670,ISRO-SCL-250310-10,Voltage Regulator IC,0,11.0,0.88,4.2,2.6,6.6,PASS,Safe,Pass
C2671,ISRO-SCL-250310-10,Voltage Regulator IC,0,11.1,0.89,6.9,4.5,8.1,PASS,Safe,Pass
C2672,ISRO-SCL-250519-20,Voltage Regulator IC,0,17.4,1.39,10.8,5.3,12.4,PASS,Safe,Pass
C2673,ISRO-SCL-250224-08,MOSFET,0,18.5,1.48,7.7,7.3,11.9,PASS,Safe,Pass
C2674,ISRO-SCL-250203-05,Digital Logic IC,1,15.0,1.2,23.5,12.6,85.0,REJECT,Safe,Fail
C2675,ISRO-SCL-250331-13,Voltage Regulator IC,0,30.1,2.41,14.7,14.6,20.8,PASS,Fail,Pass
C2676,ISRO-SCL-250310-10,Voltage Regulator IC,0,11.0,0.88,0.0,8.6,6.1,PASS,Safe,Pass
C2677,ISRO-SCL-250120-03,Op-Amp IC,0,14.6,1.17,14.6,11.3,14.0,PASS,Safe,Pass
C2678,ISRO-SCL-250407-14,MOSFET,1,100.0,9.05,88.3,82.6,91.8,REJECT,Fail,Fail
C2679,ISRO-SCL-250310-10,Voltage Regulator IC,1,36.8,2.94,12.4,18.8,85.0,REJECT,Borderline,Fail
C2680,ISRO-SCL-250203-05,Digital Logic IC,0,18.5,1.48,18.8,18.6,18.6,PASS,Safe,Pass
C2681,ISRO-SCL-250324-12,Op-Amp IC,1,45.1,3.61,46.3,20.5,85.0,REJECT,Fail,Fail
C2682,ISRO-SCL-250428-17,Voltage Regulator IC,0,14.2,1.14,3.9,6.0,8.5,PASS,Safe,Pass
C2683,ISRO-SCL-250310-10,Voltage Regulator IC,0,16.9,1.35,15.9,13.5,15.8,PASS,Safe,Pass
C2684,ISRO-SCL-250512-19,Op-Amp IC,0,23.6,1.89,10.2,25.1,18.5,PASS,Borderline,Pass
C2685,ISRO-SCL-250106-01,MOSFET,1,66.2,5.3,30.5,52.6,85.0,REJECT,Fail,Fail
C2686,ISRO-SCL-250203-05,Digital Logic IC,1,17.2,1.38,23.0,5.2,85.0,REJECT,Safe,Fail
C2687,ISRO-SCL-250224-08,MOSFET,0,30.3,2.42,40.5,7.2,29.8,PASS,Borderline,Pass
C2688,ISRO-SCL-250113-02,MOSFET,1,13.4,1.07,14.8,11.1,85.0,REJECT,Fail,Fail
C2689,ISRO-SCL-250407-14,MOSFET,0,48.0,3.84,48.1,69.4,52.3,MONITOR,Fail,Pass
C2690,ISRO-SCL-250303-09,Voltage Regulator IC,0,10.6,0.85,8.6,9.1,9.5,PASS,Safe,Pass
C2691,ISRO-SCL-250203-05,Digital Logic IC,0,11.9,0.95,4.8,5.7,7.8,PASS,Safe,Pass
C2692,ISRO-SCL-250414-15,Digital Logic IC,0,31.6,2.53,24.4,23.8,27.1,PASS,Fail,Pass
C2693,ISRO-SCL-250519-20,Voltage Regulator IC,0,15.6,1.25,10.2,4.7,11.3,PASS,Safe,Pass
C2694,ISRO-SCL-250407-14,MOSFET,0,25.8,2.06,23.2,26.6,24.9,PASS,Borderline,Pass
C2695,ISRO-SCL-250414-15,Digital Logic IC,1,61.8,4.94,45.8,45.4,85.0,REJECT,Fail,Fail
C2696,ISRO-SCL-250407-14,MOSFET,0,33.6,2.69,32.4,23.9,31.2,MONITOR,Fail,Pass
C2697,ISRO-SCL-250127-04,Op-Amp IC,0,12.3,0.99,14.4,42.8,19.2,PASS,Fail,Pass
C2698,ISRO-SCL-250407-14,MOSFET,1,14.6,1.17,12.3,7.0,85.0,REJECT,Safe,Fail
C2699,ISRO-SCL-250210-06,MOSFET,0,14.9,1.19,18.7,9.0,15.2,PASS,Safe,Pass
C2700,ISRO-SCL-250113-02,MOSFET,0,14.8,1.19,2.9,6.0,8.3,PASS,Safe,Pass
C2701,ISRO-SCL-250127-04,Op-Amp IC,0,10.3,0.82,2.1,12.8,7.5,PASS,Safe,Pass
C2702,ISRO-SCL-250127-04,Op-Amp IC,0,22.1,1.77,17.9,34.3,22.9,PASS,Fail,Pass
C2703,ISRO-SCL-250414-15,Digital Logic IC,0,100.0,11.14,100.0,100.0,100.0,REJECT,Fail,Pass
C2704,ISRO-SCL-250127-04,Op-Amp IC,0,15.9,1.27,6.4,7.8,10.5,PASS,Safe,Pass
C2705,ISRO-SCL-250310-10,Voltage Regulator IC,0,15.3,1.22,14.6,17.0,15.3,PASS,Safe,Pass
C2706,ISRO-SCL-250303-09,Voltage Regulator IC,1,17.0,1.36,16.5,8.0,85.0,REJECT,Safe,Fail
C2707,ISRO-SCL-250407-14,MOSFET,0,16.9,1.35,19.1,27.4,19.9,PASS,Borderline,Pass
C2708,ISRO-SCL-250224-08,MOSFET,0,14.3,1.15,8.5,4.7,10.1,PASS,Safe,Pass
C2709,ISRO-SCL-250120-03,Op-Amp IC,0,22.5,1.8,26.5,14.7,22.5,PASS,Borderline,Pass
C2710,ISRO-SCL-250217-07,Op-Amp IC,0,11.8,0.94,18.9,6.3,13.5,PASS,Safe,Pass
C2711,ISRO-SCL-250505-18,Op-Amp IC,0,13.4,1.07,20.6,14.1,16.4,PASS,Borderline,Pass
C2712,ISRO-SCL-250210-06,MOSFET,0,11.3,0.9,1.1,6.9,6.3,PASS,Safe,Pass
C2713,ISRO-SCL-250217-07,Op-Amp IC,0,18.1,1.45,42.8,24.1,29.2,PASS,Borderline,Pass
C2714,ISRO-SCL-250113-02,MOSFET,0,16.2,1.3,15.0,22.1,16.9,PASS,Borderline,Pass
C2715,ISRO-SCL-250310-10,Voltage Regulator IC,0,12.7,1.02,8.6,19.2,12.3,PASS,Borderline,Pass
C2716,ISRO-SCL-250224-08,MOSFET,0,24.8,1.98,12.4,15.3,17.9,PASS,Safe,Pass
C2717,ISRO-SCL-250224-08,MOSFET,0,16.7,1.33,41.3,9.6,25.1,PASS,Safe,Pass
C2718,ISRO-SCL-250217-07,Op-Amp IC,0,15.0,1.2,8.8,11.2,11.8,PASS,Safe,Pass
C2719,ISRO-SCL-250113-02,MOSFET,0,41.4,3.31,8.8,16.7,23.4,PASS,Borderline,Pass
C2720,ISRO-SCL-250331-13,Voltage Regulator IC,1,37.0,2.96,16.0,23.5,85.0,REJECT,Fail,Fail
C2721,ISRO-SCL-250512-19,Op-Amp IC,1,15.9,1.27,20.7,9.5,85.0,REJECT,Safe,Fail
C2722,ISRO-SCL-250331-13,Voltage Regulator IC,0,13.1,1.04,2.3,16.1,9.3,PASS,Safe,Pass
C2723,ISRO-SCL-250407-14,MOSFET,0,19.6,1.57,17.5,15.2,17.9,PASS,Safe,Pass
C2724,ISRO-SCL-250113-02,MOSFET,0,11.3,0.9,12.1,9.5,11.3,PASS,Safe,Pass
C2725,ISRO-SCL-250303-09,Voltage Regulator IC,0,21.8,1.74,23.0,16.4,21.2,PASS,Safe,Pass
C2726,ISRO-SCL-250203-05,Digital Logic IC,0,16.9,1.35,20.1,9.8,16.7,PASS,Safe,Pass
C2727,ISRO-SCL-250310-10,Voltage Regulator IC,0,22.5,1.8,20.9,9.9,19.3,PASS,Safe,Pass
C2728,ISRO-SCL-250331-13,Voltage Regulator IC,1,12.7,1.01,16.2,10.6,85.0,REJECT,Safe,Fail
C2729,ISRO-SCL-250210-06,MOSFET,1,68.0,5.44,47.4,28.2,85.0,REJECT,Borderline,Fail
C2730,ISRO-SCL-250127-04,Op-Amp IC,0,22.1,1.77,17.0,27.6,21.2,PASS,Fail,Pass
C2731,ISRO-SCL-250203-05,Digital Logic IC,0,31.1,2.49,6.0,13.0,17.4,PASS,Safe,Pass
C2732,ISRO-SCL-250331-13,Voltage Regulator IC,0,17.6,1.41,3.2,15.3,11.4,PASS,Safe,Pass
C2733,ISRO-SCL-250310-10,Voltage Regulator IC,0,11.5,0.92,7.9,6.8,9.1,PASS,Fail,Pass
C2734,ISRO-SCL-250203-05,Digital Logic IC,1,68.4,5.47,19.6,25.8,85.0,REJECT,Borderline,Fail
C2735,ISRO-SCL-250106-01,MOSFET,1,28.6,2.29,41.5,21.5,85.0,REJECT,Fail,Fail
C2736,ISRO-SCL-250303-09,Voltage Regulator IC,0,13.0,1.04,7.8,12.7,10.9,PASS,Safe,Pass
C2737,ISRO-SCL-250303-09,Voltage Regulator IC,0,30.8,2.46,22.0,28.6,26.8,PASS,Borderline,Pass
C2738,ISRO-SCL-250512-19,Op-Amp IC,0,9.3,0.74,9.7,14.7,10.5,PASS,Safe,Pass
C2739,ISRO-SCL-250414-15,Digital Logic IC,1,100.0,11.28,96.8,83.7,95.4,REJECT,Fail,Fail
C2740,ISRO-SCL-250217-07,Op-Amp IC,0,19.8,1.58,13.7,4.7,14.3,PASS,Safe,Pass
C2741,ISRO-SCL-250127-04,Op-Amp IC,0,16.9,1.35,16.4,30.1,19.3,PASS,Borderline,Pass
C2742,ISRO-SCL-250203-05,Digital Logic IC,0,15.1,1.21,23.4,15.5,18.5,PASS,Safe,Pass
C2743,ISRO-SCL-250421-16,MOSFET,0,100.0,9.67,68.0,90.7,85.3,REJECT,Safe,Pass
C2744,ISRO-SCL-250224-08,MOSFET,0,11.8,0.94,20.6,16.7,16.3,PASS,Safe,Pass
C2745,ISRO-SCL-250113-02,MOSFET,0,26.1,2.09,17.8,16.5,20.9,PASS,Safe,Pass
C2746,ISRO-SCL-250317-11,Voltage Regulator IC,0,11.5,0.92,17.8,26.2,17.0,PASS,Borderline,Pass
C2747,ISRO-SCL-250421-16,MOSFET,1,17.9,1.43,22.4,4.6,85.0,REJECT,Safe,Fail
C2748,ISRO-SCL-250113-02,MOSFET,0,9.2,0.74,3.3,6.2,6.2,PASS,Safe,Pass
C2749,ISRO-SCL-250113-02,MOSFET,0,100.0,12.91,42.2,10.7,59.0,MONITOR,Safe,Pass
C2750,ISRO-SCL-250106-01,MOSFET,0,15.4,1.23,23.2,14.3,18.3,PASS,Safe,Pass
C2751,ISRO-SCL-250505-18,Op-Amp IC,1,16.9,1.35,20.1,0.4,85.0,REJECT,Safe,Fail
C2752,ISRO-SCL-250203-05,Digital Logic IC,1,22.7,1.81,29.3,1.7,85.0,REJECT,Safe,Fail
C2753,ISRO-SCL-250217-07,Op-Amp IC,0,14.8,1.19,18.7,18.6,17.1,PASS,Safe,Pass
C2754,ISRO-SCL-250310-10,Voltage Regulator IC,0,21.7,1.74,14.3,15.0,17.4,PASS,Safe,Pass
C2755,ISRO-SCL-250217-07,Op-Amp IC,0,19.8,1.58,18.3,11.1,17.5,PASS,Safe,Pass
C2756,ISRO-SCL-250210-06,MOSFET,0,13.1,1.04,19.5,5.8,14.2,PASS,Safe,Pass
C2757,ISRO-SCL-250203-05,Digital Logic IC,0,20.2,1.62,6.4,7.5,12.1,PASS,Safe,Pass
C2758,ISRO-SCL-250217-07,Op-Amp IC,0,18.1,1.45,10.2,8.3,13.0,PASS,Safe,Pass
C2759,ISRO-SCL-250106-01,MOSFET,0,47.1,3.77,33.1,57.0,43.5,MONITOR,Fail,Pass
C2760,ISRO-SCL-250127-04,Op-Amp IC,0,14.7,1.18,23.2,26.7,20.5,PASS,Borderline,Pass
C2761,ISRO-SCL-250303-09,Voltage Regulator IC,0,12.0,0.96,4.6,18.6,10.4,PASS,Safe,Pass
C2762,ISRO-SCL-250120-03,Op-Amp IC,0,13.3,1.07,13.1,2.8,11.1,PASS,Safe,Pass
C2763,ISRO-SCL-250217-07,Op-Amp IC,0,45.8,3.67,26.1,33.8,35.5,MONITOR,Fail,Pass
C2764,ISRO-SCL-250324-12,Op-Amp IC,0,20.4,1.63,24.1,31.3,24.1,PASS,Borderline,Pass
C2765,ISRO-SCL-250414-15,Digital Logic IC,0,12.6,1.01,27.0,22.9,20.5,PASS,Borderline,Pass
C2766,ISRO-SCL-250210-06,MOSFET,1,50.8,4.06,27.7,24.6,85.0,REJECT,Fail,Fail
C2767,ISRO-SCL-250414-15,Digital Logic IC,0,12.6,1.01,15.8,4.0,12.2,PASS,Safe,Pass
C2768,ISRO-SCL-250407-14,MOSFET,1,13.3,1.07,15.1,2.5,85.0,REJECT,Safe,Fail
C2769,ISRO-SCL-250217-07,Op-Amp IC,0,13.1,1.05,7.5,5.0,9.2,PASS,Safe,Pass
C2770,ISRO-SCL-250310-10,Voltage Regulator IC,0,13.7,1.09,18.0,3.5,13.4,PASS,Safe,Pass
C2771,ISRO-SCL-250203-05,Digital Logic IC,0,100.0,23.91,90.1,100.0,96.1,REJECT,Safe,Pass
C2772,ISRO-SCL-250331-13,Voltage Regulator IC,0,26.0,2.08,26.7,27.0,26.5,PASS,Borderline,Pass
C2773,ISRO-SCL-250505-18,Op-Amp IC,0,21.9,1.75,7.0,11.0,13.8,PASS,Safe,Pass
C2774,ISRO-SCL-250407-14,MOSFET,0,19.9,1.59,34.1,26.3,26.9,PASS,Fail,Pass
C2775,ISRO-SCL-250303-09,Voltage Regulator IC,0,24.8,1.99,18.4,26.5,22.6,PASS,Safe,Pass
C2776,ISRO-SCL-250127-04,Op-Amp IC,0,10.8,0.86,5.6,12.9,9.1,PASS,Safe,Pass
C2777,ISRO-SCL-250203-05,Digital Logic IC,0,15.7,1.25,11.5,4.1,11.7,PASS,Safe,Pass
C2778,ISRO-SCL-250421-16,MOSFET,0,16.9,1.35,1.3,23.1,11.9,PASS,Safe,Pass
C2779,ISRO-SCL-250421-16,MOSFET,0,16.9,1.35,8.8,15.0,13.3,PASS,Safe,Pass
C2780,ISRO-SCL-250317-11,Voltage Regulator IC,0,13.1,1.05,12.7,42.5,18.8,PASS,Fail,Pass
C2781,ISRO-SCL-250519-20,Voltage Regulator IC,0,20.5,1.64,16.1,22.4,19.1,PASS,Borderline,Pass
C2782,ISRO-SCL-250331-13,Voltage Regulator IC,1,14.2,1.13,3.6,5.8,85.0,REJECT,Fail,Fail
C2783,ISRO-SCL-250324-12,Op-Amp IC,1,48.5,3.88,75.5,59.2,85.0,REJECT,Fail,Fail
C2784,ISRO-SCL-250414-15,Digital Logic IC,0,11.3,0.9,16.3,28.5,16.8,PASS,Borderline,Pass
C2785,ISRO-SCL-250331-13,Voltage Regulator IC,0,15.2,1.21,12.3,20.5,15.1,PASS,Borderline,Pass
C2786,ISRO-SCL-250310-10,Voltage Regulator IC,0,12.2,0.98,1.9,26.1,10.9,PASS,Borderline,Pass
C2787,ISRO-SCL-250310-10,Voltage Regulator IC,0,17.1,1.37,22.3,3.0,16.4,PASS,Safe,Pass
C2788,ISRO-SCL-250310-10,Voltage Regulator IC,0,22.8,1.82,11.4,13.0,16.3,PASS,Safe,Pass
C2789,ISRO-SCL-250203-05,Digital Logic IC,0,30.4,2.43,35.4,11.8,28.7,PASS,Safe,Pass
C2790,ISRO-SCL-250421-16,MOSFET,0,17.4,1.39,24.4,7.1,18.1,PASS,Safe,Pass
C2791,ISRO-SCL-250310-10,Voltage Regulator IC,0,16.9,1.35,9.1,18.4,14.1,PASS,Borderline,Pass
C2792,ISRO-SCL-250407-14,MOSFET,1,13.8,1.1,7.5,11.6,85.0,REJECT,Fail,Fail
C2793,ISRO-SCL-250224-08,MOSFET,1,100.0,10.84,57.0,40.7,85.0,REJECT,Fail,Fail
C2794,ISRO-SCL-250407-14,MOSFET,0,47.8,3.82,45.2,39.9,45.2,MONITOR,Fail,Pass
C2795,ISRO-SCL-250203-05,Digital Logic IC,0,18.0,1.44,28.8,6.9,20.1,PASS,Safe,Pass
C2796,ISRO-SCL-250217-07,Op-Amp IC,0,100.0,10.5,48.2,16.3,62.5,HOLD,Safe,Pass
C2797,ISRO-SCL-250224-08,MOSFET,1,18.3,1.46,26.9,4.2,85.0,REJECT,Fail,Fail
C2798,ISRO-SCL-250407-14,MOSFET,0,17.6,1.41,15.7,4.1,14.1,PASS,Safe,Pass
C2799,ISRO-SCL-250127-04,Op-Amp IC,0,18.7,1.5,7.7,16.7,13.9,PASS,Borderline,Pass
C2800,ISRO-SCL-250317-11,Voltage Regulator IC,0,14.9,1.2,17.4,23.0,17.5,PASS,Borderline,Pass
C2801,ISRO-SCL-250414-15,Digital Logic IC,1,16.9,1.35,21.8,28.9,85.0,REJECT,Fail,Fail
C2802,ISRO-SCL-250120-03,Op-Amp IC,0,19.7,1.57,8.1,21.2,15.3,PASS,Borderline,Pass
C2803,ISRO-SCL-250120-03,Op-Amp IC,0,15.0,1.2,5.6,2.9,8.8,PASS,Safe,Pass
C2804,ISRO-SCL-250414-15,Digital Logic IC,1,16.4,1.31,17.3,1.5,85.0,REJECT,Safe,Fail
C2805,ISRO-SCL-250407-14,MOSFET,0,12.6,1.01,10.7,18.3,13.0,PASS,Safe,Pass
C2806,ISRO-SCL-250127-04,Op-Amp IC,0,9.5,0.76,6.5,9.1,8.2,PASS,Safe,Pass
C2807,ISRO-SCL-250421-16,MOSFET,0,12.8,1.02,6.5,11.8,10.1,PASS,Safe,Pass
C2808,ISRO-SCL-250512-19,Op-Amp IC,0,12.5,1.0,9.6,7.7,10.4,PASS,Safe,Pass
C2809,ISRO-SCL-250317-11,Voltage Regulator IC,0,17.6,1.41,11.1,7.6,13.0,PASS,Safe,Pass
C2810,ISRO-SCL-250113-02,MOSFET,1,16.8,1.34,23.2,5.8,85.0,REJECT,Safe,Fail
C2811,ISRO-SCL-250203-05,Digital Logic IC,0,100.0,10.5,45.2,3.3,58.7,MONITOR,Safe,Pass
C2812,ISRO-SCL-250310-10,Voltage Regulator IC,0,7.0,0.56,1.0,13.7,5.9,PASS,Safe,Pass
C2813,ISRO-SCL-250127-04,Op-Amp IC,0,15.2,1.21,10.9,16.7,13.8,PASS,Borderline,Pass
C2814,ISRO-SCL-250512-19,Op-Amp IC,0,9.8,0.78,6.9,15.9,9.9,PASS,Safe,Pass
C2815,ISRO-SCL-250217-07,Op-Amp IC,0,26.7,2.14,14.8,24.7,21.5,PASS,Borderline,Pass
C2816,ISRO-SCL-250113-02,MOSFET,1,28.7,2.29,34.7,4.5,85.0,REJECT,Safe,Fail
C2817,ISRO-SCL-250407-14,MOSFET,0,21.4,1.71,17.3,22.1,19.9,PASS,Borderline,Pass
C2818,ISRO-SCL-250310-10,Voltage Regulator IC,0,16.9,1.35,16.6,4.6,14.3,PASS,Safe,Pass
C2819,ISRO-SCL-250127-04,Op-Amp IC,0,11.7,0.93,6.6,9.2,9.2,PASS,Safe,Pass
C2820,ISRO-SCL-250113-02,MOSFET,0,16.2,1.3,4.7,3.6,9.1,PASS,Safe,Pass
C2821,ISRO-SCL-250127-04,Op-Amp IC,0,13.4,1.07,22.1,34.0,21.0,PASS,Borderline,Pass
C2822,ISRO-SCL-250113-02,MOSFET,0,10.2,0.82,3.7,7.1,7.0,PASS,Safe,Pass
C2823,ISRO-SCL-250113-02,MOSFET,0,14.3,1.15,2.9,3.7,7.7,PASS,Safe,Pass
C2824,ISRO-SCL-250224-08,MOSFET,0,16.4,1.31,30.6,11.9,21.2,PASS,Safe,Pass
C2825,ISRO-SCL-250210-06,MOSFET,0,15.9,1.28,41.3,11.3,25.2,PASS,Safe,Pass
C2826,ISRO-SCL-250310-10,Voltage Regulator IC,0,12.6,1.01,6.6,19.5,11.6,PASS,Safe,Pass
C2827,ISRO-SCL-250217-07,Op-Amp IC,0,26.8,2.14,39.9,29.9,32.6,MONITOR,Borderline,Pass
C2828,ISRO-SCL-250120-03,Op-Amp IC,0,19.2,1.54,6.9,8.3,12.1,PASS,Safe,Pass
C2829,ISRO-SCL-250217-07,Op-Amp IC,0,8.5,0.68,4.2,9.9,7.1,PASS,Safe,Pass
C2830,ISRO-SCL-250407-14,MOSFET,0,15.9,1.27,22.5,19.5,19.3,PASS,Fail,Pass
C2831,ISRO-SCL-250310-10,Voltage Regulator IC,0,69.4,5.55,19.5,33.0,42.2,MONITOR,Borderline,Pass
C2832,ISRO-SCL-250113-02,MOSFET,0,12.5,1.0,13.1,3.0,10.9,PASS,Safe,Pass
C2833,ISRO-SCL-250217-07,Op-Amp IC,0,19.3,1.54,45.6,1.2,26.2,PASS,Safe,Pass
C2834,ISRO-SCL-250113-02,MOSFET,0,15.0,1.2,19.9,21.1,18.2,PASS,Safe,Pass
C2835,ISRO-SCL-250407-14,MOSFET,0,39.3,3.15,41.4,24.4,37.2,MONITOR,Fail,Pass
C2836,ISRO-SCL-250106-01,MOSFET,0,11.6,0.93,3.3,12.6,8.5,PASS,Safe,Pass
C2837,ISRO-SCL-250519-20,Voltage Regulator IC,0,31.3,2.51,20.1,26.1,25.8,PASS,Fail,Pass
C2838,ISRO-SCL-250106-01,MOSFET,1,10.9,0.87,8.2,10.3,85.0,REJECT,Fail,Fail
C2839,ISRO-SCL-250127-04,Op-Amp IC,0,8.2,0.66,7.8,6.7,7.8,PASS,Safe,Pass
C2840,ISRO-SCL-250113-02,MOSFET,0,21.1,1.69,22.3,10.0,19.4,PASS,Safe,Pass
C2841,ISRO-SCL-250407-14,MOSFET,1,60.1,4.81,55.9,46.8,85.0,REJECT,Fail,Fail
C2842,ISRO-SCL-250217-07,Op-Amp IC,1,18.1,1.45,23.0,8.8,85.0,REJECT,Safe,Fail
C2843,ISRO-SCL-250331-13,Voltage Regulator IC,0,18.9,1.51,9.8,4.7,12.4,PASS,Safe,Pass
C2844,ISRO-SCL-250317-11,Voltage Regulator IC,1,19.7,1.57,17.5,11.7,85.0,REJECT,Fail,Fail
C2845,ISRO-SCL-250512-19,Op-Amp IC,0,16.9,1.35,9.1,13.6,13.1,PASS,Safe,Pass
C2846,ISRO-SCL-250519-20,Voltage Regulator IC,0,25.8,2.06,34.3,20.5,28.1,PASS,Safe,Pass
C2847,ISRO-SCL-250210-06,MOSFET,0,19.1,1.52,9.0,13.2,13.9,PASS,Borderline,Pass
C2848,ISRO-SCL-250217-07,Op-Amp IC,0,19.3,1.54,17.2,16.0,17.8,PASS,Borderline,Pass
C2849,ISRO-SCL-250127-04,Op-Amp IC,0,17.0,1.36,8.7,14.3,13.2,PASS,Safe,Pass
C2850,ISRO-SCL-250421-16,MOSFET,0,20.8,1.66,17.4,16.5,18.6,PASS,Safe,Pass
C2851,ISRO-SCL-250217-07,Op-Amp IC,0,21.7,1.73,22.8,28.4,23.5,PASS,Borderline,Pass
C2852,ISRO-SCL-250310-10,Voltage Regulator IC,0,14.1,1.12,5.8,14.6,10.9,PASS,Safe,Pass
C2853,ISRO-SCL-250407-14,MOSFET,1,41.2,3.3,47.5,15.1,85.0,REJECT,Fail,Fail
C2854,ISRO-SCL-250331-13,Voltage Regulator IC,0,44.8,3.59,19.2,37.0,33.0,MONITOR,Borderline,Pass
C2855,ISRO-SCL-250106-01,MOSFET,0,40.1,3.21,44.2,93.4,52.4,MONITOR,Fail,Pass
C2856,ISRO-SCL-250217-07,Op-Amp IC,1,14.2,1.13,14.3,8.6,85.0,REJECT,Safe,Fail
C2857,ISRO-SCL-250331-13,Voltage Regulator IC,1,15.5,1.24,19.6,14.2,85.0,REJECT,Safe,Fail
C2858,ISRO-SCL-250414-15,Digital Logic IC,0,19.6,1.57,13.4,17.2,16.7,PASS,Safe,Pass
C2859,ISRO-SCL-250414-15,Digital Logic IC,0,14.4,1.15,13.1,10.3,13.1,PASS,Safe,Pass
C2860,ISRO-SCL-250113-02,MOSFET,1,16.9,1.35,7.1,11.0,85.0,REJECT,Safe,Fail
C2861,ISRO-SCL-250421-16,MOSFET,0,13.1,1.05,13.2,10.9,12.7,PASS,Safe,Pass
C2862,ISRO-SCL-250505-18,Op-Amp IC,0,11.5,0.92,7.7,6.5,9.0,PASS,Safe,Pass
C2863,ISRO-SCL-250310-10,Voltage Regulator IC,0,18.3,1.46,3.0,12.3,11.0,PASS,Safe,Pass
C2864,ISRO-SCL-250120-03,Op-Amp IC,1,55.3,4.42,71.7,48.4,85.0,REJECT,Fail,Fail
C2865,ISRO-SCL-250331-13,Voltage Regulator IC,1,11.3,0.9,11.2,5.8,85.0,REJECT,Safe,Fail
C2866,ISRO-SCL-250414-15,Digital Logic IC,1,31.7,2.54,40.7,25.8,85.0,REJECT,Fail,Fail
C2867,ISRO-SCL-250414-15,Digital Logic IC,1,17.9,1.43,34.4,7.7,85.0,REJECT,Safe,Fail
C2868,ISRO-SCL-250512-19,Op-Amp IC,1,86.3,6.9,60.7,65.0,85.0,REJECT,Fail,Fail
C2869,ISRO-SCL-250331-13,Voltage Regulator IC,0,14.3,1.15,4.5,31.5,13.8,PASS,Borderline,Pass
C2870,ISRO-SCL-250512-19,Op-Amp IC,0,21.3,1.7,11.5,33.7,19.8,PASS,Borderline,Pass
C2871,ISRO-SCL-250519-20,Voltage Regulator IC,0,69.6,5.56,61.0,31.8,58.6,MONITOR,Fail,Pass
C2872,ISRO-SCL-250303-09,Voltage Regulator IC,0,10.8,0.87,3.0,6.1,6.8,PASS,Safe,Pass
C2873,ISRO-SCL-250324-12,Op-Amp IC,0,13.7,1.1,24.5,4.0,16.1,PASS,Safe,Pass
C2874,ISRO-SCL-250519-20,Voltage Regulator IC,1,17.7,1.42,20.6,18.4,85.0,REJECT,Borderline,Fail
C2875,ISRO-SCL-250407-14,MOSFET,0,22.9,1.83,37.0,36.3,31.2,MONITOR,Fail,Pass
C2876,ISRO-SCL-250512-19,Op-Amp IC,1,17.7,1.42,34.0,2.1,85.0,REJECT,Fail,Fail
C2877,ISRO-SCL-250414-15,Digital Logic IC,0,19.1,1.53,26.5,26.5,23.5,PASS,Borderline,Pass
C2878,ISRO-SCL-250120-03,Op-Amp IC,0,7.3,0.58,0.3,8.5,4.7,PASS,Safe,Pass
C2879,ISRO-SCL-250113-02,MOSFET,0,11.6,0.93,8.6,12.6,10.6,PASS,Safe,Pass
C2880,ISRO-SCL-250203-05,Digital Logic IC,0,12.8,1.02,5.7,3.9,8.2,PASS,Safe,Pass
C2881,ISRO-SCL-250106-01,MOSFET,0,8.8,0.7,1.2,5.0,5.0,PASS,Safe,Pass
C2882,ISRO-SCL-250414-15,Digital Logic IC,0,15.3,1.22,11.7,7.0,12.2,PASS,Safe,Pass
C2883,ISRO-SCL-250120-03,Op-Amp IC,0,17.7,1.42,45.4,6.3,26.5,PASS,Borderline,Pass
C2884,ISRO-SCL-250127-04,Op-Amp IC,0,15.6,1.25,19.4,27.5,19.5,PASS,Safe,Pass
C2885,ISRO-SCL-250106-01,MOSFET,0,10.5,0.84,12.7,9.0,11.1,PASS,Safe,Pass
C2886,ISRO-SCL-250127-04,Op-Amp IC,0,14.2,1.13,11.6,20.1,14.3,PASS,Safe,Pass
C2887,ISRO-SCL-250331-13,Voltage Regulator IC,0,20.8,1.66,10.6,14.9,15.5,PASS,Safe,Pass
C2888,ISRO-SCL-250317-11,Voltage Regulator IC,0,100.0,8.84,31.9,14.2,55.6,MONITOR,Safe,Pass
C2889,ISRO-SCL-250113-02,MOSFET,0,85.3,6.82,20.2,27.2,47.6,MONITOR,Safe,Pass
C2890,ISRO-SCL-250210-06,MOSFET,0,15.7,1.26,19.0,7.5,15.4,PASS,Safe,Pass
C2891,ISRO-SCL-250127-04,Op-Amp IC,1,17.4,1.39,29.8,22.4,85.0,REJECT,Safe,Fail
C2892,ISRO-SCL-250414-15,Digital Logic IC,0,18.1,1.45,26.9,15.5,21.1,PASS,Borderline,Pass
C2893,ISRO-SCL-250428-17,Voltage Regulator IC,0,17.4,1.39,14.5,11.1,15.0,PASS,Borderline,Pass
C2894,ISRO-SCL-250224-08,MOSFET,0,23.9,1.91,13.1,1.1,15.0,PASS,Safe,Pass
C2895,ISRO-SCL-250303-09,Voltage Regulator IC,0,7.6,0.61,0.0,20.5,7.1,PASS,Safe,Pass
C2896,ISRO-SCL-250303-09,Voltage Regulator IC,0,15.7,1.25,9.6,12.2,12.6,PASS,Safe,Pass
C2897,ISRO-SCL-250421-16,MOSFET,0,12.9,1.03,4.8,11.3,9.3,PASS,Safe,Pass
C2898,ISRO-SCL-250428-17,Voltage Regulator IC,0,9.6,0.77,3.0,10.0,7.0,PASS,Safe,Pass
C2899,ISRO-SCL-250303-09,Voltage Regulator IC,0,14.1,1.13,19.4,9.0,15.2,PASS,Safe,Pass
C2900,ISRO-SCL-250120-03,Op-Amp IC,1,50.3,4.03,37.2,58.8,85.0,REJECT,Fail,Fail
C2901,ISRO-SCL-250127-04,Op-Amp IC,0,15.5,1.24,16.5,13.5,15.5,PASS,Safe,Pass
C2902,ISRO-SCL-250317-11,Voltage Regulator IC,0,18.6,1.49,33.9,32.4,27.5,PASS,Borderline,Pass
C2903,ISRO-SCL-250421-16,MOSFET,0,31.1,2.49,41.0,23.0,33.5,MONITOR,Borderline,Pass
C2904,ISRO-SCL-250407-14,MOSFET,0,18.7,1.5,16.1,6.2,15.2,PASS,Safe,Pass
C2905,ISRO-SCL-250210-06,MOSFET,0,21.1,1.69,13.4,1.3,14.0,PASS,Safe,Pass
C2906,ISRO-SCL-250113-02,MOSFET,0,24.9,1.99,16.2,17.0,19.9,PASS,Safe,Pass
C2907,ISRO-SCL-250106-01,MOSFET,0,14.2,1.13,5.4,5.8,9.0,PASS,Safe,Pass
C2908,ISRO-SCL-250512-19,Op-Amp IC,0,6.6,0.52,0.0,14.6,5.5,PASS,Safe,Pass
C2909,ISRO-SCL-250217-07,Op-Amp IC,0,8.6,0.69,5.3,8.8,7.3,PASS,Safe,Pass
C2910,ISRO-SCL-250217-07,Op-Amp IC,0,7.9,0.63,1.4,8.5,5.4,PASS,Safe,Pass
C2911,ISRO-SCL-250414-15,Digital Logic IC,0,11.6,0.93,4.0,4.7,7.2,PASS,Safe,Pass
C2912,ISRO-SCL-250120-03,Op-Amp IC,0,14.7,1.17,9.3,19.0,13.4,PASS,Borderline,Pass
C2913,ISRO-SCL-250414-15,Digital Logic IC,0,14.9,1.19,23.6,10.2,17.5,PASS,Safe,Pass
C2914,ISRO-SCL-250421-16,MOSFET,0,17.3,1.39,30.3,2.3,19.5,PASS,Safe,Pass
C2915,ISRO-SCL-250407-14,MOSFET,0,17.8,1.42,10.0,13.9,13.9,PASS,Fail,Pass
C2916,ISRO-SCL-250113-02,MOSFET,0,61.2,4.89,9.6,20.0,32.3,MONITOR,Borderline,Pass
C2917,ISRO-SCL-250317-11,Voltage Regulator IC,0,9.6,0.77,14.1,17.5,13.0,PASS,Borderline,Pass
C2918,ISRO-SCL-250303-09,Voltage Regulator IC,0,15.3,1.23,21.2,5.0,15.6,PASS,Safe,Pass
C2919,ISRO-SCL-250421-16,MOSFET,0,27.4,2.19,38.3,15.3,29.3,PASS,Safe,Pass
C2920,ISRO-SCL-250113-02,MOSFET,0,16.9,1.35,30.0,36.5,26.0,PASS,Borderline,Pass
C2921,ISRO-SCL-250224-08,MOSFET,0,14.1,1.12,9.6,17.8,13.0,PASS,Safe,Pass
C2922,ISRO-SCL-250127-04,Op-Amp IC,0,40.0,3.2,30.3,40.3,36.2,MONITOR,Fail,Pass
C2923,ISRO-SCL-250512-19,Op-Amp IC,0,48.7,3.9,25.7,18.8,33.5,MONITOR,Fail,Pass
C2924,ISRO-SCL-250106-01,MOSFET,0,7.8,0.62,0.0,9.5,5.0,PASS,Safe,Pass
C2925,ISRO-SCL-250217-07,Op-Amp IC,0,19.2,1.54,9.1,16.4,14.6,PASS,Safe,Pass
C2926,ISRO-SCL-250127-04,Op-Amp IC,0,17.2,1.38,30.2,24.6,23.9,PASS,Fail,Pass
C2927,ISRO-SCL-250127-04,Op-Amp IC,0,17.6,1.41,6.8,20.5,13.9,PASS,Fail,Pass
C2928,ISRO-SCL-250505-18,Op-Amp IC,0,29.5,2.36,11.5,15.7,19.5,PASS,Safe,Pass
C2929,ISRO-SCL-250120-03,Op-Amp IC,0,100.0,167.27,100.0,92.8,98.6,REJECT,Safe,Pass
C2930,ISRO-SCL-250317-11,Voltage Regulator IC,0,15.7,1.25,5.8,16.3,11.8,PASS,Fail,Pass
C2931,ISRO-SCL-250303-09,Voltage Regulator IC,1,79.3,6.35,56.8,44.0,85.0,REJECT,Fail,Fail
C2932,ISRO-SCL-250113-02,MOSFET,0,22.3,1.79,21.4,10.5,19.6,PASS,Safe,Pass
C2933,ISRO-SCL-250127-04,Op-Amp IC,0,48.5,3.88,48.5,16.5,42.1,MONITOR,Fail,Pass
C2934,ISRO-SCL-250113-02,MOSFET,0,21.6,1.73,25.1,27.3,24.1,PASS,Borderline,Pass
C2935,ISRO-SCL-250512-19,Op-Amp IC,0,16.7,1.34,21.9,32.2,21.9,PASS,Borderline,Pass
C2936,ISRO-SCL-250505-18,Op-Amp IC,0,16.9,1.35,6.2,9.1,11.1,PASS,Safe,Pass
C2937,ISRO-SCL-250407-14,MOSFET,0,14.6,1.17,5.2,15.7,11.1,PASS,Safe,Pass
C2938,ISRO-SCL-250120-03,Op-Amp IC,1,14.3,1.15,13.7,6.4,85.0,REJECT,Safe,Fail
C2939,ISRO-SCL-250113-02,MOSFET,1,56.1,4.49,21.9,20.8,85.0,REJECT,Safe,Fail
C2940,ISRO-SCL-250203-05,Digital Logic IC,0,13.4,1.07,7.5,15.5,11.5,PASS,Safe,Pass
C2941,ISRO-SCL-250127-04,Op-Amp IC,0,27.4,2.2,18.0,15.2,21.2,PASS,Borderline,Pass
C2942,ISRO-SCL-250127-04,Op-Amp IC,0,9.0,0.72,3.1,9.8,6.8,PASS,Safe,Pass
C2943,ISRO-SCL-250203-05,Digital Logic IC,0,33.3,2.67,17.3,15.2,23.3,PASS,Safe,Pass
C2944,ISRO-SCL-250113-02,MOSFET,0,16.9,1.35,12.9,4.1,12.7,PASS,Safe,Pass
C2945,ISRO-SCL-250217-07,Op-Amp IC,0,27.5,2.2,13.2,7.5,17.8,PASS,Safe,Pass
C2946,ISRO-SCL-250120-03,Op-Amp IC,0,12.2,0.97,1.5,19.0,9.3,PASS,Borderline,Pass
C2947,ISRO-SCL-250310-10,Voltage Regulator IC,0,16.5,1.32,7.6,15.7,12.8,PASS,Safe,Pass
C2948,ISRO-SCL-250407-14,MOSFET,0,14.8,1.18,14.1,47.4,21.0,PASS,Fail,Pass
C2949,ISRO-SCL-250414-15,Digital Logic IC,0,20.0,1.6,20.1,16.4,19.3,PASS,Borderline,Pass
C2950,ISRO-SCL-250414-15,Digital Logic IC,0,19.0,1.52,13.5,9.2,14.8,PASS,Safe,Pass
C2951,ISRO-SCL-250407-14,MOSFET,1,16.8,1.34,28.9,18.3,85.0,REJECT,Safe,Fail
C2952,ISRO-SCL-250421-16,MOSFET,0,13.9,1.11,19.8,5.1,14.5,PASS,Safe,Pass
C2953,ISRO-SCL-250331-13,Voltage Regulator IC,0,12.0,0.96,14.3,4.4,11.4,PASS,Safe,Pass
C2954,ISRO-SCL-250203-05,Digital Logic IC,0,21.3,1.71,29.5,9.6,22.3,PASS,Safe,Pass
C2955,ISRO-SCL-250113-02,MOSFET,0,14.1,1.12,11.0,25.9,15.2,PASS,Safe,Pass
C2956,ISRO-SCL-250512-19,Op-Amp IC,1,13.1,1.05,17.8,15.4,85.0,REJECT,Borderline,Fail
C2957,ISRO-SCL-250203-05,Digital Logic IC,0,20.2,1.62,6.3,3.1,11.2,PASS,Safe,Pass
C2958,ISRO-SCL-250324-12,Op-Amp IC,0,33.7,2.7,48.3,24.1,37.6,MONITOR,Fail,Pass
C2959,ISRO-SCL-250407-14,MOSFET,1,31.5,2.52,19.9,58.9,85.0,REJECT,Fail,Fail
C2960,ISRO-SCL-250210-06,MOSFET,0,17.1,1.37,12.8,6.2,13.2,PASS,Safe,Pass
C2961,ISRO-SCL-250113-02,MOSFET,0,35.9,2.87,3.0,18.0,19.2,PASS,Borderline,Pass
C2962,ISRO-SCL-250120-03,Op-Amp IC,0,16.9,1.35,17.0,1.4,13.8,PASS,Safe,Pass
C2963,ISRO-SCL-250217-07,Op-Amp IC,0,17.2,1.37,13.0,10.3,14.1,PASS,Safe,Pass
C2964,ISRO-SCL-250127-04,Op-Amp IC,0,7.4,0.59,7.1,16.5,9.1,PASS,Safe,Pass
C2965,ISRO-SCL-250120-03,Op-Amp IC,0,100.0,11.2,46.5,6.1,59.8,MONITOR,Safe,Pass
C2966,ISRO-SCL-250127-04,Op-Amp IC,0,10.7,0.86,7.8,14.1,10.2,PASS,Safe,Pass
C2967,ISRO-SCL-250512-19,Op-Amp IC,0,25.3,2.02,15.5,7.7,17.8,PASS,Safe,Pass
C2968,ISRO-SCL-250512-19,Op-Amp IC,0,11.2,0.9,2.2,4.1,6.2,PASS,Safe,Pass
C2969,ISRO-SCL-250224-08,MOSFET,0,25.7,2.06,12.8,1.4,15.7,PASS,Safe,Pass
C2970,ISRO-SCL-250113-02,MOSFET,1,14.2,1.14,11.2,6.5,85.0,REJECT,Safe,Fail
C2971,ISRO-SCL-250224-08,MOSFET,0,21.1,1.69,7.4,5.6,12.5,PASS,Safe,Pass
C2972,ISRO-SCL-250303-09,Voltage Regulator IC,1,13.2,1.06,7.6,7.5,85.0,REJECT,Fail,Fail
C2973,ISRO-SCL-250203-05,Digital Logic IC,0,55.6,4.45,41.1,22.1,43.1,MONITOR,Borderline,Pass
C2974,ISRO-SCL-250331-13,Voltage Regulator IC,1,19.2,1.53,24.1,5.5,85.0,REJECT,Safe,Fail
C2975,ISRO-SCL-250428-17,Voltage Regulator IC,0,33.2,2.65,38.5,39.7,36.6,MONITOR,Borderline,Pass
C2976,ISRO-SCL-250210-06,MOSFET,0,13.6,1.09,10.3,3.2,10.2,PASS,Safe,Pass
C2977,ISRO-SCL-250113-02,MOSFET,0,14.1,1.13,16.5,23.7,17.0,PASS,Fail,Pass
C2978,ISRO-SCL-250407-14,MOSFET,0,21.5,1.72,25.2,60.5,30.8,MONITOR,Fail,Pass
C2979,ISRO-SCL-250210-06,MOSFET,0,44.8,3.58,32.3,54.0,41.6,MONITOR,Safe,Pass
C2980,ISRO-SCL-250217-07,Op-Amp IC,0,12.8,1.02,7.9,15.1,11.3,PASS,Safe,Pass
C2981,ISRO-SCL-250210-06,MOSFET,0,16.9,1.35,2.9,8.6,9.6,PASS,Safe,Pass
C2982,ISRO-SCL-250127-04,Op-Amp IC,0,18.1,1.45,29.7,41.7,27.5,PASS,Borderline,Pass
C2983,ISRO-SCL-250113-02,MOSFET,0,14.4,1.15,5.3,11.3,10.1,PASS,Safe,Pass
C2984,ISRO-SCL-250113-02,MOSFET,0,46.0,3.68,33.5,30.7,37.9,MONITOR,Borderline,Pass
C2985,ISRO-SCL-250217-07,Op-Amp IC,1,14.6,1.17,28.6,7.4,85.0,REJECT,Safe,Fail
C2986,ISRO-SCL-250224-08,MOSFET,0,12.4,0.99,29.5,8.9,18.5,PASS,Safe,Pass
C2987,ISRO-SCL-250203-05,Digital Logic IC,0,7.1,0.57,1.0,2.8,3.8,PASS,Safe,Pass
C2988,ISRO-SCL-250127-04,Op-Amp IC,0,13.0,1.04,12.1,10.1,12.0,PASS,Safe,Pass
C2989,ISRO-SCL-250310-10,Voltage Regulator IC,0,10.7,0.86,5.8,4.5,7.5,PASS,Safe,Pass
C2990,ISRO-SCL-250310-10,Voltage Regulator IC,0,100.0,17.03,44.7,6.9,59.3,MONITOR,Safe,Pass
C2991,ISRO-SCL-250317-11,Voltage Regulator IC,0,15.5,1.24,26.3,25.7,21.9,PASS,Fail,Pass
C2992,ISRO-SCL-250512-19,Op-Amp IC,1,65.5,5.24,35.7,54.9,85.0,REJECT,Fail,Fail
C2993,ISRO-SCL-250106-01,MOSFET,0,40.0,3.2,26.7,41.2,34.9,MONITOR,Fail,Pass
C2994,ISRO-SCL-250414-15,Digital Logic IC,0,18.1,1.45,15.8,26.2,18.8,PASS,Borderline,Pass
C2995,ISRO-SCL-250310-10,Voltage Regulator IC,0,14.6,1.17,4.6,13.3,10.4,PASS,Safe,Pass
C2996,ISRO-SCL-250421-16,MOSFET,0,82.9,6.63,40.9,30.1,55.5,MONITOR,Fail,Pass
C2997,ISRO-SCL-250127-04,Op-Amp IC,1,13.9,1.11,26.9,24.2,85.0,REJECT,Borderline,Fail
C2998,ISRO-SCL-250113-02,MOSFET,0,13.5,1.08,7.6,15.7,11.6,PASS,Safe,Pass
C2999,ISRO-SCL-250317-11,Voltage Regulator IC,0,100.0,113.14,98.2,52.0,89.7,REJECT,Borderline,Pass
C3000,ISRO-SCL-250217-07,Op-Amp IC,0,24.1,1.93,22.7,1.6,19.0,PASS,Safe,Pass
C3001,ISRO-SCL-250217-07,Op-Amp IC,0,37.0,2.96,18.8,24.2,27.2,PASS,Fail,Pass
C3002,ISRO-SCL-250505-18,Op-Amp IC,0,11.7,0.94,8.0,1.5,8.2,PASS,Safe,Pass
C3003,ISRO-SCL-250120-03,Op-Amp IC,0,5.6,0.45,0.0,14.1,5.1,PASS,Safe,Pass
C3004,ISRO-SCL-250106-01,MOSFET,0,25.9,2.07,28.7,20.9,26.0,PASS,Safe,Pass
C3005,ISRO-SCL-250210-06,MOSFET,0,18.3,1.46,13.6,26.9,18.1,PASS,Safe,Pass
C3006,ISRO-SCL-250519-20,Voltage Regulator IC,0,31.3,2.51,26.6,29.8,29.1,PASS,Borderline,Pass
C3007,ISRO-SCL-250407-14,MOSFET,0,13.6,1.09,19.4,22.0,17.6,PASS,Borderline,Pass
C3008,ISRO-SCL-250414-15,Digital Logic IC,1,100.0,16.69,94.7,100.0,97.9,REJECT,Borderline,Fail
C3009,ISRO-SCL-250505-18,Op-Amp IC,1,17.9,1.43,13.6,7.4,85.0,REJECT,Fail,Fail
C3010,ISRO-SCL-250512-19,Op-Amp IC,0,10.5,0.84,3.9,9.7,7.7,PASS,Safe,Pass
C3011,ISRO-SCL-250324-12,Op-Amp IC,0,19.0,1.52,18.1,18.0,18.4,PASS,Borderline,Pass
C3012,ISRO-SCL-250210-06,MOSFET,0,18.3,1.46,21.5,12.4,18.4,PASS,Safe,Pass
C3013,ISRO-SCL-250310-10,Voltage Regulator IC,0,14.3,1.14,20.8,7.3,15.5,PASS,Safe,Pass
C3014,ISRO-SCL-250414-15,Digital Logic IC,0,17.1,1.36,12.8,22.4,16.4,PASS,Borderline,Pass
C3015,ISRO-SCL-250407-14,MOSFET,0,13.1,1.05,18.2,40.6,20.6,PASS,Fail,Pass
C3016,ISRO-SCL-250106-01,MOSFET,0,26.3,2.11,25.0,21.6,24.8,PASS,Borderline,Pass
C3017,ISRO-SCL-250113-02,MOSFET,0,15.2,1.22,10.0,18.4,13.7,PASS,Borderline,Pass
C3018,ISRO-SCL-250224-08,MOSFET,0,17.3,1.38,12.0,11.9,14.1,PASS,Safe,Pass
C3019,ISRO-SCL-250310-10,Voltage Regulator IC,1,15.2,1.22,10.1,10.6,85.0,REJECT,Safe,Fail
C3020,ISRO-SCL-250120-03,Op-Amp IC,0,13.6,1.09,26.5,34.7,23.0,PASS,Borderline,Pass
C3021,ISRO-SCL-250120-03,Op-Amp IC,1,100.0,13.69,97.4,100.0,98.9,REJECT,Fail,Fail
C3022,ISRO-SCL-250310-10,Voltage Regulator IC,0,14.1,1.12,11.0,2.2,10.5,PASS,Safe,Pass
C3023,ISRO-SCL-250217-07,Op-Amp IC,0,28.9,2.31,34.3,21.9,29.7,PASS,Fail,Pass
C3024,ISRO-SCL-250505-18,Op-Amp IC,0,12.1,0.97,12.2,1.9,10.1,PASS,Safe,Pass
C3025,ISRO-SCL-250127-04,Op-Amp IC,0,12.9,1.04,15.3,18.6,15.0,PASS,Safe,Pass
C3026,ISRO-SCL-250421-16,MOSFET,0,25.8,2.06,16.4,8.4,18.6,PASS,Safe,Pass
C3027,ISRO-SCL-250414-15,Digital Logic IC,0,11.3,0.9,4.1,8.0,7.8,PASS,Safe,Pass
C3028,ISRO-SCL-250407-14,MOSFET,0,8.4,0.67,5.1,29.8,11.4,PASS,Borderline,Pass
C3029,ISRO-SCL-250414-15,Digital Logic IC,1,19.1,1.53,39.1,10.6,85.0,REJECT,Safe,Fail
C3030,ISRO-SCL-250127-04,Op-Amp IC,0,12.5,1.0,3.5,3.0,7.0,PASS,Safe,Pass
C3031,ISRO-SCL-250421-16,MOSFET,0,16.3,1.31,30.5,9.5,20.6,PASS,Safe,Pass
C3032,ISRO-SCL-250224-08,MOSFET,0,35.1,2.81,38.9,18.8,33.4,MONITOR,Borderline,Pass
C3033,ISRO-SCL-250414-15,Digital Logic IC,1,16.9,1.35,16.8,2.7,85.0,REJECT,Safe,Fail
C3034,ISRO-SCL-250120-03,Op-Amp IC,0,18.0,1.44,9.1,19.8,14.8,PASS,Safe,Pass
C3035,ISRO-SCL-250113-02,MOSFET,1,17.1,1.37,27.9,22.1,85.0,REJECT,Safe,Fail
C3036,ISRO-SCL-250414-15,Digital Logic IC,0,11.0,0.88,7.0,16.5,10.5,PASS,Safe,Pass
C3037,ISRO-SCL-250512-19,Op-Amp IC,1,19.4,1.55,16.4,7.0,85.0,REJECT,Fail,Fail
C3038,ISRO-SCL-250113-02,MOSFET,0,25.5,2.04,10.3,14.4,17.2,PASS,Safe,Pass
C3039,ISRO-SCL-250210-06,MOSFET,0,7.8,0.62,0.2,10.2,5.2,PASS,Safe,Pass
C3040,ISRO-SCL-250407-14,MOSFET,1,37.1,2.97,64.5,38.9,85.0,REJECT,Fail,Fail
C3041,ISRO-SCL-250421-16,MOSFET,0,12.5,1.0,3.0,1.6,6.5,PASS,Safe,Pass
C3042,ISRO-SCL-250224-08,MOSFET,0,15.1,1.21,27.5,8.0,18.6,PASS,Safe,Pass
C3043,ISRO-SCL-250303-09,Voltage Regulator IC,1,16.3,1.3,13.9,5.7,85.0,REJECT,Safe,Fail
C3044,ISRO-SCL-250512-19,Op-Amp IC,0,24.4,1.95,38.8,39.4,33.1,MONITOR,Fail,Pass
C3045,ISRO-SCL-250407-14,MOSFET,0,5.7,0.45,6.1,14.4,7.6,PASS,Safe,Pass
C3046,ISRO-SCL-250303-09,Voltage Regulator IC,0,24.1,1.93,15.3,13.5,18.5,PASS,Borderline,Pass
C3047,ISRO-SCL-250407-14,MOSFET,0,9.7,0.78,13.0,42.8,17.6,PASS,Fail,Pass
C3048,ISRO-SCL-250512-19,Op-Amp IC,0,15.9,1.27,7.8,10.2,11.5,PASS,Safe,Pass
C3049,ISRO-SCL-250331-13,Voltage Regulator IC,0,38.6,3.09,33.8,23.9,33.8,MONITOR,Borderline,Pass
C3050,ISRO-SCL-250210-06,MOSFET,0,45.4,3.63,26.6,17.2,32.2,MONITOR,Borderline,Pass
C3051,ISRO-SCL-250120-03,Op-Amp IC,0,14.7,1.17,4.6,24.6,12.6,PASS,Borderline,Pass
C3052,ISRO-SCL-250127-04,Op-Amp IC,0,14.1,1.13,23.9,21.1,19.4,PASS,Fail,Pass
C3053,ISRO-SCL-250120-03,Op-Amp IC,0,21.4,1.71,19.2,23.0,20.8,PASS,Borderline,Pass
C3054,ISRO-SCL-250512-19,Op-Amp IC,0,28.8,2.31,18.2,19.5,22.7,PASS,Safe,Pass
C3055,ISRO-SCL-250407-14,MOSFET,0,32.3,2.58,19.1,33.4,27.2,PASS,Borderline,Pass
C3056,ISRO-SCL-250217-07,Op-Amp IC,0,16.5,1.32,20.3,0.6,14.8,PASS,Safe,Pass
C3057,ISRO-SCL-250324-12,Op-Amp IC,0,10.5,0.84,2.1,9.6,7.0,PASS,Safe,Pass
C3058,ISRO-SCL-250505-18,Op-Amp IC,0,38.8,3.1,13.1,13.0,23.3,PASS,Borderline,Pass
C3059,ISRO-SCL-250505-18,Op-Amp IC,0,13.5,1.08,9.2,6.8,10.4,PASS,Safe,Pass
C3060,ISRO-SCL-250210-06,MOSFET,0,16.9,1.35,11.1,12.1,13.6,PASS,Safe,Pass
C3061,ISRO-SCL-250106-01,MOSFET,0,32.7,2.61,33.1,44.6,35.2,MONITOR,Fail,Pass
C3062,ISRO-SCL-250106-01,MOSFET,0,15.9,1.27,12.3,8.0,12.9,PASS,Safe,Pass
C3063,ISRO-SCL-250331-13,Voltage Regulator IC,0,24.4,1.95,12.1,5.2,15.6,PASS,Safe,Pass
C3064,ISRO-SCL-250303-09,Voltage Regulator IC,0,13.4,1.07,6.5,12.3,10.4,PASS,Safe,Pass
C3065,ISRO-SCL-250421-16,MOSFET,1,19.6,1.57,30.7,6.0,85.0,REJECT,Fail,Fail
C3066,ISRO-SCL-250505-18,Op-Amp IC,0,13.5,1.08,16.3,4.5,12.8,PASS,Safe,Pass
C3067,ISRO-SCL-250310-10,Voltage Regulator IC,0,15.7,1.25,21.7,39.0,22.7,PASS,Borderline,Pass
C3068,ISRO-SCL-250203-05,Digital Logic IC,0,52.5,4.2,30.0,19.2,36.8,MONITOR,Safe,Pass
C3069,ISRO-SCL-250414-15,Digital Logic IC,0,34.6,2.77,43.1,24.5,36.0,MONITOR,Safe,Pass
C3070,ISRO-SCL-250106-01,MOSFET,0,28.9,2.31,15.6,24.5,22.7,PASS,Borderline,Pass
C3071,ISRO-SCL-250127-04,Op-Amp IC,0,7.1,0.57,1.3,10.6,5.5,PASS,Safe,Pass
C3072,ISRO-SCL-250310-10,Voltage Regulator IC,0,14.1,1.12,16.6,19.5,16.2,PASS,Borderline,Pass
C3073,ISRO-SCL-250203-05,Digital Logic IC,0,43.1,3.45,27.0,16.9,31.4,MONITOR,Borderline,Pass
C3074,ISRO-SCL-250505-18,Op-Amp IC,1,14.2,1.13,8.5,6.4,85.0,REJECT,Safe,Fail
C3075,ISRO-SCL-250127-04,Op-Amp IC,0,33.7,2.7,33.4,37.6,34.3,MONITOR,Fail,Pass
C3076,ISRO-SCL-250303-09,Voltage Regulator IC,0,13.2,1.06,9.9,12.1,11.7,PASS,Safe,Pass
C3077,ISRO-SCL-250120-03,Op-Amp IC,0,14.2,1.13,17.2,31.5,18.9,PASS,Borderline,Pass
C3078,ISRO-SCL-250120-03,Op-Amp IC,1,16.4,1.31,14.4,13.1,85.0,REJECT,Safe,Fail
C3079,ISRO-SCL-250324-12,Op-Amp IC,0,6.7,0.53,4.5,11.3,6.7,PASS,Safe,Pass
C3080,ISRO-SCL-250113-02,MOSFET,0,13.1,1.04,17.6,8.3,13.9,PASS,Safe,Pass
C3081,ISRO-SCL-250512-19,Op-Amp IC,1,74.9,5.99,54.2,45.3,85.0,REJECT,Borderline,Fail
C3082,ISRO-SCL-250303-09,Voltage Regulator IC,0,17.1,1.36,3.9,6.6,9.7,PASS,Safe,Pass
C3083,ISRO-SCL-250127-04,Op-Amp IC,0,100.0,10.88,52.1,22.4,65.3,HOLD,Fail,Pass
C3084,ISRO-SCL-250414-15,Digital Logic IC,0,16.3,1.3,26.5,24.3,22.0,PASS,Borderline,Pass
C3085,ISRO-SCL-250421-16,MOSFET,0,22.5,1.8,8.0,6.1,13.4,PASS,Safe,Pass
C3086,ISRO-SCL-250428-17,Voltage Regulator IC,0,16.7,1.34,4.4,13.4,11.1,PASS,Safe,Pass
C3087,ISRO-SCL-250203-05,Digital Logic IC,0,21.4,1.71,7.6,12.1,14.0,PASS,Safe,Pass
C3088,ISRO-SCL-250120-03,Op-Amp IC,0,39.4,3.15,34.1,51.7,39.7,MONITOR,Fail,Pass
C3089,ISRO-SCL-250505-18,Op-Amp IC,0,15.1,1.21,17.6,26.7,18.4,PASS,Safe,Pass
C3090,ISRO-SCL-250331-13,Voltage Regulator IC,0,18.2,1.45,6.3,10.4,11.9,PASS,Safe,Pass
C3091,ISRO-SCL-250310-10,Voltage Regulator IC,0,25.3,2.02,24.5,9.0,21.7,PASS,Safe,Pass
C3092,ISRO-SCL-250414-15,Digital Logic IC,1,45.5,3.64,30.7,30.1,85.0,REJECT,Borderline,Fail
C3093,ISRO-SCL-250317-11,Voltage Regulator IC,1,75.4,6.04,56.6,63.4,85.0,REJECT,Fail,Fail
C3094,ISRO-SCL-250113-02,MOSFET,0,15.5,1.24,21.1,18.2,18.3,PASS,Safe,Pass
C3095,ISRO-SCL-250519-20,Voltage Regulator IC,1,15.5,1.24,14.8,5.7,85.0,REJECT,Safe,Fail
C3096,ISRO-SCL-250324-12,Op-Amp IC,0,14.3,1.15,19.8,35.9,20.8,PASS,Borderline,Pass
C3097,ISRO-SCL-250310-10,Voltage Regulator IC,0,16.1,1.28,19.6,16.5,17.6,PASS,Safe,Pass
C3098,ISRO-SCL-250331-13,Voltage Regulator IC,0,13.9,1.11,1.7,8.6,8.0,PASS,Safe,Pass
C3099,ISRO-SCL-250113-02,MOSFET,0,17.3,1.39,13.4,9.8,14.2,PASS,Safe,Pass
C3100,ISRO-SCL-250519-20,Voltage Regulator IC,0,11.0,0.88,5.1,9.7,8.4,PASS,Safe,Pass
C3101,ISRO-SCL-250113-02,MOSFET,0,20.9,1.67,27.0,18.5,22.9,PASS,Safe,Pass
C3102,ISRO-SCL-250317-11,Voltage Regulator IC,0,25.0,2.0,39.6,44.2,34.7,MONITOR,Fail,Pass
C3103,ISRO-SCL-250407-14,MOSFET,0,7.5,0.6,5.6,11.2,7.5,PASS,Safe,Pass
C3104,ISRO-SCL-250505-18,Op-Amp IC,0,15.3,1.22,21.8,17.5,18.4,PASS,Safe,Pass
C3105,ISRO-SCL-250519-20,Voltage Regulator IC,0,34.8,2.79,14.8,36.9,27.2,PASS,Borderline,Pass
C3106,ISRO-SCL-250127-04,Op-Amp IC,0,23.2,1.85,26.2,48.5,29.4,PASS,Fail,Pass
C3107,ISRO-SCL-250113-02,MOSFET,0,15.3,1.23,20.0,27.8,19.7,PASS,Borderline,Pass
C3108,ISRO-SCL-250310-10,Voltage Regulator IC,0,12.8,1.02,18.9,3.2,13.3,PASS,Safe,Pass
C3109,ISRO-SCL-250217-07,Op-Amp IC,1,46.6,3.72,65.4,100.0,85.0,REJECT,Fail,Fail
C3110,ISRO-SCL-250106-01,MOSFET,1,18.9,1.52,25.0,2.6,85.0,REJECT,Safe,Fail
C3111,ISRO-SCL-250106-01,MOSFET,0,13.0,1.04,17.1,12.8,14.6,PASS,Safe,Pass
C3112,ISRO-SCL-250414-15,Digital Logic IC,1,16.4,1.31,22.4,7.5,85.0,REJECT,Safe,Fail
C3113,ISRO-SCL-250428-17,Voltage Regulator IC,0,15.1,1.2,11.1,4.6,11.4,PASS,Safe,Pass
C3114,ISRO-SCL-250217-07,Op-Amp IC,0,8.6,0.68,12.0,4.0,9.0,PASS,Safe,Pass
C3115,ISRO-SCL-250407-14,MOSFET,0,13.9,1.11,14.8,0.7,11.6,PASS,Safe,Pass
C3116,ISRO-SCL-250407-14,MOSFET,0,6.7,0.54,0.7,8.0,4.6,PASS,Safe,Pass
C3117,ISRO-SCL-250113-02,MOSFET,1,18.8,1.5,21.9,17.0,85.0,REJECT,Safe,Fail
C3118,ISRO-SCL-250331-13,Voltage Regulator IC,0,37.1,2.97,26.0,74.3,40.1,MONITOR,Safe,Pass
C3119,ISRO-SCL-250127-04,Op-Amp IC,1,16.4,1.31,31.9,1.2,85.0,REJECT,Safe,Fail
C3120,ISRO-SCL-250106-01,MOSFET,0,100.0,12.1,84.5,100.0,93.8,REJECT,Borderline,Pass
C3121,ISRO-SCL-250106-01,MOSFET,0,19.6,1.56,36.7,24.2,27.4,PASS,Borderline,Pass
C3122,ISRO-SCL-250113-02,MOSFET,0,100.0,181.11,100.0,52.0,90.4,REJECT,Safe,Pass
C3123,ISRO-SCL-250217-07,Op-Amp IC,0,14.3,1.14,2.1,9.9,8.5,PASS,Safe,Pass
C3124,ISRO-SCL-250414-15,Digital Logic IC,1,100.0,8.44,58.9,6.9,85.0,REJECT,Safe,Fail
C3125,ISRO-SCL-250127-04,Op-Amp IC,0,19.0,1.52,32.7,12.7,23.2,PASS,Safe,Pass
C3126,ISRO-SCL-250331-13,Voltage Regulator IC,0,6.0,0.48,1.0,8.0,4.4,PASS,Safe,Pass
C3127,ISRO-SCL-250113-02,MOSFET,0,9.8,0.79,0.0,10.1,6.0,PASS,Safe,Pass
C3128,ISRO-SCL-250317-11,Voltage Regulator IC,0,15.9,1.27,5.0,14.7,11.3,PASS,Safe,Pass
C3129,ISRO-SCL-250217-07,Op-Amp IC,0,32.5,2.6,34.0,34.6,33.5,MONITOR,Borderline,Pass
C3130,ISRO-SCL-250224-08,MOSFET,0,33.7,2.7,40.7,33.4,36.5,MONITOR,Fail,Pass
C3131,ISRO-SCL-250106-01,MOSFET,0,16.0,1.28,16.2,12.1,15.3,PASS,Safe,Pass
C3132,ISRO-SCL-250217-07,Op-Amp IC,0,33.0,2.64,16.6,19.8,23.8,PASS,Borderline,Pass
C3133,ISRO-SCL-250113-02,MOSFET,0,14.1,1.13,17.9,7.5,14.3,PASS,Safe,Pass
C3134,ISRO-SCL-250224-08,MOSFET,0,26.7,2.14,12.9,18.5,19.5,PASS,Borderline,Pass
C3135,ISRO-SCL-250414-15,Digital Logic IC,0,15.6,1.25,17.9,19.3,17.3,PASS,Borderline,Pass
C3136,ISRO-SCL-250505-18,Op-Amp IC,0,29.5,2.36,1.3,15.4,15.4,PASS,Safe,Pass
C3137,ISRO-SCL-250210-06,MOSFET,0,30.5,2.44,17.8,20.1,23.3,PASS,Borderline,Pass
C3138,ISRO-SCL-250519-20,Voltage Regulator IC,0,14.8,1.18,19.4,5.5,14.8,PASS,Safe,Pass
C3139,ISRO-SCL-250127-04,Op-Amp IC,0,10.8,0.86,15.7,7.7,12.1,PASS,Safe,Pass
C3140,ISRO-SCL-250324-12,Op-Amp IC,0,17.3,1.38,8.1,9.9,12.1,PASS,Safe,Pass
C3141,ISRO-SCL-250113-02,MOSFET,0,16.9,1.35,3.1,11.7,10.3,PASS,Safe,Pass
C3142,ISRO-SCL-250324-12,Op-Amp IC,0,17.8,1.43,30.8,3.4,20.1,PASS,Safe,Pass
C3143,ISRO-SCL-250414-15,Digital Logic IC,0,16.9,1.35,14.5,5.3,13.6,PASS,Safe,Pass
C3144,ISRO-SCL-250310-10,Voltage Regulator IC,0,13.8,1.1,27.2,3.7,17.1,PASS,Safe,Pass
C3145,ISRO-SCL-250414-15,Digital Logic IC,0,14.5,1.16,24.5,24.1,20.4,PASS,Borderline,Pass
C3146,ISRO-SCL-250512-19,Op-Amp IC,0,10.8,0.86,19.2,5.0,13.0,PASS,Safe,Pass
C3147,ISRO-SCL-250407-14,MOSFET,0,19.6,1.57,11.7,28.1,18.1,PASS,Fail,Pass
C3148,ISRO-SCL-250407-14,MOSFET,0,13.5,1.08,3.3,14.8,9.7,PASS,Safe,Pass
C3149,ISRO-SCL-250407-14,MOSFET,1,14.2,1.13,15.7,15.6,85.0,REJECT,Fail,Fail
C3150,ISRO-SCL-250414-15,Digital Logic IC,0,26.3,2.11,21.7,7.9,20.8,PASS,Safe,Pass
C3151,ISRO-SCL-250421-16,MOSFET,0,15.2,1.21,26.0,11.0,18.7,PASS,Safe,Pass
C3152,ISRO-SCL-250428-17,Voltage Regulator IC,0,11.9,0.95,3.9,12.8,8.9,PASS,Safe,Pass
C3153,ISRO-SCL-250203-05,Digital Logic IC,0,18.5,1.48,8.4,8.7,12.5,PASS,Safe,Pass
C3154,ISRO-SCL-250113-02,MOSFET,0,14.1,1.12,20.6,36.0,21.1,PASS,Safe,Pass
C3155,ISRO-SCL-250106-01,MOSFET,1,100.0,12.75,80.6,100.0,92.2,REJECT,Safe,Fail
C3156,ISRO-SCL-250113-02,MOSFET,0,15.9,1.28,8.8,3.1,10.5,PASS,Safe,Pass
C3157,ISRO-SCL-250224-08,MOSFET,1,36.5,2.92,37.9,15.2,85.0,REJECT,Borderline,Fail
C3158,ISRO-SCL-250519-20,Voltage Regulator IC,0,13.4,1.07,13.2,6.0,11.8,PASS,Safe,Pass
C3159,ISRO-SCL-250203-05,Digital Logic IC,0,17.9,1.43,5.9,2.8,10.1,PASS,Safe,Pass
C3160,ISRO-SCL-250120-03,Op-Amp IC,1,45.1,3.61,31.4,38.5,85.0,REJECT,Fail,Fail
C3161,ISRO-SCL-250224-08,MOSFET,0,12.6,1.01,6.4,10.7,9.7,PASS,Safe,Pass
C3162,ISRO-SCL-250414-15,Digital Logic IC,0,10.4,0.83,2.6,10.5,7.3,PASS,Safe,Pass
C3163,ISRO-SCL-250519-20,Voltage Regulator IC,0,15.6,1.25,14.3,13.3,14.6,PASS,Safe,Pass
C3164,ISRO-SCL-250217-07,Op-Amp IC,1,15.9,1.27,26.2,11.8,85.0,REJECT,Safe,Fail
C3165,ISRO-SCL-250331-13,Voltage Regulator IC,0,41.0,3.28,24.0,28.9,31.8,MONITOR,Borderline,Pass
C3166,ISRO-SCL-250414-15,Digital Logic IC,1,76.7,6.14,79.6,64.6,85.0,REJECT,Fail,Fail
C3167,ISRO-SCL-250203-05,Digital Logic IC,0,15.3,1.23,23.9,16.8,19.0,PASS,Borderline,Pass
C3168,ISRO-SCL-250120-03,Op-Amp IC,0,15.5,1.24,15.0,14.9,15.2,PASS,Borderline,Pass
C3169,ISRO-SCL-250505-18,Op-Amp IC,0,18.7,1.5,46.7,2.2,26.6,PASS,Safe,Pass
C3170,ISRO-SCL-250414-15,Digital Logic IC,0,14.2,1.14,18.9,13.3,15.9,PASS,Safe,Pass
C3171,ISRO-SCL-250421-16,MOSFET,0,17.3,1.39,20.0,6.2,16.2,PASS,Safe,Pass
C3172,ISRO-SCL-250414-15,Digital Logic IC,0,14.1,1.13,10.7,23.1,14.5,PASS,Borderline,Pass
C3173,ISRO-SCL-250407-14,MOSFET,0,26.3,2.1,30.7,19.4,26.7,PASS,Fail,Pass
C3174,ISRO-SCL-250224-08,MOSFET,0,16.7,1.34,5.6,5.5,10.0,PASS,Safe,Pass
C3175,ISRO-SCL-250421-16,MOSFET,0,15.5,1.24,26.2,9.3,18.5,PASS,Safe,Pass
C3176,ISRO-SCL-250106-01,MOSFET,1,14.3,1.14,14.5,12.0,85.0,REJECT,Safe,Fail
C3177,ISRO-SCL-250512-19,Op-Amp IC,0,15.4,1.24,32.4,20.6,23.3,PASS,Borderline,Pass
C3178,ISRO-SCL-250127-04,Op-Amp IC,0,21.8,1.74,11.8,40.7,21.5,PASS,Fail,Pass
C3179,ISRO-SCL-250421-16,MOSFET,0,14.1,1.13,13.9,7.6,12.7,PASS,Safe,Pass
C3180,ISRO-SCL-250407-14,MOSFET,1,22.5,1.8,21.4,13.3,85.0,REJECT,Fail,Fail
C3181,ISRO-SCL-250127-04,Op-Amp IC,0,10.1,0.81,4.7,7.7,7.4,PASS,Safe,Pass
C3182,ISRO-SCL-250217-07,Op-Amp IC,0,16.5,1.32,18.0,24.0,18.6,PASS,Borderline,Pass
C3183,ISRO-SCL-250120-03,Op-Amp IC,0,11.2,0.9,15.3,11.6,12.9,PASS,Safe,Pass
C3184,ISRO-SCL-250113-02,MOSFET,0,17.0,1.36,17.9,4.9,14.9,PASS,Safe,Pass
C3185,ISRO-SCL-250113-02,MOSFET,0,11.6,0.93,12.2,24.5,14.4,PASS,Safe,Pass
C3186,ISRO-SCL-250512-19,Op-Amp IC,1,14.2,1.14,15.4,14.2,85.0,REJECT,Safe,Fail
C3187,ISRO-SCL-250203-05,Digital Logic IC,0,16.3,1.3,9.4,9.1,12.1,PASS,Safe,Pass
C3188,ISRO-SCL-250512-19,Op-Amp IC,0,21.3,1.7,15.3,24.2,19.4,PASS,Borderline,Pass
C3189,ISRO-SCL-250217-07,Op-Amp IC,0,19.3,1.54,32.0,6.0,21.7,PASS,Safe,Pass
C3190,ISRO-SCL-250414-15,Digital Logic IC,0,14.0,1.12,8.5,4.3,9.9,PASS,Safe,Pass
C3191,ISRO-SCL-250217-07,Op-Amp IC,1,18.4,1.48,14.4,3.2,85.0,REJECT,Safe,Fail
C3192,ISRO-SCL-250512-19,Op-Amp IC,0,29.9,2.39,15.1,22.1,22.4,PASS,Safe,Pass
C3193,ISRO-SCL-250210-06,MOSFET,0,28.3,2.27,43.6,16.1,32.0,MONITOR,Safe,Pass
C3194,ISRO-SCL-250505-18,Op-Amp IC,0,67.0,5.36,14.3,25.8,37.7,MONITOR,Borderline,Pass
C3195,ISRO-SCL-250331-13,Voltage Regulator IC,0,12.0,0.96,13.5,10.4,12.3,PASS,Safe,Pass
C3196,ISRO-SCL-250113-02,MOSFET,0,16.4,1.31,17.1,29.1,19.2,PASS,Borderline,Pass
C3197,ISRO-SCL-250203-05,Digital Logic IC,0,15.2,1.21,3.4,5.9,8.6,PASS,Safe,Pass
C3198,ISRO-SCL-250203-05,Digital Logic IC,0,45.2,3.61,17.5,15.8,28.2,PASS,Borderline,Pass
C3199,ISRO-SCL-250421-16,MOSFET,0,20.1,1.61,7.2,8.5,12.6,PASS,Safe,Pass
C3200,ISRO-SCL-250331-13,Voltage Regulator IC,0,26.5,2.12,14.2,6.7,17.6,PASS,Safe,Pass
C3201,ISRO-SCL-250310-10,Voltage Regulator IC,0,11.7,0.93,12.3,3.9,10.4,PASS,Safe,Pass
C3202,ISRO-SCL-250317-11,Voltage Regulator IC,0,12.9,1.03,13.4,31.9,16.9,PASS,Safe,Pass
C3203,ISRO-SCL-250324-12,Op-Amp IC,0,12.6,1.01,22.4,9.6,15.9,PASS,Safe,Pass
C3204,ISRO-SCL-250331-13,Voltage Regulator IC,0,34.0,2.72,13.4,22.4,23.4,PASS,Borderline,Pass
C3205,ISRO-SCL-250519-20,Voltage Regulator IC,0,9.8,0.79,0.9,7.7,5.8,PASS,Safe,Pass
C3206,ISRO-SCL-250120-03,Op-Amp IC,0,23.5,1.88,19.1,24.9,22.0,PASS,Fail,Pass
C3207,ISRO-SCL-250303-09,Voltage Regulator IC,0,16.9,1.35,1.6,9.9,9.3,PASS,Safe,Pass
C3208,ISRO-SCL-250113-02,MOSFET,1,20.5,1.64,14.3,11.5,85.0,REJECT,Fail,Fail
C3209,ISRO-SCL-250512-19,Op-Amp IC,0,21.5,1.72,8.8,16.5,15.4,PASS,Borderline,Pass
C3210,ISRO-SCL-250310-10,Voltage Regulator IC,0,19.5,1.56,21.9,11.9,18.9,PASS,Safe,Pass
C3211,ISRO-SCL-250127-04,Op-Amp IC,0,14.6,1.17,5.4,16.8,11.4,PASS,Safe,Pass
C3212,ISRO-SCL-250127-04,Op-Amp IC,0,12.5,1.0,14.2,36.5,18.0,PASS,Borderline,Pass
C3213,ISRO-SCL-250113-02,MOSFET,0,15.6,1.24,27.5,47.8,26.8,PASS,Safe,Pass
C3214,ISRO-SCL-250310-10,Voltage Regulator IC,0,16.9,1.35,6.9,23.2,14.1,PASS,Safe,Pass
C3215,ISRO-SCL-250407-14,MOSFET,0,100.0,14.39,68.7,100.0,87.5,REJECT,Safe,Pass
C3216,ISRO-SCL-250210-06,MOSFET,0,18.3,1.46,11.2,6.7,13.1,PASS,Safe,Pass
C3217,ISRO-SCL-250127-04,Op-Amp IC,0,12.0,0.96,4.1,18.0,10.0,PASS,Safe,Pass
C3218,ISRO-SCL-250203-05,Digital Logic IC,1,15.2,1.21,13.4,4.2,85.0,REJECT,Safe,Fail
C3219,ISRO-SCL-250407-14,MOSFET,0,18.7,1.5,8.8,25.7,16.1,PASS,Fail,Pass
C3220,ISRO-SCL-250113-02,MOSFET,0,16.0,1.28,8.1,3.0,10.3,PASS,Safe,Pass
C3221,ISRO-SCL-250331-13,Voltage Regulator IC,0,19.3,1.54,14.1,3.1,13.9,PASS,Safe,Pass
C3222,ISRO-SCL-250127-04,Op-Amp IC,0,19.0,1.52,20.9,32.0,22.3,PASS,Borderline,Pass
C3223,ISRO-SCL-250414-15,Digital Logic IC,1,60.2,4.81,54.0,46.2,85.0,REJECT,Fail,Fail
C3224,ISRO-SCL-250324-12,Op-Amp IC,1,31.1,2.49,26.7,49.3,85.0,REJECT,Fail,Fail
C3225,ISRO-SCL-250331-13,Voltage Regulator IC,0,16.9,1.35,22.5,18.0,19.3,PASS,Borderline,Pass
C3226,ISRO-SCL-250310-10,Voltage Regulator IC,0,20.1,1.61,7.3,7.6,12.5,PASS,Safe,Pass
C3227,ISRO-SCL-250407-14,MOSFET,0,12.7,1.02,16.2,46.8,20.9,PASS,Borderline,Pass
C3228,ISRO-SCL-250127-04,Op-Amp IC,0,30.3,2.42,18.8,35.4,26.7,PASS,Fail,Pass
C3229,ISRO-SCL-250120-03,Op-Amp IC,0,17.7,1.41,18.4,25.2,19.5,PASS,Borderline,Pass
C3230,ISRO-SCL-250421-16,MOSFET,1,59.6,4.77,33.1,32.0,85.0,REJECT,Borderline,Fail
C3231,ISRO-SCL-250505-18,Op-Amp IC,0,19.1,1.53,8.2,11.2,13.1,PASS,Safe,Pass
C3232,ISRO-SCL-250203-05,Digital Logic IC,0,15.0,1.2,27.2,1.8,17.3,PASS,Safe,Pass
C3233,ISRO-SCL-250106-01,MOSFET,0,55.6,4.45,33.9,29.6,41.7,MONITOR,Fail,Pass
C3234,ISRO-SCL-250127-04,Op-Amp IC,0,10.7,0.86,8.3,23.1,12.2,PASS,Borderline,Pass
C3235,ISRO-SCL-250217-07,Op-Amp IC,0,9.6,0.77,12.0,18.3,12.3,PASS,Safe,Pass
C3236,ISRO-SCL-250217-07,Op-Amp IC,0,12.6,1.01,8.4,5.5,9.5,PASS,Safe,Pass
C3237,ISRO-SCL-250303-09,Voltage Regulator IC,0,14.1,1.13,3.8,7.4,8.7,PASS,Safe,Pass
C3238,ISRO-SCL-250303-09,Voltage Regulator IC,0,18.6,1.49,17.5,13.5,17.1,PASS,Safe,Pass
C3239,ISRO-SCL-250414-15,Digital Logic IC,0,12.6,1.01,16.6,19.0,15.5,PASS,Safe,Pass
C3240,ISRO-SCL-250127-04,Op-Amp IC,1,28.5,2.28,31.2,31.5,85.0,REJECT,Fail,Fail
C3241,ISRO-SCL-250331-13,Voltage Regulator IC,0,13.2,1.06,3.4,6.7,8.0,PASS,Safe,Pass
C3242,ISRO-SCL-250113-02,MOSFET,0,14.9,1.19,26.7,12.3,19.1,PASS,Borderline,Pass
C3243,ISRO-SCL-250331-13,Voltage Regulator IC,1,42.9,3.43,18.2,19.8,85.0,REJECT,Fail,Fail
C3244,ISRO-SCL-250317-11,Voltage Regulator IC,0,24.4,1.95,27.4,24.5,25.6,PASS,Fail,Pass
C3245,ISRO-SCL-250407-14,MOSFET,0,14.8,1.19,10.9,3.8,11.1,PASS,Safe,Pass
C3246,ISRO-SCL-250407-14,MOSFET,0,10.1,0.81,7.2,12.0,9.3,PASS,Safe,Pass
C3247,ISRO-SCL-250310-10,Voltage Regulator IC,0,13.9,1.11,14.8,5.8,12.7,PASS,Safe,Pass
C3248,ISRO-SCL-250512-19,Op-Amp IC,0,17.8,1.42,19.6,21.5,19.3,PASS,Borderline,Pass
C3249,ISRO-SCL-250210-06,MOSFET,0,12.4,0.99,5.9,6.1,8.5,PASS,Safe,Pass
C3250,ISRO-SCL-250113-02,MOSFET,0,14.1,1.13,10.9,9.7,12.0,PASS,Safe,Pass
C3251,ISRO-SCL-250217-07,Op-Amp IC,0,36.8,2.95,25.6,14.7,27.9,PASS,Borderline,Pass
C3252,ISRO-SCL-250120-03,Op-Amp IC,0,10.5,0.84,2.9,8.8,7.1,PASS,Safe,Pass
C3253,ISRO-SCL-250519-20,Voltage Regulator IC,0,14.9,1.19,11.2,9.2,12.3,PASS,Safe,Pass
C3254,ISRO-SCL-250428-17,Voltage Regulator IC,0,15.7,1.25,13.3,3.2,12.2,PASS,Safe,Pass
C3255,ISRO-SCL-250421-16,MOSFET,0,17.8,1.42,10.2,15.6,14.3,PASS,Borderline,Pass
C3256,ISRO-SCL-250113-02,MOSFET,0,69.8,5.59,37.2,34.5,49.7,MONITOR,Fail,Pass
C3257,ISRO-SCL-250414-15,Digital Logic IC,0,30.5,2.44,35.9,21.2,30.8,MONITOR,Fail,Pass
C3258,ISRO-SCL-250127-04,Op-Amp IC,0,18.5,1.48,9.0,12.3,13.5,PASS,Fail,Pass
C3259,ISRO-SCL-250217-07,Op-Amp IC,0,23.6,1.89,8.8,17.7,16.5,PASS,Safe,Pass
C3260,ISRO-SCL-250203-05,Digital Logic IC,0,16.6,1.33,3.2,5.6,9.0,PASS,Safe,Pass
C3261,ISRO-SCL-250512-19,Op-Amp IC,1,89.0,7.12,55.1,62.1,85.0,REJECT,Fail,Fail
C3262,ISRO-SCL-250331-13,Voltage Regulator IC,0,11.4,0.91,13.7,5.3,11.1,PASS,Safe,Pass
C3263,ISRO-SCL-250210-06,MOSFET,0,15.5,1.24,32.3,2.0,19.5,PASS,Safe,Pass
C3264,ISRO-SCL-250127-04,Op-Amp IC,0,31.5,2.52,37.2,30.5,33.6,MONITOR,Borderline,Pass
C3265,ISRO-SCL-250113-02,MOSFET,0,38.1,3.04,10.2,17.6,22.8,PASS,Safe,Pass
C3266,ISRO-SCL-250127-04,Op-Amp IC,0,14.3,1.14,21.8,18.5,18.1,PASS,Borderline,Pass
C3267,ISRO-SCL-250203-05,Digital Logic IC,1,17.0,1.36,21.1,4.0,85.0,REJECT,Safe,Fail
C3268,ISRO-SCL-250120-03,Op-Amp IC,0,9.5,0.76,0.3,9.2,5.7,PASS,Safe,Pass
C3269,ISRO-SCL-250414-15,Digital Logic IC,1,18.8,1.51,24.4,1.4,85.0,REJECT,Safe,Fail
C3270,ISRO-SCL-250324-12,Op-Amp IC,0,12.6,1.01,26.0,16.7,18.8,PASS,Safe,Pass
C3271,ISRO-SCL-250303-09,Voltage Regulator IC,0,13.1,1.05,13.1,4.6,11.4,PASS,Safe,Pass
C3272,ISRO-SCL-250127-04,Op-Amp IC,0,28.6,2.29,16.8,36.8,25.5,PASS,Fail,Pass
C3273,ISRO-SCL-250519-20,Voltage Regulator IC,0,13.5,1.08,1.6,11.7,8.4,PASS,Safe,Pass
C3274,ISRO-SCL-250414-15,Digital Logic IC,0,15.5,1.24,12.1,2.7,11.6,PASS,Safe,Pass
C3275,ISRO-SCL-250106-01,MOSFET,0,13.6,1.08,4.4,14.8,10.1,PASS,Safe,Pass
C3276,ISRO-SCL-250210-06,MOSFET,0,48.7,3.9,40.7,28.0,41.4,MONITOR,Borderline,Pass
C3277,ISRO-SCL-250421-16,MOSFET,0,30.9,2.47,31.5,13.8,27.7,PASS,Borderline,Pass
C3278,ISRO-SCL-250512-19,Op-Amp IC,0,32.4,2.59,24.5,31.1,28.9,PASS,Borderline,Pass
C3279,ISRO-SCL-250421-16,MOSFET,0,14.1,1.12,6.7,5.7,9.4,PASS,Safe,Pass
C3280,ISRO-SCL-250310-10,Voltage Regulator IC,0,57.8,4.62,26.6,23.7,38.5,MONITOR,Borderline,Pass
C3281,ISRO-SCL-250120-03,Op-Amp IC,0,12.2,0.97,4.1,4.3,7.4,PASS,Safe,Pass
C3282,ISRO-SCL-250519-20,Voltage Regulator IC,0,8.9,0.71,4.6,8.5,7.1,PASS,Safe,Pass
C3283,ISRO-SCL-250217-07,Op-Amp IC,0,16.5,1.32,16.2,28.8,18.8,PASS,Borderline,Pass
C3284,ISRO-SCL-250428-17,Voltage Regulator IC,0,100.0,9.35,47.8,25.6,64.2,HOLD,Borderline,Pass
C3285,ISRO-SCL-250106-01,MOSFET,0,12.5,1.0,8.2,14.7,11.2,PASS,Borderline,Pass
C3286,ISRO-SCL-250217-07,Op-Amp IC,0,11.2,0.89,3.9,9.9,8.0,PASS,Safe,Pass
C3287,ISRO-SCL-250310-10,Voltage Regulator IC,0,8.8,0.7,5.9,9.7,7.8,PASS,Safe,Pass
C3288,ISRO-SCL-250407-14,MOSFET,0,19.7,1.57,25.9,15.5,21.3,PASS,Fail,Pass
C3289,ISRO-SCL-250303-09,Voltage Regulator IC,0,15.8,1.26,9.1,14.3,12.8,PASS,Safe,Pass
C3290,ISRO-SCL-250421-16,MOSFET,0,11.2,0.9,11.0,11.2,11.1,PASS,Safe,Pass
C3291,ISRO-SCL-250407-14,MOSFET,0,15.0,1.2,20.4,40.6,22.3,PASS,Fail,Pass
C3292,ISRO-SCL-250217-07,Op-Amp IC,0,50.3,4.03,31.4,47.4,42.2,MONITOR,Fail,Pass
C3293,ISRO-SCL-250217-07,Op-Amp IC,1,18.5,1.48,15.5,0.9,85.0,REJECT,Safe,Fail
C3294,ISRO-SCL-250127-04,Op-Amp IC,1,9.9,0.79,8.2,7.9,85.0,REJECT,Safe,Fail
C3295,ISRO-SCL-250120-03,Op-Amp IC,1,15.8,1.27,30.0,8.1,85.0,REJECT,Safe,Fail
C3296,ISRO-SCL-250303-09,Voltage Regulator IC,0,22.5,1.8,30.2,10.5,23.2,PASS,Safe,Pass
C3297,ISRO-SCL-250407-14,MOSFET,0,23.3,1.87,33.2,24.4,27.5,PASS,Fail,Pass
C3298,ISRO-SCL-250407-14,MOSFET,1,14.7,1.17,22.4,3.4,85.0,REJECT,Safe,Fail
C3299,ISRO-SCL-250421-16,MOSFET,0,19.4,1.56,14.5,4.0,14.4,PASS,Safe,Pass
C3300,ISRO-SCL-250421-16,MOSFET,0,8.4,0.67,5.6,11.3,7.9,PASS,Safe,Pass
C3301,ISRO-SCL-250303-09,Voltage Regulator IC,0,6.0,0.48,0.0,6.1,3.6,PASS,Safe,Pass
C3302,ISRO-SCL-250113-02,MOSFET,0,45.0,3.6,21.1,32.9,33.0,MONITOR,Borderline,Pass
C3303,ISRO-SCL-250203-05,Digital Logic IC,0,19.7,1.57,11.8,9.8,14.6,PASS,Safe,Pass
C3304,ISRO-SCL-250331-13,Voltage Regulator IC,0,25.3,2.02,16.1,19.6,20.5,PASS,Borderline,Pass
C3305,ISRO-SCL-250127-04,Op-Amp IC,0,34.2,2.74,49.7,71.7,47.9,MONITOR,Fail,Pass
C3306,ISRO-SCL-250113-02,MOSFET,1,20.5,1.64,10.8,11.9,85.0,REJECT,Safe,Fail
C3307,ISRO-SCL-250407-14,MOSFET,1,20.4,1.63,34.3,16.7,85.0,REJECT,Safe,Fail
C3308,ISRO-SCL-250203-05,Digital Logic IC,0,42.2,3.37,22.4,9.1,27.6,PASS,Safe,Pass
C3309,ISRO-SCL-250203-05,Digital Logic IC,1,8.0,0.64,0.9,3.3,85.0,REJECT,Fail,Fail
C3310,ISRO-SCL-250113-02,MOSFET,0,17.1,1.37,18.0,0.1,14.1,PASS,Safe,Pass
C3311,ISRO-SCL-250310-10,Voltage Regulator IC,0,14.1,1.13,14.5,21.2,15.7,PASS,Borderline,Pass
C3312,ISRO-SCL-250303-09,Voltage Regulator IC,0,14.4,1.15,7.4,8.8,10.5,PASS,Safe,Pass
C3313,ISRO-SCL-250224-08,MOSFET,0,20.7,1.65,35.6,13.0,25.1,PASS,Safe,Pass
C3314,ISRO-SCL-250310-10,Voltage Regulator IC,0,13.6,1.09,20.3,5.9,14.7,PASS,Safe,Pass
C3315,ISRO-SCL-250421-16,MOSFET,0,22.5,1.8,34.3,36.6,30.0,MONITOR,Borderline,Pass
C3316,ISRO-SCL-250303-09,Voltage Regulator IC,0,20.9,1.68,22.5,14.8,20.4,PASS,Safe,Pass
C3317,ISRO-SCL-250428-17,Voltage Regulator IC,0,29.1,2.33,23.9,20.7,25.3,PASS,Safe,Pass
C3318,ISRO-SCL-250331-13,Voltage Regulator IC,0,12.4,0.99,21.9,4.2,14.5,PASS,Safe,Pass
C3319,ISRO-SCL-250113-02,MOSFET,1,17.3,1.39,24.7,23.7,85.0,REJECT,Borderline,Fail
C3320,ISRO-SCL-250113-02,MOSFET,0,18.3,1.46,8.7,15.9,14.0,PASS,Safe,Pass
C3321,ISRO-SCL-250310-10,Voltage Regulator IC,0,13.4,1.07,20.0,12.5,15.9,PASS,Safe,Pass
C3322,ISRO-SCL-250127-04,Op-Amp IC,1,19.5,1.56,33.2,5.4,85.0,REJECT,Safe,Fail
C3323,ISRO-SCL-250407-14,MOSFET,0,12.4,0.99,5.0,5.4,8.1,PASS,Safe,Pass
C3324,ISRO-SCL-250421-16,MOSFET,1,48.8,3.9,28.5,25.2,85.0,REJECT,Fail,Fail
C3325,ISRO-SCL-250203-05,Digital Logic IC,0,11.3,0.9,8.4,5.2,8.9,PASS,Safe,Pass
C3326,ISRO-SCL-250224-08,MOSFET,0,23.1,1.85,14.6,6.2,16.4,PASS,Safe,Pass
C3327,ISRO-SCL-250421-16,MOSFET,0,25.3,2.02,23.0,14.9,22.3,PASS,Safe,Pass
C3328,ISRO-SCL-250505-18,Op-Amp IC,0,56.8,4.54,25.8,51.6,43.3,MONITOR,Fail,Pass
C3329,ISRO-SCL-250421-16,MOSFET,0,12.6,1.01,11.9,10.8,12.0,PASS,Safe,Pass
C3330,ISRO-SCL-250407-14,MOSFET,0,25.1,2.01,34.8,41.5,32.3,MONITOR,Fail,Pass
C3331,ISRO-SCL-250203-05,Digital Logic IC,0,22.9,1.83,16.6,3.3,16.4,PASS,Safe,Pass
C3332,ISRO-SCL-250217-07,Op-Amp IC,0,13.9,1.11,27.2,21.0,20.6,PASS,Safe,Pass
C3333,ISRO-SCL-250127-04,Op-Amp IC,0,17.7,1.42,30.2,15.4,22.3,PASS,Borderline,Pass
C3334,ISRO-SCL-250203-05,Digital Logic IC,0,11.2,0.9,8.8,6.9,9.4,PASS,Safe,Pass
C3335,ISRO-SCL-250407-14,MOSFET,0,17.9,1.43,22.2,16.6,19.3,PASS,Safe,Pass
C3336,ISRO-SCL-250331-13,Voltage Regulator IC,0,17.8,1.42,14.4,21.1,17.1,PASS,Borderline,Pass
C3337,ISRO-SCL-250414-15,Digital Logic IC,0,22.1,1.77,13.3,10.0,16.2,PASS,Safe,Pass
C3338,ISRO-SCL-250331-13,Voltage Regulator IC,0,17.7,1.41,7.6,14.4,13.0,PASS,Safe,Pass
C3339,ISRO-SCL-250407-14,MOSFET,0,15.9,1.27,14.5,0.3,12.2,PASS,Safe,Pass
C3340,ISRO-SCL-250519-20,Voltage Regulator IC,0,19.4,1.55,9.4,13.8,14.3,PASS,Safe,Pass
C3341,ISRO-SCL-250331-13,Voltage Regulator IC,0,13.2,1.06,5.9,7.5,9.2,PASS,Safe,Pass
C3342,ISRO-SCL-250127-04,Op-Amp IC,0,25.5,2.04,11.2,21.6,19.0,PASS,Fail,Pass
C3343,ISRO-SCL-250106-01,MOSFET,0,14.8,1.18,9.9,29.4,15.7,PASS,Fail,Pass
C3344,ISRO-SCL-250310-10,Voltage Regulator IC,0,12.1,0.97,5.9,3.4,7.9,PASS,Safe,Pass
C3345,ISRO-SCL-250217-07,Op-Amp IC,1,48.9,3.91,46.0,48.0,85.0,REJECT,Fail,Fail
C3346,ISRO-SCL-250407-14,MOSFET,0,17.8,1.42,19.8,14.0,17.8,PASS,Borderline,Pass
C3347,ISRO-SCL-250310-10,Voltage Regulator IC,0,12.0,0.96,14.3,3.8,11.3,PASS,Safe,Pass
C3348,ISRO-SCL-250505-18,Op-Amp IC,1,29.3,2.34,22.4,1.8,85.0,REJECT,Safe,Fail
C3349,ISRO-SCL-250127-04,Op-Amp IC,1,17.7,1.42,22.6,10.0,85.0,REJECT,Safe,Fail
C3350,ISRO-SCL-250203-05,Digital Logic IC,0,23.6,1.89,14.5,3.0,15.8,PASS,Safe,Pass
C3351,ISRO-SCL-250421-16,MOSFET,0,18.3,1.46,14.8,11.5,15.5,PASS,Safe,Pass
C3352,ISRO-SCL-250120-03,Op-Amp IC,0,17.6,1.41,26.2,25.0,22.5,PASS,Borderline,Pass
C3353,ISRO-SCL-250407-14,MOSFET,0,23.1,1.85,27.0,69.9,34.0,MONITOR,Borderline,Pass
C3354,ISRO-SCL-250512-19,Op-Amp IC,0,14.0,1.12,23.7,6.0,16.3,PASS,Safe,Pass
C3355,ISRO-SCL-250505-18,Op-Amp IC,0,25.5,2.04,24.0,14.6,22.7,PASS,Safe,Pass
C3356,ISRO-SCL-250421-16,MOSFET,0,11.4,0.92,4.7,5.2,7.5,PASS,Safe,Pass
C3357,ISRO-SCL-250421-16,MOSFET,0,19.7,1.57,10.0,6.7,13.2,PASS,Safe,Pass
C3358,ISRO-SCL-250113-02,MOSFET,0,18.5,1.48,6.8,19.1,14.0,PASS,Safe,Pass
C3359,ISRO-SCL-250106-01,MOSFET,0,14.3,1.15,20.3,9.8,15.8,PASS,Safe,Pass
C3360,ISRO-SCL-250519-20,Voltage Regulator IC,0,19.2,1.54,7.4,13.7,13.4,PASS,Safe,Pass
C3361,ISRO-SCL-250310-10,Voltage Regulator IC,0,12.4,0.99,10.4,4.1,9.9,PASS,Safe,Pass
C3362,ISRO-SCL-250113-02,MOSFET,0,30.4,2.43,38.3,29.8,33.5,MONITOR,Borderline,Pass
C3363,ISRO-SCL-250407-14,MOSFET,1,53.2,4.25,37.0,62.9,85.0,REJECT,Fail,Fail
C3364,ISRO-SCL-250310-10,Voltage Regulator IC,0,13.0,1.04,15.1,3.0,11.8,PASS,Safe,Pass
C3365,ISRO-SCL-250210-06,MOSFET,0,14.6,1.17,14.9,2.4,12.3,PASS,Safe,Pass
C3366,ISRO-SCL-250324-12,Op-Amp IC,1,39.2,3.14,47.9,36.2,85.0,REJECT,Fail,Fail
C3367,ISRO-SCL-250310-10,Voltage Regulator IC,0,100.0,17.02,71.5,100.0,88.6,REJECT,Safe,Pass
C3368,ISRO-SCL-250113-02,MOSFET,1,13.8,1.1,17.4,2.3,85.0,REJECT,Safe,Fail
C3369,ISRO-SCL-250203-05,Digital Logic IC,0,14.5,1.16,12.8,3.9,11.7,PASS,Safe,Pass
C3370,ISRO-SCL-250421-16,MOSFET,0,14.9,1.19,11.1,9.8,12.4,PASS,Safe,Pass
C3371,ISRO-SCL-250331-13,Voltage Regulator IC,0,16.0,1.28,18.4,14.0,16.6,PASS,Borderline,Pass
C3372,ISRO-SCL-250310-10,Voltage Regulator IC,0,11.8,0.94,5.0,4.8,7.7,PASS,Safe,Pass
C3373,ISRO-SCL-250310-10,Voltage Regulator IC,0,10.8,0.87,5.6,11.8,8.9,PASS,Safe,Pass
C3374,ISRO-SCL-250421-16,MOSFET,0,9.6,0.76,12.9,2.1,9.4,PASS,Safe,Pass
C3375,ISRO-SCL-250310-10,Voltage Regulator IC,0,14.3,1.14,12.6,12.6,13.3,PASS,Safe,Pass
C3376,ISRO-SCL-250113-02,MOSFET,1,12.8,1.03,14.6,3.1,85.0,REJECT,Safe,Fail
C3377,ISRO-SCL-250106-01,MOSFET,1,20.7,1.65,41.6,7.8,85.0,REJECT,Safe,Fail
C3378,ISRO-SCL-250113-02,MOSFET,1,17.0,1.36,26.5,7.9,85.0,REJECT,Safe,Fail
C3379,ISRO-SCL-250505-18,Op-Amp IC,0,21.6,1.72,23.0,7.6,19.3,PASS,Safe,Pass
C3380,ISRO-SCL-250310-10,Voltage Regulator IC,0,100.0,241.47,100.0,96.0,99.2,REJECT,Fail,Pass
C3381,ISRO-SCL-250120-03,Op-Amp IC,0,13.4,1.07,22.1,52.9,24.8,PASS,Fail,Pass
C3382,ISRO-SCL-250310-10,Voltage Regulator IC,0,31.9,2.55,17.9,22.0,24.3,PASS,Safe,Pass
C3383,ISRO-SCL-250217-07,Op-Amp IC,0,28.9,2.31,23.7,19.4,24.9,PASS,Borderline,Pass
C3384,ISRO-SCL-250407-14,MOSFET,0,13.5,1.08,16.6,39.7,20.0,PASS,Fail,Pass
C3385,ISRO-SCL-250331-13,Voltage Regulator IC,0,14.8,1.18,1.9,8.8,8.4,PASS,Safe,Pass
C3386,ISRO-SCL-250113-02,MOSFET,0,100.0,9.97,35.1,6.1,55.3,MONITOR,Safe,Pass
C3387,ISRO-SCL-250217-07,Op-Amp IC,1,25.3,2.02,38.4,6.5,85.0,REJECT,Fail,Fail
C3388,ISRO-SCL-250414-15,Digital Logic IC,0,15.0,1.2,19.6,1.5,14.1,PASS,Safe,Pass
C3389,ISRO-SCL-250407-14,MOSFET,1,16.5,1.32,20.8,18.0,85.0,REJECT,Fail,Fail
C3390,ISRO-SCL-250113-02,MOSFET,0,28.1,2.25,13.7,24.4,21.6,PASS,Safe,Pass
C3391,ISRO-SCL-250414-15,Digital Logic IC,1,17.4,1.4,35.2,8.4,85.0,REJECT,Safe,Fail
C3392,ISRO-SCL-250414-15,Digital Logic IC,0,14.6,1.17,14.9,0.4,11.8,PASS,Fail,Pass
C3393,ISRO-SCL-250331-13,Voltage Regulator IC,0,29.6,2.37,9.8,23.0,20.4,PASS,Borderline,Pass
C3394,ISRO-SCL-250224-08,MOSFET,0,19.7,1.57,13.1,27.4,18.6,PASS,Safe,Pass
C3395,ISRO-SCL-250428-17,Voltage Regulator IC,0,15.5,1.24,23.3,12.6,18.0,PASS,Borderline,Pass
C3396,ISRO-SCL-250512-19,Op-Amp IC,0,17.0,1.36,4.0,16.3,11.7,PASS,Safe,Pass
C3397,ISRO-SCL-250421-16,MOSFET,0,12.6,1.01,22.5,7.5,15.5,PASS,Safe,Pass
C3398,ISRO-SCL-250414-15,Digital Logic IC,1,90.3,7.23,81.2,68.4,85.0,REJECT,Fail,Fail
C3399,ISRO-SCL-250324-12,Op-Amp IC,0,21.1,1.69,21.3,1.0,17.1,PASS,Safe,Pass
C3400,ISRO-SCL-250414-15,Digital Logic IC,0,34.7,2.77,25.2,34.6,30.9,MONITOR,Borderline,Pass
C3401,ISRO-SCL-250210-06,MOSFET,0,11.5,0.92,10.0,6.9,10.0,PASS,Safe,Pass
C3402,ISRO-SCL-250113-02,MOSFET,0,19.7,1.57,1.2,8.2,10.0,PASS,Safe,Pass
C3403,ISRO-SCL-250224-08,MOSFET,0,24.4,1.95,8.3,12.6,15.6,PASS,Safe,Pass
C3404,ISRO-SCL-250310-10,Voltage Regulator IC,0,21.1,1.69,14.9,5.0,15.4,PASS,Safe,Pass
C3405,ISRO-SCL-250421-16,MOSFET,0,22.5,1.8,10.2,29.8,19.0,PASS,Fail,Pass
C3406,ISRO-SCL-250407-14,MOSFET,0,22.6,1.81,28.5,21.6,24.8,PASS,Borderline,Pass
C3407,ISRO-SCL-250224-08,MOSFET,0,15.5,1.24,15.6,1.7,12.8,PASS,Safe,Pass
C3408,ISRO-SCL-250113-02,MOSFET,0,22.3,1.79,17.1,18.4,19.4,PASS,Safe,Pass
C3409,ISRO-SCL-250127-04,Op-Amp IC,0,8.3,0.67,5.1,19.9,9.3,PASS,Borderline,Pass
C3410,ISRO-SCL-250331-13,Voltage Regulator IC,0,20.8,1.66,16.4,32.7,21.4,PASS,Borderline,Pass
C3411,ISRO-SCL-250217-07,Op-Amp IC,0,20.5,1.64,39.3,5.5,25.0,PASS,Safe,Pass
C3412,ISRO-SCL-250414-15,Digital Logic IC,0,12.6,1.0,11.9,5.9,11.0,PASS,Safe,Pass
C3413,ISRO-SCL-250113-02,MOSFET,0,12.6,1.01,6.5,11.6,9.9,PASS,Safe,Pass
C3414,ISRO-SCL-250407-14,MOSFET,0,13.3,1.06,14.9,34.0,18.1,PASS,Borderline,Pass
C3415,ISRO-SCL-250224-08,MOSFET,0,31.1,2.49,19.3,15.0,23.2,PASS,Borderline,Pass
C3416,ISRO-SCL-250331-13,Voltage Regulator IC,1,15.8,1.27,21.0,10.1,85.0,REJECT,Fail,Fail
C3417,ISRO-SCL-250210-06,MOSFET,0,75.9,6.07,45.3,41.9,56.9,MONITOR,Fail,Pass
C3418,ISRO-SCL-250324-12,Op-Amp IC,0,12.2,0.98,15.4,2.5,11.6,PASS,Safe,Pass
C3419,ISRO-SCL-250224-08,MOSFET,0,14.1,1.12,17.6,8.5,14.4,PASS,Safe,Pass
C3420,ISRO-SCL-250113-02,MOSFET,1,16.1,1.29,31.4,20.7,85.0,REJECT,Borderline,Fail
C3421,ISRO-SCL-250127-04,Op-Amp IC,0,9.8,0.79,20.0,16.6,15.3,PASS,Borderline,Pass
C3422,ISRO-SCL-250127-04,Op-Amp IC,1,25.3,2.02,42.4,1.2,85.0,REJECT,Safe,Fail
C3423,ISRO-SCL-250512-19,Op-Amp IC,1,56.2,4.5,36.1,44.3,85.0,REJECT,Fail,Fail
C3424,ISRO-SCL-250113-02,MOSFET,0,66.5,5.32,38.8,100.0,62.1,HOLD,Safe,Pass
C3425,ISRO-SCL-250113-02,MOSFET,0,14.2,1.14,9.2,0.7,9.5,PASS,Safe,Pass
C3426,ISRO-SCL-250203-05,Digital Logic IC,1,17.5,1.4,28.6,1.0,85.0,REJECT,Safe,Fail
C3427,ISRO-SCL-250505-18,Op-Amp IC,0,13.7,1.09,5.8,18.3,11.5,PASS,Borderline,Pass
C3428,ISRO-SCL-250106-01,MOSFET,0,13.2,1.06,10.1,11.6,11.6,PASS,Safe,Pass
C3429,ISRO-SCL-250331-13,Voltage Regulator IC,0,22.7,1.81,8.6,12.6,15.0,PASS,Safe,Pass
C3430,ISRO-SCL-250512-19,Op-Amp IC,1,16.1,1.29,19.6,9.6,85.0,REJECT,Safe,Fail
C3431,ISRO-SCL-250310-10,Voltage Regulator IC,0,11.8,0.95,15.0,11.4,13.0,PASS,Safe,Pass
C3432,ISRO-SCL-250317-11,Voltage Regulator IC,0,41.2,3.3,34.5,30.3,36.3,MONITOR,Fail,Pass
C3433,ISRO-SCL-250512-19,Op-Amp IC,0,31.9,2.55,52.7,33.4,40.5,MONITOR,Fail,Pass
C3434,ISRO-SCL-250303-09,Voltage Regulator IC,0,7.3,0.58,1.2,15.6,6.5,PASS,Safe,Pass
C3435,ISRO-SCL-250414-15,Digital Logic IC,1,15.9,1.27,33.0,22.5,85.0,REJECT,Borderline,Fail
C3436,ISRO-SCL-250407-14,MOSFET,0,12.1,0.97,9.8,32.0,15.2,PASS,Fail,Pass
C3437,ISRO-SCL-250203-05,Digital Logic IC,0,15.2,1.21,10.3,17.4,13.6,PASS,Safe,Pass
C3438,ISRO-SCL-250428-17,Voltage Regulator IC,0,12.0,0.96,22.5,11.7,16.2,PASS,Borderline,Pass
C3439,ISRO-SCL-250505-18,Op-Amp IC,0,15.1,1.21,19.8,3.8,14.7,PASS,Safe,Pass
C3440,ISRO-SCL-250519-20,Voltage Regulator IC,0,17.7,1.42,20.3,3.5,15.9,PASS,Safe,Pass
C3441,ISRO-SCL-250203-05,Digital Logic IC,0,22.9,1.83,17.8,7.7,17.8,PASS,Safe,Pass
C3442,ISRO-SCL-250512-19,Op-Amp IC,1,15.3,1.23,34.9,32.3,85.0,REJECT,Borderline,Fail
C3443,ISRO-SCL-250324-12,Op-Amp IC,0,13.7,1.1,28.9,4.8,18.0,PASS,Safe,Pass
C3444,ISRO-SCL-250127-04,Op-Amp IC,0,7.6,0.61,0.8,12.6,5.9,PASS,Safe,Pass
C3445,ISRO-SCL-250203-05,Digital Logic IC,0,21.9,1.75,18.3,2.9,16.7,PASS,Safe,Pass
C3446,ISRO-SCL-250310-10,Voltage Regulator IC,0,11.2,0.9,1.5,13.7,7.8,PASS,Safe,Pass
C3447,ISRO-SCL-250127-04,Op-Amp IC,1,14.6,1.17,34.8,8.2,85.0,REJECT,Borderline,Fail
C3448,ISRO-SCL-250113-02,MOSFET,1,17.6,1.41,23.3,26.7,85.0,REJECT,Safe,Fail
C3449,ISRO-SCL-250106-01,MOSFET,0,17.9,1.43,16.0,22.4,18.0,PASS,Safe,Pass
C3450,ISRO-SCL-250127-04,Op-Amp IC,1,21.1,1.69,29.9,3.2,85.0,REJECT,Safe,Fail
C3451,ISRO-SCL-250224-08,MOSFET,0,13.7,1.09,27.4,7.4,17.9,PASS,Safe,Pass
C3452,ISRO-SCL-250113-02,MOSFET,1,9.6,0.77,7.3,5.7,85.0,REJECT,Safe,Fail
C3453,ISRO-SCL-250127-04,Op-Amp IC,0,13.5,1.08,16.5,32.4,18.5,PASS,Borderline,Pass
C3454,ISRO-SCL-250203-05,Digital Logic IC,0,18.7,1.5,13.3,3.5,13.5,PASS,Safe,Pass
C3455,ISRO-SCL-250324-12,Op-Amp IC,0,14.0,1.12,4.9,19.4,11.4,PASS,Borderline,Pass
C3456,ISRO-SCL-250113-02,MOSFET,1,41.4,3.31,24.2,8.7,85.0,REJECT,Safe,Fail
C3457,ISRO-SCL-250324-12,Op-Amp IC,1,24.2,1.94,59.3,26.1,85.0,REJECT,Fail,Fail
C3458,ISRO-SCL-250421-16,MOSFET,0,16.6,1.33,7.4,13.3,12.3,PASS,Safe,Pass
C3459,ISRO-SCL-250331-13,Voltage Regulator IC,0,25.3,2.02,21.5,28.0,24.3,PASS,Fail,Pass
C3460,ISRO-SCL-250217-07,Op-Amp IC,1,85.0,6.8,71.0,38.6,85.0,REJECT,Fail,Fail
C3461,ISRO-SCL-250428-17,Voltage Regulator IC,0,19.0,1.52,16.0,41.9,22.4,PASS,Borderline,Pass
C3462,ISRO-SCL-250224-08,MOSFET,0,25.6,2.05,18.1,14.6,20.4,PASS,Safe,Pass
C3463,ISRO-SCL-250505-18,Op-Amp IC,0,8.0,0.64,4.6,3.4,5.7,PASS,Safe,Pass
C3464,ISRO-SCL-250113-02,MOSFET,0,19.7,1.57,15.9,5.2,15.3,PASS,Safe,Pass
C3465,ISRO-SCL-250519-20,Voltage Regulator IC,0,14.8,1.18,16.0,20.0,16.3,PASS,Safe,Pass
C3466,ISRO-SCL-250210-06,MOSFET,0,11.0,0.88,7.5,8.5,9.1,PASS,Safe,Pass
C3467,ISRO-SCL-250310-10,Voltage Regulator IC,0,12.9,1.03,7.3,5.4,9.1,PASS,Safe,Pass
C3468,ISRO-SCL-250210-06,MOSFET,1,17.1,1.37,37.9,5.1,85.0,REJECT,Fail,Fail
C3469,ISRO-SCL-250127-04,Op-Amp IC,0,6.7,0.54,8.6,28.0,11.7,PASS,Borderline,Pass
C3470,ISRO-SCL-250303-09,Voltage Regulator IC,0,15.1,1.21,11.8,9.3,12.6,PASS,Fail,Pass
C3471,ISRO-SCL-250331-13,Voltage Regulator IC,1,82.9,6.63,43.4,41.4,85.0,REJECT,Fail,Fail
C3472,ISRO-SCL-250106-01,MOSFET,0,53.7,4.29,47.3,100.0,60.4,HOLD,Borderline,Pass
C3473,ISRO-SCL-250210-06,MOSFET,1,22.5,1.8,16.8,8.4,85.0,REJECT,Fail,Fail
C3474,ISRO-SCL-250512-19,Op-Amp IC,1,15.9,1.27,25.0,15.3,85.0,REJECT,Safe,Fail
C3475,ISRO-SCL-250113-02,MOSFET,1,14.1,1.13,20.0,6.1,85.0,REJECT,Safe,Fail
C3476,ISRO-SCL-250414-15,Digital Logic IC,0,11.0,0.88,7.6,12.0,9.9,PASS,Borderline,Pass
C3477,ISRO-SCL-250407-14,MOSFET,1,58.1,4.65,43.8,51.1,85.0,REJECT,Fail,Fail
C3478,ISRO-SCL-250303-09,Voltage Regulator IC,0,17.6,1.41,5.1,13.7,11.8,PASS,Safe,Pass
C3479,ISRO-SCL-250519-20,Voltage Regulator IC,0,14.5,1.16,9.4,8.4,11.2,PASS,Safe,Pass
C3480,ISRO-SCL-250421-16,MOSFET,0,14.8,1.18,14.9,4.2,12.7,PASS,Safe,Pass
C3481,ISRO-SCL-250113-02,MOSFET,0,13.8,1.1,7.8,11.0,10.8,PASS,Safe,Pass
C3482,ISRO-SCL-250414-15,Digital Logic IC,0,15.8,1.26,8.5,18.4,13.4,PASS,Borderline,Pass
C3483,ISRO-SCL-250113-02,MOSFET,1,17.6,1.41,31.9,11.2,85.0,REJECT,Safe,Fail
C3484,ISRO-SCL-250113-02,MOSFET,0,15.7,1.25,0.1,9.0,8.1,PASS,Safe,Pass
C3485,ISRO-SCL-250217-07,Op-Amp IC,0,10.7,0.86,16.8,6.9,12.4,PASS,Safe,Pass
C3486,ISRO-SCL-250127-04,Op-Amp IC,0,25.3,2.02,34.1,21.6,28.1,PASS,Borderline,Pass
C3487,ISRO-SCL-250407-14,MOSFET,0,10.8,0.87,18.6,31.1,18.0,PASS,Borderline,Pass
C3488,ISRO-SCL-250331-13,Voltage Regulator IC,0,42.6,3.41,25.1,25.2,32.1,MONITOR,Borderline,Pass
C3489,ISRO-SCL-250512-19,Op-Amp IC,0,16.1,1.29,11.7,18.6,14.8,PASS,Safe,Pass
C3490,ISRO-SCL-250331-13,Voltage Regulator IC,1,21.8,1.74,31.3,24.7,85.0,REJECT,Borderline,Fail
C3491,ISRO-SCL-250421-16,MOSFET,0,15.5,1.24,2.5,7.0,8.6,PASS,Safe,Pass
C3492,ISRO-SCL-250519-20,Voltage Regulator IC,0,43.4,3.47,29.5,26.2,34.4,MONITOR,Fail,Pass
C3493,ISRO-SCL-250505-18,Op-Amp IC,0,14.2,1.13,3.8,8.4,8.9,PASS,Safe,Pass
C3494,ISRO-SCL-250324-12,Op-Amp IC,0,14.6,1.17,6.7,18.3,12.2,PASS,Safe,Pass
C3495,ISRO-SCL-250428-17,Voltage Regulator IC,0,15.5,1.24,10.1,20.6,14.4,PASS,Safe,Pass
C3496,ISRO-SCL-250224-08,MOSFET,0,100.0,15.74,48.1,9.3,61.1,HOLD,Fail,Pass
C3497,ISRO-SCL-250414-15,Digital Logic IC,0,42.2,3.38,42.0,18.6,37.4,MONITOR,Fail,Pass
C3498,ISRO-SCL-250512-19,Op-Amp IC,0,19.4,1.55,15.5,14.8,17.0,PASS,Safe,Pass
C3499,ISRO-SCL-250224-08,MOSFET,0,43.3,3.47,15.4,1.3,23.8,PASS,Safe,Pass
C3500,ISRO-SCL-250127-04,Op-Amp IC,0,5.3,0.42,1.4,14.8,5.6,PASS,Safe,Pass
C3501,ISRO-SCL-250310-10,Voltage Regulator IC,1,95.4,7.63,50.0,42.7,85.0,REJECT,Fail,Fail
C3502,ISRO-SCL-250106-01,MOSFET,0,17.9,1.43,15.7,15.1,16.5,PASS,Borderline,Pass
C3503,ISRO-SCL-250106-01,MOSFET,0,100.0,14.55,78.6,100.0,91.5,REJECT,Safe,Pass
C3504,ISRO-SCL-250120-03,Op-Amp IC,0,15.9,1.27,31.8,1.3,19.3,PASS,Safe,Pass
C3505,ISRO-SCL-250505-18,Op-Amp IC,0,21.8,1.75,34.9,32.4,29.2,PASS,Borderline,Pass
C3506,ISRO-SCL-250303-09,Voltage Regulator IC,0,12.8,1.02,7.1,19.3,11.8,PASS,Borderline,Pass
C3507,ISRO-SCL-250127-04,Op-Amp IC,0,18.5,1.48,5.7,2.8,10.2,PASS,Fail,Pass
C3508,ISRO-SCL-250421-16,MOSFET,0,14.6,1.17,16.6,7.4,13.9,PASS,Safe,Pass
C3509,ISRO-SCL-250113-02,MOSFET,0,11.4,0.91,8.4,8.8,9.7,PASS,Safe,Pass
C3510,ISRO-SCL-250120-03,Op-Amp IC,0,54.8,4.39,49.0,27.7,47.1,MONITOR,Fail,Pass
C3511,ISRO-SCL-250407-14,MOSFET,1,37.7,3.02,54.0,30.2,85.0,REJECT,Borderline,Fail
C3512,ISRO-SCL-250217-07,Op-Amp IC,0,12.8,1.03,7.2,8.5,9.7,PASS,Safe,Pass
C3513,ISRO-SCL-250428-17,Voltage Regulator IC,0,17.2,1.38,11.1,20.6,15.5,PASS,Safe,Pass
C3514,ISRO-SCL-250407-14,MOSFET,0,14.2,1.14,12.9,17.0,14.2,PASS,Safe,Pass
C3515,ISRO-SCL-250428-17,Voltage Regulator IC,0,15.1,1.21,7.1,11.0,11.1,PASS,Borderline,Pass
C3516,ISRO-SCL-250106-01,MOSFET,1,39.7,3.17,39.6,26.6,85.0,REJECT,Borderline,Fail
C3517,ISRO-SCL-250113-02,MOSFET,0,37.8,3.03,8.5,15.3,21.6,PASS,Safe,Pass
C3518,ISRO-SCL-250224-08,MOSFET,0,13.6,1.09,10.1,13.6,12.2,PASS,Safe,Pass
C3519,ISRO-SCL-250217-07,Op-Amp IC,0,24.1,1.93,25.0,30.5,25.7,PASS,Fail,Pass
C3520,ISRO-SCL-250210-06,MOSFET,0,18.8,1.51,32.8,4.5,21.6,PASS,Safe,Pass
C3521,ISRO-SCL-250217-07,Op-Amp IC,0,7.4,0.59,4.4,8.9,6.5,PASS,Safe,Pass
C3522,ISRO-SCL-250512-19,Op-Amp IC,1,100.0,11.24,92.5,37.4,85.0,REJECT,Fail,Fail
C3523,ISRO-SCL-250303-09,Voltage Regulator IC,0,21.0,1.68,20.7,11.1,18.9,PASS,Safe,Pass
C3524,ISRO-SCL-250414-15,Digital Logic IC,0,15.6,1.25,17.3,7.9,14.8,PASS,Safe,Pass
C3525,ISRO-SCL-250120-03,Op-Amp IC,0,7.5,0.6,0.0,13.9,5.8,PASS,Safe,Pass
C3526,ISRO-SCL-250113-02,MOSFET,0,12.6,1.01,19.1,17.3,16.1,PASS,Safe,Pass
C3527,ISRO-SCL-250310-10,Voltage Regulator IC,0,17.9,1.44,4.7,12.6,11.6,PASS,Safe,Pass
C3528,ISRO-SCL-250106-01,MOSFET,0,32.9,2.63,29.4,39.2,32.8,MONITOR,Fail,Pass
C3529,ISRO-SCL-250113-02,MOSFET,0,10.5,0.84,0.9,5.5,5.6,PASS,Safe,Pass
C3530,ISRO-SCL-250113-02,MOSFET,0,83.5,6.68,25.3,17.1,46.9,MONITOR,Borderline,Pass
C3531,ISRO-SCL-250303-09,Voltage Regulator IC,0,14.5,1.16,10.9,6.9,11.5,PASS,Safe,Pass
C3532,ISRO-SCL-250120-03,Op-Amp IC,0,9.4,0.75,0.0,7.4,5.2,PASS,Safe,Pass
C3533,ISRO-SCL-250210-06,MOSFET,0,93.5,7.48,36.0,18.8,55.6,MONITOR,Safe,Pass
C3534,ISRO-SCL-250407-14,MOSFET,0,12.4,0.99,10.1,17.4,12.5,PASS,Safe,Pass
C3535,ISRO-SCL-250317-11,Voltage Regulator IC,0,31.9,2.55,16.5,35.5,26.5,PASS,Borderline,Pass
C3536,ISRO-SCL-250407-14,MOSFET,0,13.0,1.04,18.5,39.8,20.6,PASS,Borderline,Pass
C3537,ISRO-SCL-250210-06,MOSFET,0,16.5,1.32,24.4,17.6,19.9,PASS,Safe,Pass
C3538,ISRO-SCL-250512-19,Op-Amp IC,0,14.1,1.12,13.2,7.0,12.3,PASS,Safe,Pass
C3539,ISRO-SCL-250331-13,Voltage Regulator IC,0,14.7,1.18,12.5,22.8,15.4,PASS,Safe,Pass
C3540,ISRO-SCL-250120-03,Op-Amp IC,0,100.0,178.29,100.0,88.4,97.7,REJECT,Fail,Pass
C3541,ISRO-SCL-250127-04,Op-Amp IC,0,13.7,1.09,6.6,0.8,8.3,PASS,Borderline,Pass
C3542,ISRO-SCL-250414-15,Digital Logic IC,1,29.5,2.36,28.4,19.9,85.0,REJECT,Fail,Fail
C3543,ISRO-SCL-250505-18,Op-Amp IC,0,44.4,3.55,15.5,24.5,28.8,PASS,Borderline,Pass
C3544,ISRO-SCL-250407-14,MOSFET,0,14.1,1.13,16.6,12.6,14.8,PASS,Borderline,Pass
C3545,ISRO-SCL-250127-04,Op-Amp IC,0,15.7,1.25,12.0,10.8,13.2,PASS,Safe,Pass
C3546,ISRO-SCL-250421-16,MOSFET,0,17.1,1.37,10.7,6.8,12.5,PASS,Safe,Pass
C3547,ISRO-SCL-250310-10,Voltage Regulator IC,0,8.4,0.67,7.1,6.8,7.6,PASS,Safe,Pass
C3548,ISRO-SCL-250203-05,Digital Logic IC,0,12.5,1.0,6.0,6.3,8.7,PASS,Safe,Pass
C3549,ISRO-SCL-250310-10,Voltage Regulator IC,0,13.5,1.08,16.8,13.9,14.9,PASS,Safe,Pass
C3550,ISRO-SCL-250217-07,Op-Amp IC,0,26.4,2.11,17.9,19.5,21.6,PASS,Fail,Pass
C3551,ISRO-SCL-250324-12,Op-Amp IC,0,15.0,1.2,51.8,9.7,28.7,PASS,Safe,Pass
C3552,ISRO-SCL-250407-14,MOSFET,0,12.5,1.0,14.3,17.1,14.2,PASS,Safe,Pass
C3553,ISRO-SCL-250421-16,MOSFET,0,15.9,1.27,3.6,17.0,11.2,PASS,Safe,Pass
C3554,ISRO-SCL-250106-01,MOSFET,0,12.3,0.99,8.6,8.9,10.1,PASS,Safe,Pass
C3555,ISRO-SCL-250414-15,Digital Logic IC,0,10.1,0.81,4.1,9.2,7.5,PASS,Safe,Pass
C3556,ISRO-SCL-250414-15,Digital Logic IC,1,19.9,1.59,30.4,6.9,85.0,REJECT,Safe,Fail
C3557,ISRO-SCL-250421-16,MOSFET,0,31.4,2.51,10.7,4.2,17.7,PASS,Safe,Pass
C3558,ISRO-SCL-250331-13,Voltage Regulator IC,0,11.1,0.88,6.6,6.5,8.4,PASS,Safe,Pass
C3559,ISRO-SCL-250106-01,MOSFET,1,60.9,4.87,57.2,44.6,85.0,REJECT,Fail,Fail
C3560,ISRO-SCL-250120-03,Op-Amp IC,0,15.7,1.26,18.8,10.4,15.9,PASS,Safe,Pass
C3561,ISRO-SCL-250505-18,Op-Amp IC,0,31.1,2.49,5.5,15.0,17.6,PASS,Safe,Pass
C3562,ISRO-SCL-250519-20,Voltage Regulator IC,0,16.0,1.28,11.1,6.3,12.1,PASS,Safe,Pass
C3563,ISRO-SCL-250217-07,Op-Amp IC,0,19.1,1.52,15.0,11.3,15.9,PASS,Safe,Pass
C3564,ISRO-SCL-250127-04,Op-Amp IC,0,43.0,3.44,55.6,14.3,42.3,MONITOR,Fail,Pass
C3565,ISRO-SCL-250217-07,Op-Amp IC,0,14.7,1.18,12.8,18.2,14.7,PASS,Safe,Pass
C3566,ISRO-SCL-250324-12,Op-Amp IC,0,10.5,0.84,18.9,5.1,12.8,PASS,Safe,Pass
C3567,ISRO-SCL-250106-01,MOSFET,0,100.0,139.39,100.0,100.0,100.0,REJECT,Safe,Pass
C3568,ISRO-SCL-250317-11,Voltage Regulator IC,0,8.4,0.67,4.0,27.4,10.4,PASS,Borderline,Pass
C3569,ISRO-SCL-250106-01,MOSFET,0,10.3,0.82,2.4,5.3,6.1,PASS,Safe,Pass
C3570,ISRO-SCL-250113-02,MOSFET,0,14.1,1.12,4.7,11.8,9.9,PASS,Safe,Pass
C3571,ISRO-SCL-250303-09,Voltage Regulator IC,1,42.0,3.36,43.4,22.5,85.0,REJECT,Borderline,Fail
C3572,ISRO-SCL-250331-13,Voltage Regulator IC,1,15.9,1.27,30.8,7.5,85.0,REJECT,Safe,Fail
C3573,ISRO-SCL-250414-15,Digital Logic IC,0,28.5,2.28,43.3,9.9,30.7,MONITOR,Fail,Pass
C3574,ISRO-SCL-250113-02,MOSFET,0,17.3,1.39,28.6,19.9,22.4,PASS,Borderline,Pass
C3575,ISRO-SCL-250127-04,Op-Amp IC,1,32.5,2.6,22.8,25.6,85.0,REJECT,Fail,Fail
C3576,ISRO-SCL-250414-15,Digital Logic IC,0,11.2,0.89,6.6,8.4,8.8,PASS,Safe,Pass
C3577,ISRO-SCL-250310-10,Voltage Regulator IC,0,17.6,1.41,19.8,2.2,15.4,PASS,Safe,Pass
C3578,ISRO-SCL-250414-15,Digital Logic IC,1,16.0,1.28,30.0,8.9,85.0,REJECT,Fail,Fail
C3579,ISRO-SCL-250217-07,Op-Amp IC,0,17.4,1.39,17.2,17.2,17.3,PASS,Safe,Pass
C3580,ISRO-SCL-250512-19,Op-Amp IC,1,15.4,1.23,36.5,9.3,85.0,REJECT,Safe,Fail
C3581,ISRO-SCL-250127-04,Op-Amp IC,0,30.6,2.45,30.7,33.2,31.1,MONITOR,Fail,Pass
C3582,ISRO-SCL-250505-18,Op-Amp IC,0,61.5,4.92,34.0,14.9,41.2,MONITOR,Borderline,Pass
C3583,ISRO-SCL-250113-02,MOSFET,0,23.0,1.84,8.4,4.9,13.5,PASS,Safe,Pass
C3584,ISRO-SCL-250331-13,Voltage Regulator IC,0,19.8,1.59,29.0,13.9,22.3,PASS,Safe,Pass
C3585,ISRO-SCL-250505-18,Op-Amp IC,0,16.1,1.29,4.7,7.8,9.9,PASS,Safe,Pass
C3586,ISRO-SCL-250203-05,Digital Logic IC,1,100.0,26.04,87.4,100.0,95.0,REJECT,Fail,Fail
C3587,ISRO-SCL-250224-08,MOSFET,0,18.3,1.46,32.8,10.0,22.4,PASS,Safe,Pass
C3588,ISRO-SCL-250407-14,MOSFET,1,14.1,1.13,11.5,14.8,85.0,REJECT,Fail,Fail
C3589,ISRO-SCL-250224-08,MOSFET,0,11.2,0.9,7.1,33.8,14.1,PASS,Borderline,Pass
C3590,ISRO-SCL-250512-19,Op-Amp IC,1,15.0,1.2,11.7,18.2,85.0,REJECT,Safe,Fail
C3591,ISRO-SCL-250407-14,MOSFET,1,19.9,1.59,30.7,5.7,85.0,REJECT,Safe,Fail
C3592,ISRO-SCL-250127-04,Op-Amp IC,1,11.9,0.95,15.2,3.8,85.0,REJECT,Safe,Fail
C3593,ISRO-SCL-250407-14,MOSFET,0,15.0,1.2,22.2,34.6,21.8,PASS,Borderline,Pass
C3594,ISRO-SCL-250407-14,MOSFET,0,92.7,7.42,43.1,24.1,59.2,MONITOR,Safe,Pass
C3595,ISRO-SCL-250331-13,Voltage Regulator IC,0,22.9,1.83,7.9,22.3,16.8,PASS,Borderline,Pass
C3596,ISRO-SCL-250414-15,Digital Logic IC,1,19.4,1.55,31.2,3.7,85.0,REJECT,Safe,Fail
C3597,ISRO-SCL-250224-08,MOSFET,0,30.6,2.45,26.1,24.3,27.6,PASS,Borderline,Pass
C3598,ISRO-SCL-250224-08,MOSFET,0,17.4,1.39,19.9,17.9,18.5,PASS,Safe,Pass
C3599,ISRO-SCL-250512-19,Op-Amp IC,0,32.6,2.61,27.3,49.2,33.8,MONITOR,Fail,Pass
C3600,ISRO-SCL-250407-14,MOSFET,0,8.4,0.67,8.8,16.0,10.1,PASS,Borderline,Pass
C3601,ISRO-SCL-250407-14,MOSFET,0,10.0,0.8,1.4,9.0,6.4,PASS,Safe,Pass
C3602,ISRO-SCL-250414-15,Digital Logic IC,0,17.0,1.36,17.1,10.1,15.7,PASS,Safe,Pass
C3603,ISRO-SCL-250324-12,Op-Amp IC,0,15.5,1.24,15.4,36.7,19.7,PASS,Borderline,Pass
C3604,ISRO-SCL-250224-08,MOSFET,0,19.7,1.57,16.1,13.0,16.9,PASS,Safe,Pass
C3605,ISRO-SCL-250210-06,MOSFET,0,7.5,0.6,6.8,4.5,6.6,PASS,Safe,Pass
C3606,ISRO-SCL-250203-05,Digital Logic IC,0,14.4,1.15,3.8,0.6,7.4,PASS,Safe,Pass
C3607,ISRO-SCL-250127-04,Op-Amp IC,1,18.8,1.5,30.2,16.4,85.0,REJECT,Safe,Fail
C3608,ISRO-SCL-250127-04,Op-Amp IC,0,7.1,0.57,1.7,8.7,5.3,PASS,Safe,Pass
C3609,ISRO-SCL-250505-18,Op-Amp IC,0,30.0,2.4,6.2,12.5,17.0,PASS,Safe,Pass
C3610,ISRO-SCL-250519-20,Voltage Regulator IC,0,9.2,0.73,5.1,3.0,6.3,PASS,Safe,Pass
C3611,ISRO-SCL-250113-02,MOSFET,0,20.5,1.64,7.8,15.3,14.3,PASS,Safe,Pass
C3612,ISRO-SCL-250324-12,Op-Amp IC,1,17.8,1.42,36.1,7.8,85.0,REJECT,Safe,Fail
C3613,ISRO-SCL-250324-12,Op-Amp IC,0,17.3,1.38,23.1,9.6,18.1,PASS,Safe,Pass
C3614,ISRO-SCL-250127-04,Op-Amp IC,1,12.9,1.03,21.6,6.6,85.0,REJECT,Safe,Fail
C3615,ISRO-SCL-250331-13,Voltage Regulator IC,0,15.2,1.21,10.2,7.0,11.6,PASS,Safe,Pass
C3616,ISRO-SCL-250512-19,Op-Amp IC,1,37.8,3.02,40.0,24.8,85.0,REJECT,Borderline,Fail
C3617,ISRO-SCL-250512-19,Op-Amp IC,0,39.3,3.15,16.6,29.0,28.2,PASS,Borderline,Pass
C3618,ISRO-SCL-250113-02,MOSFET,0,14.1,1.12,22.4,22.1,19.0,PASS,Borderline,Pass
C3619,ISRO-SCL-250512-19,Op-Amp IC,1,36.7,2.93,31.0,11.0,85.0,REJECT,Safe,Fail
C3620,ISRO-SCL-250331-13,Voltage Regulator IC,1,16.8,1.34,25.2,4.0,85.0,REJECT,Safe,Fail
C3621,ISRO-SCL-250127-04,Op-Amp IC,0,15.8,1.26,19.1,14.4,16.9,PASS,Safe,Pass
C3622,ISRO-SCL-250414-15,Digital Logic IC,0,20.0,1.6,19.5,15.2,18.9,PASS,Safe,Pass
C3623,ISRO-SCL-250421-16,MOSFET,1,17.0,1.36,26.0,5.8,85.0,REJECT,Safe,Fail
C3624,ISRO-SCL-250407-14,MOSFET,0,100.0,11.8,100.0,100.0,100.0,REJECT,Fail,Pass
C3625,ISRO-SCL-250512-19,Op-Amp IC,0,74.9,6.0,64.3,42.2,64.1,HOLD,Fail,Pass
C3626,ISRO-SCL-250210-06,MOSFET,0,10.2,0.81,3.3,7.1,6.8,PASS,Safe,Pass
C3627,ISRO-SCL-250106-01,MOSFET,0,14.8,1.19,14.4,11.4,14.0,PASS,Safe,Pass
C3628,ISRO-SCL-250120-03,Op-Amp IC,0,100.0,10.48,44.5,13.5,60.5,HOLD,Safe,Pass
C3629,ISRO-SCL-250106-01,MOSFET,0,5.6,0.45,3.1,11.2,5.7,PASS,Safe,Pass
C3630,ISRO-SCL-250106-01,MOSFET,0,36.1,2.89,28.3,25.3,30.8,MONITOR,Borderline,Pass
C3631,ISRO-SCL-250224-08,MOSFET,0,13.5,1.08,8.3,27.9,14.3,PASS,Borderline,Pass
C3632,ISRO-SCL-250224-08,MOSFET,0,31.7,2.54,29.4,15.5,27.6,PASS,Safe,Pass
C3633,ISRO-SCL-250217-07,Op-Amp IC,0,10.5,0.84,17.1,8.4,12.7,PASS,Safe,Pass
C3634,ISRO-SCL-250106-01,MOSFET,0,25.5,2.04,39.6,30.4,32.1,MONITOR,Fail,Pass
C3635,ISRO-SCL-250512-19,Op-Amp IC,0,15.0,1.2,3.7,6.3,8.8,PASS,Safe,Pass
C3636,ISRO-SCL-250421-16,MOSFET,0,12.6,1.01,18.0,1.6,12.6,PASS,Safe,Pass
C3637,ISRO-SCL-250512-19,Op-Amp IC,1,14.9,1.19,36.4,34.5,85.0,REJECT,Borderline,Fail
C3638,ISRO-SCL-250324-12,Op-Amp IC,1,15.7,1.26,26.8,21.7,85.0,REJECT,Fail,Fail
C3639,ISRO-SCL-250210-06,MOSFET,0,30.4,2.43,32.5,14.6,28.1,PASS,Safe,Pass
C3640,ISRO-SCL-250127-04,Op-Amp IC,0,14.7,1.18,20.5,25.9,19.3,PASS,Safe,Pass
C3641,ISRO-SCL-250106-01,MOSFET,1,18.1,1.45,19.1,6.3,85.0,REJECT,Safe,Fail
C3642,ISRO-SCL-250217-07,Op-Amp IC,0,61.8,4.94,34.4,1.4,38.8,MONITOR,Safe,Pass
C3643,ISRO-SCL-250113-02,MOSFET,0,13.2,1.06,3.9,4.1,7.7,PASS,Safe,Pass
C3644,ISRO-SCL-250512-19,Op-Amp IC,0,14.3,1.14,18.5,18.0,16.7,PASS,Fail,Pass
C3645,ISRO-SCL-250310-10,Voltage Regulator IC,0,15.5,1.24,9.8,9.6,12.0,PASS,Safe,Pass
C3646,ISRO-SCL-250203-05,Digital Logic IC,0,6.6,0.52,0.0,3.7,3.4,PASS,Safe,Pass
C3647,ISRO-SCL-250324-12,Op-Amp IC,0,21.2,1.7,12.6,9.7,15.5,PASS,Safe,Pass
C3648,ISRO-SCL-250310-10,Voltage Regulator IC,0,13.0,1.04,2.9,12.8,8.9,PASS,Safe,Pass
C3649,ISRO-SCL-250428-17,Voltage Regulator IC,0,21.2,1.7,29.5,35.4,27.4,PASS,Fail,Pass
C3650,ISRO-SCL-250203-05,Digital Logic IC,0,15.5,1.24,15.4,6.1,13.6,PASS,Safe,Pass
C3651,ISRO-SCL-250505-18,Op-Amp IC,0,17.8,1.42,22.1,13.3,18.6,PASS,Safe,Pass
C3652,ISRO-SCL-250310-10,Voltage Regulator IC,0,24.4,1.95,7.3,17.6,16.2,PASS,Safe,Pass
C3653,ISRO-SCL-250113-02,MOSFET,0,12.7,1.02,12.0,7.6,11.4,PASS,Safe,Pass
C3654,ISRO-SCL-250113-02,MOSFET,0,21.7,1.73,1.7,16.0,12.6,PASS,Safe,Pass
C3655,ISRO-SCL-250113-02,MOSFET,1,11.4,0.91,12.9,6.1,85.0,REJECT,Safe,Fail
C3656,ISRO-SCL-250217-07,Op-Amp IC,0,16.2,1.3,12.4,0.2,11.5,PASS,Safe,Pass
C3657,ISRO-SCL-250203-05,Digital Logic IC,0,11.8,0.94,7.9,7.2,9.3,PASS,Safe,Pass
C3658,ISRO-SCL-250317-11,Voltage Regulator IC,0,10.8,0.86,15.0,17.5,13.8,PASS,Safe,Pass
C3659,ISRO-SCL-250113-02,MOSFET,0,10.0,0.8,1.1,4.9,5.4,PASS,Safe,Pass
C3660,ISRO-SCL-250407-14,MOSFET,0,38.5,3.08,49.1,100.0,55.0,MONITOR,Borderline,Pass
C3661,ISRO-SCL-250113-02,MOSFET,0,39.3,3.14,0.9,20.5,20.2,PASS,Borderline,Pass
C3662,ISRO-SCL-250519-20,Voltage Regulator IC,0,12.8,1.02,8.3,8.8,10.2,PASS,Safe,Pass
C3663,ISRO-SCL-250217-07,Op-Amp IC,0,13.2,1.05,22.3,8.4,15.9,PASS,Safe,Pass
C3664,ISRO-SCL-250303-09,Voltage Regulator IC,0,16.8,1.34,16.9,31.0,19.7,PASS,Borderline,Pass
C3665,ISRO-SCL-250331-13,Voltage Regulator IC,0,14.5,1.16,9.4,5.6,10.7,PASS,Safe,Pass
C3666,ISRO-SCL-250519-20,Voltage Regulator IC,0,9.2,0.74,6.3,28.8,12.0,PASS,Borderline,Pass
C3667,ISRO-SCL-250421-16,MOSFET,0,14.7,1.18,9.4,11.3,11.9,PASS,Safe,Pass
C3668,ISRO-SCL-250505-18,Op-Amp IC,0,15.0,1.2,19.2,8.8,15.5,PASS,Safe,Pass
C3669,ISRO-SCL-250505-18,Op-Amp IC,0,12.9,1.03,7.1,8.2,9.6,PASS,Safe,Pass
C3670,ISRO-SCL-250407-14,MOSFET,0,22.1,1.77,25.8,23.6,23.9,PASS,Borderline,Pass
C3671,ISRO-SCL-250127-04,Op-Amp IC,1,33.7,2.7,43.0,31.3,85.0,REJECT,Fail,Fail
C3672,ISRO-SCL-250106-01,MOSFET,0,8.6,0.68,1.1,11.4,6.1,PASS,Safe,Pass
C3673,ISRO-SCL-250224-08,MOSFET,0,15.5,1.24,4.3,5.5,9.0,PASS,Safe,Pass
C3674,ISRO-SCL-250113-02,MOSFET,0,14.6,1.17,16.1,19.3,16.1,PASS,Safe,Pass
C3675,ISRO-SCL-250203-05,Digital Logic IC,0,15.9,1.27,20.0,6.3,15.6,PASS,Safe,Pass
C3676,ISRO-SCL-250310-10,Voltage Regulator IC,0,11.9,0.95,15.0,24.6,15.7,PASS,Safe,Pass
C3677,ISRO-SCL-250310-10,Voltage Regulator IC,0,21.1,1.69,22.7,30.9,23.7,PASS,Borderline,Pass
C3678,ISRO-SCL-250317-11,Voltage Regulator IC,0,16.5,1.32,24.3,9.5,18.2,PASS,Safe,Pass
C3679,ISRO-SCL-250120-03,Op-Amp IC,0,23.4,1.87,18.3,7.1,18.1,PASS,Safe,Pass
C3680,ISRO-SCL-250210-06,MOSFET,0,15.1,1.21,21.5,7.5,16.1,PASS,Safe,Pass
C3681,ISRO-SCL-250331-13,Voltage Regulator IC,1,11.2,0.89,21.2,6.0,85.0,REJECT,Safe,Fail
C3682,ISRO-SCL-250331-13,Voltage Regulator IC,1,15.6,1.25,24.2,16.7,85.0,REJECT,Safe,Fail
C3683,ISRO-SCL-250106-01,MOSFET,1,15.0,1.2,13.1,11.1,85.0,REJECT,Safe,Fail
C3684,ISRO-SCL-250421-16,MOSFET,0,18.3,1.46,11.0,9.7,13.7,PASS,Safe,Pass
C3685,ISRO-SCL-250331-13,Voltage Regulator IC,0,34.1,2.73,9.2,24.1,22.1,PASS,Borderline,Pass
C3686,ISRO-SCL-250505-18,Op-Amp IC,0,16.1,1.29,5.6,8.7,10.4,PASS,Safe,Pass
C3687,ISRO-SCL-250224-08,MOSFET,0,9.3,0.74,10.6,7.9,9.5,PASS,Safe,Pass
C3688,ISRO-SCL-250310-10,Voltage Regulator IC,0,20.1,1.61,9.3,11.8,14.1,PASS,Safe,Pass
C3689,ISRO-SCL-250331-13,Voltage Regulator IC,0,26.4,2.11,10.8,32.6,21.4,PASS,Borderline,Pass
C3690,ISRO-SCL-250414-15,Digital Logic IC,1,100.0,8.8,78.6,74.6,86.4,REJECT,Fail,Fail
C3691,ISRO-SCL-250407-14,MOSFET,0,13.1,1.05,5.1,15.9,10.5,PASS,Borderline,Pass
C3692,ISRO-SCL-250310-10,Voltage Regulator IC,0,20.1,1.61,15.6,1.6,14.6,PASS,Safe,Pass
C3693,ISRO-SCL-250512-19,Op-Amp IC,0,55.3,4.42,41.4,36.2,45.9,MONITOR,Fail,Pass
C3694,ISRO-SCL-250127-04,Op-Amp IC,0,12.9,1.03,5.4,11.5,9.6,PASS,Safe,Pass
C3695,ISRO-SCL-250310-10,Voltage Regulator IC,0,39.3,3.15,10.1,16.1,23.0,PASS,Borderline,Pass
C3696,ISRO-SCL-250414-15,Digital Logic IC,0,15.8,1.26,26.1,21.7,21.1,PASS,Safe,Pass
C3697,ISRO-SCL-250113-02,MOSFET,0,19.7,1.57,9.1,11.1,13.8,PASS,Safe,Pass
C3698,ISRO-SCL-250505-18,Op-Amp IC,0,17.9,1.43,12.8,13.4,15.0,PASS,Safe,Pass
C3699,ISRO-SCL-250519-20,Voltage Regulator IC,0,21.3,1.7,12.8,28.8,19.4,PASS,Borderline,Pass
C3700,ISRO-SCL-250414-15,Digital Logic IC,0,12.9,1.04,12.6,6.8,11.6,PASS,Safe,Pass
C3701,ISRO-SCL-250414-15,Digital Logic IC,0,16.3,1.31,11.8,14.6,14.2,PASS,Safe,Pass
C3702,ISRO-SCL-250421-16,MOSFET,0,10.3,0.82,7.6,8.3,8.8,PASS,Fail,Pass
C3703,ISRO-SCL-250120-03,Op-Amp IC,0,17.5,1.4,17.7,5.1,15.1,PASS,Safe,Pass
C3704,ISRO-SCL-250414-15,Digital Logic IC,0,16.2,1.3,12.4,10.0,13.4,PASS,Safe,Pass
C3705,ISRO-SCL-250224-08,MOSFET,0,14.3,1.15,9.6,36.0,16.7,PASS,Fail,Pass
C3706,ISRO-SCL-250113-02,MOSFET,0,12.6,1.01,15.6,20.1,15.3,PASS,Safe,Pass
C3707,ISRO-SCL-250414-15,Digital Logic IC,0,15.5,1.24,12.3,17.6,14.6,PASS,Safe,Pass
C3708,ISRO-SCL-250317-11,Voltage Regulator IC,0,10.7,0.86,3.0,13.2,8.1,PASS,Safe,Pass
C3709,ISRO-SCL-250106-01,MOSFET,0,17.1,1.37,18.5,12.9,16.8,PASS,Safe,Pass
C3710,ISRO-SCL-250127-04,Op-Amp IC,0,19.8,1.58,22.4,18.3,20.5,PASS,Safe,Pass
C3711,ISRO-SCL-250505-18,Op-Amp IC,0,25.3,2.02,17.4,0.6,17.2,PASS,Safe,Pass
C3712,ISRO-SCL-250317-11,Voltage Regulator IC,0,11.2,0.9,21.2,10.1,15.0,PASS,Safe,Pass
C3713,ISRO-SCL-250217-07,Op-Amp IC,0,16.0,1.28,32.2,10.6,21.4,PASS,Safe,Pass
C3714,ISRO-SCL-250310-10,Voltage Regulator IC,0,45.6,3.65,15.6,32.9,31.0,MONITOR,Borderline,Pass
C3715,ISRO-SCL-250203-05,Digital Logic IC,0,15.2,1.21,14.7,5.9,13.1,PASS,Safe,Pass
C3716,ISRO-SCL-250224-08,MOSFET,0,12.3,0.99,32.7,10.8,20.2,PASS,Safe,Pass
C3717,ISRO-SCL-250512-19,Op-Amp IC,0,14.6,1.17,14.4,13.4,14.3,PASS,Safe,Pass
C3718,ISRO-SCL-250512-19,Op-Amp IC,0,12.0,0.96,13.4,22.4,14.6,PASS,Borderline,Pass
C3719,ISRO-SCL-250127-04,Op-Amp IC,0,14.5,1.16,20.2,9.8,15.9,PASS,Safe,Pass
C3720,ISRO-SCL-250203-05,Digital Logic IC,0,16.4,1.31,32.6,10.4,21.7,PASS,Safe,Pass
C3721,ISRO-SCL-250303-09,Voltage Regulator IC,0,43.5,3.48,38.3,33.2,39.4,MONITOR,Borderline,Pass
C3722,ISRO-SCL-250324-12,Op-Amp IC,0,13.6,1.08,30.4,22.0,22.0,PASS,Safe,Pass
C3723,ISRO-SCL-250310-10,Voltage Regulator IC,0,44.8,3.58,15.4,31.7,30.4,MONITOR,Fail,Pass
C3724,ISRO-SCL-250120-03,Op-Amp IC,0,15.9,1.27,27.7,5.2,18.5,PASS,Safe,Pass
C3725,ISRO-SCL-250414-15,Digital Logic IC,1,16.5,1.32,20.0,11.8,85.0,REJECT,Fail,Fail
C3726,ISRO-SCL-250113-02,MOSFET,0,19.2,1.54,2.7,10.5,10.9,PASS,Safe,Pass
C3727,ISRO-SCL-250127-04,Op-Amp IC,0,10.6,0.85,16.6,16.7,14.2,PASS,Safe,Pass
C3728,ISRO-SCL-250113-02,MOSFET,0,15.9,1.27,12.3,23.9,16.1,PASS,Safe,Pass
C3729,ISRO-SCL-250310-10,Voltage Regulator IC,0,20.9,1.67,19.0,11.6,18.3,PASS,Borderline,Pass
C3730,ISRO-SCL-250106-01,MOSFET,0,29.5,2.36,35.7,44.4,34.9,MONITOR,Borderline,Pass
C3731,ISRO-SCL-250113-02,MOSFET,0,14.1,1.12,15.1,4.5,12.6,PASS,Safe,Pass
C3732,ISRO-SCL-250303-09,Voltage Regulator IC,0,100.0,9.35,34.1,9.6,55.6,MONITOR,Safe,Pass
C3733,ISRO-SCL-250512-19,Op-Amp IC,0,13.7,1.09,25.3,40.6,23.7,PASS,Borderline,Pass
C3734,ISRO-SCL-250203-05,Digital Logic IC,0,21.9,1.75,20.1,0.3,16.9,PASS,Safe,Pass
C3735,ISRO-SCL-250210-06,MOSFET,0,5.6,0.45,0.0,5.5,3.3,PASS,Fail,Pass
C3736,ISRO-SCL-250113-02,MOSFET,0,13.3,1.06,5.0,8.6,9.0,PASS,Safe,Pass
C3737,ISRO-SCL-250113-02,MOSFET,1,14.9,1.19,8.5,13.3,85.0,REJECT,Safe,Fail
C3738,ISRO-SCL-250127-04,Op-Amp IC,0,18.1,1.45,10.1,26.0,16.5,PASS,Borderline,Pass
C3739,ISRO-SCL-250331-13,Voltage Regulator IC,0,45.5,3.64,17.6,37.8,32.8,MONITOR,Fail,Pass
C3740,ISRO-SCL-250127-04,Op-Amp IC,0,14.9,1.19,14.1,14.5,14.5,PASS,Safe,Pass
C3741,ISRO-SCL-250331-13,Voltage Regulator IC,0,20.6,1.65,22.6,12.6,19.8,PASS,Safe,Pass
C3742,ISRO-SCL-250303-09,Voltage Regulator IC,0,24.1,1.93,19.8,21.3,21.8,PASS,Borderline,Pass
C3743,ISRO-SCL-250106-01,MOSFET,0,17.4,1.39,10.3,6.8,12.4,PASS,Safe,Pass
C3744,ISRO-SCL-250512-19,Op-Amp IC,1,66.2,5.3,38.8,41.3,85.0,REJECT,Fail,Fail
C3745,ISRO-SCL-250113-02,MOSFET,0,15.4,1.23,5.8,15.0,11.5,PASS,Safe,Pass
C3746,ISRO-SCL-250113-02,MOSFET,0,17.0,1.36,15.0,13.2,15.5,PASS,Safe,Pass
C3747,ISRO-SCL-250407-14,MOSFET,1,52.5,4.2,52.4,30.9,85.0,REJECT,Fail,Fail
C3748,ISRO-SCL-250224-08,MOSFET,0,21.1,1.69,16.8,3.1,15.8,PASS,Safe,Pass
C3749,ISRO-SCL-250407-14,MOSFET,1,39.5,3.16,60.5,69.4,85.0,REJECT,Fail,Fail
C3750,ISRO-SCL-250203-05,Digital Logic IC,0,14.5,1.16,12.2,3.7,11.4,PASS,Fail,Pass
C3751,ISRO-SCL-250428-17,Voltage Regulator IC,0,13.0,1.04,19.5,25.4,18.1,PASS,Safe,Pass
C3752,ISRO-SCL-250224-08,MOSFET,0,100.0,21.61,70.8,100.0,88.3,REJECT,Safe,Pass
C3753,ISRO-SCL-250127-04,Op-Amp IC,0,47.4,3.79,24.3,27.3,34.1,MONITOR,Fail,Pass
C3754,ISRO-SCL-250203-05,Digital Logic IC,0,63.0,5.04,34.4,20.6,43.1,MONITOR,Safe,Pass
C3755,ISRO-SCL-250310-10,Voltage Regulator IC,0,22.5,1.8,23.8,7.6,20.0,PASS,Safe,Pass
C3756,ISRO-SCL-250224-08,MOSFET,0,16.4,1.31,51.3,13.2,29.7,PASS,Safe,Pass
C3757,ISRO-SCL-250407-14,MOSFET,0,13.4,1.07,14.5,28.1,16.8,PASS,Borderline,Pass
C3758,ISRO-SCL-250310-10,Voltage Regulator IC,0,11.7,0.93,4.8,10.9,8.8,PASS,Safe,Pass
C3759,ISRO-SCL-250210-06,MOSFET,0,11.5,0.92,17.9,3.4,12.4,PASS,Safe,Pass
C3760,ISRO-SCL-250113-02,MOSFET,0,15.2,1.22,23.6,50.4,25.6,PASS,Borderline,Pass
C3761,ISRO-SCL-250317-11,Voltage Regulator IC,0,9.4,0.75,8.4,18.0,10.7,PASS,Safe,Pass
C3762,ISRO-SCL-250127-04,Op-Amp IC,0,16.9,1.35,12.0,20.1,15.6,PASS,Safe,Pass
C3763,ISRO-SCL-250203-05,Digital Logic IC,0,14.7,1.18,12.6,3.9,11.7,PASS,Safe,Pass
C3764,ISRO-SCL-250113-02,MOSFET,0,25.5,2.04,18.2,11.5,19.8,PASS,Safe,Pass
C3765,ISRO-SCL-250317-11,Voltage Regulator IC,0,100.0,17.09,91.7,100.0,96.7,REJECT,Borderline,Pass
C3766,ISRO-SCL-250324-12,Op-Amp IC,1,69.5,5.56,83.3,58.5,85.0,REJECT,Fail,Fail
C3767,ISRO-SCL-250414-15,Digital Logic IC,1,78.7,6.29,80.0,66.5,85.0,REJECT,Fail,Fail
C3768,ISRO-SCL-250217-07,Op-Amp IC,0,12.8,1.02,19.0,11.6,15.0,PASS,Safe,Pass
C3769,ISRO-SCL-250331-13,Voltage Regulator IC,0,15.7,1.25,19.5,4.4,14.9,PASS,Safe,Pass
C3770,ISRO-SCL-250203-05,Digital Logic IC,0,11.4,0.91,3.9,9.0,7.9,PASS,Safe,Pass
C3771,ISRO-SCL-250203-05,Digital Logic IC,0,11.8,0.94,14.4,9.8,12.4,PASS,Safe,Pass
C3772,ISRO-SCL-250414-15,Digital Logic IC,0,13.8,1.11,14.8,1.1,11.7,PASS,Safe,Pass
C3773,ISRO-SCL-250505-18,Op-Amp IC,0,48.9,3.91,59.3,25.2,48.3,MONITOR,Borderline,Pass
C3774,ISRO-SCL-250106-01,MOSFET,0,20.2,1.62,10.9,19.2,16.3,PASS,Borderline,Pass
C3775,ISRO-SCL-250217-07,Op-Amp IC,0,15.1,1.21,33.4,2.9,20.0,PASS,Safe,Pass
C3776,ISRO-SCL-250210-06,MOSFET,0,9.9,0.8,5.3,9.1,7.9,PASS,Safe,Pass
C3777,ISRO-SCL-250217-07,Op-Amp IC,0,13.9,1.12,5.3,5.4,8.8,PASS,Safe,Pass
C3778,ISRO-SCL-250421-16,MOSFET,0,16.9,1.35,1.8,13.2,10.1,PASS,Safe,Pass
C3779,ISRO-SCL-250324-12,Op-Amp IC,1,33.7,2.7,41.2,35.5,85.0,REJECT,Fail,Fail
C3780,ISRO-SCL-250310-10,Voltage Regulator IC,0,16.1,1.28,11.2,7.5,12.4,PASS,Safe,Pass
C3781,ISRO-SCL-250120-03,Op-Amp IC,0,14.1,1.12,10.5,8.7,11.6,PASS,Safe,Pass
C3782,ISRO-SCL-250210-06,MOSFET,0,46.6,3.73,27.2,25.3,34.6,MONITOR,Borderline,Pass
C3783,ISRO-SCL-250106-01,MOSFET,0,22.1,1.77,31.7,22.1,26.0,PASS,Borderline,Pass
C3784,ISRO-SCL-250324-12,Op-Amp IC,1,33.5,2.68,48.7,36.0,85.0,REJECT,Fail,Fail
C3785,ISRO-SCL-250224-08,MOSFET,0,18.3,1.47,20.8,10.6,17.8,PASS,Safe,Pass
C3786,ISRO-SCL-250217-07,Op-Amp IC,0,15.1,1.21,6.3,4.4,9.4,PASS,Safe,Pass
C3787,ISRO-SCL-250331-13,Voltage Regulator IC,0,15.2,1.22,6.3,19.2,12.4,PASS,Safe,Pass
C3788,ISRO-SCL-250407-14,MOSFET,1,65.0,5.2,59.8,50.8,85.0,REJECT,Fail,Fail
C3789,ISRO-SCL-250421-16,MOSFET,0,18.4,1.47,14.6,9.7,15.2,PASS,Safe,Pass
C3790,ISRO-SCL-250127-04,Op-Amp IC,0,12.4,0.99,2.8,12.1,8.5,PASS,Borderline,Pass
C3791,ISRO-SCL-250310-10,Voltage Regulator IC,0,9.8,0.79,0.6,11.1,6.4,PASS,Safe,Pass
C3792,ISRO-SCL-250512-19,Op-Amp IC,0,6.1,0.49,1.5,6.5,4.3,PASS,Safe,Pass
C3793,ISRO-SCL-250217-07,Op-Amp IC,0,14.8,1.19,6.9,17.6,12.2,PASS,Safe,Pass
C3794,ISRO-SCL-250127-04,Op-Amp IC,0,100.0,12.67,63.9,16.0,68.8,HOLD,Fail,Pass
C3795,ISRO-SCL-250414-15,Digital Logic IC,0,14.3,1.14,3.6,0.8,7.3,PASS,Safe,Pass
C3796,ISRO-SCL-250331-13,Voltage Regulator IC,0,15.5,1.24,23.1,19.5,19.4,PASS,Safe,Pass
C3797,ISRO-SCL-250210-06,MOSFET,0,10.4,0.83,10.3,6.2,9.5,PASS,Safe,Pass
C3798,ISRO-SCL-250224-08,MOSFET,0,27.7,2.21,13.3,19.8,20.4,PASS,Safe,Pass
C3799,ISRO-SCL-250317-11,Voltage Regulator IC,0,12.5,1.0,4.0,12.4,9.1,PASS,Safe,Pass
C3800,ISRO-SCL-250303-09,Voltage Regulator IC,0,16.9,1.35,11.9,12.1,13.9,PASS,Safe,Pass
C3801,ISRO-SCL-250407-14,MOSFET,1,64.0,5.12,59.7,45.1,85.0,REJECT,Fail,Fail
C3802,ISRO-SCL-250428-17,Voltage Regulator IC,0,8.6,0.68,4.9,6.4,6.7,PASS,Safe,Pass
C3803,ISRO-SCL-250224-08,MOSFET,0,42.2,3.37,24.2,23.3,31.2,MONITOR,Borderline,Pass
C3804,ISRO-SCL-250120-03,Op-Amp IC,1,93.1,7.44,86.2,88.6,89.4,REJECT,Fail,Fail
C3805,ISRO-SCL-250414-15,Digital Logic IC,0,15.8,1.26,14.6,13.7,14.9,PASS,Safe,Pass
C3806,ISRO-SCL-250224-08,MOSFET,0,14.6,1.17,29.9,3.2,18.4,PASS,Safe,Pass
C3807,ISRO-SCL-250310-10,Voltage Regulator IC,0,15.5,1.24,2.9,10.0,9.3,PASS,Borderline,Pass
C3808,ISRO-SCL-250519-20,Voltage Regulator IC,0,13.2,1.06,6.6,8.8,9.7,PASS,Safe,Pass
C3809,ISRO-SCL-250407-14,MOSFET,1,75.6,6.05,74.6,11.5,85.0,REJECT,Fail,Fail
C3810,ISRO-SCL-250310-10,Voltage Regulator IC,0,18.9,1.51,19.7,14.3,18.3,PASS,Safe,Pass
C3811,ISRO-SCL-250113-02,MOSFET,0,14.0,1.12,14.1,4.4,12.1,PASS,Safe,Pass
C3812,ISRO-SCL-250303-09,Voltage Regulator IC,0,11.0,0.88,5.2,14.9,9.4,PASS,Safe,Pass
C3813,ISRO-SCL-250113-02,MOSFET,0,14.0,1.12,3.0,7.6,8.3,PASS,Safe,Pass
C3814,ISRO-SCL-250210-06,MOSFET,0,18.3,1.46,17.4,5.3,15.3,PASS,Safe,Pass
C3815,ISRO-SCL-250310-10,Voltage Regulator IC,0,8.4,0.67,6.8,9.7,8.0,PASS,Safe,Pass
C3816,ISRO-SCL-250414-15,Digital Logic IC,1,40.3,3.23,33.5,35.5,85.0,REJECT,Fail,Fail
C3817,ISRO-SCL-250127-04,Op-Amp IC,0,50.2,4.01,25.7,30.4,36.4,MONITOR,Borderline,Pass
C3818,ISRO-SCL-250127-04,Op-Amp IC,0,11.8,0.94,12.3,8.9,11.4,PASS,Safe,Pass
C3819,ISRO-SCL-250127-04,Op-Amp IC,0,21.1,1.69,30.6,14.4,23.6,PASS,Fail,Pass
C3820,ISRO-SCL-250317-11,Voltage Regulator IC,0,15.1,1.21,12.0,16.1,14.1,PASS,Safe,Pass
C3821,ISRO-SCL-250414-15,Digital Logic IC,1,83.6,6.69,75.5,50.5,85.0,REJECT,Fail,Fail
C3822,ISRO-SCL-250203-05,Digital Logic IC,0,11.6,0.93,9.9,7.1,10.0,PASS,Safe,Pass
C3823,ISRO-SCL-250210-06,MOSFET,0,26.7,2.14,16.6,18.4,21.0,PASS,Safe,Pass
C3824,ISRO-SCL-250331-13,Voltage Regulator IC,0,18.8,1.51,8.3,27.2,16.3,PASS,Borderline,Pass
C3825,ISRO-SCL-250407-14,MOSFET,0,15.2,1.22,28.0,25.1,22.3,PASS,Borderline,Pass
C3826,ISRO-SCL-250303-09,Voltage Regulator IC,0,12.9,1.03,7.9,13.0,10.9,PASS,Safe,Pass
C3827,ISRO-SCL-250210-06,MOSFET,0,16.2,1.3,29.1,6.6,19.4,PASS,Safe,Pass
C3828,ISRO-SCL-250505-18,Op-Amp IC,1,17.1,1.37,12.1,8.9,85.0,REJECT,Safe,Fail
C3829,ISRO-SCL-250120-03,Op-Amp IC,1,10.6,0.85,7.5,9.4,85.0,REJECT,Safe,Fail
C3830,ISRO-SCL-250310-10,Voltage Regulator IC,0,14.9,1.19,23.8,1.5,15.8,PASS,Safe,Pass
C3831,ISRO-SCL-250310-10,Voltage Regulator IC,0,15.1,1.21,23.3,39.6,23.3,PASS,Borderline,Pass
C3832,ISRO-SCL-250120-03,Op-Amp IC,0,19.0,1.52,21.7,21.5,20.6,PASS,Fail,Pass
C3833,ISRO-SCL-250217-07,Op-Amp IC,1,100.0,9.55,73.7,64.5,85.0,REJECT,Fail,Fail
C3834,ISRO-SCL-250421-16,MOSFET,0,12.8,1.02,12.4,13.6,12.8,PASS,Safe,Pass
C3835,ISRO-SCL-250421-16,MOSFET,0,17.6,1.41,40.6,2.2,23.7,PASS,Safe,Pass
C3836,ISRO-SCL-250120-03,Op-Amp IC,0,12.3,0.98,12.8,27.2,15.5,PASS,Borderline,Pass
C3837,ISRO-SCL-250303-09,Voltage Regulator IC,0,49.0,3.92,42.7,62.2,49.1,MONITOR,Fail,Pass
C3838,ISRO-SCL-250113-02,MOSFET,0,20.2,1.62,5.2,9.7,12.1,PASS,Safe,Pass
C3839,ISRO-SCL-250217-07,Op-Amp IC,0,12.8,1.03,21.5,5.5,14.8,PASS,Safe,Pass
C3840,ISRO-SCL-250414-15,Digital Logic IC,0,10.3,0.83,1.6,11.8,7.2,PASS,Safe,Pass
C3841,ISRO-SCL-250421-16,MOSFET,0,54.6,4.37,47.4,46.4,50.1,MONITOR,Fail,Pass
C3842,ISRO-SCL-250113-02,MOSFET,0,11.4,0.91,10.5,5.4,9.9,PASS,Safe,Pass
C3843,ISRO-SCL-250421-16,MOSFET,0,28.1,2.25,12.0,15.7,19.2,PASS,Safe,Pass
C3844,ISRO-SCL-250303-09,Voltage Regulator IC,0,57.3,4.58,38.6,33.1,45.0,MONITOR,Borderline,Pass
C3845,ISRO-SCL-250224-08,MOSFET,0,11.2,0.9,4.0,3.5,6.8,PASS,Safe,Pass
C3846,ISRO-SCL-250203-05,Digital Logic IC,0,9.3,0.74,2.7,11.6,7.1,PASS,Safe,Pass
C3847,ISRO-SCL-250414-15,Digital Logic IC,0,13.9,1.11,11.1,3.7,10.7,PASS,Safe,Pass
C3848,ISRO-SCL-250210-06,MOSFET,0,17.9,1.43,15.9,7.6,15.0,PASS,Safe,Pass
C3849,ISRO-SCL-250310-10,Voltage Regulator IC,0,26.5,2.12,30.7,13.0,25.5,PASS,Safe,Pass
C3850,ISRO-SCL-250512-19,Op-Amp IC,1,18.7,1.5,34.2,21.3,85.0,REJECT,Fail,Fail
C3851,ISRO-SCL-250310-10,Voltage Regulator IC,0,9.8,0.79,4.5,11.3,8.0,PASS,Safe,Pass
C3852,ISRO-SCL-250512-19,Op-Amp IC,0,14.0,1.12,8.1,17.9,12.4,PASS,Safe,Pass
C3853,ISRO-SCL-250331-13,Voltage Regulator IC,1,28.7,2.29,34.6,50.6,85.0,REJECT,Fail,Fail
C3854,ISRO-SCL-250428-17,Voltage Regulator IC,0,11.5,0.92,6.7,12.4,9.7,PASS,Safe,Pass
C3855,ISRO-SCL-250505-18,Op-Amp IC,0,100.0,30.59,85.6,100.0,94.2,REJECT,Safe,Pass
C3856,ISRO-SCL-250127-04,Op-Amp IC,0,14.2,1.14,10.3,19.8,13.8,PASS,Safe,Pass
C3857,ISRO-SCL-250421-16,MOSFET,0,19.2,1.54,15.7,13.0,16.6,PASS,Safe,Pass
C3858,ISRO-SCL-250519-20,Voltage Regulator IC,0,9.2,0.74,4.8,13.7,8.3,PASS,Safe,Pass
C3859,ISRO-SCL-250217-07,Op-Amp IC,0,15.6,1.24,6.8,13.0,11.5,PASS,Safe,Pass
C3860,ISRO-SCL-250203-05,Digital Logic IC,0,27.0,2.16,14.2,3.9,17.3,PASS,Safe,Pass
C3861,ISRO-SCL-250421-16,MOSFET,0,14.5,1.16,25.2,6.1,17.1,PASS,Safe,Pass
C3862,ISRO-SCL-250407-14,MOSFET,1,100.0,15.51,86.8,100.0,94.7,REJECT,Fail,Fail
C3863,ISRO-SCL-250512-19,Op-Amp IC,0,12.2,0.97,7.8,13.5,10.7,PASS,Safe,Pass
C3864,ISRO-SCL-250407-14,MOSFET,0,9.4,0.75,4.9,19.5,9.6,PASS,Safe,Pass
C3865,ISRO-SCL-250414-15,Digital Logic IC,0,17.9,1.43,48.3,56.2,37.7,MONITOR,Fail,Pass
C3866,ISRO-SCL-250217-07,Op-Amp IC,1,16.3,1.31,31.6,10.0,85.0,REJECT,Safe,Fail
C3867,ISRO-SCL-250331-13,Voltage Regulator IC,1,100.0,8.64,58.1,47.6,85.0,REJECT,Fail,Fail
C3868,ISRO-SCL-250120-03,Op-Amp IC,0,31.4,2.51,27.5,39.6,31.5,MONITOR,Fail,Pass
C3869,ISRO-SCL-250303-09,Voltage Regulator IC,1,21.7,1.73,5.9,10.0,85.0,REJECT,Fail,Fail
C3870,ISRO-SCL-250331-13,Voltage Regulator IC,0,100.0,9.22,56.6,51.7,73.0,HOLD,Fail,Pass
C3871,ISRO-SCL-250303-09,Voltage Regulator IC,0,30.6,2.45,15.7,8.0,20.1,PASS,Safe,Pass
C3872,ISRO-SCL-250113-02,MOSFET,0,15.7,1.25,7.4,18.2,12.9,PASS,Borderline,Pass
C3873,ISRO-SCL-250210-06,MOSFET,0,8.4,0.67,0.0,11.2,5.6,PASS,Safe,Pass
C3874,ISRO-SCL-250407-14,MOSFET,0,9.0,0.72,4.3,14.0,8.1,PASS,Fail,Pass
C3875,ISRO-SCL-250324-12,Op-Amp IC,0,8.9,0.71,15.7,12.6,12.3,PASS,Safe,Pass
C3876,ISRO-SCL-250113-02,MOSFET,0,15.9,1.27,35.4,41.2,28.7,PASS,Borderline,Pass
C3877,ISRO-SCL-250331-13,Voltage Regulator IC,0,14.5,1.16,2.6,15.0,9.8,PASS,Safe,Pass
C3878,ISRO-SCL-250106-01,MOSFET,0,17.7,1.42,25.6,21.8,21.7,PASS,Borderline,Pass
C3879,ISRO-SCL-250310-10,Voltage Regulator IC,0,12.9,1.03,11.8,26.0,15.1,PASS,Borderline,Pass
C3880,ISRO-SCL-250331-13,Voltage Regulator IC,0,100.0,224.99,100.0,89.7,97.9,REJECT,Safe,Pass
C3881,ISRO-SCL-250407-14,MOSFET,0,15.2,1.22,18.5,18.2,17.1,PASS,Safe,Pass
C3882,ISRO-SCL-250324-12,Op-Amp IC,1,24.3,1.95,42.2,32.9,85.0,REJECT,Borderline,Fail
C3883,ISRO-SCL-250317-11,Voltage Regulator IC,0,12.4,0.99,0.3,14.4,7.9,PASS,Safe,Pass
C3884,ISRO-SCL-250414-15,Digital Logic IC,0,14.8,1.18,15.7,4.4,13.1,PASS,Safe,Pass
C3885,ISRO-SCL-250224-08,MOSFET,0,15.9,1.27,15.1,2.4,12.9,PASS,Safe,Pass
C3886,ISRO-SCL-250505-18,Op-Amp IC,0,16.0,1.28,12.0,11.8,13.6,PASS,Safe,Pass
C3887,ISRO-SCL-250217-07,Op-Amp IC,1,17.3,1.38,37.8,10.2,85.0,REJECT,Safe,Fail
C3888,ISRO-SCL-250317-11,Voltage Regulator IC,0,11.6,0.93,3.3,8.7,7.7,PASS,Safe,Pass
C3889,ISRO-SCL-250217-07,Op-Amp IC,1,16.4,1.31,52.5,3.6,85.0,REJECT,Safe,Fail
C3890,ISRO-SCL-250407-14,MOSFET,0,14.6,1.17,16.8,24.7,17.5,PASS,Safe,Pass
C3891,ISRO-SCL-250331-13,Voltage Regulator IC,0,8.3,0.67,8.0,5.3,7.6,PASS,Safe,Pass
C3892,ISRO-SCL-250512-19,Op-Amp IC,0,12.3,0.98,3.4,24.7,11.2,PASS,Borderline,Pass
C3893,ISRO-SCL-250224-08,MOSFET,0,11.7,0.93,7.8,18.5,11.5,PASS,Safe,Pass
C3894,ISRO-SCL-250210-06,MOSFET,0,22.1,1.77,8.2,17.4,15.6,PASS,Safe,Pass
C3895,ISRO-SCL-250224-08,MOSFET,0,17.1,1.37,9.5,16.8,14.0,PASS,Safe,Pass
C3896,ISRO-SCL-250113-02,MOSFET,1,17.5,1.4,20.7,6.2,85.0,REJECT,Safe,Fail
C3897,ISRO-SCL-250414-15,Digital Logic IC,0,20.1,1.61,34.2,11.7,24.1,PASS,Fail,Pass
C3898,ISRO-SCL-250203-05,Digital Logic IC,1,16.1,1.29,29.1,5.3,85.0,REJECT,Safe,Fail
C3899,ISRO-SCL-250407-14,MOSFET,0,17.0,1.36,22.2,32.2,22.1,PASS,Borderline,Pass
C3900,ISRO-SCL-250106-01,MOSFET,1,12.2,0.97,10.4,1.6,85.0,REJECT,Safe,Fail
C3901,ISRO-SCL-250203-05,Digital Logic IC,0,21.9,1.75,22.0,3.1,18.2,PASS,Safe,Pass
C3902,ISRO-SCL-250407-14,MOSFET,1,17.5,1.4,20.0,18.7,85.0,REJECT,Safe,Fail
C3903,ISRO-SCL-250505-18,Op-Amp IC,0,17.7,1.41,4.4,14.6,11.7,PASS,Borderline,Pass
C3904,ISRO-SCL-250106-01,MOSFET,0,25.3,2.02,18.8,32.8,24.2,PASS,Fail,Pass
C3905,ISRO-SCL-250421-16,MOSFET,0,14.2,1.13,5.0,7.5,9.2,PASS,Safe,Pass
C3906,ISRO-SCL-250217-07,Op-Amp IC,0,32.5,2.6,55.4,16.0,38.4,MONITOR,Safe,Pass
C3907,ISRO-SCL-250106-01,MOSFET,1,13.9,1.11,17.1,10.8,85.0,REJECT,Safe,Fail
C3908,ISRO-SCL-250310-10,Voltage Regulator IC,0,13.6,1.08,12.1,23.1,14.9,PASS,Safe,Pass
C3909,ISRO-SCL-250407-14,MOSFET,1,14.5,1.16,19.9,8.5,85.0,REJECT,Safe,Fail
C3910,ISRO-SCL-250210-06,MOSFET,0,13.9,1.11,23.9,6.5,16.4,PASS,Safe,Pass
C3911,ISRO-SCL-250317-11,Voltage Regulator IC,1,90.9,7.27,67.8,69.5,85.0,REJECT,Fail,Fail
C3912,ISRO-SCL-250512-19,Op-Amp IC,0,13.3,1.06,23.5,21.2,19.0,PASS,Borderline,Pass
C3913,ISRO-SCL-250303-09,Voltage Regulator IC,0,11.5,0.92,8.2,7.5,9.4,PASS,Safe,Pass
C3914,ISRO-SCL-250127-04,Op-Amp IC,1,17.9,1.43,29.0,27.3,85.0,REJECT,Borderline,Fail
C3915,ISRO-SCL-250310-10,Voltage Regulator IC,0,14.0,1.12,21.7,15.9,17.5,PASS,Borderline,Pass
C3916,ISRO-SCL-250127-04,Op-Amp IC,0,14.8,1.18,13.4,14.2,14.1,PASS,Safe,Pass
C3917,ISRO-SCL-250113-02,MOSFET,0,15.9,1.27,22.8,4.4,16.4,PASS,Safe,Pass
C3918,ISRO-SCL-250414-15,Digital Logic IC,1,33.2,2.66,46.0,23.2,85.0,REJECT,Fail,Fail
C3919,ISRO-SCL-250113-02,MOSFET,0,14.3,1.15,6.3,3.1,8.9,PASS,Safe,Pass
C3920,ISRO-SCL-250407-14,MOSFET,0,14.4,1.15,4.5,3.4,8.3,PASS,Safe,Pass
C3921,ISRO-SCL-250210-06,MOSFET,0,18.3,1.46,17.4,7.0,15.7,PASS,Safe,Pass
C3922,ISRO-SCL-250519-20,Voltage Regulator IC,0,14.4,1.15,16.1,9.4,14.1,PASS,Safe,Pass
C3923,ISRO-SCL-250331-13,Voltage Regulator IC,1,100.0,228.07,100.0,88.8,97.8,REJECT,Fail,Fail
C3924,ISRO-SCL-250324-12,Op-Amp IC,0,10.8,0.87,15.4,12.4,13.0,PASS,Safe,Pass
C3925,ISRO-SCL-250310-10,Voltage Regulator IC,0,14.1,1.12,8.5,7.4,10.5,PASS,Safe,Pass
C3926,ISRO-SCL-250113-02,MOSFET,0,18.8,1.5,7.4,17.9,14.0,PASS,Safe,Pass
C3927,ISRO-SCL-250120-03,Op-Amp IC,0,18.5,1.48,21.6,9.9,18.0,PASS,Safe,Pass
C3928,ISRO-SCL-250127-04,Op-Amp IC,0,29.3,2.34,40.8,54.2,38.9,MONITOR,Fail,Pass
C3929,ISRO-SCL-250421-16,MOSFET,0,13.2,1.06,18.9,3.3,13.5,PASS,Safe,Pass
C3930,ISRO-SCL-250421-16,MOSFET,0,10.3,0.82,2.5,3.2,5.7,PASS,Safe,Pass
C3931,ISRO-SCL-250217-07,Op-Amp IC,0,10.9,0.87,3.3,7.8,7.2,PASS,Safe,Pass
C3932,ISRO-SCL-250127-04,Op-Amp IC,0,14.3,1.14,13.8,17.5,14.7,PASS,Safe,Pass
C3933,ISRO-SCL-250224-08,MOSFET,0,39.3,3.15,28.4,24.6,32.0,MONITOR,Fail,Pass
C3934,ISRO-SCL-250224-08,MOSFET,1,100.0,8.09,43.3,41.3,85.0,REJECT,Fail,Fail
C3935,ISRO-SCL-250120-03,Op-Amp IC,0,13.0,1.04,12.7,31.1,16.5,PASS,Borderline,Pass
C3936,ISRO-SCL-250203-05,Digital Logic IC,0,20.2,1.62,15.7,2.6,14.9,PASS,Safe,Pass
C3937,ISRO-SCL-250127-04,Op-Amp IC,0,14.6,1.17,25.6,12.3,18.5,PASS,Fail,Pass
C3938,ISRO-SCL-250217-07,Op-Amp IC,0,12.1,0.97,18.7,2.3,12.8,PASS,Safe,Pass
C3939,ISRO-SCL-250113-02,MOSFET,0,21.1,1.69,10.2,14.6,15.4,PASS,Safe,Pass
C3940,ISRO-SCL-250127-04,Op-Amp IC,0,12.7,1.02,5.2,8.8,8.9,PASS,Safe,Pass
C3941,ISRO-SCL-250407-14,MOSFET,0,14.3,1.14,18.3,39.0,20.8,PASS,Fail,Pass
C3942,ISRO-SCL-250407-14,MOSFET,0,18.7,1.5,23.8,6.6,18.3,PASS,Safe,Pass
C3943,ISRO-SCL-250113-02,MOSFET,0,14.5,1.16,17.8,7.3,14.4,PASS,Safe,Pass
C3944,ISRO-SCL-250217-07,Op-Amp IC,1,17.1,1.37,24.9,14.9,85.0,REJECT,Safe,Fail
C3945,ISRO-SCL-250113-02,MOSFET,0,13.6,1.09,11.1,5.5,11.0,PASS,Safe,Pass
C3946,ISRO-SCL-250505-18,Op-Amp IC,0,13.9,1.11,5.6,9.6,9.7,PASS,Safe,Pass
C3947,ISRO-SCL-250407-14,MOSFET,0,16.5,1.32,12.8,1.5,12.0,PASS,Safe,Pass
C3948,ISRO-SCL-250303-09,Voltage Regulator IC,0,88.2,7.06,33.1,3.1,49.1,MONITOR,Safe,Pass
C3949,ISRO-SCL-250414-15,Digital Logic IC,0,14.5,1.16,16.3,8.3,14.0,PASS,Safe,Pass
C3950,ISRO-SCL-250217-07,Op-Amp IC,0,14.0,1.12,25.9,12.5,18.4,PASS,Safe,Pass
C3951,ISRO-SCL-250224-08,MOSFET,0,15.5,1.24,23.3,3.9,16.3,PASS,Safe,Pass
C3952,ISRO-SCL-250414-15,Digital Logic IC,0,13.8,1.1,9.2,4.7,10.1,PASS,Safe,Pass
C3953,ISRO-SCL-250127-04,Op-Amp IC,0,24.8,1.98,24.6,17.4,23.2,PASS,Borderline,Pass
C3954,ISRO-SCL-250224-08,MOSFET,0,35.9,2.87,30.4,32.8,33.1,MONITOR,Fail,Pass
C3955,ISRO-SCL-250224-08,MOSFET,0,21.6,1.73,30.8,11.6,23.3,PASS,Safe,Pass
C3956,ISRO-SCL-250421-16,MOSFET,1,90.8,7.26,56.6,42.0,85.0,REJECT,Fail,Fail
C3957,ISRO-SCL-250303-09,Voltage Regulator IC,1,19.4,1.55,34.3,15.7,85.0,REJECT,Safe,Fail
C3958,ISRO-SCL-250120-03,Op-Amp IC,0,16.0,1.28,14.5,28.3,17.9,PASS,Borderline,Pass
C3959,ISRO-SCL-250519-20,Voltage Regulator IC,0,11.8,0.94,2.2,13.2,8.2,PASS,Borderline,Pass
C3960,ISRO-SCL-250505-18,Op-Amp IC,0,13.5,1.08,8.1,9.4,10.5,PASS,Safe,Pass
C3961,ISRO-SCL-250210-06,MOSFET,0,15.2,1.21,17.8,3.1,13.8,PASS,Safe,Pass
C3962,ISRO-SCL-250106-01,MOSFET,1,15.7,1.26,24.0,6.7,85.0,REJECT,Safe,Fail
C3963,ISRO-SCL-250331-13,Voltage Regulator IC,1,14.5,1.16,24.2,15.2,85.0,REJECT,Safe,Fail
C3964,ISRO-SCL-250310-10,Voltage Regulator IC,0,8.1,0.65,4.2,8.6,6.6,PASS,Safe,Pass
C3965,ISRO-SCL-250317-11,Voltage Regulator IC,0,15.0,1.2,24.3,0.6,15.8,PASS,Safe,Pass
C3966,ISRO-SCL-250120-03,Op-Amp IC,0,21.7,1.74,15.8,15.0,18.0,PASS,Safe,Pass
C3967,ISRO-SCL-250203-05,Digital Logic IC,0,91.1,7.28,36.3,10.2,53.0,MONITOR,Safe,Pass
C3968,ISRO-SCL-250106-01,MOSFET,0,13.7,1.09,7.5,14.3,11.3,PASS,Safe,Pass
C3969,ISRO-SCL-250414-15,Digital Logic IC,0,11.6,0.93,9.4,3.9,9.2,PASS,Safe,Pass
C3970,ISRO-SCL-250127-04,Op-Amp IC,0,12.5,1.0,9.0,12.5,11.1,PASS,Safe,Pass
C3971,ISRO-SCL-250421-16,MOSFET,0,13.8,1.11,9.3,13.5,11.9,PASS,Safe,Pass
C3972,ISRO-SCL-250113-02,MOSFET,1,15.3,1.22,21.9,8.4,85.0,REJECT,Safe,Fail
C3973,ISRO-SCL-250421-16,MOSFET,0,21.1,1.69,22.7,9.6,19.4,PASS,Safe,Pass
C3974,ISRO-SCL-250407-14,MOSFET,0,40.8,3.27,52.6,34.1,44.2,MONITOR,Fail,Pass
C3975,ISRO-SCL-250120-03,Op-Amp IC,0,25.3,2.02,21.5,20.8,22.9,PASS,Borderline,Pass
C3976,ISRO-SCL-250407-14,MOSFET,1,77.9,6.23,60.7,40.7,85.0,REJECT,Fail,Fail
C3977,ISRO-SCL-250428-17,Voltage Regulator IC,1,38.3,3.07,23.0,33.1,85.0,REJECT,Fail,Fail
C3978,ISRO-SCL-250421-16,MOSFET,0,34.1,2.73,24.7,40.8,31.7,MONITOR,Safe,Pass
C3979,ISRO-SCL-250407-14,MOSFET,0,13.7,1.1,9.7,7.2,10.8,PASS,Safe,Pass
C3980,ISRO-SCL-250106-01,MOSFET,0,26.7,2.13,14.4,20.2,20.5,PASS,Borderline,Pass
C3981,ISRO-SCL-250203-05,Digital Logic IC,0,10.0,0.8,4.3,6.0,6.9,PASS,Safe,Pass
C3982,ISRO-SCL-250310-10,Voltage Regulator IC,0,18.1,1.45,27.8,28.3,24.0,PASS,Borderline,Pass
C3983,ISRO-SCL-250224-08,MOSFET,0,10.9,0.87,14.5,14.2,13.0,PASS,Borderline,Pass
C3984,ISRO-SCL-250414-15,Digital Logic IC,1,34.5,2.76,27.7,28.8,85.0,REJECT,Fail,Fail
C3985,ISRO-SCL-250414-15,Digital Logic IC,0,19.3,1.55,18.7,2.6,15.7,PASS,Safe,Pass
C3986,ISRO-SCL-250217-07,Op-Amp IC,0,30.1,2.41,38.1,30.5,33.4,MONITOR,Borderline,Pass
C3987,ISRO-SCL-250210-06,MOSFET,0,14.7,1.18,36.4,4.6,21.4,PASS,Safe,Pass
C3988,ISRO-SCL-250217-07,Op-Amp IC,0,45.6,3.65,31.2,17.3,34.2,MONITOR,Fail,Pass
C3989,ISRO-SCL-250310-10,Voltage Regulator IC,0,11.2,0.9,3.1,14.3,8.6,PASS,Safe,Pass
C3990,ISRO-SCL-250421-16,MOSFET,0,27.5,2.2,20.4,18.4,22.8,PASS,Safe,Pass
C3991,ISRO-SCL-250505-18,Op-Amp IC,0,15.2,1.21,6.2,5.8,9.7,PASS,Safe,Pass
C3992,ISRO-SCL-250310-10,Voltage Regulator IC,0,15.5,1.24,13.0,9.9,13.4,PASS,Safe,Pass
C3993,ISRO-SCL-250407-14,MOSFET,1,17.8,1.42,35.2,23.1,85.0,REJECT,Borderline,Fail
C3994,ISRO-SCL-250421-16,MOSFET,0,10.1,0.81,2.8,16.2,8.4,PASS,Safe,Pass
C3995,ISRO-SCL-250113-02,MOSFET,0,54.7,4.37,13.1,21.6,31.4,MONITOR,Borderline,Pass
C3996,ISRO-SCL-250127-04,Op-Amp IC,0,26.0,2.08,22.4,24.1,24.2,PASS,Borderline,Pass
C3997,ISRO-SCL-250113-02,MOSFET,0,14.3,1.15,9.1,3.9,10.2,PASS,Safe,Pass
C3998,ISRO-SCL-250310-10,Voltage Regulator IC,0,11.5,0.92,22.6,58.1,25.3,PASS,Fail,Pass
C3999,ISRO-SCL-250217-07,Op-Amp IC,0,10.9,0.87,3.3,18.8,9.4,PASS,Safe,Pass
C4000,ISRO-SCL-250217-07,Op-Amp IC,0,30.1,2.41,20.3,40.4,28.3,PASS,Fail,Pass
C4001,ISRO-SCL-250407-14,MOSFET,0,17.8,1.42,19.0,21.8,19.1,PASS,Fail,Pass
C4002,ISRO-SCL-250505-18,Op-Amp IC,0,10.7,0.86,6.2,8.1,8.4,PASS,Safe,Pass
C4003,ISRO-SCL-250106-01,MOSFET,0,13.3,1.07,27.3,34.0,23.1,PASS,Borderline,Pass
C4004,ISRO-SCL-250407-14,MOSFET,1,12.7,1.02,17.4,26.9,85.0,REJECT,Fail,Fail
C4005,ISRO-SCL-250106-01,MOSFET,0,33.7,2.7,14.7,24.1,24.2,PASS,Borderline,Pass
C4006,ISRO-SCL-250203-05,Digital Logic IC,0,13.5,1.08,4.8,7.7,8.9,PASS,Safe,Pass
C4007,ISRO-SCL-250407-14,MOSFET,1,29.0,2.32,20.6,40.2,85.0,REJECT,Fail,Fail
C4008,ISRO-SCL-250414-15,Digital Logic IC,0,19.0,1.52,16.8,6.5,15.6,PASS,Safe,Pass
C4009,ISRO-SCL-250310-10,Voltage Regulator IC,0,13.4,1.07,17.3,16.7,15.6,PASS,Safe,Pass
C4010,ISRO-SCL-250512-19,Op-Amp IC,0,12.5,1.0,16.6,27.9,17.2,PASS,Borderline,Pass
C4011,ISRO-SCL-250127-04,Op-Amp IC,0,14.0,1.12,11.8,21.7,14.6,PASS,Borderline,Pass
C4012,ISRO-SCL-250324-12,Op-Amp IC,0,15.5,1.24,15.8,10.2,14.6,PASS,Safe,Pass
C4013,ISRO-SCL-250210-06,MOSFET,0,10.1,0.81,0.5,9.5,6.1,PASS,Safe,Pass
C4014,ISRO-SCL-250203-05,Digital Logic IC,0,14.0,1.12,4.4,11.4,9.6,PASS,Safe,Pass
C4015,ISRO-SCL-250317-11,Voltage Regulator IC,0,13.3,1.06,14.3,13.1,13.7,PASS,Safe,Pass
C4016,ISRO-SCL-250217-07,Op-Amp IC,0,13.6,1.08,27.0,10.3,18.3,PASS,Safe,Pass
C4017,ISRO-SCL-250127-04,Op-Amp IC,0,9.0,0.72,8.3,8.7,8.7,PASS,Safe,Pass
C4018,ISRO-SCL-250210-06,MOSFET,0,18.5,1.48,6.4,20.7,14.1,PASS,Safe,Pass
C4019,ISRO-SCL-250303-09,Voltage Regulator IC,0,12.1,0.97,3.0,3.6,6.8,PASS,Safe,Pass
C4020,ISRO-SCL-250224-08,MOSFET,0,17.4,1.39,52.3,42.0,36.3,MONITOR,Borderline,Pass
C4021,ISRO-SCL-250310-10,Voltage Regulator IC,0,21.7,1.74,14.6,11.7,16.9,PASS,Safe,Pass
C4022,ISRO-SCL-250203-05,Digital Logic IC,0,15.3,1.22,10.4,3.7,11.0,PASS,Safe,Pass
C4023,ISRO-SCL-250421-16,MOSFET,1,19.7,1.58,6.1,10.6,85.0,REJECT,Safe,Fail
C4024,ISRO-SCL-250217-07,Op-Amp IC,0,12.0,0.96,12.8,12.4,12.4,PASS,Safe,Pass
C4025,ISRO-SCL-250317-11,Voltage Regulator IC,1,50.1,4.01,26.3,33.2,85.0,REJECT,Borderline,Fail
C4026,ISRO-SCL-250106-01,MOSFET,1,15.2,1.21,24.3,6.9,85.0,REJECT,Safe,Fail
C4027,ISRO-SCL-250331-13,Voltage Regulator IC,1,13.0,1.04,27.3,19.1,85.0,REJECT,Safe,Fail
C4028,ISRO-SCL-250505-18,Op-Amp IC,0,16.4,1.32,27.2,17.8,21.0,PASS,Safe,Pass
C4029,ISRO-SCL-250106-01,MOSFET,1,35.0,2.8,34.1,25.1,85.0,REJECT,Fail,Fail
C4030,ISRO-SCL-250113-02,MOSFET,0,15.4,1.23,14.3,12.9,14.4,PASS,Safe,Pass
C4031,ISRO-SCL-250303-09,Voltage Regulator IC,0,13.8,1.11,21.2,12.0,16.4,PASS,Safe,Pass
C4032,ISRO-SCL-250414-15,Digital Logic IC,0,12.5,1.0,4.6,9.9,8.8,PASS,Safe,Pass
C4033,ISRO-SCL-250217-07,Op-Amp IC,1,17.0,1.36,12.7,7.3,85.0,REJECT,Safe,Fail
C4034,ISRO-SCL-250310-10,Voltage Regulator IC,0,9.8,0.79,2.6,7.9,6.5,PASS,Safe,Pass
C4035,ISRO-SCL-250106-01,MOSFET,1,13.4,1.07,22.8,4.1,85.0,REJECT,Safe,Fail
C4036,ISRO-SCL-250505-18,Op-Amp IC,0,16.9,1.35,11.7,3.5,12.1,PASS,Safe,Pass
C4037,ISRO-SCL-250113-02,MOSFET,0,19.5,1.56,33.3,19.0,24.9,PASS,Borderline,Pass
C4038,ISRO-SCL-250414-15,Digital Logic IC,1,17.6,1.4,27.5,8.0,85.0,REJECT,Safe,Fail
C4039,ISRO-SCL-250106-01,MOSFET,0,16.0,1.28,19.8,13.6,17.0,PASS,Safe,Pass
C4040,ISRO-SCL-250210-06,MOSFET,0,14.5,1.16,21.1,13.4,16.9,PASS,Safe,Pass
C4041,ISRO-SCL-250310-10,Voltage Regulator IC,0,14.1,1.12,12.9,4.3,11.6,PASS,Safe,Pass
C4042,ISRO-SCL-250414-15,Digital Logic IC,0,13.6,1.08,17.0,3.1,12.8,PASS,Safe,Pass
C4043,ISRO-SCL-250414-15,Digital Logic IC,0,14.8,1.18,17.6,3.0,13.6,PASS,Safe,Pass
C4044,ISRO-SCL-250127-04,Op-Amp IC,0,14.2,1.13,11.1,13.1,12.7,PASS,Safe,Pass
C4045,ISRO-SCL-250310-10,Voltage Regulator IC,0,15.2,1.22,23.0,0.1,15.3,PASS,Safe,Pass
C4046,ISRO-SCL-250317-11,Voltage Regulator IC,0,48.6,3.89,23.8,37.8,36.5,MONITOR,Borderline,Pass
C4047,ISRO-SCL-250331-13,Voltage Regulator IC,0,22.2,1.78,30.5,25.5,26.2,PASS,Borderline,Pass
C4048,ISRO-SCL-250317-11,Voltage Regulator IC,0,12.5,1.0,5.2,6.1,8.3,PASS,Safe,Pass
C4049,ISRO-SCL-250217-07,Op-Amp IC,1,57.0,4.56,46.1,84.5,85.0,REJECT,Fail,Fail
C4050,ISRO-SCL-250407-14,MOSFET,0,14.0,1.12,11.1,6.7,11.4,PASS,Safe,Pass
C4051,ISRO-SCL-250519-20,Voltage Regulator IC,0,17.7,1.41,12.4,13.3,14.7,PASS,Safe,Pass
C4052,ISRO-SCL-250519-20,Voltage Regulator IC,0,9.7,0.78,5.0,5.2,6.9,PASS,Safe,Pass
C4053,ISRO-SCL-250414-15,Digital Logic IC,0,15.4,1.23,15.1,11.3,14.5,PASS,Safe,Pass
C4054,ISRO-SCL-250203-05,Digital Logic IC,1,100.0,325.64,99.5,87.7,97.3,REJECT,Safe,Fail
C4055,ISRO-SCL-250203-05,Digital Logic IC,1,91.8,7.34,33.5,35.4,85.0,REJECT,Fail,Fail
C4056,ISRO-SCL-250310-10,Voltage Regulator IC,0,23.9,1.91,12.5,2.2,15.0,PASS,Safe,Pass
C4057,ISRO-SCL-250120-03,Op-Amp IC,0,11.0,0.88,10.2,22.0,12.8,PASS,Borderline,Pass
C4058,ISRO-SCL-250217-07,Op-Amp IC,0,63.8,5.11,46.2,9.5,45.9,MONITOR,Safe,Pass
C4059,ISRO-SCL-250407-14,MOSFET,1,12.1,0.97,18.2,5.5,85.0,REJECT,Safe,Fail
C4060,ISRO-SCL-250414-15,Digital Logic IC,0,17.3,1.39,27.2,14.4,20.7,PASS,Borderline,Pass
C4061,ISRO-SCL-250331-13,Voltage Regulator IC,0,14.3,1.15,14.6,10.7,13.7,PASS,Safe,Pass
C4062,ISRO-SCL-250203-05,Digital Logic IC,0,16.9,1.35,6.7,16.3,12.7,PASS,Safe,Pass
C4063,ISRO-SCL-250512-19,Op-Amp IC,0,14.4,1.15,14.5,15.7,14.7,PASS,Safe,Pass
C4064,ISRO-SCL-250421-16,MOSFET,1,40.3,3.23,20.9,24.6,85.0,REJECT,Borderline,Fail
C4065,ISRO-SCL-250113-02,MOSFET,0,28.1,2.25,8.6,26.5,20.0,PASS,Safe,Pass
C4066,ISRO-SCL-250407-14,MOSFET,0,44.0,3.52,32.1,47.4,39.9,MONITOR,Borderline,Pass
C4067,ISRO-SCL-250113-02,MOSFET,1,16.5,1.32,28.8,15.4,85.0,REJECT,Safe,Fail
C4068,ISRO-SCL-250210-06,MOSFET,0,18.3,1.46,3.3,4.5,9.5,PASS,Safe,Pass
C4069,ISRO-SCL-250310-10,Voltage Regulator IC,0,60.5,4.84,24.3,15.2,36.9,MONITOR,Safe,Pass
C4070,ISRO-SCL-250210-06,MOSFET,0,14.1,1.13,8.8,34.5,16.1,PASS,Borderline,Pass
C4071,ISRO-SCL-250217-07,Op-Amp IC,0,30.1,2.41,18.0,8.0,20.9,PASS,Borderline,Pass
C4072,ISRO-SCL-250224-08,MOSFET,0,18.8,1.5,9.8,2.8,12.0,PASS,Safe,Pass
C4073,ISRO-SCL-250224-08,MOSFET,0,14.3,1.15,25.6,31.1,22.2,PASS,Borderline,Pass
C4074,ISRO-SCL-250113-02,MOSFET,0,43.1,3.45,10.6,20.0,25.5,PASS,Borderline,Pass
C4075,ISRO-SCL-250113-02,MOSFET,0,11.6,0.93,0.4,11.2,7.1,PASS,Safe,Pass
C4076,ISRO-SCL-250217-07,Op-Amp IC,0,14.8,1.18,11.3,1.8,10.8,PASS,Safe,Pass
C4077,ISRO-SCL-250310-10,Voltage Regulator IC,0,19.7,1.57,20.8,3.2,16.8,PASS,Safe,Pass
C4078,ISRO-SCL-250421-16,MOSFET,0,10.8,0.86,7.1,7.9,8.7,PASS,Safe,Pass
C4079,ISRO-SCL-250324-12,Op-Amp IC,0,19.7,1.58,28.2,23.8,23.9,PASS,Safe,Pass
C4080,ISRO-SCL-250421-16,MOSFET,0,36.5,2.92,22.6,28.6,29.4,PASS,Borderline,Pass
C4081,ISRO-SCL-250303-09,Voltage Regulator IC,0,7.9,0.63,3.3,14.5,7.4,PASS,Safe,Pass
C4082,ISRO-SCL-250407-14,MOSFET,0,14.1,1.13,11.6,14.3,13.1,PASS,Fail,Pass
C4083,ISRO-SCL-250210-06,MOSFET,0,16.6,1.33,2.9,22.0,12.2,PASS,Borderline,Pass
C4084,ISRO-SCL-250210-06,MOSFET,0,14.8,1.19,8.4,25.5,14.4,PASS,Borderline,Pass
C4085,ISRO-SCL-250217-07,Op-Amp IC,0,6.8,0.54,1.9,17.8,7.0,PASS,Safe,Pass
C4086,ISRO-SCL-250331-13,Voltage Regulator IC,0,32.3,2.59,14.0,22.1,23.0,PASS,Borderline,Pass
C4087,ISRO-SCL-250217-07,Op-Amp IC,0,24.1,1.93,16.8,15.5,19.5,PASS,Borderline,Pass
C4088,ISRO-SCL-250217-07,Op-Amp IC,0,17.4,1.39,5.3,11.5,11.4,PASS,Safe,Pass
C4089,ISRO-SCL-250512-19,Op-Amp IC,0,15.5,1.24,3.9,18.5,11.5,PASS,Fail,Pass
C4090,ISRO-SCL-250217-07,Op-Amp IC,0,28.0,2.24,30.0,8.8,25.0,PASS,Safe,Pass
C4091,ISRO-SCL-250113-02,MOSFET,1,19.9,1.6,28.8,0.7,85.0,REJECT,Safe,Fail
C4092,ISRO-SCL-250217-07,Op-Amp IC,1,21.8,1.74,17.7,14.6,85.0,REJECT,Fail,Fail
C4093,ISRO-SCL-250113-02,MOSFET,1,46.3,3.7,11.3,15.8,85.0,REJECT,Fail,Fail
C4094,ISRO-SCL-250106-01,MOSFET,0,37.9,3.04,29.8,22.6,31.6,MONITOR,Fail,Pass
C4095,ISRO-SCL-250217-07,Op-Amp IC,0,13.5,1.08,15.4,27.0,17.0,PASS,Borderline,Pass
C4096,ISRO-SCL-250217-07,Op-Amp IC,0,16.3,1.3,12.7,18.4,15.3,PASS,Safe,Pass
C4097,ISRO-SCL-250414-15,Digital Logic IC,0,18.1,1.45,40.3,18.9,27.2,PASS,Safe,Pass
C4098,ISRO-SCL-250407-14,MOSFET,1,25.3,2.02,28.3,19.6,85.0,REJECT,Safe,Fail
C4099,ISRO-SCL-250310-10,Voltage Regulator IC,0,30.9,2.47,28.1,35.8,30.8,MONITOR,Borderline,Pass
C4100,ISRO-SCL-250414-15,Digital Logic IC,0,100.0,131.52,100.0,51.9,90.4,REJECT,Safe,Pass
C4101,ISRO-SCL-250407-14,MOSFET,0,9.9,0.8,4.2,7.3,7.1,PASS,Safe,Pass
C4102,ISRO-SCL-250203-05,Digital Logic IC,1,17.2,1.38,19.4,8.9,85.0,REJECT,Safe,Fail
C4103,ISRO-SCL-250414-15,Digital Logic IC,1,100.0,11.04,100.0,85.4,97.1,REJECT,Fail,Fail
C4104,ISRO-SCL-250421-16,MOSFET,0,17.5,1.4,21.3,5.2,16.5,PASS,Safe,Pass
C4105,ISRO-SCL-250317-11,Voltage Regulator IC,0,10.0,0.8,12.8,14.6,12.0,PASS,Safe,Pass
C4106,ISRO-SCL-250310-10,Voltage Regulator IC,0,19.9,1.59,14.7,10.8,16.0,PASS,Safe,Pass
C4107,ISRO-SCL-250317-11,Voltage Regulator IC,0,17.8,1.42,20.9,22.6,20.0,PASS,Fail,Pass
C4108,ISRO-SCL-250310-10,Voltage Regulator IC,0,14.3,1.14,11.7,6.3,11.7,PASS,Safe,Pass
C4109,ISRO-SCL-250331-13,Voltage Regulator IC,0,17.0,1.36,20.1,9.7,16.8,PASS,Safe,Pass
C4110,ISRO-SCL-250106-01,MOSFET,1,15.1,1.21,18.3,8.3,85.0,REJECT,Fail,Fail
C4111,ISRO-SCL-250106-01,MOSFET,0,15.8,1.26,4.5,8.1,9.8,PASS,Safe,Pass
C4112,ISRO-SCL-250331-13,Voltage Regulator IC,1,16.2,1.29,38.2,13.7,85.0,REJECT,Borderline,Fail
C4113,ISRO-SCL-250217-07,Op-Amp IC,0,22.9,1.83,38.7,13.7,27.4,PASS,Safe,Pass
C4114,ISRO-SCL-250505-18,Op-Amp IC,1,14.5,1.16,23.9,32.4,85.0,REJECT,Safe,Fail
C4115,ISRO-SCL-250217-07,Op-Amp IC,0,96.4,7.71,41.2,6.0,56.2,MONITOR,Safe,Pass
C4116,ISRO-SCL-250203-05,Digital Logic IC,0,19.1,1.53,20.5,13.8,18.6,PASS,Safe,Pass
C4117,ISRO-SCL-250217-07,Op-Amp IC,0,44.6,3.57,20.9,21.7,30.5,MONITOR,Fail,Pass
C4118,ISRO-SCL-250407-14,MOSFET,0,25.7,2.06,12.1,24.0,19.9,PASS,Borderline,Pass
C4119,ISRO-SCL-250414-15,Digital Logic IC,0,42.2,3.37,50.2,22.5,41.4,MONITOR,Fail,Pass
C4120,ISRO-SCL-250421-16,MOSFET,0,17.7,1.41,6.6,10.4,11.8,PASS,Safe,Pass
C4121,ISRO-SCL-250217-07,Op-Amp IC,1,17.0,1.36,26.1,19.0,85.0,REJECT,Safe,Fail
C4122,ISRO-SCL-250331-13,Voltage Regulator IC,0,20.5,1.64,8.8,15.2,14.8,PASS,Safe,Pass
C4123,ISRO-SCL-250217-07,Op-Amp IC,0,24.1,1.93,14.1,11.4,17.5,PASS,Safe,Pass
C4124,ISRO-SCL-250210-06,MOSFET,0,23.3,1.86,12.7,3.7,15.2,PASS,Safe,Pass
C4125,ISRO-SCL-250428-17,Voltage Regulator IC,0,57.8,4.63,47.5,47.4,51.6,MONITOR,Fail,Pass
C4126,ISRO-SCL-250113-02,MOSFET,1,14.3,1.14,20.3,11.9,85.0,REJECT,Safe,Fail
C4127,ISRO-SCL-250414-15,Digital Logic IC,1,50.1,4.01,52.6,29.2,85.0,REJECT,Fail,Fail
C4128,ISRO-SCL-250113-02,MOSFET,0,47.1,3.77,21.9,3.4,28.3,PASS,Safe,Pass
C4129,ISRO-SCL-250113-02,MOSFET,0,12.3,0.98,14.9,8.3,12.5,PASS,Safe,Pass
C4130,ISRO-SCL-250120-03,Op-Amp IC,1,62.0,4.96,38.7,63.0,85.0,REJECT,Fail,Fail
C4131,ISRO-SCL-250310-10,Voltage Regulator IC,0,12.9,1.03,11.2,8.2,11.3,PASS,Safe,Pass
C4132,ISRO-SCL-250106-01,MOSFET,1,10.2,0.81,8.0,5.5,85.0,REJECT,Safe,Fail
C4133,ISRO-SCL-250127-04,Op-Amp IC,0,100.0,11.02,40.7,6.3,57.5,MONITOR,Safe,Pass
C4134,ISRO-SCL-250310-10,Voltage Regulator IC,0,15.1,1.2,32.5,7.0,20.4,PASS,Safe,Pass
C4135,ISRO-SCL-250310-10,Voltage Regulator IC,0,19.4,1.55,1.7,22.8,13.0,PASS,Safe,Pass
C4136,ISRO-SCL-250512-19,Op-Amp IC,0,17.5,1.4,19.8,15.2,18.0,PASS,Borderline,Pass
C4137,ISRO-SCL-250203-05,Digital Logic IC,0,10.1,0.81,3.9,2.9,6.2,PASS,Safe,Pass
C4138,ISRO-SCL-250217-07,Op-Amp IC,0,12.3,0.98,21.2,8.4,15.1,PASS,Safe,Pass
C4139,ISRO-SCL-250324-12,Op-Amp IC,1,45.2,3.61,77.1,43.3,85.0,REJECT,Fail,Fail
C4140,ISRO-SCL-250113-02,MOSFET,0,16.9,1.35,22.3,0.4,15.8,PASS,Safe,Pass
C4141,ISRO-SCL-250414-15,Digital Logic IC,0,14.5,1.16,16.7,23.9,17.3,PASS,Borderline,Pass
C4142,ISRO-SCL-250217-07,Op-Amp IC,0,11.8,0.94,5.9,11.1,9.3,PASS,Safe,Pass
C4143,ISRO-SCL-250127-04,Op-Amp IC,0,8.4,0.67,10.1,21.3,11.7,PASS,Fail,Pass
C4144,ISRO-SCL-250331-13,Voltage Regulator IC,0,20.9,1.67,13.2,16.4,16.9,PASS,Borderline,Pass
C4145,ISRO-SCL-250331-13,Voltage Regulator IC,0,9.7,0.77,6.5,5.0,7.5,PASS,Safe,Pass
C4146,ISRO-SCL-250113-02,MOSFET,0,15.9,1.27,3.5,7.2,9.2,PASS,Safe,Pass
C4147,ISRO-SCL-250428-17,Voltage Regulator IC,0,14.4,1.15,17.9,19.1,16.7,PASS,Borderline,Pass
C4148,ISRO-SCL-250303-09,Voltage Regulator IC,0,16.0,1.28,10.3,14.5,13.4,PASS,Safe,Pass
C4149,ISRO-SCL-250414-15,Digital Logic IC,0,10.5,0.84,0.0,7.7,5.8,PASS,Safe,Pass
C4150,ISRO-SCL-250407-14,MOSFET,0,17.9,1.43,27.2,10.8,20.2,PASS,Safe,Pass
C4151,ISRO-SCL-250414-15,Digital Logic IC,0,22.8,1.82,13.5,21.8,18.9,PASS,Safe,Pass
C4152,ISRO-SCL-250113-02,MOSFET,0,16.0,1.28,6.4,7.8,10.5,PASS,Safe,Pass
C4153,ISRO-SCL-250203-05,Digital Logic IC,1,15.0,1.2,12.7,4.1,85.0,REJECT,Safe,Fail
C4154,ISRO-SCL-250127-04,Op-Amp IC,0,13.5,1.08,14.4,2.4,11.6,PASS,Safe,Pass
C4155,ISRO-SCL-250414-15,Digital Logic IC,0,54.6,4.37,53.3,36.7,50.5,MONITOR,Borderline,Pass
C4156,ISRO-SCL-250414-15,Digital Logic IC,0,11.6,0.93,10.5,18.6,12.6,PASS,Borderline,Pass
C4157,ISRO-SCL-250113-02,MOSFET,1,17.1,1.37,30.6,1.8,85.0,REJECT,Safe,Fail
C4158,ISRO-SCL-250512-19,Op-Amp IC,1,16.9,1.36,26.6,3.7,85.0,REJECT,Safe,Fail
C4159,ISRO-SCL-250512-19,Op-Amp IC,0,41.3,3.3,12.3,31.1,27.7,PASS,Borderline,Pass
C4160,ISRO-SCL-250407-14,MOSFET,0,16.4,1.31,17.9,5.8,14.9,PASS,Safe,Pass
C4161,ISRO-SCL-250512-19,Op-Amp IC,0,15.4,1.23,6.3,15.5,11.8,PASS,Borderline,Pass
C4162,ISRO-SCL-250303-09,Voltage Regulator IC,0,15.9,1.27,0.8,7.5,8.2,PASS,Safe,Pass
C4163,ISRO-SCL-250120-03,Op-Amp IC,0,39.8,3.19,33.3,18.7,33.0,MONITOR,Safe,Pass
C4164,ISRO-SCL-250331-13,Voltage Regulator IC,0,11.2,0.9,12.0,11.8,11.7,PASS,Safe,Pass
C4165,ISRO-SCL-250113-02,MOSFET,1,18.5,1.48,30.0,8.6,85.0,REJECT,Safe,Fail
C4166,ISRO-SCL-250203-05,Digital Logic IC,0,57.7,4.62,22.6,20.5,36.2,MONITOR,Safe,Pass
C4167,ISRO-SCL-250217-07,Op-Amp IC,0,49.9,4.0,50.3,100.0,60.1,HOLD,Borderline,Pass
C4168,ISRO-SCL-250519-20,Voltage Regulator IC,0,14.5,1.16,7.3,7.3,10.2,PASS,Safe,Pass
C4169,ISRO-SCL-250414-15,Digital Logic IC,1,34.8,2.78,49.3,25.2,85.0,REJECT,Borderline,Fail
C4170,ISRO-SCL-250113-02,MOSFET,0,16.9,1.35,10.0,21.0,14.9,PASS,Safe,Pass
C4171,ISRO-SCL-250505-18,Op-Amp IC,0,65.4,5.24,11.0,35.1,37.6,MONITOR,Borderline,Pass
C4172,ISRO-SCL-250414-15,Digital Logic IC,0,7.0,0.56,2.5,12.5,6.3,PASS,Safe,Pass
C4173,ISRO-SCL-250414-15,Digital Logic IC,1,11.6,0.93,12.5,6.1,85.0,REJECT,Fail,Fail
C4174,ISRO-SCL-250428-17,Voltage Regulator IC,0,13.5,1.08,8.0,12.8,11.2,PASS,Borderline,Pass
C4175,ISRO-SCL-250120-03,Op-Amp IC,0,13.7,1.1,13.8,14.6,13.9,PASS,Safe,Pass
C4176,ISRO-SCL-250324-12,Op-Amp IC,0,23.0,1.84,34.4,25.1,28.0,PASS,Safe,Pass
C4177,ISRO-SCL-250407-14,MOSFET,0,17.8,1.42,13.0,5.2,13.4,PASS,Safe,Pass
C4178,ISRO-SCL-250407-14,MOSFET,0,26.2,2.1,8.9,14.4,16.9,PASS,Safe,Pass
C4179,ISRO-SCL-250324-12,Op-Amp IC,0,12.7,1.01,14.3,10.3,12.8,PASS,Safe,Pass
C4180,ISRO-SCL-250512-19,Op-Amp IC,0,11.0,0.88,9.2,14.9,11.0,PASS,Safe,Pass
C4181,ISRO-SCL-250120-03,Op-Amp IC,0,47.8,3.82,41.4,31.0,41.9,MONITOR,Fail,Pass
C4182,ISRO-SCL-250414-15,Digital Logic IC,0,11.6,0.93,8.8,14.2,11.0,PASS,Safe,Pass
C4183,ISRO-SCL-250310-10,Voltage Regulator IC,0,14.6,1.17,16.0,6.6,13.6,PASS,Safe,Pass
C4184,ISRO-SCL-250310-10,Voltage Regulator IC,0,14.0,1.12,11.3,2.0,10.5,PASS,Safe,Pass
C4185,ISRO-SCL-250310-10,Voltage Regulator IC,0,63.5,5.08,19.9,24.4,38.3,MONITOR,Borderline,Pass
C4186,ISRO-SCL-250217-07,Op-Amp IC,0,12.0,0.96,2.0,3.0,6.2,PASS,Safe,Pass
C4187,ISRO-SCL-250217-07,Op-Amp IC,1,64.6,5.17,35.2,39.1,85.0,REJECT,Fail,Fail
C4188,ISRO-SCL-250113-02,MOSFET,1,16.9,1.35,22.5,2.5,85.0,REJECT,Safe,Fail
C4189,ISRO-SCL-250127-04,Op-Amp IC,1,13.3,1.06,24.6,7.8,85.0,REJECT,Safe,Fail
C4190,ISRO-SCL-250224-08,MOSFET,0,16.7,1.34,36.2,14.0,24.0,PASS,Borderline,Pass
C4191,ISRO-SCL-250421-16,MOSFET,0,16.2,1.3,15.2,19.5,16.5,PASS,Safe,Pass
C4192,ISRO-SCL-250203-05,Digital Logic IC,0,17.1,1.37,26.0,6.5,18.5,PASS,Safe,Pass
C4193,ISRO-SCL-250414-15,Digital Logic IC,0,16.6,1.33,31.3,16.8,22.5,PASS,Borderline,Pass
C4194,ISRO-SCL-250113-02,MOSFET,1,14.3,1.15,18.5,5.1,85.0,REJECT,Safe,Fail
C4195,ISRO-SCL-250421-16,MOSFET,0,7.1,0.57,10.0,4.3,7.7,PASS,Safe,Pass
C4196,ISRO-SCL-250127-04,Op-Amp IC,0,6.3,0.5,1.8,15.2,6.3,PASS,Safe,Pass
C4197,ISRO-SCL-250113-02,MOSFET,0,9.7,0.78,6.5,5.5,7.6,PASS,Safe,Pass
C4198,ISRO-SCL-250324-12,Op-Amp IC,1,20.7,1.66,28.0,7.2,85.0,REJECT,Safe,Fail
C4199,ISRO-SCL-250421-16,MOSFET,0,24.5,1.96,14.8,17.6,19.2,PASS,Safe,Pass
C4200,ISRO-SCL-250421-16,MOSFET,0,94.6,7.57,44.6,19.4,59.6,MONITOR,Safe,Pass
C4201,ISRO-SCL-250203-05,Digital Logic IC,0,17.6,1.41,7.1,7.9,11.5,PASS,Safe,Pass
C4202,ISRO-SCL-250421-16,MOSFET,0,15.3,1.22,15.1,6.5,13.5,PASS,Safe,Pass
C4203,ISRO-SCL-250113-02,MOSFET,0,70.8,5.67,21.1,49.7,46.7,MONITOR,Fail,Pass
C4204,ISRO-SCL-250519-20,Voltage Regulator IC,0,19.3,1.54,1.8,4.6,9.3,PASS,Safe,Pass
C4205,ISRO-SCL-250414-15,Digital Logic IC,0,12.3,0.99,8.4,16.6,11.6,PASS,Safe,Pass
C4206,ISRO-SCL-250127-04,Op-Amp IC,1,14.1,1.12,31.9,29.3,85.0,REJECT,Borderline,Fail
C4207,ISRO-SCL-250106-01,MOSFET,0,16.1,1.29,10.7,10.4,12.8,PASS,Safe,Pass
C4208,ISRO-SCL-250324-12,Op-Amp IC,0,20.0,1.6,16.3,16.6,17.8,PASS,Fail,Pass
C4209,ISRO-SCL-250505-18,Op-Amp IC,0,14.5,1.16,16.1,10.8,14.4,PASS,Safe,Pass
C4210,ISRO-SCL-250310-10,Voltage Regulator IC,0,35.0,2.8,8.6,27.1,22.8,PASS,Borderline,Pass
C4211,ISRO-SCL-250217-07,Op-Amp IC,0,22.2,1.77,28.8,17.1,23.8,PASS,Borderline,Pass
C4212,ISRO-SCL-250310-10,Voltage Regulator IC,0,21.1,1.69,24.3,36.5,25.4,PASS,Borderline,Pass
C4213,ISRO-SCL-250113-02,MOSFET,0,11.2,0.9,4.0,11.4,8.4,PASS,Safe,Pass
C4214,ISRO-SCL-250113-02,MOSFET,0,73.2,5.86,28.2,25.0,45.6,MONITOR,Borderline,Pass
C4215,ISRO-SCL-250324-12,Op-Amp IC,0,15.3,1.22,42.5,3.2,23.7,PASS,Safe,Pass
C4216,ISRO-SCL-250120-03,Op-Amp IC,0,22.2,1.77,22.8,19.3,21.8,PASS,Safe,Pass
C4217,ISRO-SCL-250203-05,Digital Logic IC,0,27.0,2.16,5.9,12.1,15.6,PASS,Safe,Pass
C4218,ISRO-SCL-250407-14,MOSFET,0,18.2,1.46,31.1,14.6,22.7,PASS,Safe,Pass
C4219,ISRO-SCL-250407-14,MOSFET,1,72.2,5.77,69.3,70.6,85.0,REJECT,Fail,Fail
C4220,ISRO-SCL-250324-12,Op-Amp IC,0,32.7,2.61,43.9,31.3,36.9,MONITOR,Fail,Pass
C4221,ISRO-SCL-250428-17,Voltage Regulator IC,0,10.5,0.84,7.6,10.4,9.3,PASS,Safe,Pass
C4222,ISRO-SCL-250414-15,Digital Logic IC,0,7.4,0.59,3.4,17.4,7.8,PASS,Safe,Pass
C4223,ISRO-SCL-250407-14,MOSFET,0,12.6,1.01,5.3,17.6,10.7,PASS,Safe,Pass
C4224,ISRO-SCL-250224-08,MOSFET,0,15.5,1.24,6.4,1.1,9.0,PASS,Safe,Pass
C4225,ISRO-SCL-250106-01,MOSFET,0,17.2,1.38,32.2,29.4,25.6,PASS,Borderline,Pass
C4226,ISRO-SCL-250407-14,MOSFET,1,25.3,2.02,14.3,25.2,85.0,REJECT,Fail,Fail
C4227,ISRO-SCL-250120-03,Op-Amp IC,0,73.1,5.85,68.1,29.7,62.4,HOLD,Fail,Pass
C4228,ISRO-SCL-250512-19,Op-Amp IC,1,100.0,13.2,100.0,95.8,99.2,REJECT,Fail,Fail
C4229,ISRO-SCL-250113-02,MOSFET,0,12.4,0.99,12.2,17.5,13.3,PASS,Safe,Pass
C4230,ISRO-SCL-250217-07,Op-Amp IC,0,9.8,0.78,0.9,7.9,5.8,PASS,Safe,Pass
C4231,ISRO-SCL-250428-17,Voltage Regulator IC,0,20.3,1.63,6.7,14.1,13.6,PASS,Safe,Pass
C4232,ISRO-SCL-250127-04,Op-Amp IC,0,21.1,1.69,11.7,9.8,15.1,PASS,Safe,Pass
C4233,ISRO-SCL-250414-15,Digital Logic IC,1,17.1,1.37,17.7,5.7,85.0,REJECT,Safe,Fail
C4234,ISRO-SCL-250106-01,MOSFET,0,14.9,1.19,14.2,25.9,16.8,PASS,Borderline,Pass
C4235,ISRO-SCL-250203-05,Digital Logic IC,0,20.0,1.6,13.6,1.5,13.8,PASS,Safe,Pass
C4236,ISRO-SCL-250324-12,Op-Amp IC,0,17.3,1.38,7.4,9.4,11.7,PASS,Safe,Pass
C4237,ISRO-SCL-250414-15,Digital Logic IC,0,13.8,1.11,15.6,24.2,16.6,PASS,Borderline,Pass
C4238,ISRO-SCL-250512-19,Op-Amp IC,0,28.6,2.29,42.5,21.6,32.7,MONITOR,Borderline,Pass
C4239,ISRO-SCL-250310-10,Voltage Regulator IC,0,15.1,1.21,3.5,7.5,8.9,PASS,Safe,Pass
C4240,ISRO-SCL-250203-05,Digital Logic IC,0,19.0,1.52,16.1,3.5,14.7,PASS,Safe,Pass
C4241,ISRO-SCL-250303-09,Voltage Regulator IC,0,58.4,4.67,53.3,34.9,51.7,MONITOR,Fail,Pass
C4242,ISRO-SCL-250203-05,Digital Logic IC,0,27.9,2.23,11.7,8.8,17.6,PASS,Safe,Pass
C4243,ISRO-SCL-250303-09,Voltage Regulator IC,0,10.4,0.84,2.2,16.0,8.2,PASS,Safe,Pass
C4244,ISRO-SCL-250120-03,Op-Amp IC,1,15.0,1.2,15.1,8.8,85.0,REJECT,Safe,Fail
C4245,ISRO-SCL-250519-20,Voltage Regulator IC,0,16.2,1.29,3.5,17.3,11.3,PASS,Borderline,Pass
C4246,ISRO-SCL-250512-19,Op-Amp IC,0,17.0,1.36,31.6,39.3,27.3,PASS,Borderline,Pass
C4247,ISRO-SCL-250217-07,Op-Amp IC,1,51.8,4.14,56.8,23.7,85.0,REJECT,Fail,Fail
C4248,ISRO-SCL-250127-04,Op-Amp IC,0,30.6,2.45,34.4,31.9,32.4,MONITOR,Borderline,Pass
C4249,ISRO-SCL-250203-05,Digital Logic IC,0,23.6,1.89,39.8,11.8,27.7,PASS,Safe,Pass
C4250,ISRO-SCL-250421-16,MOSFET,0,15.6,1.25,17.8,12.0,15.7,PASS,Safe,Pass
C4251,ISRO-SCL-250203-05,Digital Logic IC,0,16.8,1.35,9.9,8.3,12.3,PASS,Safe,Pass
C4252,ISRO-SCL-250127-04,Op-Amp IC,1,15.1,1.21,20.7,11.2,85.0,REJECT,Safe,Fail
C4253,ISRO-SCL-250203-05,Digital Logic IC,0,35.4,2.83,12.2,13.6,21.8,PASS,Borderline,Pass
C4254,ISRO-SCL-250303-09,Voltage Regulator IC,0,16.9,1.35,10.8,9.3,12.9,PASS,Safe,Pass
C4255,ISRO-SCL-250505-18,Op-Amp IC,0,29.7,2.38,3.6,16.4,16.6,PASS,Safe,Pass
C4256,ISRO-SCL-250120-03,Op-Amp IC,0,17.1,1.37,13.5,16.0,15.5,PASS,Borderline,Pass
C4257,ISRO-SCL-250512-19,Op-Amp IC,0,15.0,1.2,11.3,8.8,12.3,PASS,Safe,Pass
C4258,ISRO-SCL-250407-14,MOSFET,1,16.6,1.33,24.9,4.7,85.0,REJECT,Safe,Fail
C4259,ISRO-SCL-250505-18,Op-Amp IC,1,20.2,1.62,10.8,7.1,85.0,REJECT,Safe,Fail
C4260,ISRO-SCL-250217-07,Op-Amp IC,0,14.3,1.14,0.9,6.6,7.4,PASS,Safe,Pass
C4261,ISRO-SCL-250407-14,MOSFET,0,13.1,1.05,18.4,40.6,20.7,PASS,Fail,Pass
C4262,ISRO-SCL-250414-15,Digital Logic IC,0,10.4,0.83,4.0,16.0,9.0,PASS,Safe,Pass
C4263,ISRO-SCL-250210-06,MOSFET,0,9.1,0.73,6.5,7.2,7.7,PASS,Safe,Pass
C4264,ISRO-SCL-250414-15,Digital Logic IC,0,21.5,1.72,21.2,15.1,20.1,PASS,Fail,Pass
C4265,ISRO-SCL-250303-09,Voltage Regulator IC,0,47.4,3.8,49.6,23.1,43.4,MONITOR,Safe,Pass
C4266,ISRO-SCL-250324-12,Op-Amp IC,1,14.1,1.12,12.5,12.1,85.0,REJECT,Fail,Fail
C4267,ISRO-SCL-250217-07,Op-Amp IC,0,16.9,1.35,23.4,12.2,18.6,PASS,Safe,Pass
C4268,ISRO-SCL-250310-10,Voltage Regulator IC,0,13.6,1.09,3.4,18.4,10.5,PASS,Safe,Pass
C4269,ISRO-SCL-250505-18,Op-Amp IC,0,15.2,1.21,18.6,0.4,13.6,PASS,Safe,Pass
C4270,ISRO-SCL-250414-15,Digital Logic IC,0,21.1,1.69,19.2,7.0,17.5,PASS,Safe,Pass
C4271,ISRO-SCL-250217-07,Op-Amp IC,1,89.1,7.13,75.4,44.0,85.0,REJECT,Fail,Fail
C4272,ISRO-SCL-250331-13,Voltage Regulator IC,0,17.2,1.38,23.2,11.2,18.4,PASS,Safe,Pass
C4273,ISRO-SCL-250106-01,MOSFET,0,69.6,5.56,63.5,44.6,62.1,HOLD,Fail,Pass
C4274,ISRO-SCL-250519-20,Voltage Regulator IC,1,100.0,9.43,67.4,47.3,85.0,REJECT,Fail,Fail
C4275,ISRO-SCL-250127-04,Op-Amp IC,0,12.6,1.01,27.3,32.6,22.5,PASS,Fail,Pass
C4276,ISRO-SCL-250414-15,Digital Logic IC,0,15.7,1.25,18.5,9.1,15.5,PASS,Safe,Pass
C4277,ISRO-SCL-250203-05,Digital Logic IC,0,20.2,1.62,11.6,8.2,14.4,PASS,Safe,Pass
C4278,ISRO-SCL-250106-01,MOSFET,1,14.0,1.12,19.2,14.8,85.0,REJECT,Safe,Fail
C4279,ISRO-SCL-250512-19,Op-Amp IC,1,100.0,13.82,100.0,83.6,96.7,REJECT,Fail,Fail
C4280,ISRO-SCL-250106-01,MOSFET,0,13.8,1.1,9.7,8.4,11.1,PASS,Safe,Pass
C4281,ISRO-SCL-250127-04,Op-Amp IC,0,21.0,1.68,17.7,34.5,22.4,PASS,Borderline,Pass
C4282,ISRO-SCL-250505-18,Op-Amp IC,1,23.6,1.89,15.9,9.4,85.0,REJECT,Safe,Fail
C4283,ISRO-SCL-250303-09,Voltage Regulator IC,0,14.1,1.13,7.8,16.3,12.0,PASS,Borderline,Pass
C4284,ISRO-SCL-250407-14,MOSFET,0,9.4,0.75,6.0,13.6,8.9,PASS,Borderline,Pass
C4285,ISRO-SCL-250127-04,Op-Amp IC,0,10.5,0.84,18.5,53.4,22.3,PASS,Fail,Pass
C4286,ISRO-SCL-250217-07,Op-Amp IC,0,11.2,0.89,4.4,12.3,8.7,PASS,Borderline,Pass
C4287,ISRO-SCL-250310-10,Voltage Regulator IC,0,13.2,1.06,23.2,3.0,15.2,PASS,Safe,Pass
C4288,ISRO-SCL-250421-16,MOSFET,0,16.9,1.35,22.0,13.3,18.2,PASS,Safe,Pass
C4289,ISRO-SCL-250203-05,Digital Logic IC,0,28.5,2.28,18.8,17.4,22.4,PASS,Borderline,Pass
C4290,ISRO-SCL-250519-20,Voltage Regulator IC,0,19.3,1.54,5.7,21.0,14.2,PASS,Borderline,Pass
C4291,ISRO-SCL-250512-19,Op-Amp IC,1,13.1,1.05,22.0,4.2,85.0,REJECT,Safe,Fail
C4292,ISRO-SCL-250113-02,MOSFET,0,16.4,1.31,26.5,0.5,17.2,PASS,Safe,Pass
C4293,ISRO-SCL-250217-07,Op-Amp IC,1,21.4,1.72,33.1,0.3,85.0,REJECT,Safe,Fail
C4294,ISRO-SCL-250203-05,Digital Logic IC,0,27.0,2.16,11.6,5.1,16.5,PASS,Safe,Pass
C4295,ISRO-SCL-250407-14,MOSFET,0,16.9,1.35,13.3,9.3,13.9,PASS,Safe,Pass
C4296,ISRO-SCL-250421-16,MOSFET,0,14.9,1.19,12.5,13.6,13.7,PASS,Safe,Pass
C4297,ISRO-SCL-250224-08,MOSFET,0,19.5,1.56,12.9,16.0,16.2,PASS,Borderline,Pass
C4298,ISRO-SCL-250113-02,MOSFET,0,15.2,1.22,23.6,37.9,23.1,PASS,Borderline,Pass
C4299,ISRO-SCL-250113-02,MOSFET,1,57.3,4.59,28.0,19.2,85.0,REJECT,Safe,Fail
C4300,ISRO-SCL-250407-14,MOSFET,1,86.9,6.95,78.6,100.0,86.2,REJECT,Fail,Fail
C4301,ISRO-SCL-250421-16,MOSFET,0,32.9,2.63,29.2,16.9,28.2,PASS,Safe,Pass
C4302,ISRO-SCL-250106-01,MOSFET,1,48.6,3.89,26.2,55.0,85.0,REJECT,Fail,Fail
C4303,ISRO-SCL-250217-07,Op-Amp IC,0,18.5,1.48,15.8,1.9,14.1,PASS,Safe,Pass
C4304,ISRO-SCL-250120-03,Op-Amp IC,0,44.0,3.52,59.5,55.3,52.5,MONITOR,Fail,Pass
C4305,ISRO-SCL-250217-07,Op-Amp IC,0,10.6,0.85,18.1,8.4,13.2,PASS,Safe,Pass
C4306,ISRO-SCL-250317-11,Voltage Regulator IC,0,10.7,0.86,0.0,10.9,6.5,PASS,Safe,Pass
C4307,ISRO-SCL-250217-07,Op-Amp IC,0,29.1,2.32,26.6,17.4,25.7,PASS,Safe,Pass
C4308,ISRO-SCL-250414-15,Digital Logic IC,0,13.9,1.11,10.3,4.9,10.7,PASS,Safe,Pass
C4309,ISRO-SCL-250421-16,MOSFET,0,13.6,1.08,8.3,5.8,9.9,PASS,Safe,Pass
C4310,ISRO-SCL-250331-13,Voltage Regulator IC,0,24.1,1.93,22.3,31.0,24.7,PASS,Fail,Pass
C4311,ISRO-SCL-250203-05,Digital Logic IC,0,11.8,0.95,4.5,6.1,7.7,PASS,Safe,Pass
C4312,ISRO-SCL-250203-05,Digital Logic IC,0,7.1,0.57,2.3,4.6,4.7,PASS,Safe,Pass
C4313,ISRO-SCL-250512-19,Op-Amp IC,0,27.2,2.18,9.3,20.4,18.7,PASS,Borderline,Pass
C4314,ISRO-SCL-250414-15,Digital Logic IC,1,48.5,3.88,56.3,23.8,85.0,REJECT,Fail,Fail
C4315,ISRO-SCL-250113-02,MOSFET,0,13.7,1.1,9.9,11.4,11.7,PASS,Safe,Pass
C4316,ISRO-SCL-250303-09,Voltage Regulator IC,0,19.9,1.59,24.5,14.0,20.6,PASS,Borderline,Pass
C4317,ISRO-SCL-250106-01,MOSFET,0,8.9,0.71,3.9,5.9,6.3,PASS,Safe,Pass
C4318,ISRO-SCL-250127-04,Op-Amp IC,0,24.1,1.93,9.3,26.5,18.7,PASS,Borderline,Pass
C4319,ISRO-SCL-250428-17,Voltage Regulator IC,0,17.7,1.42,11.8,3.8,12.6,PASS,Safe,Pass
C4320,ISRO-SCL-250414-15,Digital Logic IC,0,10.1,0.81,4.5,10.1,7.9,PASS,Safe,Pass
C4321,ISRO-SCL-250505-18,Op-Amp IC,0,15.6,1.25,22.2,25.1,20.1,PASS,Safe,Pass
C4322,ISRO-SCL-250203-05,Digital Logic IC,1,21.4,1.71,18.6,15.9,85.0,REJECT,Safe,Fail
C4323,ISRO-SCL-250113-02,MOSFET,0,18.3,1.46,21.5,5.0,16.9,PASS,Safe,Pass
C4324,ISRO-SCL-250310-10,Voltage Regulator IC,0,14.3,1.14,12.1,6.6,11.9,PASS,Safe,Pass
C4325,ISRO-SCL-250519-20,Voltage Regulator IC,0,18.1,1.45,18.2,35.0,21.5,PASS,Fail,Pass
C4326,ISRO-SCL-250203-05,Digital Logic IC,0,34.5,2.76,21.7,20.0,26.4,PASS,Borderline,Pass
C4327,ISRO-SCL-250317-11,Voltage Regulator IC,0,32.5,2.6,31.4,10.2,27.6,PASS,Safe,Pass
C4328,ISRO-SCL-250106-01,MOSFET,0,10.6,0.85,9.1,12.5,10.4,PASS,Safe,Pass
C4329,ISRO-SCL-250127-04,Op-Amp IC,1,34.5,2.76,28.5,27.4,85.0,REJECT,Borderline,Fail
C4330,ISRO-SCL-250113-02,MOSFET,0,15.0,1.2,11.4,15.8,13.7,PASS,Safe,Pass
C4331,ISRO-SCL-250120-03,Op-Amp IC,0,13.1,1.05,4.6,9.5,9.0,PASS,Safe,Pass
C4332,ISRO-SCL-250512-19,Op-Amp IC,1,28.6,2.29,34.7,19.4,85.0,REJECT,Safe,Fail
C4333,ISRO-SCL-250414-15,Digital Logic IC,1,80.2,6.42,90.9,47.4,85.0,REJECT,Fail,Fail
C4334,ISRO-SCL-250331-13,Voltage Regulator IC,0,14.6,1.16,16.3,6.3,13.6,PASS,Safe,Pass
C4335,ISRO-SCL-250303-09,Voltage Regulator IC,1,35.2,2.82,18.4,23.6,85.0,REJECT,Fail,Fail
C4336,ISRO-SCL-250210-06,MOSFET,1,13.5,1.08,22.0,3.3,85.0,REJECT,Fail,Fail
C4337,ISRO-SCL-250217-07,Op-Amp IC,0,13.6,1.09,9.1,9.1,10.9,PASS,Safe,Pass
C4338,ISRO-SCL-250310-10,Voltage Regulator IC,0,100.0,253.83,100.0,92.1,98.4,REJECT,Fail,Pass
C4339,ISRO-SCL-250331-13,Voltage Regulator IC,0,23.3,1.87,18.6,14.7,19.7,PASS,Safe,Pass
C4340,ISRO-SCL-250414-15,Digital Logic IC,0,13.5,1.08,24.4,20.1,19.2,PASS,Borderline,Pass
C4341,ISRO-SCL-250127-04,Op-Amp IC,0,25.3,2.02,14.5,16.5,19.2,PASS,Fail,Pass
C4342,ISRO-SCL-250512-19,Op-Amp IC,0,47.8,3.82,41.2,38.4,43.3,MONITOR,Borderline,Pass
C4343,ISRO-SCL-250303-09,Voltage Regulator IC,0,100.0,11.25,49.6,14.4,62.7,HOLD,Safe,Pass
C4344,ISRO-SCL-250512-19,Op-Amp IC,0,8.6,0.69,5.0,10.1,7.4,PASS,Safe,Pass
C4345,ISRO-SCL-250224-08,MOSFET,0,17.2,1.38,25.7,7.6,18.7,PASS,Safe,Pass
C4346,ISRO-SCL-250505-18,Op-Amp IC,0,34.2,2.74,9.2,20.1,21.4,PASS,Borderline,Pass
C4347,ISRO-SCL-250217-07,Op-Amp IC,0,15.7,1.25,15.1,12.0,14.7,PASS,Safe,Pass
C4348,ISRO-SCL-250310-10,Voltage Regulator IC,0,18.1,1.45,8.4,11.2,12.9,PASS,Safe,Pass
C4349,ISRO-SCL-250106-01,MOSFET,0,16.7,1.34,19.5,6.7,15.8,PASS,Safe,Pass
C4350,ISRO-SCL-250324-12,Op-Amp IC,0,19.0,1.52,32.5,4.2,21.4,PASS,Safe,Pass
C4351,ISRO-SCL-250310-10,Voltage Regulator IC,0,12.6,1.01,17.1,33.1,18.5,PASS,Borderline,Pass
C4352,ISRO-SCL-250407-14,MOSFET,0,12.6,1.0,16.8,21.6,16.0,PASS,Borderline,Pass
C4353,ISRO-SCL-250113-02,MOSFET,0,21.1,1.69,9.7,18.0,15.9,PASS,Safe,Pass
C4354,ISRO-SCL-250217-07,Op-Amp IC,0,42.8,3.42,15.2,26.5,28.5,PASS,Safe,Pass
C4355,ISRO-SCL-250331-13,Voltage Regulator IC,1,14.4,1.16,30.3,10.8,85.0,REJECT,Safe,Fail
C4356,ISRO-SCL-250210-06,MOSFET,0,31.0,2.48,17.5,14.3,22.3,PASS,Safe,Pass
C4357,ISRO-SCL-250217-07,Op-Amp IC,0,5.9,0.47,0.0,10.0,4.4,PASS,Safe,Pass
C4358,ISRO-SCL-250310-10,Voltage Regulator IC,0,11.3,0.9,8.1,4.2,8.6,PASS,Safe,Pass
C4359,ISRO-SCL-250317-11,Voltage Regulator IC,1,71.8,5.74,44.0,52.0,85.0,REJECT,Fail,Fail
C4360,ISRO-SCL-250421-16,MOSFET,0,37.0,2.96,34.8,18.3,32.4,MONITOR,Safe,Pass
C4361,ISRO-SCL-250310-10,Voltage Regulator IC,0,14.7,1.17,26.5,16.5,19.8,PASS,Safe,Pass
C4362,ISRO-SCL-250512-19,Op-Amp IC,1,70.9,5.67,43.8,38.9,85.0,REJECT,Borderline,Fail
C4363,ISRO-SCL-250310-10,Voltage Regulator IC,0,22.5,1.8,11.8,15.8,16.9,PASS,Safe,Pass
C4364,ISRO-SCL-250127-04,Op-Amp IC,1,23.2,1.85,26.4,11.1,85.0,REJECT,Borderline,Fail
C4365,ISRO-SCL-250331-13,Voltage Regulator IC,0,16.5,1.32,21.7,15.9,18.5,PASS,Safe,Pass
C4366,ISRO-SCL-250519-20,Voltage Regulator IC,0,16.2,1.29,16.9,7.9,14.8,PASS,Safe,Pass
C4367,ISRO-SCL-250127-04,Op-Amp IC,0,9.8,0.79,5.6,7.1,7.6,PASS,Safe,Pass
C4368,ISRO-SCL-250203-05,Digital Logic IC,0,18.5,1.48,23.2,8.7,18.4,PASS,Safe,Pass
C4369,ISRO-SCL-250414-15,Digital Logic IC,0,10.5,0.84,7.4,9.0,9.0,PASS,Safe,Pass
C4370,ISRO-SCL-250519-20,Voltage Regulator IC,0,13.2,1.05,9.6,4.9,10.1,PASS,Safe,Pass
C4371,ISRO-SCL-250407-14,MOSFET,1,12.8,1.03,15.2,4.1,85.0,REJECT,Safe,Fail
C4372,ISRO-SCL-250113-02,MOSFET,0,16.5,1.32,9.5,9.6,12.3,PASS,Safe,Pass
C4373,ISRO-SCL-250120-03,Op-Amp IC,1,14.4,1.15,28.1,55.2,85.0,REJECT,Fail,Fail
C4374,ISRO-SCL-250505-18,Op-Amp IC,0,11.8,0.94,17.4,9.1,13.5,PASS,Safe,Pass
C4375,ISRO-SCL-250421-16,MOSFET,0,17.1,1.37,31.4,6.6,20.7,PASS,Safe,Pass
C4376,ISRO-SCL-250210-06,MOSFET,0,14.1,1.12,21.0,4.3,14.9,PASS,Safe,Pass
C4377,ISRO-SCL-250512-19,Op-Amp IC,0,91.8,7.34,46.9,32.6,62.0,HOLD,Borderline,Pass
C4378,ISRO-SCL-250331-13,Voltage Regulator IC,1,15.7,1.25,22.1,15.6,85.0,REJECT,Safe,Fail
C4379,ISRO-SCL-250505-18,Op-Amp IC,0,100.0,20.33,82.7,100.0,93.1,REJECT,Borderline,Pass
C4380,ISRO-SCL-250331-13,Voltage Regulator IC,0,13.5,1.08,15.9,5.1,12.8,PASS,Safe,Pass
C4381,ISRO-SCL-250217-07,Op-Amp IC,0,5.6,0.45,0.2,6.4,3.6,PASS,Safe,Pass
C4382,ISRO-SCL-250421-16,MOSFET,0,23.9,1.91,5.5,30.5,17.8,PASS,Borderline,Pass
C4383,ISRO-SCL-250414-15,Digital Logic IC,0,15.8,1.26,16.3,10.7,15.0,PASS,Safe,Pass
C4384,ISRO-SCL-250421-16,MOSFET,0,15.7,1.25,13.0,1.2,11.7,PASS,Safe,Pass
C4385,ISRO-SCL-250331-13,Voltage Regulator IC,1,15.6,1.25,15.6,21.4,85.0,REJECT,Safe,Fail
C4386,ISRO-SCL-250331-13,Voltage Regulator IC,0,10.0,0.8,3.2,3.1,5.9,PASS,Safe,Pass
C4387,ISRO-SCL-250127-04,Op-Amp IC,0,9.3,0.75,7.9,21.5,11.2,PASS,Borderline,Pass
C4388,ISRO-SCL-250414-15,Digital Logic IC,0,15.8,1.26,14.0,9.0,13.7,PASS,Safe,Pass
C4389,ISRO-SCL-250217-07,Op-Amp IC,0,12.8,1.03,6.0,2.4,8.0,PASS,Safe,Pass
C4390,ISRO-SCL-250310-10,Voltage Regulator IC,0,42.9,3.43,24.7,20.4,31.1,MONITOR,Borderline,Pass
C4391,ISRO-SCL-250106-01,MOSFET,0,15.9,1.27,13.6,4.7,12.8,PASS,Safe,Pass
C4392,ISRO-SCL-250407-14,MOSFET,1,14.1,1.13,26.5,15.3,85.0,REJECT,Safe,Fail
C4393,ISRO-SCL-250210-06,MOSFET,0,27.7,2.21,25.1,13.9,23.9,PASS,Safe,Pass
C4394,ISRO-SCL-250106-01,MOSFET,0,14.8,1.18,20.1,2.1,14.4,PASS,Safe,Pass
C4395,ISRO-SCL-250224-08,MOSFET,0,17.7,1.42,16.9,8.9,15.6,PASS,Safe,Pass
C4396,ISRO-SCL-250331-13,Voltage Regulator IC,1,13.9,1.12,30.6,15.9,85.0,REJECT,Safe,Fail
C4397,ISRO-SCL-250519-20,Voltage Regulator IC,0,34.8,2.78,33.2,27.8,32.8,MONITOR,Borderline,Pass
C4398,ISRO-SCL-250127-04,Op-Amp IC,0,10.2,0.82,3.0,7.8,6.9,PASS,Safe,Pass
C4399,ISRO-SCL-250127-04,Op-Amp IC,0,22.1,1.77,15.3,17.5,18.5,PASS,Fail,Pass
C4400,ISRO-SCL-250331-13,Voltage Regulator IC,0,35.3,2.82,8.3,29.4,23.3,PASS,Borderline,Pass
C4401,ISRO-SCL-250113-02,MOSFET,0,14.7,1.18,4.6,11.9,10.1,PASS,Safe,Pass
C4402,ISRO-SCL-250127-04,Op-Amp IC,1,76.2,6.1,61.5,95.7,85.0,REJECT,Fail,Fail
C4403,ISRO-SCL-250310-10,Voltage Regulator IC,0,16.2,1.29,36.0,8.6,22.6,PASS,Safe,Pass
C4404,ISRO-SCL-250414-15,Digital Logic IC,1,25.6,2.05,37.6,47.1,85.0,REJECT,Fail,Fail
C4405,ISRO-SCL-250331-13,Voltage Regulator IC,1,25.3,2.02,29.9,4.4,85.0,REJECT,Safe,Fail
C4406,ISRO-SCL-250127-04,Op-Amp IC,0,46.0,3.68,46.9,40.1,45.2,MONITOR,Fail,Pass
C4407,ISRO-SCL-250113-02,MOSFET,0,69.4,5.55,40.3,100.0,63.9,HOLD,Safe,Pass
C4408,ISRO-SCL-250113-02,MOSFET,0,9.8,0.79,6.3,5.7,7.6,PASS,Safe,Pass
C4409,ISRO-SCL-250303-09,Voltage Regulator IC,0,14.5,1.16,6.3,5.9,9.5,PASS,Safe,Pass
C4410,ISRO-SCL-250331-13,Voltage Regulator IC,0,17.6,1.41,31.3,53.9,30.4,MONITOR,Borderline,Pass
C4411,ISRO-SCL-250106-01,MOSFET,1,21.1,1.69,30.5,14.9,85.0,REJECT,Borderline,Fail
C4412,ISRO-SCL-250203-05,Digital Logic IC,0,35.4,2.83,11.0,11.4,20.9,PASS,Safe,Pass
C4413,ISRO-SCL-250106-01,MOSFET,0,100.0,146.86,100.0,51.9,90.4,REJECT,Safe,Pass
C4414,ISRO-SCL-250224-08,MOSFET,0,13.2,1.05,1.9,11.1,8.2,PASS,Safe,Pass
C4415,ISRO-SCL-250224-08,MOSFET,0,31.7,2.54,27.7,19.7,27.7,PASS,Safe,Pass
C4416,ISRO-SCL-250127-04,Op-Amp IC,0,13.0,1.04,23.1,40.1,22.5,PASS,Borderline,Pass
C4417,ISRO-SCL-250127-04,Op-Amp IC,0,19.7,1.57,17.6,42.2,23.3,PASS,Fail,Pass
C4418,ISRO-SCL-250512-19,Op-Amp IC,1,24.2,1.94,19.6,20.9,85.0,REJECT,Borderline,Fail
C4419,ISRO-SCL-250106-01,MOSFET,0,14.8,1.18,8.0,5.1,10.1,PASS,Safe,Pass
C4420,ISRO-SCL-250113-02,MOSFET,0,27.2,2.18,5.9,11.4,15.5,PASS,Safe,Pass
C4421,ISRO-SCL-250407-14,MOSFET,0,21.6,1.73,17.0,38.9,23.2,PASS,Borderline,Pass
C4422,ISRO-SCL-250106-01,MOSFET,0,23.4,1.88,9.0,15.1,16.0,PASS,Safe,Pass
C4423,ISRO-SCL-250127-04,Op-Amp IC,0,33.7,2.7,33.1,34.4,33.6,MONITOR,Fail,Pass
C4424,ISRO-SCL-250210-06,MOSFET,0,14.5,1.16,23.4,4.0,16.0,PASS,Safe,Pass
C4425,ISRO-SCL-250224-08,MOSFET,1,5.5,0.44,1.9,12.2,85.0,REJECT,Fail,Fail
C4426,ISRO-SCL-250224-08,MOSFET,0,37.9,3.04,12.7,23.7,25.0,PASS,Borderline,Pass
C4427,ISRO-SCL-250217-07,Op-Amp IC,0,16.7,1.33,16.9,19.0,17.2,PASS,Safe,Pass
C4428,ISRO-SCL-250120-03,Op-Amp IC,0,62.9,5.03,44.8,41.6,51.4,MONITOR,Fail,Pass
C4429,ISRO-SCL-250407-14,MOSFET,0,15.8,1.27,15.0,18.3,16.0,PASS,Safe,Pass
C4430,ISRO-SCL-250414-15,Digital Logic IC,0,13.7,1.1,9.2,6.6,10.5,PASS,Safe,Pass
C4431,ISRO-SCL-250303-09,Voltage Regulator IC,0,11.7,0.94,2.7,8.3,7.4,PASS,Safe,Pass
C4432,ISRO-SCL-250505-18,Op-Amp IC,0,31.1,2.49,2.4,23.1,18.0,PASS,Borderline,Pass
C4433,ISRO-SCL-250317-11,Voltage Regulator IC,0,26.2,2.1,31.4,39.6,31.0,MONITOR,Borderline,Pass
C4434,ISRO-SCL-250120-03,Op-Amp IC,0,16.0,1.28,12.8,27.1,17.0,PASS,Borderline,Pass
C4435,ISRO-SCL-250407-14,MOSFET,0,17.8,1.42,12.1,3.9,12.7,PASS,Safe,Pass
C4436,ISRO-SCL-250113-02,MOSFET,0,13.9,1.11,6.7,6.2,9.5,PASS,Safe,Pass
C4437,ISRO-SCL-250414-15,Digital Logic IC,0,10.5,0.84,0.2,6.4,5.6,PASS,Fail,Pass
C4438,ISRO-SCL-250106-01,MOSFET,0,50.6,4.05,33.5,22.2,38.1,MONITOR,Fail,Pass
C4439,ISRO-SCL-250113-02,MOSFET,0,30.8,2.47,17.0,26.0,24.4,PASS,Borderline,Pass
C4440,ISRO-SCL-250310-10,Voltage Regulator IC,0,32.3,2.59,14.4,9.4,20.6,PASS,Fail,Pass
C4441,ISRO-SCL-250414-15,Digital Logic IC,0,22.3,1.78,28.4,19.8,24.2,PASS,Fail,Pass
C4442,ISRO-SCL-250407-14,MOSFET,0,100.0,157.76,100.0,97.4,99.5,REJECT,Fail,Pass
C4443,ISRO-SCL-250127-04,Op-Amp IC,0,26.9,2.16,21.1,37.2,26.6,PASS,Fail,Pass
C4444,ISRO-SCL-250512-19,Op-Amp IC,0,9.4,0.75,5.0,12.4,8.2,PASS,Safe,Pass
C4445,ISRO-SCL-250113-02,MOSFET,0,12.9,1.04,19.4,21.0,17.1,PASS,Borderline,Pass
C4446,ISRO-SCL-250203-05,Digital Logic IC,1,23.6,1.89,24.8,1.9,85.0,REJECT,Safe,Fail
C4447,ISRO-SCL-250203-05,Digital Logic IC,0,19.2,1.54,9.1,7.9,12.9,PASS,Safe,Pass
C4448,ISRO-SCL-250303-09,Voltage Regulator IC,0,38.0,3.04,20.6,30.4,29.5,PASS,Fail,Pass
C4449,ISRO-SCL-250303-09,Voltage Regulator IC,0,14.7,1.18,6.9,16.7,12.0,PASS,Safe,Pass
C4450,ISRO-SCL-250331-13,Voltage Regulator IC,0,15.7,1.26,8.3,11.3,11.9,PASS,Safe,Pass
C4451,ISRO-SCL-250113-02,MOSFET,0,17.1,1.37,6.2,12.0,11.7,PASS,Safe,Pass
C4452,ISRO-SCL-250303-09,Voltage Regulator IC,0,24.3,1.95,22.0,18.2,22.2,PASS,Borderline,Pass
C4453,ISRO-SCL-250210-06,MOSFET,0,32.4,2.59,14.2,15.3,21.7,PASS,Safe,Pass
C4454,ISRO-SCL-250127-04,Op-Amp IC,0,17.0,1.36,16.7,24.7,18.4,PASS,Borderline,Pass
C4455,ISRO-SCL-250317-11,Voltage Regulator IC,1,45.2,3.62,32.0,34.4,85.0,REJECT,Fail,Fail
C4456,ISRO-SCL-250203-05,Digital Logic IC,0,30.5,2.44,5.2,14.7,17.2,PASS,Safe,Pass
C4457,ISRO-SCL-250203-05,Digital Logic IC,1,17.0,1.36,30.4,3.5,85.0,REJECT,Safe,Fail
C4458,ISRO-SCL-250217-07,Op-Amp IC,0,12.7,1.02,25.3,3.2,15.8,PASS,Safe,Pass
C4459,ISRO-SCL-250113-02,MOSFET,0,12.6,1.0,4.5,7.7,8.4,PASS,Safe,Pass
C4460,ISRO-SCL-250113-02,MOSFET,0,11.7,0.93,10.6,28.8,14.7,PASS,Borderline,Pass
C4461,ISRO-SCL-250407-14,MOSFET,1,100.0,106.34,100.0,52.0,90.4,REJECT,Borderline,Fail
C4462,ISRO-SCL-250310-10,Voltage Regulator IC,0,29.5,2.36,16.5,30.2,24.5,PASS,Borderline,Pass
C4463,ISRO-SCL-250120-03,Op-Amp IC,0,17.8,1.42,6.7,9.8,11.8,PASS,Safe,Pass
C4464,ISRO-SCL-250414-15,Digital Logic IC,0,14.8,1.18,23.6,17.6,18.9,PASS,Safe,Pass
C4465,ISRO-SCL-250217-07,Op-Amp IC,0,12.4,0.99,16.5,5.9,12.8,PASS,Safe,Pass
C4466,ISRO-SCL-250317-11,Voltage Regulator IC,0,18.7,1.5,15.4,23.4,18.4,PASS,Borderline,Pass
C4467,ISRO-SCL-250324-12,Op-Amp IC,0,8.4,0.67,21.3,4.8,12.8,PASS,Safe,Pass
C4468,ISRO-SCL-250519-20,Voltage Regulator IC,0,18.0,1.44,10.9,17.0,14.9,PASS,Safe,Pass
C4469,ISRO-SCL-250106-01,MOSFET,0,18.2,1.46,16.4,15.6,17.0,PASS,Borderline,Pass
C4470,ISRO-SCL-250203-05,Digital Logic IC,0,30.4,2.43,6.3,14.0,17.5,PASS,Safe,Pass
C4471,ISRO-SCL-250331-13,Voltage Regulator IC,1,22.5,1.8,33.8,15.1,85.0,REJECT,Safe,Fail
C4472,ISRO-SCL-250120-03,Op-Amp IC,0,14.2,1.14,15.9,11.7,14.4,PASS,Safe,Pass
C4473,ISRO-SCL-250106-01,MOSFET,0,100.0,9.95,47.2,10.8,61.0,HOLD,Safe,Pass
C4474,ISRO-SCL-250310-10,Voltage Regulator IC,0,13.7,1.09,9.0,5.0,10.1,PASS,Safe,Pass
C4475,ISRO-SCL-250331-13,Voltage Regulator IC,0,68.7,5.49,42.5,57.3,55.9,MONITOR,Fail,Pass
C4476,ISRO-SCL-250210-06,MOSFET,0,12.5,1.0,13.1,42.5,18.7,PASS,Borderline,Pass
C4477,ISRO-SCL-250407-14,MOSFET,0,10.3,0.82,0.0,6.9,5.5,PASS,Safe,Pass
C4478,ISRO-SCL-250217-07,Op-Amp IC,1,79.5,6.36,58.9,27.0,85.0,REJECT,Fail,Fail
C4479,ISRO-SCL-250505-18,Op-Amp IC,0,29.5,2.36,2.3,25.5,17.8,PASS,Borderline,Pass
C4480,ISRO-SCL-250113-02,MOSFET,0,16.2,1.3,26.3,24.7,21.9,PASS,Safe,Pass
C4481,ISRO-SCL-250331-13,Voltage Regulator IC,1,70.0,5.6,47.3,33.0,85.0,REJECT,Fail,Fail
C4482,ISRO-SCL-250210-06,MOSFET,0,19.1,1.53,21.4,2.9,16.8,PASS,Safe,Pass
C4483,ISRO-SCL-250512-19,Op-Amp IC,1,46.8,3.74,28.6,37.1,85.0,REJECT,Fail,Fail
C4484,ISRO-SCL-250414-15,Digital Logic IC,1,91.1,7.29,100.0,92.2,94.9,REJECT,Fail,Fail
C4485,ISRO-SCL-250303-09,Voltage Regulator IC,0,11.6,0.93,10.9,12.3,11.5,PASS,Safe,Pass
C4486,ISRO-SCL-250127-04,Op-Amp IC,0,4.5,0.36,4.9,24.9,8.8,PASS,Borderline,Pass
C4487,ISRO-SCL-250421-16,MOSFET,0,100.0,15.27,56.3,29.2,68.4,HOLD,Borderline,Pass
C4488,ISRO-SCL-250210-06,MOSFET,0,45.0,3.6,27.1,22.5,33.4,MONITOR,Borderline,Pass
C4489,ISRO-SCL-250127-04,Op-Amp IC,0,22.0,1.76,19.6,20.9,20.8,PASS,Borderline,Pass
C4490,ISRO-SCL-250120-03,Op-Amp IC,0,14.0,1.12,16.4,15.4,15.2,PASS,Safe,Pass
C4491,ISRO-SCL-250519-20,Voltage Regulator IC,0,24.6,1.97,24.3,22.8,24.1,PASS,Borderline,Pass
C4492,ISRO-SCL-250113-02,MOSFET,0,25.3,2.02,18.4,9.9,19.5,PASS,Safe,Pass
C4493,ISRO-SCL-250317-11,Voltage Regulator IC,0,27.2,2.17,21.7,21.7,23.9,PASS,Fail,Pass
C4494,ISRO-SCL-250421-16,MOSFET,0,40.8,3.26,34.2,14.4,32.9,MONITOR,Fail,Pass
C4495,ISRO-SCL-250210-06,MOSFET,0,24.8,1.98,39.4,3.6,26.4,PASS,Safe,Pass
C4496,ISRO-SCL-250210-06,MOSFET,0,11.3,0.91,3.7,5.9,7.2,PASS,Safe,Pass
C4497,ISRO-SCL-250310-10,Voltage Regulator IC,0,23.5,1.88,7.6,17.6,16.0,PASS,Safe,Pass
C4498,ISRO-SCL-250224-08,MOSFET,0,22.0,1.76,13.2,25.4,19.2,PASS,Borderline,Pass
C4499,ISRO-SCL-250317-11,Voltage Regulator IC,0,9.6,0.77,17.0,8.6,12.4,PASS,Safe,Pass
C4500,ISRO-SCL-250224-08,MOSFET,0,16.9,1.35,26.7,15.0,20.4,PASS,Safe,Pass
C4501,ISRO-SCL-250210-06,MOSFET,0,14.6,1.16,8.1,4.7,10.0,PASS,Safe,Pass
C4502,ISRO-SCL-250512-19,Op-Amp IC,1,69.6,5.57,36.4,47.1,85.0,REJECT,Fail,Fail
C4503,ISRO-SCL-250127-04,Op-Amp IC,0,13.6,1.09,24.1,20.5,19.2,PASS,Safe,Pass
C4504,ISRO-SCL-250414-15,Digital Logic IC,0,11.9,0.95,8.3,11.2,10.3,PASS,Safe,Pass
C4505,ISRO-SCL-250120-03,Op-Amp IC,0,13.7,1.09,14.6,9.5,13.2,PASS,Safe,Pass
C4506,ISRO-SCL-250421-16,MOSFET,0,13.8,1.1,12.1,8.0,12.0,PASS,Safe,Pass
C4507,ISRO-SCL-250505-18,Op-Amp IC,0,8.4,0.67,2.0,5.0,5.2,PASS,Safe,Pass
C4508,ISRO-SCL-250106-01,MOSFET,1,15.2,1.22,31.5,16.3,85.0,REJECT,Safe,Fail
C4509,ISRO-SCL-250217-07,Op-Amp IC,0,16.9,1.35,6.9,6.6,10.8,PASS,Safe,Pass
C4510,ISRO-SCL-250113-02,MOSFET,0,15.5,1.24,30.6,14.4,21.3,PASS,Safe,Pass
C4511,ISRO-SCL-250113-02,MOSFET,0,93.0,7.44,36.4,13.5,54.4,MONITOR,Borderline,Pass
C4512,ISRO-SCL-250113-02,MOSFET,0,17.3,1.39,19.2,0.3,14.7,PASS,Safe,Pass
C4513,ISRO-SCL-250210-06,MOSFET,0,14.1,1.12,27.9,2.2,17.2,PASS,Safe,Pass
C4514,ISRO-SCL-250331-13,Voltage Regulator IC,1,16.8,1.35,28.2,13.1,85.0,REJECT,Safe,Fail
C4515,ISRO-SCL-250414-15,Digital Logic IC,0,17.9,1.43,40.8,30.6,29.6,PASS,Borderline,Pass
C4516,ISRO-SCL-250210-06,MOSFET,1,16.1,1.29,41.8,30.3,85.0,REJECT,Safe,Fail
C4517,ISRO-SCL-250407-14,MOSFET,1,58.3,4.66,74.2,87.0,85.0,REJECT,Fail,Fail
C4518,ISRO-SCL-250310-10,Voltage Regulator IC,0,8.7,0.7,1.3,6.7,5.3,PASS,Safe,Pass
C4519,ISRO-SCL-250210-06,MOSFET,0,25.3,2.02,40.7,2.2,26.8,PASS,Safe,Pass
C4520,ISRO-SCL-250421-16,MOSFET,0,28.1,2.25,28.2,14.5,25.4,PASS,Safe,Pass
C4521,ISRO-SCL-250407-14,MOSFET,0,67.0,5.36,60.0,89.0,68.6,HOLD,Fail,Pass
C4522,ISRO-SCL-250317-11,Voltage Regulator IC,0,12.0,0.96,5.9,9.9,9.2,PASS,Safe,Pass
C4523,ISRO-SCL-250113-02,MOSFET,0,15.7,1.25,10.6,13.2,13.2,PASS,Safe,Pass
C4524,ISRO-SCL-250421-16,MOSFET,0,19.7,1.57,18.7,10.5,17.5,PASS,Safe,Pass
C4525,ISRO-SCL-250310-10,Voltage Regulator IC,0,22.5,1.8,14.3,17.5,18.2,PASS,Safe,Pass
C4526,ISRO-SCL-250414-15,Digital Logic IC,0,13.7,1.1,15.7,5.1,12.8,PASS,Safe,Pass
C4527,ISRO-SCL-250512-19,Op-Amp IC,0,12.3,0.99,10.5,12.3,11.6,PASS,Borderline,Pass
C4528,ISRO-SCL-250505-18,Op-Amp IC,0,15.2,1.21,23.0,24.2,20.1,PASS,Borderline,Pass
C4529,ISRO-SCL-250407-14,MOSFET,1,100.0,8.76,59.0,73.3,85.0,REJECT,Fail,Fail
C4530,ISRO-SCL-250421-16,MOSFET,0,15.5,1.24,28.1,2.3,17.9,PASS,Safe,Pass
C4531,ISRO-SCL-250217-07,Op-Amp IC,0,21.7,1.73,12.3,2.1,14.0,PASS,Safe,Pass
C4532,ISRO-SCL-250113-02,MOSFET,0,25.3,2.02,14.5,20.3,20.0,PASS,Safe,Pass
C4533,ISRO-SCL-250421-16,MOSFET,0,100.0,15.74,53.5,7.1,62.8,HOLD,Safe,Pass
C4534,ISRO-SCL-250331-13,Voltage Regulator IC,0,13.1,1.05,4.7,9.3,9.0,PASS,Safe,Pass
C4535,ISRO-SCL-250310-10,Voltage Regulator IC,0,46.4,3.71,22.5,26.6,32.9,MONITOR,Fail,Pass
C4536,ISRO-SCL-250407-14,MOSFET,1,25.0,2.0,44.8,22.7,85.0,REJECT,Borderline,Fail
C4537,ISRO-SCL-250113-02,MOSFET,0,27.1,2.17,3.7,13.5,15.0,PASS,Safe,Pass
C4538,ISRO-SCL-250407-14,MOSFET,1,41.8,3.35,55.5,41.2,85.0,REJECT,Fail,Fail
C4539,ISRO-SCL-250512-19,Op-Amp IC,0,9.9,0.79,4.3,17.1,9.1,PASS,Safe,Pass
C4540,ISRO-SCL-250512-19,Op-Amp IC,0,13.5,1.08,17.8,44.2,21.4,PASS,Borderline,Pass
C4541,ISRO-SCL-250224-08,MOSFET,0,15.9,1.27,38.8,6.3,23.2,PASS,Safe,Pass
C4542,ISRO-SCL-250324-12,Op-Amp IC,0,50.2,4.01,50.4,29.3,46.1,MONITOR,Borderline,Pass
C4543,ISRO-SCL-250407-14,MOSFET,0,15.1,1.21,22.1,40.1,22.9,PASS,Borderline,Pass
C4544,ISRO-SCL-250127-04,Op-Amp IC,1,13.7,1.1,27.0,5.7,85.0,REJECT,Safe,Fail
C4545,ISRO-SCL-250217-07,Op-Amp IC,0,24.9,1.99,15.5,17.2,19.6,PASS,Borderline,Pass
C4546,ISRO-SCL-250113-02,MOSFET,0,11.6,0.93,6.5,18.8,11.0,PASS,Borderline,Pass
C4547,ISRO-SCL-250324-12,Op-Amp IC,1,55.9,4.47,61.0,76.6,85.0,REJECT,Fail,Fail
C4548,ISRO-SCL-250303-09,Voltage Regulator IC,0,34.1,2.73,30.4,54.4,36.7,MONITOR,Fail,Pass
C4549,ISRO-SCL-250203-05,Digital Logic IC,0,9.6,0.76,1.0,2.8,4.8,PASS,Safe,Pass
C4550,ISRO-SCL-250310-10,Voltage Regulator IC,0,21.1,1.69,37.1,6.6,24.6,PASS,Safe,Pass
C4551,ISRO-SCL-250505-18,Op-Amp IC,0,27.3,2.18,44.7,26.2,34.0,MONITOR,Safe,Pass
C4552,ISRO-SCL-250210-06,MOSFET,0,23.9,1.91,18.5,3.2,17.6,PASS,Safe,Pass
C4553,ISRO-SCL-250217-07,Op-Amp IC,0,15.9,1.27,9.3,5.9,11.3,PASS,Safe,Pass
C4554,ISRO-SCL-250428-17,Voltage Regulator IC,0,14.5,1.16,13.1,21.6,15.3,PASS,Borderline,Pass
C4555,ISRO-SCL-250512-19,Op-Amp IC,0,18.8,1.51,10.9,15.2,14.9,PASS,Safe,Pass
C4556,ISRO-SCL-250407-14,MOSFET,0,13.1,1.05,1.0,15.6,8.8,PASS,Safe,Pass
C4557,ISRO-SCL-250505-18,Op-Amp IC,0,21.9,1.75,8.7,11.1,14.5,PASS,Safe,Pass
C4558,ISRO-SCL-250414-15,Digital Logic IC,1,29.6,2.37,54.0,49.1,85.0,REJECT,Fail,Fail
C4559,ISRO-SCL-250407-14,MOSFET,0,6.5,0.52,3.8,10.8,6.3,PASS,Safe,Pass
C4560,ISRO-SCL-250120-03,Op-Amp IC,0,10.9,0.87,11.4,18.6,12.6,PASS,Borderline,Pass
C4561,ISRO-SCL-250303-09,Voltage Regulator IC,0,9.4,0.75,2.7,9.3,6.7,PASS,Safe,Pass
C4562,ISRO-SCL-250324-12,Op-Amp IC,0,10.7,0.86,0.6,20.6,8.6,PASS,Borderline,Pass
C4563,ISRO-SCL-250106-01,MOSFET,0,8.5,0.68,10.7,4.1,8.5,PASS,Safe,Pass
C4564,ISRO-SCL-250106-01,MOSFET,0,16.0,1.28,17.4,15.8,16.5,PASS,Safe,Pass
C4565,ISRO-SCL-250303-09,Voltage Regulator IC,0,18.2,1.46,20.1,2.3,15.8,PASS,Safe,Pass
C4566,ISRO-SCL-250428-17,Voltage Regulator IC,0,11.4,0.92,7.3,6.1,8.7,PASS,Safe,Pass
C4567,ISRO-SCL-250127-04,Op-Amp IC,0,36.9,2.95,49.3,32.9,41.1,MONITOR,Fail,Pass
C4568,ISRO-SCL-250519-20,Voltage Regulator IC,0,13.7,1.1,10.0,14.7,12.4,PASS,Safe,Pass
C4569,ISRO-SCL-250224-08,MOSFET,0,19.0,1.52,15.6,4.6,14.8,PASS,Safe,Pass
C4570,ISRO-SCL-250224-08,MOSFET,0,52.3,4.19,46.9,28.6,45.4,MONITOR,Fail,Pass
C4571,ISRO-SCL-250428-17,Voltage Regulator IC,0,14.7,1.18,40.6,49.6,32.0,MONITOR,Fail,Pass
C4572,ISRO-SCL-250203-05,Digital Logic IC,0,11.2,0.89,5.7,5.4,7.8,PASS,Safe,Pass
C4573,ISRO-SCL-250224-08,MOSFET,1,17.7,1.42,6.3,3.7,85.0,REJECT,Fail,Fail
C4574,ISRO-SCL-250407-14,MOSFET,0,14.5,1.16,11.1,17.4,13.7,PASS,Safe,Pass
C4575,ISRO-SCL-250210-06,MOSFET,0,16.9,1.35,1.3,5.2,8.3,PASS,Safe,Pass
C4576,ISRO-SCL-250217-07,Op-Amp IC,0,27.3,2.18,11.5,5.7,16.7,PASS,Safe,Pass
C4577,ISRO-SCL-250217-07,Op-Amp IC,0,13.7,1.1,25.4,16.3,18.9,PASS,Safe,Pass
C4578,ISRO-SCL-250331-13,Voltage Regulator IC,0,12.9,1.03,7.5,6.2,9.4,PASS,Safe,Pass
C4579,ISRO-SCL-250310-10,Voltage Regulator IC,0,19.9,1.59,6.7,17.2,14.1,PASS,Safe,Pass
C4580,ISRO-SCL-250519-20,Voltage Regulator IC,0,15.0,1.2,23.2,38.6,23.0,PASS,Fail,Pass
C4581,ISRO-SCL-250210-06,MOSFET,0,15.3,1.22,33.9,21.7,24.0,PASS,Safe,Pass
C4582,ISRO-SCL-250421-16,MOSFET,0,23.2,1.85,38.9,12.9,27.4,PASS,Safe,Pass
C4583,ISRO-SCL-250324-12,Op-Amp IC,0,13.9,1.11,20.4,6.5,15.0,PASS,Safe,Pass
C4584,ISRO-SCL-250113-02,MOSFET,1,18.4,1.47,45.6,3.6,85.0,REJECT,Safe,Fail
C4585,ISRO-SCL-250217-07,Op-Amp IC,0,14.6,1.17,28.8,8.8,19.1,PASS,Safe,Pass
C4586,ISRO-SCL-250414-15,Digital Logic IC,0,10.5,0.84,8.8,9.1,9.5,PASS,Safe,Pass
C4587,ISRO-SCL-250120-03,Op-Amp IC,0,10.4,0.83,7.9,10.7,9.5,PASS,Safe,Pass
C4588,ISRO-SCL-250120-03,Op-Amp IC,1,12.3,0.98,18.0,1.2,85.0,REJECT,Safe,Fail
C4589,ISRO-SCL-250414-15,Digital Logic IC,1,18.8,1.51,37.1,8.6,85.0,REJECT,Safe,Fail
C4590,ISRO-SCL-250331-13,Voltage Regulator IC,0,15.4,1.23,19.4,1.1,14.1,PASS,Safe,Pass
C4591,ISRO-SCL-250414-15,Digital Logic IC,0,13.1,1.04,7.2,8.4,9.8,PASS,Safe,Pass
C4592,ISRO-SCL-250303-09,Voltage Regulator IC,0,14.5,1.16,12.2,5.5,11.7,PASS,Safe,Pass
C4593,ISRO-SCL-250310-10,Voltage Regulator IC,0,10.3,0.82,6.6,11.8,9.1,PASS,Safe,Pass
C4594,ISRO-SCL-250505-18,Op-Amp IC,0,18.4,1.47,18.9,17.5,18.4,PASS,Safe,Pass
C4595,ISRO-SCL-250224-08,MOSFET,0,26.7,2.14,18.3,7.0,19.4,PASS,Safe,Pass
C4596,ISRO-SCL-250512-19,Op-Amp IC,1,22.7,1.82,19.9,21.9,85.0,REJECT,Borderline,Fail
C4597,ISRO-SCL-250505-18,Op-Amp IC,1,25.3,2.02,32.0,0.8,85.0,REJECT,Safe,Fail
C4598,ISRO-SCL-250428-17,Voltage Regulator IC,0,44.6,3.57,32.8,46.8,40.3,MONITOR,Fail,Pass
C4599,ISRO-SCL-250331-13,Voltage Regulator IC,1,43.0,3.44,44.4,33.9,85.0,REJECT,Borderline,Fail
C4600,ISRO-SCL-250113-02,MOSFET,0,18.3,1.46,21.0,26.7,21.0,PASS,Borderline,Pass
C4601,ISRO-SCL-250407-14,MOSFET,1,47.8,3.82,58.1,28.2,85.0,REJECT,Fail,Fail
C4602,ISRO-SCL-250407-14,MOSFET,0,17.5,1.4,19.6,16.7,18.2,PASS,Safe,Pass
C4603,ISRO-SCL-250310-10,Voltage Regulator IC,0,18.7,1.49,12.6,14.2,15.3,PASS,Safe,Pass
C4604,ISRO-SCL-250113-02,MOSFET,0,9.8,0.78,3.1,4.6,6.1,PASS,Safe,Pass
C4605,ISRO-SCL-250203-05,Digital Logic IC,0,16.9,1.35,20.0,9.3,16.6,PASS,Safe,Pass
C4606,ISRO-SCL-250505-18,Op-Amp IC,0,13.5,1.08,13.7,6.1,12.1,PASS,Safe,Pass
C4607,ISRO-SCL-250203-05,Digital Logic IC,0,19.5,1.56,27.3,8.0,20.3,PASS,Safe,Pass
C4608,ISRO-SCL-250217-07,Op-Amp IC,0,16.4,1.31,10.4,6.1,12.0,PASS,Safe,Pass
C4609,ISRO-SCL-250414-15,Digital Logic IC,0,17.7,1.41,29.2,15.6,21.9,PASS,Safe,Pass
C4610,ISRO-SCL-250127-04,Op-Amp IC,0,11.2,0.9,16.9,19.3,15.1,PASS,Borderline,Pass
C4611,ISRO-SCL-250217-07,Op-Amp IC,0,12.3,0.98,10.0,8.7,10.6,PASS,Safe,Pass
C4612,ISRO-SCL-250310-10,Voltage Regulator IC,0,15.8,1.27,20.5,10.2,16.6,PASS,Safe,Pass
C4613,ISRO-SCL-250331-13,Voltage Regulator IC,0,15.9,1.28,6.3,11.1,11.1,PASS,Safe,Pass
C4614,ISRO-SCL-250127-04,Op-Amp IC,1,18.0,1.44,13.5,22.7,85.0,REJECT,Fail,Fail
C4615,ISRO-SCL-250331-13,Voltage Regulator IC,0,15.0,1.2,22.8,19.6,19.0,PASS,Safe,Pass
C4616,ISRO-SCL-250407-14,MOSFET,0,18.7,1.5,20.6,1.0,15.9,PASS,Safe,Pass
C4617,ISRO-SCL-250203-05,Digital Logic IC,0,17.7,1.41,3.3,9.2,10.2,PASS,Safe,Pass
C4618,ISRO-SCL-250203-05,Digital Logic IC,0,16.0,1.28,18.6,5.5,15.0,PASS,Safe,Pass
C4619,ISRO-SCL-250421-16,MOSFET,0,14.1,1.12,1.4,5.5,7.3,PASS,Safe,Pass
C4620,ISRO-SCL-250331-13,Voltage Regulator IC,0,13.6,1.09,8.9,0.9,9.2,PASS,Safe,Pass
C4621,ISRO-SCL-250428-17,Voltage Regulator IC,0,13.5,1.08,2.0,5.1,7.2,PASS,Safe,Pass
C4622,ISRO-SCL-250317-11,Voltage Regulator IC,0,22.3,1.79,18.6,28.3,22.0,PASS,Borderline,Pass
C4623,ISRO-SCL-250303-09,Voltage Regulator IC,1,16.9,1.35,10.2,12.0,85.0,REJECT,Fail,Fail
C4624,ISRO-SCL-250519-20,Voltage Regulator IC,0,12.7,1.02,2.5,12.4,8.6,PASS,Safe,Pass
C4625,ISRO-SCL-250210-06,MOSFET,0,27.3,2.18,43.0,24.9,33.1,MONITOR,Borderline,Pass
C4626,ISRO-SCL-250317-11,Voltage Regulator IC,0,13.3,1.06,32.4,28.3,24.0,PASS,Borderline,Pass
C4627,ISRO-SCL-250331-13,Voltage Regulator IC,0,9.5,0.76,5.6,15.1,9.0,PASS,Safe,Pass
C4628,ISRO-SCL-250331-13,Voltage Regulator IC,0,13.2,1.06,0.0,4.5,6.2,PASS,Safe,Pass
C4629,ISRO-SCL-250310-10,Voltage Regulator IC,0,11.3,0.9,14.0,5.0,11.1,PASS,Safe,Pass
C4630,ISRO-SCL-250217-07,Op-Amp IC,0,13.4,1.07,10.3,3.1,10.1,PASS,Safe,Pass
C4631,ISRO-SCL-250407-14,MOSFET,1,15.9,1.27,18.9,2.8,85.0,REJECT,Safe,Fail
C4632,ISRO-SCL-250331-13,Voltage Regulator IC,0,16.3,1.3,8.6,9.0,11.7,PASS,Safe,Pass
C4633,ISRO-SCL-250217-07,Op-Amp IC,0,14.5,1.16,10.6,10.5,12.1,PASS,Fail,Pass
C4634,ISRO-SCL-250224-08,MOSFET,0,14.3,1.14,6.3,10.9,10.4,PASS,Safe,Pass
C4635,ISRO-SCL-250224-08,MOSFET,0,10.4,0.83,2.6,12.0,7.6,PASS,Safe,Pass
C4636,ISRO-SCL-250407-14,MOSFET,0,23.3,1.86,15.5,14.3,18.4,PASS,Fail,Pass
C4637,ISRO-SCL-250407-14,MOSFET,0,33.7,2.7,43.2,27.3,36.2,MONITOR,Fail,Pass
C4638,ISRO-SCL-250407-14,MOSFET,0,12.7,1.02,8.7,4.0,9.4,PASS,Safe,Pass
C4639,ISRO-SCL-250217-07,Op-Amp IC,0,11.6,0.93,6.4,8.8,9.0,PASS,Safe,Pass
C4640,ISRO-SCL-250512-19,Op-Amp IC,0,14.2,1.13,23.0,31.4,21.1,PASS,Safe,Pass
C4641,ISRO-SCL-250414-15,Digital Logic IC,0,99.9,7.99,61.1,26.4,69.7,HOLD,Fail,Pass
C4642,ISRO-SCL-250512-19,Op-Amp IC,0,25.8,2.06,19.6,18.3,21.8,PASS,Safe,Pass
C4643,ISRO-SCL-250127-04,Op-Amp IC,0,13.6,1.09,9.4,23.0,13.8,PASS,Safe,Pass
C4644,ISRO-SCL-250421-16,MOSFET,0,8.1,0.65,9.6,4.1,7.9,PASS,Safe,Pass
C4645,ISRO-SCL-250324-12,Op-Amp IC,0,17.2,1.38,27.3,1.6,18.1,PASS,Safe,Pass
C4646,ISRO-SCL-250512-19,Op-Amp IC,0,14.2,1.14,13.9,24.8,16.2,PASS,Borderline,Pass
C4647,ISRO-SCL-250407-14,MOSFET,1,13.3,1.07,19.1,24.2,85.0,REJECT,Borderline,Fail
C4648,ISRO-SCL-250120-03,Op-Amp IC,0,13.5,1.08,13.9,18.9,14.7,PASS,Borderline,Pass
C4649,ISRO-SCL-250217-07,Op-Amp IC,0,9.4,0.75,8.6,7.3,8.7,PASS,Safe,Pass
C4650,ISRO-SCL-250505-18,Op-Amp IC,0,23.6,1.89,8.6,18.7,16.6,PASS,Safe,Pass
C4651,ISRO-SCL-250303-09,Voltage Regulator IC,0,12.2,0.98,6.7,15.5,10.7,PASS,Borderline,Pass
C4652,ISRO-SCL-250519-20,Voltage Regulator IC,0,100.0,12.91,53.5,28.0,67.0,HOLD,Borderline,Pass
C4653,ISRO-SCL-250203-05,Digital Logic IC,0,23.0,1.84,19.1,23.1,21.5,PASS,Borderline,Pass
C4654,ISRO-SCL-250224-08,MOSFET,0,29.5,2.36,49.4,4.7,32.5,MONITOR,Safe,Pass
C4655,ISRO-SCL-250217-07,Op-Amp IC,1,14.1,1.13,17.9,1.5,85.0,REJECT,Safe,Fail
C4656,ISRO-SCL-250113-02,MOSFET,0,14.3,1.15,15.7,14.8,15.0,PASS,Safe,Pass
C4657,ISRO-SCL-250210-06,MOSFET,0,39.5,3.16,11.5,25.4,25.5,PASS,Borderline,Pass
C4658,ISRO-SCL-250519-20,Voltage Regulator IC,0,13.2,1.06,0.0,10.8,7.5,PASS,Safe,Pass
C4659,ISRO-SCL-250421-16,MOSFET,0,31.4,2.51,15.7,22.3,23.3,PASS,Borderline,Pass
C4660,ISRO-SCL-250210-06,MOSFET,1,75.4,6.03,50.2,44.6,85.0,REJECT,Fail,Fail
C4661,ISRO-SCL-250217-07,Op-Amp IC,0,18.0,1.44,20.2,23.0,19.9,PASS,Borderline,Pass
C4662,ISRO-SCL-250317-11,Voltage Regulator IC,1,56.2,4.49,39.5,37.0,85.0,REJECT,Fail,Fail
C4663,ISRO-SCL-250113-02,MOSFET,0,12.1,0.97,10.8,22.6,13.7,PASS,Safe,Pass
C4664,ISRO-SCL-250113-02,MOSFET,0,14.1,1.12,15.4,15.9,15.0,PASS,Safe,Pass
C4665,ISRO-SCL-250421-16,MOSFET,0,18.2,1.45,5.3,5.5,10.5,PASS,Safe,Pass
C4666,ISRO-SCL-250414-15,Digital Logic IC,0,17.4,1.4,38.4,25.9,27.5,PASS,Fail,Pass
C4667,ISRO-SCL-250407-14,MOSFET,0,15.0,1.2,33.8,36.5,26.8,PASS,Fail,Pass
C4668,ISRO-SCL-250106-01,MOSFET,1,49.6,3.97,53.9,100.0,85.0,REJECT,Safe,Fail
C4669,ISRO-SCL-250519-20,Voltage Regulator IC,0,18.1,1.45,15.7,1.6,13.8,PASS,Safe,Pass
C4670,ISRO-SCL-250217-07,Op-Amp IC,0,15.7,1.26,5.5,0.4,8.6,PASS,Safe,Pass
C4671,ISRO-SCL-250519-20,Voltage Regulator IC,0,13.1,1.04,7.0,11.3,10.3,PASS,Safe,Pass
C4672,ISRO-SCL-250414-15,Digital Logic IC,1,21.7,1.74,18.9,19.5,85.0,REJECT,Borderline,Fail
C4673,ISRO-SCL-250203-05,Digital Logic IC,0,21.9,1.75,15.2,2.1,15.3,PASS,Safe,Pass
C4674,ISRO-SCL-250324-12,Op-Amp IC,1,37.3,2.99,51.8,33.2,85.0,REJECT,Fail,Fail
C4675,ISRO-SCL-250127-04,Op-Amp IC,0,10.5,0.84,6.2,12.0,9.1,PASS,Safe,Pass
C4676,ISRO-SCL-250428-17,Voltage Regulator IC,0,14.5,1.16,13.0,1.8,11.3,PASS,Safe,Pass
C4677,ISRO-SCL-250421-16,MOSFET,0,9.8,0.79,4.4,3.9,6.5,PASS,Safe,Pass
C4678,ISRO-SCL-250310-10,Voltage Regulator IC,0,11.1,0.89,5.7,1.7,7.1,PASS,Safe,Pass
C4679,ISRO-SCL-250414-15,Digital Logic IC,0,11.0,0.88,3.5,13.5,8.5,PASS,Safe,Pass
C4680,ISRO-SCL-250428-17,Voltage Regulator IC,0,18.1,1.45,15.8,12.1,16.0,PASS,Borderline,Pass
C4681,ISRO-SCL-250331-13,Voltage Regulator IC,0,24.1,1.93,14.4,1.6,15.7,PASS,Safe,Pass
C4682,ISRO-SCL-250224-08,MOSFET,0,100.0,17.72,74.2,100.0,89.7,REJECT,Safe,Pass
C4683,ISRO-SCL-250113-02,MOSFET,1,28.1,2.25,34.6,44.7,85.0,REJECT,Borderline,Fail
C4684,ISRO-SCL-250421-16,MOSFET,0,13.8,1.1,3.2,2.4,7.3,PASS,Safe,Pass
C4685,ISRO-SCL-250421-16,MOSFET,0,19.8,1.59,11.2,17.0,15.8,PASS,Safe,Pass
C4686,ISRO-SCL-250512-19,Op-Amp IC,1,15.3,1.22,22.6,1.3,85.0,REJECT,Fail,Fail
C4687,ISRO-SCL-250421-16,MOSFET,0,19.1,1.52,2.1,6.3,9.7,PASS,Fail,Pass
C4688,ISRO-SCL-250331-13,Voltage Regulator IC,0,18.1,1.45,9.6,30.3,17.1,PASS,Borderline,Pass
C4689,ISRO-SCL-250113-02,MOSFET,0,12.5,1.0,5.9,1.4,7.7,PASS,Safe,Pass
C4690,ISRO-SCL-250421-16,MOSFET,0,15.0,1.2,9.6,0.1,9.9,PASS,Safe,Pass
C4691,ISRO-SCL-250217-07,Op-Amp IC,0,13.6,1.09,12.2,1.0,10.5,PASS,Safe,Pass
C4692,ISRO-SCL-250224-08,MOSFET,1,100.0,16.33,72.5,100.0,89.0,REJECT,Fail,Fail
C4693,ISRO-SCL-250407-14,MOSFET,1,15.6,1.25,12.7,11.0,85.0,REJECT,Safe,Fail
C4694,ISRO-SCL-250120-03,Op-Amp IC,0,17.3,1.39,22.0,12.9,18.3,PASS,Safe,Pass
C4695,ISRO-SCL-250519-20,Voltage Regulator IC,0,11.1,0.89,4.6,12.7,8.8,PASS,Safe,Pass
C4696,ISRO-SCL-250113-02,MOSFET,0,15.7,1.25,8.1,9.0,11.3,PASS,Safe,Pass
C4697,ISRO-SCL-250127-04,Op-Amp IC,0,43.3,3.46,51.4,100.0,57.9,MONITOR,Safe,Pass
C4698,ISRO-SCL-250310-10,Voltage Regulator IC,1,14.7,1.17,13.2,7.3,85.0,REJECT,Fail,Fail
C4699,ISRO-SCL-250303-09,Voltage Regulator IC,0,37.7,3.01,34.5,45.3,37.9,MONITOR,Fail,Pass
C4700,ISRO-SCL-250217-07,Op-Amp IC,0,35.3,2.82,23.9,20.2,27.7,PASS,Safe,Pass
C4701,ISRO-SCL-250106-01,MOSFET,0,31.4,2.51,16.2,19.8,23.0,PASS,Borderline,Pass
C4702,ISRO-SCL-250203-05,Digital Logic IC,0,18.4,1.48,16.0,16.4,17.1,PASS,Borderline,Pass
C4703,ISRO-SCL-250505-18,Op-Amp IC,0,34.0,2.72,10.7,21.8,22.3,PASS,Borderline,Pass
C4704,ISRO-SCL-250210-06,MOSFET,0,21.1,1.69,32.4,5.7,22.5,PASS,Safe,Pass
C4705,ISRO-SCL-250317-11,Voltage Regulator IC,0,41.7,3.34,29.9,12.2,31.1,MONITOR,Safe,Pass
C4706,ISRO-SCL-250310-10,Voltage Regulator IC,0,13.2,1.06,14.6,1.9,11.5,PASS,Safe,Pass
C4707,ISRO-SCL-250324-12,Op-Amp IC,0,27.8,2.23,75.5,89.1,59.2,MONITOR,Fail,Pass
C4708,ISRO-SCL-250224-08,MOSFET,0,15.6,1.25,27.8,13.3,20.0,PASS,Safe,Pass
C4709,ISRO-SCL-250331-13,Voltage Regulator IC,1,16.2,1.3,30.0,15.5,85.0,REJECT,Safe,Fail
C4710,ISRO-SCL-250310-10,Voltage Regulator IC,0,14.9,1.19,6.3,10.1,10.5,PASS,Safe,Pass
C4711,ISRO-SCL-250421-16,MOSFET,0,11.1,0.88,7.2,7.8,8.9,PASS,Safe,Pass
C4712,ISRO-SCL-250120-03,Op-Amp IC,0,21.0,1.68,15.4,4.1,15.4,PASS,Safe,Pass
C4713,ISRO-SCL-250407-14,MOSFET,0,25.8,2.06,14.4,35.5,23.2,PASS,Borderline,Pass
C4714,ISRO-SCL-250407-14,MOSFET,0,15.6,1.25,13.5,8.6,13.4,PASS,Safe,Pass
C4715,ISRO-SCL-250310-10,Voltage Regulator IC,0,13.6,1.09,12.9,4.3,11.5,PASS,Safe,Pass
C4716,ISRO-SCL-250421-16,MOSFET,0,12.5,1.0,6.1,9.2,9.3,PASS,Safe,Pass
C4717,ISRO-SCL-250324-12,Op-Amp IC,0,13.7,1.1,34.3,3.0,19.8,PASS,Safe,Pass
C4718,ISRO-SCL-250414-15,Digital Logic IC,0,11.6,0.93,1.4,3.9,6.0,PASS,Safe,Pass
C4719,ISRO-SCL-250519-20,Voltage Regulator IC,0,15.5,1.24,10.3,10.5,12.4,PASS,Safe,Pass
C4720,ISRO-SCL-250317-11,Voltage Regulator IC,0,14.1,1.12,24.4,4.3,16.2,PASS,Safe,Pass
C4721,ISRO-SCL-250407-14,MOSFET,0,13.4,1.07,15.1,36.3,18.7,PASS,Borderline,Pass
C4722,ISRO-SCL-250113-02,MOSFET,0,15.2,1.21,4.4,8.7,9.6,PASS,Safe,Pass
C4723,ISRO-SCL-250414-15,Digital Logic IC,0,13.6,1.09,12.9,15.6,13.7,PASS,Safe,Pass
C4724,ISRO-SCL-250224-08,MOSFET,0,15.0,1.2,36.7,8.9,22.5,PASS,Safe,Pass
C4725,ISRO-SCL-250421-16,MOSFET,1,18.1,1.45,31.2,4.8,85.0,REJECT,Safe,Fail
C4726,ISRO-SCL-250519-20,Voltage Regulator IC,0,13.8,1.1,4.3,10.5,9.4,PASS,Safe,Pass
C4727,ISRO-SCL-250421-16,MOSFET,0,100.0,9.57,69.4,4.1,68.6,HOLD,Safe,Pass
C4728,ISRO-SCL-250127-04,Op-Amp IC,0,13.4,1.07,28.6,10.1,18.8,PASS,Safe,Pass
C4729,ISRO-SCL-250303-09,Voltage Regulator IC,0,15.2,1.22,7.0,12.8,11.4,PASS,Safe,Pass
C4730,ISRO-SCL-250414-15,Digital Logic IC,1,16.6,1.33,17.9,11.1,85.0,REJECT,Fail,Fail
C4731,ISRO-SCL-250512-19,Op-Amp IC,0,10.1,0.81,0.1,15.0,7.1,PASS,Safe,Pass
C4732,ISRO-SCL-250324-12,Op-Amp IC,1,42.6,3.41,52.3,55.9,85.0,REJECT,Fail,Fail
C4733,ISRO-SCL-250120-03,Op-Amp IC,0,34.0,2.72,23.6,26.7,28.4,PASS,Borderline,Pass
C4734,ISRO-SCL-250113-02,MOSFET,1,14.8,1.18,36.1,51.4,85.0,REJECT,Borderline,Fail
C4735,ISRO-SCL-250106-01,MOSFET,0,12.8,1.03,6.9,7.2,9.3,PASS,Safe,Pass
C4736,ISRO-SCL-250106-01,MOSFET,0,16.9,1.35,17.7,7.2,15.3,PASS,Safe,Pass
C4737,ISRO-SCL-250421-16,MOSFET,0,21.3,1.7,4.4,8.2,11.9,PASS,Safe,Pass
C4738,ISRO-SCL-250331-13,Voltage Regulator IC,1,15.7,1.26,27.7,0.7,85.0,REJECT,Safe,Fail
C4739,ISRO-SCL-250414-15,Digital Logic IC,0,15.8,1.26,22.8,2.7,16.0,PASS,Safe,Pass
C4740,ISRO-SCL-250113-02,MOSFET,0,23.1,1.85,7.9,12.2,14.9,PASS,Safe,Pass
C4741,ISRO-SCL-250106-01,MOSFET,1,39.2,3.13,40.2,30.3,85.0,REJECT,Fail,Fail
C4742,ISRO-SCL-250127-04,Op-Amp IC,0,12.2,0.98,5.6,4.8,8.1,PASS,Safe,Pass
C4743,ISRO-SCL-250210-06,MOSFET,0,31.2,2.5,19.5,12.3,22.8,PASS,Safe,Pass
C4744,ISRO-SCL-250113-02,MOSFET,1,12.3,0.98,11.2,5.8,85.0,REJECT,Safe,Fail
C4745,ISRO-SCL-250217-07,Op-Amp IC,0,6.1,0.49,0.0,7.2,3.9,PASS,Safe,Pass
C4746,ISRO-SCL-250120-03,Op-Amp IC,0,10.3,0.82,9.6,32.6,14.5,PASS,Borderline,Pass
C4747,ISRO-SCL-250120-03,Op-Amp IC,0,14.9,1.19,21.6,24.9,19.6,PASS,Borderline,Pass
C4748,ISRO-SCL-250512-19,Op-Amp IC,1,64.5,5.16,34.3,36.5,85.0,REJECT,Fail,Fail
C4749,ISRO-SCL-250428-17,Voltage Regulator IC,0,14.5,1.16,14.9,7.6,13.3,PASS,Safe,Pass
C4750,ISRO-SCL-250113-02,MOSFET,0,11.8,0.94,13.4,27.3,15.5,PASS,Borderline,Pass
C4751,ISRO-SCL-250106-01,MOSFET,0,61.1,4.89,43.1,26.0,46.9,MONITOR,Fail,Pass
C4752,ISRO-SCL-250407-14,MOSFET,0,12.1,0.97,18.6,13.4,14.9,PASS,Borderline,Pass
C4753,ISRO-SCL-250106-01,MOSFET,1,17.7,1.42,28.9,12.2,85.0,REJECT,Safe,Fail
C4754,ISRO-SCL-250310-10,Voltage Regulator IC,0,13.0,1.04,14.0,13.3,13.5,PASS,Safe,Pass
C4755,ISRO-SCL-250519-20,Voltage Regulator IC,0,10.5,0.84,8.3,8.2,9.2,PASS,Safe,Pass
C4756,ISRO-SCL-250505-18,Op-Amp IC,0,20.2,1.62,7.4,12.5,13.6,PASS,Safe,Pass
C4757,ISRO-SCL-250421-16,MOSFET,0,15.6,1.25,8.8,0.2,9.8,PASS,Safe,Pass
C4758,ISRO-SCL-250224-08,MOSFET,0,17.7,1.42,12.7,1.9,12.6,PASS,Safe,Pass
C4759,ISRO-SCL-250120-03,Op-Amp IC,1,99.8,7.98,42.9,9.7,85.0,REJECT,Safe,Fail
C4760,ISRO-SCL-250317-11,Voltage Regulator IC,0,21.3,1.71,10.1,20.8,16.7,PASS,Safe,Pass
C4761,ISRO-SCL-250331-13,Voltage Regulator IC,0,15.1,1.21,18.3,10.7,15.5,PASS,Fail,Pass
C4762,ISRO-SCL-250303-09,Voltage Regulator IC,0,9.1,0.73,2.8,3.9,5.6,PASS,Safe,Pass
C4763,ISRO-SCL-250217-07,Op-Amp IC,1,17.1,1.37,12.1,3.2,85.0,REJECT,Safe,Fail
C4764,ISRO-SCL-250407-14,MOSFET,0,12.7,1.02,11.6,22.4,14.2,PASS,Borderline,Pass
C4765,ISRO-SCL-250113-02,MOSFET,0,100.0,12.37,50.3,7.7,61.6,HOLD,Safe,Pass
C4766,ISRO-SCL-250428-17,Voltage Regulator IC,1,100.0,8.81,76.1,74.0,85.3,REJECT,Fail,Fail
C4767,ISRO-SCL-250428-17,Voltage Regulator IC,0,41.0,3.28,35.2,25.3,35.5,MONITOR,Fail,Pass
C4768,ISRO-SCL-250331-13,Voltage Regulator IC,1,24.1,1.93,21.5,12.5,85.0,REJECT,Safe,Fail
C4769,ISRO-SCL-250407-14,MOSFET,0,80.6,6.45,63.5,34.0,64.4,HOLD,Fail,Pass
C4770,ISRO-SCL-250414-15,Digital Logic IC,0,100.0,10.38,55.5,3.8,63.0,HOLD,Safe,Pass
C4771,ISRO-SCL-250310-10,Voltage Regulator IC,0,11.2,0.9,4.1,14.1,9.0,PASS,Safe,Pass
C4772,ISRO-SCL-250113-02,MOSFET,0,13.9,1.11,12.0,9.8,12.3,PASS,Safe,Pass
C4773,ISRO-SCL-250106-01,MOSFET,1,10.5,0.84,0.0,17.7,85.0,REJECT,Fail,Fail
C4774,ISRO-SCL-250505-18,Op-Amp IC,0,18.6,1.49,21.3,32.4,22.5,PASS,Safe,Pass
C4775,ISRO-SCL-250113-02,MOSFET,0,15.1,1.21,22.4,7.9,16.6,PASS,Safe,Pass
C4776,ISRO-SCL-250407-14,MOSFET,0,15.4,1.23,19.8,35.0,21.1,PASS,Borderline,Pass
C4777,ISRO-SCL-250421-16,MOSFET,0,19.9,1.59,5.8,16.5,13.6,PASS,Safe,Pass
C4778,ISRO-SCL-250505-18,Op-Amp IC,0,17.1,1.37,17.7,46.6,23.2,PASS,Borderline,Pass
C4779,ISRO-SCL-250519-20,Voltage Regulator IC,0,17.3,1.38,22.3,24.7,20.8,PASS,Borderline,Pass
C4780,ISRO-SCL-250224-08,MOSFET,0,12.9,1.03,13.4,1.7,10.8,PASS,Safe,Pass
C4781,ISRO-SCL-250303-09,Voltage Regulator IC,0,18.1,1.45,10.2,0.7,11.4,PASS,Safe,Pass
C4782,ISRO-SCL-250317-11,Voltage Regulator IC,0,12.0,0.96,18.9,17.5,15.9,PASS,Borderline,Pass
C4783,ISRO-SCL-250310-10,Voltage Regulator IC,0,15.7,1.25,7.6,9.9,11.3,PASS,Safe,Pass
C4784,ISRO-SCL-250310-10,Voltage Regulator IC,0,17.4,1.39,4.1,12.0,11.0,PASS,Safe,Pass
C4785,ISRO-SCL-250505-18,Op-Amp IC,0,7.9,0.63,0.0,6.9,4.5,PASS,Safe,Pass
C4786,ISRO-SCL-250113-02,MOSFET,0,14.7,1.18,2.9,12.5,9.6,PASS,Safe,Pass
C4787,ISRO-SCL-250113-02,MOSFET,0,35.1,2.81,22.8,15.5,26.3,PASS,Borderline,Pass
C4788,ISRO-SCL-250113-02,MOSFET,1,92.3,7.38,19.7,37.4,85.0,REJECT,Fail,Fail
C4789,ISRO-SCL-250203-05,Digital Logic IC,0,30.9,2.47,17.8,12.0,21.9,PASS,Safe,Pass
C4790,ISRO-SCL-250505-18,Op-Amp IC,0,100.0,9.15,34.1,2.4,54.1,MONITOR,Safe,Pass
C4791,ISRO-SCL-250203-05,Digital Logic IC,0,19.1,1.53,11.0,1.1,12.2,PASS,Safe,Pass
C4792,ISRO-SCL-250113-02,MOSFET,0,8.9,0.71,8.3,11.1,9.1,PASS,Safe,Pass
C4793,ISRO-SCL-250113-02,MOSFET,0,16.1,1.29,8.5,21.5,14.1,PASS,Safe,Pass
C4794,ISRO-SCL-250519-20,Voltage Regulator IC,0,19.2,1.54,13.5,12.8,15.7,PASS,Safe,Pass
C4795,ISRO-SCL-250210-06,MOSFET,1,91.2,7.3,31.7,41.2,85.0,REJECT,Fail,Fail
C4796,ISRO-SCL-250505-18,Op-Amp IC,0,14.3,1.14,17.7,16.5,16.1,PASS,Safe,Pass
C4797,ISRO-SCL-250505-18,Op-Amp IC,0,15.2,1.21,6.1,3.1,9.1,PASS,Safe,Pass
C4798,ISRO-SCL-250127-04,Op-Amp IC,1,11.4,0.91,16.3,11.9,85.0,REJECT,Safe,Fail
C4799,ISRO-SCL-250310-10,Voltage Regulator IC,0,15.2,1.22,17.9,0.5,13.4,PASS,Safe,Pass
C4800,ISRO-SCL-250505-18,Op-Amp IC,1,29.8,2.38,27.3,7.3,85.0,REJECT,Fail,Fail
C4801,ISRO-SCL-250120-03,Op-Amp IC,0,12.3,0.98,7.6,4.5,8.8,PASS,Safe,Pass
C4802,ISRO-SCL-250428-17,Voltage Regulator IC,0,15.7,1.25,20.3,21.6,18.7,PASS,Borderline,Pass
C4803,ISRO-SCL-250331-13,Voltage Regulator IC,0,13.7,1.09,17.2,24.2,17.2,PASS,Safe,Pass
C4804,ISRO-SCL-250106-01,MOSFET,0,38.7,3.09,21.4,24.9,29.0,PASS,Borderline,Pass
C4805,ISRO-SCL-250505-18,Op-Amp IC,0,69.9,5.59,44.9,100.0,65.9,HOLD,Borderline,Pass
C4806,ISRO-SCL-250414-15,Digital Logic IC,0,14.1,1.13,20.7,19.6,17.9,PASS,Safe,Pass
C4807,ISRO-SCL-250407-14,MOSFET,0,14.7,1.18,1.3,7.3,7.9,PASS,Safe,Pass
C4808,ISRO-SCL-250210-06,MOSFET,0,34.7,2.78,22.7,18.9,26.7,PASS,Borderline,Pass
C4809,ISRO-SCL-250303-09,Voltage Regulator IC,0,20.0,1.6,20.0,16.6,19.3,PASS,Borderline,Pass
C4810,ISRO-SCL-250310-10,Voltage Regulator IC,0,25.5,2.04,17.5,19.5,21.1,PASS,Borderline,Pass
C4811,ISRO-SCL-250217-07,Op-Amp IC,0,17.4,1.39,6.0,15.5,12.5,PASS,Borderline,Pass
C4812,ISRO-SCL-250203-05,Digital Logic IC,0,8.7,0.69,6.0,6.4,7.2,PASS,Safe,Pass
C4813,ISRO-SCL-250127-04,Op-Amp IC,1,58.4,4.67,49.7,76.0,85.0,REJECT,Fail,Fail
C4814,ISRO-SCL-250505-18,Op-Amp IC,0,28.7,2.3,6.1,13.9,16.7,PASS,Safe,Pass
C4815,ISRO-SCL-250203-05,Digital Logic IC,0,25.0,2.0,21.2,5.6,19.6,PASS,Safe,Pass
C4816,ISRO-SCL-250512-19,Op-Amp IC,1,15.0,1.2,18.6,3.8,85.0,REJECT,Safe,Fail
C4817,ISRO-SCL-250127-04,Op-Amp IC,0,18.0,1.44,14.3,6.0,14.2,PASS,Safe,Pass
C4818,ISRO-SCL-250414-15,Digital Logic IC,0,7.8,0.62,3.7,8.2,6.2,PASS,Safe,Pass
C4819,ISRO-SCL-250106-01,MOSFET,0,100.0,139.74,100.0,51.9,90.4,REJECT,Safe,Pass
C4820,ISRO-SCL-250203-05,Digital Logic IC,0,15.2,1.21,11.9,4.0,11.6,PASS,Safe,Pass
C4821,ISRO-SCL-250407-14,MOSFET,0,40.3,3.22,50.2,100.0,56.2,MONITOR,Fail,Pass
C4822,ISRO-SCL-250421-16,MOSFET,0,19.7,1.57,28.6,6.8,20.7,PASS,Safe,Pass
C4823,ISRO-SCL-250106-01,MOSFET,1,50.1,4.01,36.0,73.0,85.0,REJECT,Fail,Fail
C4824,ISRO-SCL-250120-03,Op-Amp IC,1,17.8,1.42,24.7,3.8,85.0,REJECT,Safe,Fail
C4825,ISRO-SCL-250414-15,Digital Logic IC,0,29.5,2.36,25.6,21.3,26.3,PASS,Safe,Pass
C4826,ISRO-SCL-250203-05,Digital Logic IC,0,20.6,1.64,16.4,8.0,16.4,PASS,Safe,Pass
C4827,ISRO-SCL-250210-06,MOSFET,0,11.4,0.91,5.5,5.1,7.8,PASS,Safe,Pass
C4828,ISRO-SCL-250407-14,MOSFET,0,15.1,1.21,24.9,5.1,17.0,PASS,Safe,Pass
C4829,ISRO-SCL-250331-13,Voltage Regulator IC,0,24.2,1.93,9.4,15.2,16.5,PASS,Safe,Pass
C4830,ISRO-SCL-250203-05,Digital Logic IC,0,16.6,1.33,31.9,0.4,19.5,PASS,Safe,Pass
C4831,ISRO-SCL-250217-07,Op-Amp IC,0,12.0,0.96,10.0,4.1,9.6,PASS,Safe,Pass
C4832,ISRO-SCL-250217-07,Op-Amp IC,0,13.1,1.05,3.7,8.5,8.4,PASS,Safe,Pass
C4833,ISRO-SCL-250414-15,Digital Logic IC,1,28.8,2.31,27.6,28.8,85.0,REJECT,Borderline,Fail
C4834,ISRO-SCL-250310-10,Voltage Regulator IC,0,22.9,1.83,4.6,17.6,14.5,PASS,Borderline,Pass
C4835,ISRO-SCL-250127-04,Op-Amp IC,0,13.7,1.1,16.1,28.2,17.6,PASS,Borderline,Pass
C4836,ISRO-SCL-250331-13,Voltage Regulator IC,0,10.8,0.87,0.0,9.8,6.3,PASS,Safe,Pass
C4837,ISRO-SCL-250331-13,Voltage Regulator IC,0,28.9,2.31,29.0,20.9,27.4,PASS,Borderline,Pass
C4838,ISRO-SCL-250421-16,MOSFET,0,16.3,1.31,26.6,8.7,18.9,PASS,Safe,Pass
C4839,ISRO-SCL-250505-18,Op-Amp IC,0,26.5,2.12,17.3,34.4,24.4,PASS,Borderline,Pass
C4840,ISRO-SCL-250203-05,Digital Logic IC,0,12.8,1.02,17.0,3.2,12.6,PASS,Safe,Pass
C4841,ISRO-SCL-250414-15,Digital Logic IC,1,16.9,1.35,20.0,3.6,85.0,REJECT,Safe,Fail
C4842,ISRO-SCL-250127-04,Op-Amp IC,0,14.3,1.14,11.3,12.4,12.7,PASS,Safe,Pass
C4843,ISRO-SCL-250217-07,Op-Amp IC,1,24.1,1.93,40.9,0.5,85.0,REJECT,Safe,Fail
C4844,ISRO-SCL-250106-01,MOSFET,0,14.8,1.18,15.7,12.4,14.7,PASS,Safe,Pass
C4845,ISRO-SCL-250414-15,Digital Logic IC,0,23.2,1.85,30.0,16.2,24.5,PASS,Borderline,Pass
C4846,ISRO-SCL-250512-19,Op-Amp IC,1,11.6,0.93,23.6,3.1,85.0,REJECT,Safe,Fail
C4847,ISRO-SCL-250203-05,Digital Logic IC,0,12.5,1.0,9.1,12.1,11.1,PASS,Safe,Pass
C4848,ISRO-SCL-250324-12,Op-Amp IC,0,18.3,1.47,39.4,16.1,26.3,PASS,Borderline,Pass
C4849,ISRO-SCL-250203-05,Digital Logic IC,0,13.6,1.09,17.7,23.6,17.2,PASS,Borderline,Pass
C4850,ISRO-SCL-250113-02,MOSFET,1,100.0,22.86,84.7,100.0,93.9,REJECT,Safe,Fail
C4851,ISRO-SCL-250512-19,Op-Amp IC,0,100.0,9.97,42.8,18.9,60.9,HOLD,Safe,Pass
C4852,ISRO-SCL-250505-18,Op-Amp IC,0,18.1,1.45,25.6,34.0,24.3,PASS,Safe,Pass
C4853,ISRO-SCL-250127-04,Op-Amp IC,0,13.7,1.1,4.4,4.6,8.2,PASS,Safe,Pass
C4854,ISRO-SCL-250224-08,MOSFET,0,33.7,2.7,40.1,9.4,31.4,MONITOR,Borderline,Pass
C4855,ISRO-SCL-250428-17,Voltage Regulator IC,0,12.1,0.97,6.9,15.1,10.6,PASS,Safe,Pass
C4856,ISRO-SCL-250505-18,Op-Amp IC,0,39.2,3.13,13.8,24.7,26.1,PASS,Borderline,Pass
C4857,ISRO-SCL-250224-08,MOSFET,0,21.1,1.69,10.6,7.6,14.2,PASS,Safe,Pass
C4858,ISRO-SCL-250303-09,Voltage Regulator IC,0,54.9,4.39,39.0,28.4,43.3,MONITOR,Borderline,Pass
C4859,ISRO-SCL-250519-20,Voltage Regulator IC,0,24.1,1.93,6.7,21.8,16.7,PASS,Safe,Pass
C4860,ISRO-SCL-250414-15,Digital Logic IC,0,16.8,1.34,28.7,11.6,20.5,PASS,Safe,Pass
C4861,ISRO-SCL-250217-07,Op-Amp IC,0,9.6,0.77,0.0,13.3,6.5,PASS,Safe,Pass
C4862,ISRO-SCL-250505-18,Op-Amp IC,0,21.1,1.69,9.2,11.6,14.4,PASS,Safe,Pass
C4863,ISRO-SCL-250224-08,MOSFET,0,11.2,0.9,1.3,9.3,6.9,PASS,Safe,Pass
C4864,ISRO-SCL-250224-08,MOSFET,0,14.9,1.19,14.9,20.9,16.1,PASS,Borderline,Pass
C4865,ISRO-SCL-250217-07,Op-Amp IC,0,38.1,3.05,28.3,16.6,29.9,PASS,Fail,Pass
C4866,ISRO-SCL-250428-17,Voltage Regulator IC,1,86.4,6.92,51.2,75.4,85.0,REJECT,Fail,Fail
C4867,ISRO-SCL-250331-13,Voltage Regulator IC,0,13.5,1.08,8.9,24.6,13.9,PASS,Borderline,Pass
C4868,ISRO-SCL-250414-15,Digital Logic IC,0,15.6,1.25,14.8,16.8,15.5,PASS,Fail,Pass
C4869,ISRO-SCL-250317-11,Voltage Regulator IC,0,14.6,1.17,12.7,10.1,13.0,PASS,Safe,Pass
C4870,ISRO-SCL-250407-14,MOSFET,0,9.9,0.79,3.4,5.4,6.4,PASS,Safe,Pass
C4871,ISRO-SCL-250407-14,MOSFET,0,28.1,2.25,29.8,46.2,32.4,MONITOR,Fail,Pass
C4872,ISRO-SCL-250331-13,Voltage Regulator IC,0,16.5,1.32,30.6,4.1,19.6,PASS,Borderline,Pass
C4873,ISRO-SCL-250203-05,Digital Logic IC,0,13.5,1.08,14.6,3.3,11.9,PASS,Safe,Pass
C4874,ISRO-SCL-250421-16,MOSFET,0,45.9,3.68,31.2,21.0,35.0,MONITOR,Borderline,Pass
C4875,ISRO-SCL-250407-14,MOSFET,0,10.3,0.82,5.5,13.0,8.9,PASS,Safe,Pass
C4876,ISRO-SCL-250505-18,Op-Amp IC,0,5.8,0.46,0.9,6.2,3.9,PASS,Safe,Pass
C4877,ISRO-SCL-250203-05,Digital Logic IC,0,16.4,1.31,26.7,14.9,20.2,PASS,Safe,Pass
C4878,ISRO-SCL-250519-20,Voltage Regulator IC,0,10.7,0.86,2.2,14.3,8.0,PASS,Safe,Pass
C4879,ISRO-SCL-250217-07,Op-Amp IC,0,14.3,1.14,2.9,11.2,9.1,PASS,Safe,Pass
C4880,ISRO-SCL-250106-01,MOSFET,0,13.1,1.05,8.3,7.7,10.1,PASS,Safe,Pass
C4881,ISRO-SCL-250428-17,Voltage Regulator IC,0,30.1,2.41,28.0,18.8,27.0,PASS,Borderline,Pass
C4882,ISRO-SCL-250407-14,MOSFET,1,15.9,1.27,28.2,13.0,85.0,REJECT,Fail,Fail
C4883,ISRO-SCL-250203-05,Digital Logic IC,0,13.5,1.08,1.0,5.7,6.9,PASS,Safe,Pass
C4884,ISRO-SCL-250421-16,MOSFET,0,19.4,1.55,29.1,1.3,19.7,PASS,Safe,Pass
C4885,ISRO-SCL-250512-19,Op-Amp IC,0,18.7,1.5,22.1,28.8,22.1,PASS,Borderline,Pass
C4886,ISRO-SCL-250303-09,Voltage Regulator IC,0,100.0,216.22,100.0,92.5,98.5,REJECT,Fail,Pass
C4887,ISRO-SCL-250414-15,Digital Logic IC,0,40.2,3.22,56.7,33.3,45.5,MONITOR,Borderline,Pass
C4888,ISRO-SCL-250407-14,MOSFET,0,100.0,169.07,100.0,91.9,98.4,REJECT,Safe,Pass
C4889,ISRO-SCL-250127-04,Op-Amp IC,0,14.6,1.17,27.4,26.2,22.0,PASS,Borderline,Pass
C4890,ISRO-SCL-250224-08,MOSFET,0,70.9,5.67,27.3,17.9,42.9,MONITOR,Safe,Pass
C4891,ISRO-SCL-250519-20,Voltage Regulator IC,0,19.5,1.56,19.5,9.8,17.5,PASS,Safe,Pass
C4892,ISRO-SCL-250224-08,MOSFET,0,14.9,1.2,17.4,7.4,14.4,PASS,Safe,Pass
C4893,ISRO-SCL-250224-08,MOSFET,0,15.5,1.24,29.2,4.5,18.7,PASS,Safe,Pass
C4894,ISRO-SCL-250421-16,MOSFET,0,35.7,2.86,28.1,18.5,29.2,PASS,Safe,Pass
C4895,ISRO-SCL-250127-04,Op-Amp IC,1,11.7,0.93,18.0,11.7,85.0,REJECT,Safe,Fail
C4896,ISRO-SCL-250421-16,MOSFET,0,14.8,1.19,45.2,0.4,24.1,PASS,Safe,Pass
C4897,ISRO-SCL-250310-10,Voltage Regulator IC,0,9.5,0.76,5.9,5.8,7.3,PASS,Safe,Pass
C4898,ISRO-SCL-250224-08,MOSFET,0,26.0,2.08,12.7,14.2,18.3,PASS,Safe,Pass
C4899,ISRO-SCL-250203-05,Digital Logic IC,0,15.2,1.21,4.7,6.1,9.2,PASS,Safe,Pass
C4900,ISRO-SCL-250428-17,Voltage Regulator IC,0,25.3,2.02,22.9,4.8,20.2,PASS,Safe,Pass
C4901,ISRO-SCL-250217-07,Op-Amp IC,0,13.2,1.06,7.7,3.7,9.1,PASS,Safe,Pass
C4902,ISRO-SCL-250331-13,Voltage Regulator IC,0,8.6,0.69,4.7,8.1,6.9,PASS,Safe,Pass
C4903,ISRO-SCL-250519-20,Voltage Regulator IC,0,28.8,2.3,18.5,22.0,23.3,PASS,Safe,Pass
C4904,ISRO-SCL-250519-20,Voltage Regulator IC,0,10.9,0.88,2.7,4.9,6.4,PASS,Safe,Pass
C4905,ISRO-SCL-250113-02,MOSFET,0,13.1,1.04,13.6,15.9,13.9,PASS,Safe,Pass
C4906,ISRO-SCL-250113-02,MOSFET,0,13.9,1.11,9.5,8.7,11.1,PASS,Safe,Pass
C4907,ISRO-SCL-250303-09,Voltage Regulator IC,1,51.8,4.14,47.6,41.4,85.0,REJECT,Fail,Fail
C4908,ISRO-SCL-250106-01,MOSFET,1,14.8,1.18,18.0,4.0,85.0,REJECT,Safe,Fail
C4909,ISRO-SCL-250317-11,Voltage Regulator IC,0,13.2,1.05,11.3,13.5,12.5,PASS,Safe,Pass
C4910,ISRO-SCL-250127-04,Op-Amp IC,0,14.8,1.18,5.9,12.0,10.7,PASS,Safe,Pass
C4911,ISRO-SCL-250127-04,Op-Amp IC,1,11.8,0.95,10.9,9.7,85.0,REJECT,Safe,Fail
C4912,ISRO-SCL-250414-15,Digital Logic IC,0,17.7,1.42,9.7,24.0,15.8,PASS,Borderline,Pass
C4913,ISRO-SCL-250113-02,MOSFET,1,17.3,1.39,23.9,4.8,85.0,REJECT,Safe,Fail
C4914,ISRO-SCL-250407-14,MOSFET,1,15.2,1.21,26.4,15.8,85.0,REJECT,Safe,Fail
C4915,ISRO-SCL-250421-16,MOSFET,0,14.5,1.16,21.5,0.7,14.5,PASS,Safe,Pass
C4916,ISRO-SCL-250127-04,Op-Amp IC,0,25.6,2.05,13.3,4.5,16.5,PASS,Safe,Pass
C4917,ISRO-SCL-250310-10,Voltage Regulator IC,0,16.9,1.35,10.3,8.8,12.6,PASS,Safe,Pass
C4918,ISRO-SCL-250210-06,MOSFET,0,23.9,1.91,15.5,5.9,16.9,PASS,Safe,Pass
C4919,ISRO-SCL-250407-14,MOSFET,0,18.7,1.5,2.4,10.9,10.6,PASS,Safe,Pass
C4920,ISRO-SCL-250505-18,Op-Amp IC,0,16.7,1.34,26.7,1.5,17.7,PASS,Fail,Pass
C4921,ISRO-SCL-250203-05,Digital Logic IC,0,15.3,1.23,15.8,14.7,15.4,PASS,Safe,Pass
C4922,ISRO-SCL-250120-03,Op-Amp IC,1,15.7,1.25,20.8,5.8,85.0,REJECT,Safe,Fail
C4923,ISRO-SCL-250113-02,MOSFET,0,32.3,2.59,15.9,9.7,21.2,PASS,Fail,Pass
C4924,ISRO-SCL-250120-03,Op-Amp IC,0,15.3,1.23,17.2,16.6,16.3,PASS,Safe,Pass
C4925,ISRO-SCL-250414-15,Digital Logic IC,0,10.4,0.84,6.3,3.2,7.3,PASS,Safe,Pass
C4926,ISRO-SCL-250113-02,MOSFET,0,30.8,2.47,2.7,13.3,16.1,PASS,Safe,Pass
C4927,ISRO-SCL-250407-14,MOSFET,0,34.6,2.77,21.6,37.7,30.0,MONITOR,Borderline,Pass
C4928,ISRO-SCL-250505-18,Op-Amp IC,0,43.4,3.47,28.9,17.3,32.4,MONITOR,Borderline,Pass
C4929,ISRO-SCL-250512-19,Op-Amp IC,0,12.8,1.03,17.5,19.0,15.9,PASS,Safe,Pass
C4930,ISRO-SCL-250331-13,Voltage Regulator IC,0,20.2,1.62,7.0,10.3,13.0,PASS,Safe,Pass
C4931,ISRO-SCL-250127-04,Op-Amp IC,0,28.5,2.28,42.4,24.7,33.3,MONITOR,Borderline,Pass
C4932,ISRO-SCL-250414-15,Digital Logic IC,0,12.0,0.96,7.1,9.2,9.5,PASS,Safe,Pass
C4933,ISRO-SCL-250210-06,MOSFET,0,28.3,2.27,11.3,16.3,19.1,PASS,Safe,Pass
C4934,ISRO-SCL-250203-05,Digital Logic IC,0,23.2,1.85,12.4,8.3,15.9,PASS,Safe,Pass
C4935,ISRO-SCL-250127-04,Op-Amp IC,1,83.9,6.71,59.2,57.4,85.0,REJECT,Fail,Fail
C4936,ISRO-SCL-250310-10,Voltage Regulator IC,0,22.5,1.8,15.3,12.4,17.6,PASS,Safe,Pass
C4937,ISRO-SCL-250512-19,Op-Amp IC,1,14.1,1.13,29.8,24.8,85.0,REJECT,Safe,Fail
C4938,ISRO-SCL-250303-09,Voltage Regulator IC,0,33.5,2.68,32.7,14.9,29.5,PASS,Fail,Pass
C4939,ISRO-SCL-250310-10,Voltage Regulator IC,0,100.0,163.1,100.0,52.0,90.4,REJECT,Borderline,Pass
C4940,ISRO-SCL-250217-07,Op-Amp IC,0,12.1,0.97,5.1,12.8,9.4,PASS,Safe,Pass
C4941,ISRO-SCL-250324-12,Op-Amp IC,0,14.9,1.19,3.4,18.5,11.0,PASS,Fail,Pass
C4942,ISRO-SCL-250414-15,Digital Logic IC,0,15.2,1.21,14.6,14.9,14.9,PASS,Borderline,Pass
C4943,ISRO-SCL-250224-08,MOSFET,0,20.0,1.6,12.0,22.0,17.2,PASS,Safe,Pass
C4944,ISRO-SCL-250113-02,MOSFET,0,40.7,3.26,23.0,8.5,27.2,PASS,Safe,Pass
C4945,ISRO-SCL-250421-16,MOSFET,0,18.3,1.46,5.3,8.5,11.1,PASS,Safe,Pass
C4946,ISRO-SCL-250414-15,Digital Logic IC,1,45.5,3.64,44.6,29.6,85.0,REJECT,Fail,Fail
C4947,ISRO-SCL-250217-07,Op-Amp IC,0,12.6,1.01,12.6,9.5,12.0,PASS,Safe,Pass
C4948,ISRO-SCL-250414-15,Digital Logic IC,0,15.4,1.23,15.0,12.5,14.6,PASS,Safe,Pass
C4949,ISRO-SCL-250505-18,Op-Amp IC,0,18.4,1.47,38.3,7.2,24.1,PASS,Safe,Pass
C4950,ISRO-SCL-250217-07,Op-Amp IC,0,14.5,1.16,14.0,14.1,14.2,PASS,Safe,Pass
C4951,ISRO-SCL-250421-16,MOSFET,0,16.9,1.35,35.6,8.2,22.7,PASS,Safe,Pass
C4952,ISRO-SCL-250224-08,MOSFET,0,19.7,1.57,37.9,13.0,25.6,PASS,Safe,Pass
C4953,ISRO-SCL-250106-01,MOSFET,0,14.8,1.18,1.2,9.6,8.3,PASS,Safe,Pass
C4954,ISRO-SCL-250505-18,Op-Amp IC,0,42.2,3.37,6.0,11.9,21.6,PASS,Safe,Pass
C4955,ISRO-SCL-250203-05,Digital Logic IC,0,20.4,1.63,6.1,11.1,12.8,PASS,Safe,Pass
C4956,ISRO-SCL-250421-16,MOSFET,0,9.1,0.73,4.8,6.5,6.9,PASS,Safe,Pass
C4957,ISRO-SCL-250127-04,Op-Amp IC,0,9.5,0.76,6.9,25.4,11.6,PASS,Safe,Pass
C4958,ISRO-SCL-250407-14,MOSFET,1,46.2,3.69,49.6,40.1,85.0,REJECT,Fail,Fail
C4959,ISRO-SCL-250512-19,Op-Amp IC,0,100.0,9.31,41.1,9.3,58.3,MONITOR,Safe,Pass
C4960,ISRO-SCL-250106-01,MOSFET,0,25.6,2.05,31.0,11.7,25.0,PASS,Borderline,Pass
C4961,ISRO-SCL-250324-12,Op-Amp IC,0,23.2,1.85,10.4,5.2,14.5,PASS,Safe,Pass
C4962,ISRO-SCL-250414-15,Digital Logic IC,0,12.9,1.03,9.9,1.4,9.4,PASS,Safe,Pass
C4963,ISRO-SCL-250407-14,MOSFET,0,14.1,1.13,9.0,22.6,13.8,PASS,Safe,Pass
C4964,ISRO-SCL-250428-17,Voltage Regulator IC,0,26.5,2.12,11.3,3.6,15.8,PASS,Safe,Pass
C4965,ISRO-SCL-250113-02,MOSFET,0,19.7,1.57,11.0,15.2,15.3,PASS,Safe,Pass
C4966,ISRO-SCL-250127-04,Op-Amp IC,0,11.4,0.91,7.1,22.6,11.9,PASS,Borderline,Pass
C4967,ISRO-SCL-250217-07,Op-Amp IC,0,13.2,1.05,13.7,35.1,17.8,PASS,Fail,Pass
C4968,ISRO-SCL-250407-14,MOSFET,0,12.8,1.03,9.5,18.4,12.6,PASS,Borderline,Pass
C4969,ISRO-SCL-250317-11,Voltage Regulator IC,0,85.2,6.82,61.4,51.8,69.0,HOLD,Fail,Pass
C4970,ISRO-SCL-250407-14,MOSFET,0,9.9,0.79,5.7,19.4,10.2,PASS,Safe,Pass
C4971,ISRO-SCL-250106-01,MOSFET,0,15.1,1.21,19.8,7.1,15.4,PASS,Safe,Pass
C4972,ISRO-SCL-250414-15,Digital Logic IC,1,23.7,1.89,31.3,4.6,85.0,REJECT,Fail,Fail
C4973,ISRO-SCL-250217-07,Op-Amp IC,0,9.6,0.77,0.3,10.5,6.0,PASS,Safe,Pass
C4974,ISRO-SCL-250113-02,MOSFET,0,14.5,1.16,6.0,9.0,10.0,PASS,Safe,Pass
C4975,ISRO-SCL-250414-15,Digital Logic IC,0,10.9,0.87,9.4,5.8,9.3,PASS,Safe,Pass
C4976,ISRO-SCL-250106-01,MOSFET,0,47.4,3.79,40.9,25.1,40.4,MONITOR,Fail,Pass
C4977,ISRO-SCL-250317-11,Voltage Regulator IC,0,14.7,1.18,17.9,2.2,13.5,PASS,Safe,Pass
C4978,ISRO-SCL-250421-16,MOSFET,0,17.6,1.41,11.2,20.8,15.7,PASS,Borderline,Pass
C4979,ISRO-SCL-250203-05,Digital Logic IC,0,14.5,1.16,16.9,9.2,14.4,PASS,Safe,Pass
C4980,ISRO-SCL-250505-18,Op-Amp IC,0,20.2,1.62,5.0,13.1,12.7,PASS,Safe,Pass
C4981,ISRO-SCL-250505-18,Op-Amp IC,0,16.1,1.29,32.0,5.7,20.4,PASS,Safe,Pass
C4982,ISRO-SCL-250407-14,MOSFET,1,19.4,1.55,12.2,3.9,85.0,REJECT,Safe,Fail
C4983,ISRO-SCL-250203-05,Digital Logic IC,0,34.1,2.73,9.2,21.7,21.7,PASS,Safe,Pass
C4984,ISRO-SCL-250127-04,Op-Amp IC,0,19.0,1.52,11.8,2.1,12.7,PASS,Safe,Pass
C4985,ISRO-SCL-250310-10,Voltage Regulator IC,0,35.9,2.87,17.3,25.7,26.4,PASS,Fail,Pass
C4986,ISRO-SCL-250127-04,Op-Amp IC,1,16.9,1.35,23.1,9.4,85.0,REJECT,Safe,Fail
C4987,ISRO-SCL-250217-07,Op-Amp IC,1,100.0,8.09,88.3,32.7,85.0,REJECT,Fail,Fail
C4988,ISRO-SCL-250414-15,Digital Logic IC,1,17.0,1.36,30.1,8.3,85.0,REJECT,Safe,Fail
C4989,ISRO-SCL-250324-12,Op-Amp IC,0,9.0,0.72,6.7,31.4,12.5,PASS,Borderline,Pass
C4990,ISRO-SCL-250203-05,Digital Logic IC,0,14.8,1.18,1.8,4.3,7.5,PASS,Safe,Pass
C4991,ISRO-SCL-250113-02,MOSFET,0,42.9,3.43,25.2,16.5,30.5,MONITOR,Safe,Pass
C4992,ISRO-SCL-250331-13,Voltage Regulator IC,0,15.0,1.2,3.9,12.6,10.1,PASS,Safe,Pass
C4993,ISRO-SCL-250407-14,MOSFET,0,13.1,1.05,2.2,9.3,8.0,PASS,Safe,Pass
C4994,ISRO-SCL-250414-15,Digital Logic IC,0,13.7,1.1,15.7,24.2,16.6,PASS,Fail,Pass
C4995,ISRO-SCL-250421-16,MOSFET,0,52.0,4.16,52.1,22.1,46.0,MONITOR,Borderline,Pass
C4996,ISRO-SCL-250210-06,MOSFET,0,25.5,2.04,10.4,15.4,17.4,PASS,Safe,Pass
C4997,ISRO-SCL-250421-16,MOSFET,0,35.6,2.85,32.2,28.5,32.8,MONITOR,Fail,Pass
C4998,ISRO-SCL-250120-03,Op-Amp IC,0,14.5,1.16,14.2,2.0,11.9,PASS,Safe,Pass
C4999,ISRO-SCL-250324-12,Op-Amp IC,1,41.2,3.29,44.2,54.3,85.0,REJECT,Fail,Fail
C5000,ISRO-SCL-250331-13,Voltage Regulator IC,0,16.5,1.32,9.6,2.1,10.9,PASS,Safe,Pass
C5001,ISRO-SCL-250407-14,MOSFET,1,15.9,1.27,25.3,4.4,85.0,REJECT,Safe,Fail
C5002,ISRO-SCL-250113-02,MOSFET,0,8.4,0.67,3.5,6.8,6.1,PASS,Safe,Pass
C5003,ISRO-SCL-250407-14,MOSFET,0,15.0,1.2,25.0,21.9,20.4,PASS,Borderline,Pass
C5004,ISRO-SCL-250106-01,MOSFET,0,15.1,1.21,13.2,0.3,11.4,PASS,Safe,Pass
C5005,ISRO-SCL-250407-14,MOSFET,0,100.0,11.62,69.0,6.1,68.8,HOLD,Borderline,Pass
C5006,ISRO-SCL-250331-13,Voltage Regulator IC,0,19.3,1.54,9.2,6.2,12.6,PASS,Safe,Pass
C5007,ISRO-SCL-250127-04,Op-Amp IC,0,16.3,1.31,23.0,33.1,22.3,PASS,Borderline,Pass
C5008,ISRO-SCL-250331-13,Voltage Regulator IC,1,21.0,1.68,40.5,4.3,85.0,REJECT,Safe,Fail
C5009,ISRO-SCL-250317-11,Voltage Regulator IC,0,14.1,1.12,7.8,4.8,9.7,PASS,Safe,Pass
C5010,ISRO-SCL-250224-08,MOSFET,0,17.3,1.38,51.4,19.2,31.3,MONITOR,Safe,Pass
C5011,ISRO-SCL-250310-10,Voltage Regulator IC,0,14.3,1.15,18.5,16.3,16.4,PASS,Safe,Pass
C5012,ISRO-SCL-250310-10,Voltage Regulator IC,0,28.0,2.24,8.8,13.6,17.4,PASS,Safe,Pass
C5013,ISRO-SCL-250512-19,Op-Amp IC,0,29.3,2.35,8.3,23.4,19.7,PASS,Borderline,Pass
C5014,ISRO-SCL-250331-13,Voltage Regulator IC,0,14.2,1.13,27.3,38.6,24.3,PASS,Fail,Pass
C5015,ISRO-SCL-250217-07,Op-Amp IC,0,18.3,1.46,22.4,17.4,19.8,PASS,Borderline,Pass
C5016,ISRO-SCL-250127-04,Op-Amp IC,1,13.3,1.06,33.1,31.4,85.0,REJECT,Safe,Fail
C5017,ISRO-SCL-250113-02,MOSFET,0,21.1,1.69,21.4,3.9,17.8,PASS,Safe,Pass
C5018,ISRO-SCL-250210-06,MOSFET,0,21.1,1.69,14.9,23.6,19.1,PASS,Safe,Pass
C5019,ISRO-SCL-250310-10,Voltage Regulator IC,0,56.1,4.49,41.6,31.7,45.4,MONITOR,Borderline,Pass
C5020,ISRO-SCL-250127-04,Op-Amp IC,1,24.9,2.0,28.8,21.0,85.0,REJECT,Borderline,Fail
C5021,ISRO-SCL-250428-17,Voltage Regulator IC,0,18.1,1.45,10.6,36.0,18.7,PASS,Fail,Pass
C5022,ISRO-SCL-250303-09,Voltage Regulator IC,0,14.5,1.16,10.1,15.0,12.8,PASS,Safe,Pass
C5023,ISRO-SCL-250127-04,Op-Amp IC,1,42.0,3.36,29.6,33.0,85.0,REJECT,Fail,Fail
C5024,ISRO-SCL-250331-13,Voltage Regulator IC,0,8.4,0.67,4.2,20.3,9.1,PASS,Safe,Pass
C5025,ISRO-SCL-250113-02,MOSFET,0,16.8,1.34,17.7,2.5,14.3,PASS,Safe,Pass
C5026,ISRO-SCL-250310-10,Voltage Regulator IC,0,15.5,1.24,25.2,7.7,17.8,PASS,Safe,Pass
C5027,ISRO-SCL-250317-11,Voltage Regulator IC,0,10.0,0.8,4.1,13.7,8.4,PASS,Safe,Pass
C5028,ISRO-SCL-250428-17,Voltage Regulator IC,0,20.6,1.65,11.0,16.1,15.9,PASS,Borderline,Pass
C5029,ISRO-SCL-250127-04,Op-Amp IC,1,13.2,1.05,31.2,22.1,85.0,REJECT,Safe,Fail
C5030,ISRO-SCL-250113-02,MOSFET,0,17.2,1.38,7.6,15.8,13.1,PASS,Safe,Pass
C5031,ISRO-SCL-250407-14,MOSFET,1,15.3,1.22,17.3,4.0,85.0,REJECT,Safe,Fail
C5032,ISRO-SCL-250421-16,MOSFET,0,15.5,1.24,21.0,1.3,14.8,PASS,Safe,Pass
C5033,ISRO-SCL-250113-02,MOSFET,0,31.3,2.51,5.5,14.1,17.6,PASS,Safe,Pass
C5034,ISRO-SCL-250210-06,MOSFET,0,18.1,1.45,20.0,0.8,15.4,PASS,Safe,Pass
C5035,ISRO-SCL-250519-20,Voltage Regulator IC,0,15.8,1.27,14.6,8.2,13.8,PASS,Safe,Pass
C5036,ISRO-SCL-250407-14,MOSFET,0,28.7,2.29,26.0,32.2,28.3,PASS,Borderline,Pass
C5037,ISRO-SCL-250317-11,Voltage Regulator IC,0,17.7,1.42,6.6,19.3,13.6,PASS,Safe,Pass
C5038,ISRO-SCL-250421-16,MOSFET,0,100.0,14.05,42.7,9.9,59.1,MONITOR,Safe,Pass
C5039,ISRO-SCL-250210-06,MOSFET,0,16.9,1.35,7.5,8.3,11.4,PASS,Safe,Pass
C5040,ISRO-SCL-250127-04,Op-Amp IC,0,34.9,2.79,33.4,41.7,35.6,MONITOR,Fail,Pass
C5041,ISRO-SCL-250407-14,MOSFET,1,14.6,1.17,28.2,15.2,85.0,REJECT,Safe,Fail
C5042,ISRO-SCL-250421-16,MOSFET,0,37.5,3.0,53.6,19.8,40.4,MONITOR,Safe,Pass
C5043,ISRO-SCL-250113-02,MOSFET,0,15.9,1.27,13.5,6.3,13.0,PASS,Safe,Pass
C5044,ISRO-SCL-250203-05,Digital Logic IC,0,16.3,1.3,4.2,20.0,12.2,PASS,Borderline,Pass
C5045,ISRO-SCL-250210-06,MOSFET,1,21.1,1.69,3.6,7.8,85.0,REJECT,Fail,Fail
C5046,ISRO-SCL-250324-12,Op-Amp IC,0,12.9,1.03,19.2,7.8,14.4,PASS,Safe,Pass
C5047,ISRO-SCL-250113-02,MOSFET,0,14.8,1.18,9.0,2.5,10.0,PASS,Safe,Pass
C5048,ISRO-SCL-250421-16,MOSFET,0,8.0,0.64,6.8,8.0,7.5,PASS,Safe,Pass
C5049,ISRO-SCL-250428-17,Voltage Regulator IC,0,37.0,2.96,34.8,45.1,37.8,MONITOR,Fail,Pass
C5050,ISRO-SCL-250210-06,MOSFET,0,15.9,1.27,26.8,12.4,19.5,PASS,Safe,Pass
C5051,ISRO-SCL-250421-16,MOSFET,0,18.3,1.47,5.5,8.8,11.3,PASS,Safe,Pass
C5052,ISRO-SCL-250421-16,MOSFET,0,17.2,1.38,21.7,12.8,18.1,PASS,Safe,Pass
C5053,ISRO-SCL-250113-02,MOSFET,0,15.4,1.23,8.7,19.2,13.5,PASS,Safe,Pass
C5054,ISRO-SCL-250324-12,Op-Amp IC,0,16.9,1.36,30.9,20.5,23.2,PASS,Borderline,Pass
C5055,ISRO-SCL-250113-02,MOSFET,0,19.9,1.6,4.0,9.6,11.5,PASS,Safe,Pass
C5056,ISRO-SCL-250310-10,Voltage Regulator IC,0,15.8,1.26,15.4,10.7,14.6,PASS,Safe,Pass
C5057,ISRO-SCL-250120-03,Op-Amp IC,1,17.0,1.36,38.7,34.0,85.0,REJECT,Borderline,Fail
C5058,ISRO-SCL-250113-02,MOSFET,0,11.9,0.95,8.6,7.1,9.6,PASS,Safe,Pass
C5059,ISRO-SCL-250224-08,MOSFET,0,16.5,1.32,26.3,16.6,20.4,PASS,Safe,Pass
C5060,ISRO-SCL-250421-16,MOSFET,0,17.3,1.39,6.6,11.9,12.0,PASS,Safe,Pass
C5061,ISRO-SCL-250421-16,MOSFET,0,15.7,1.26,4.7,10.1,10.2,PASS,Safe,Pass
C5062,ISRO-SCL-250217-07,Op-Amp IC,0,23.8,1.91,16.6,15.7,19.3,PASS,Fail,Pass
C5063,ISRO-SCL-250331-13,Voltage Regulator IC,0,70.4,5.63,42.9,41.4,53.6,MONITOR,Borderline,Pass
C5064,ISRO-SCL-250331-13,Voltage Regulator IC,0,14.6,1.17,16.5,27.1,17.9,PASS,Borderline,Pass
C5065,ISRO-SCL-250203-05,Digital Logic IC,0,11.6,0.93,9.1,7.5,9.7,PASS,Safe,Pass
C5066,ISRO-SCL-250127-04,Op-Amp IC,0,100.0,14.26,78.6,100.0,91.4,REJECT,Safe,Pass
C5067,ISRO-SCL-250106-01,MOSFET,1,23.4,1.88,19.3,21.5,85.0,REJECT,Fail,Fail
C5068,ISRO-SCL-250505-18,Op-Amp IC,0,16.1,1.29,6.2,18.1,12.6,PASS,Safe,Pass
C5069,ISRO-SCL-250407-14,MOSFET,0,11.1,0.89,3.5,14.4,8.7,PASS,Safe,Pass
C5070,ISRO-SCL-250203-05,Digital Logic IC,0,37.7,3.01,21.6,25.7,28.9,PASS,Fail,Pass
C5071,ISRO-SCL-250303-09,Voltage Regulator IC,0,16.9,1.35,8.2,16.3,13.3,PASS,Safe,Pass
C5072,ISRO-SCL-250224-08,MOSFET,0,13.2,1.06,4.6,10.3,9.2,PASS,Safe,Pass
C5073,ISRO-SCL-250210-06,MOSFET,0,25.0,2.0,25.1,9.3,21.9,PASS,Safe,Pass
C5074,ISRO-SCL-250407-14,MOSFET,0,8.4,0.67,3.7,10.9,7.0,PASS,Safe,Pass
C5075,ISRO-SCL-250512-19,Op-Amp IC,1,40.7,3.26,42.9,66.9,85.0,REJECT,Fail,Fail
C5076,ISRO-SCL-250407-14,MOSFET,0,16.1,1.29,12.6,7.8,13.1,PASS,Safe,Pass
C5077,ISRO-SCL-250519-20,Voltage Regulator IC,0,22.9,1.83,6.7,11.9,14.2,PASS,Safe,Pass
C5078,ISRO-SCL-250407-14,MOSFET,0,11.8,0.95,13.3,5.0,11.1,PASS,Safe,Pass
C5079,ISRO-SCL-250324-12,Op-Amp IC,0,22.1,1.77,19.8,14.0,19.5,PASS,Borderline,Pass
C5080,ISRO-SCL-250127-04,Op-Amp IC,0,15.8,1.26,10.7,1.6,10.9,PASS,Safe,Pass
C5081,ISRO-SCL-250120-03,Op-Amp IC,0,100.0,9.71,42.9,17.9,60.7,HOLD,Borderline,Pass
C5082,ISRO-SCL-250127-04,Op-Amp IC,0,38.7,3.09,43.1,28.2,38.4,MONITOR,Fail,Pass
C5083,ISRO-SCL-250106-01,MOSFET,0,19.9,1.59,10.5,24.5,17.1,PASS,Borderline,Pass
C5084,ISRO-SCL-250203-05,Digital Logic IC,1,74.8,5.98,63.5,27.9,85.0,REJECT,Fail,Fail
C5085,ISRO-SCL-250217-07,Op-Amp IC,1,42.9,3.43,22.3,38.0,85.0,REJECT,Fail,Fail
C5086,ISRO-SCL-250407-14,MOSFET,1,39.9,3.19,41.9,37.4,85.0,REJECT,Fail,Fail
C5087,ISRO-SCL-250324-12,Op-Amp IC,0,25.3,2.02,41.5,16.6,30.0,MONITOR,Borderline,Pass
C5088,ISRO-SCL-250519-20,Voltage Regulator IC,0,62.5,5.0,46.2,100.0,63.5,HOLD,Safe,Pass
C5089,ISRO-SCL-250407-14,MOSFET,0,16.6,1.33,10.6,23.3,15.6,PASS,Borderline,Pass
C5090,ISRO-SCL-250224-08,MOSFET,0,22.5,1.8,20.5,17.3,20.6,PASS,Borderline,Pass
C5091,ISRO-SCL-250203-05,Digital Logic IC,0,21.9,1.75,14.9,8.7,16.5,PASS,Safe,Pass
C5092,ISRO-SCL-250210-06,MOSFET,0,23.3,1.86,32.3,18.1,25.9,PASS,Safe,Pass
C5093,ISRO-SCL-250519-20,Voltage Regulator IC,0,31.8,2.54,26.7,19.3,27.3,PASS,Borderline,Pass
C5094,ISRO-SCL-250113-02,MOSFET,0,26.1,2.09,10.0,21.1,18.7,PASS,Borderline,Pass
C5095,ISRO-SCL-250421-16,MOSFET,0,19.7,1.57,23.3,1.9,17.6,PASS,Safe,Pass
C5096,ISRO-SCL-250203-05,Digital Logic IC,0,16.2,1.29,18.6,17.1,17.3,PASS,Safe,Pass
C5097,ISRO-SCL-250317-11,Voltage Regulator IC,1,100.0,12.74,88.1,89.3,93.1,REJECT,Fail,Fail
C5098,ISRO-SCL-250407-14,MOSFET,0,28.8,2.3,15.9,28.2,23.5,PASS,Borderline,Pass
C5099,ISRO-SCL-250106-01,MOSFET,0,8.9,0.71,0.0,5.7,4.7,PASS,Safe,Pass
C5100,ISRO-SCL-250113-02,MOSFET,0,15.4,1.23,16.0,15.6,15.7,PASS,Safe,Pass
C5101,ISRO-SCL-250331-13,Voltage Regulator IC,0,11.9,0.95,25.0,40.2,22.8,PASS,Fail,Pass
C5102,ISRO-SCL-250120-03,Op-Amp IC,1,16.4,1.31,27.2,22.2,85.0,REJECT,Fail,Fail
C5103,ISRO-SCL-250203-05,Digital Logic IC,0,15.3,1.22,30.9,8.5,20.2,PASS,Safe,Pass
C5104,ISRO-SCL-250414-15,Digital Logic IC,0,14.8,1.18,9.3,4.8,10.6,PASS,Safe,Pass
C5105,ISRO-SCL-250414-15,Digital Logic IC,0,16.1,1.29,24.4,4.8,17.2,PASS,Safe,Pass
C5106,ISRO-SCL-250203-05,Digital Logic IC,0,33.5,2.68,32.9,18.1,30.2,MONITOR,Borderline,Pass
C5107,ISRO-SCL-250113-02,MOSFET,0,12.5,1.0,26.9,63.3,28.4,PASS,Borderline,Pass
C5108,ISRO-SCL-250428-17,Voltage Regulator IC,0,16.1,1.29,13.7,6.3,13.2,PASS,Safe,Pass
C5109,ISRO-SCL-250310-10,Voltage Regulator IC,0,18.3,1.46,20.0,0.6,15.4,PASS,Safe,Pass
C5110,ISRO-SCL-250414-15,Digital Logic IC,0,32.5,2.6,47.5,65.8,45.2,MONITOR,Fail,Pass
C5111,ISRO-SCL-250217-07,Op-Amp IC,1,32.6,2.6,8.9,26.0,85.0,REJECT,Fail,Fail
C5112,ISRO-SCL-250120-03,Op-Amp IC,0,29.5,2.36,39.4,13.1,30.2,MONITOR,Fail,Pass
C5113,ISRO-SCL-250310-10,Voltage Regulator IC,0,8.7,0.69,2.5,8.1,6.1,PASS,Safe,Pass
C5114,ISRO-SCL-250505-18,Op-Amp IC,0,22.6,1.81,5.0,17.1,14.5,PASS,Borderline,Pass
C5115,ISRO-SCL-250324-12,Op-Amp IC,0,24.2,1.94,24.6,3.0,20.1,PASS,Safe,Pass
C5116,ISRO-SCL-250217-07,Op-Amp IC,0,22.7,1.82,10.9,3.3,14.1,PASS,Safe,Pass
C5117,ISRO-SCL-250120-03,Op-Amp IC,0,8.9,0.71,9.2,24.8,12.2,PASS,Borderline,Pass
C5118,ISRO-SCL-250324-12,Op-Amp IC,0,13.1,1.05,3.6,4.0,7.5,PASS,Safe,Pass
C5119,ISRO-SCL-250414-15,Digital Logic IC,0,15.3,1.22,22.5,7.0,16.5,PASS,Safe,Pass
C5120,ISRO-SCL-250324-12,Op-Amp IC,0,17.5,1.4,4.6,9.9,10.9,PASS,Safe,Pass
C5121,ISRO-SCL-250224-08,MOSFET,0,15.0,1.2,1.8,14.5,9.6,PASS,Safe,Pass
C5122,ISRO-SCL-250324-12,Op-Amp IC,0,15.8,1.27,29.5,7.5,19.6,PASS,Safe,Pass
C5123,ISRO-SCL-250217-07,Op-Amp IC,0,100.0,12.83,51.7,14.4,63.5,HOLD,Safe,Pass
C5124,ISRO-SCL-250512-19,Op-Amp IC,0,11.3,0.9,19.6,9.9,14.3,PASS,Safe,Pass
C5125,ISRO-SCL-250127-04,Op-Amp IC,0,14.8,1.18,8.8,4.0,10.2,PASS,Safe,Pass
C5126,ISRO-SCL-250324-12,Op-Amp IC,0,14.5,1.16,9.3,27.3,15.0,PASS,Borderline,Pass
C5127,ISRO-SCL-250310-10,Voltage Regulator IC,0,6.2,0.5,1.0,9.8,4.8,PASS,Safe,Pass
C5128,ISRO-SCL-250120-03,Op-Amp IC,0,13.3,1.07,12.8,2.1,10.9,PASS,Safe,Pass
C5129,ISRO-SCL-250113-02,MOSFET,0,48.4,3.87,3.2,29.9,26.6,PASS,Borderline,Pass
C5130,ISRO-SCL-250414-15,Digital Logic IC,0,13.5,1.08,20.8,7.1,15.1,PASS,Safe,Pass
C5131,ISRO-SCL-250303-09,Voltage Regulator IC,0,14.5,1.16,7.6,5.8,10.0,PASS,Safe,Pass
C5132,ISRO-SCL-250224-08,MOSFET,0,8.9,0.71,4.3,15.0,8.3,PASS,Safe,Pass
C5133,ISRO-SCL-250519-20,Voltage Regulator IC,1,67.4,5.4,29.3,33.4,85.0,REJECT,Fail,Fail
C5134,ISRO-SCL-250127-04,Op-Amp IC,1,14.5,1.16,23.5,14.4,85.0,REJECT,Borderline,Fail
C5135,ISRO-SCL-250120-03,Op-Amp IC,1,16.0,1.28,14.1,7.7,85.0,REJECT,Fail,Fail
C5136,ISRO-SCL-250317-11,Voltage Regulator IC,0,24.4,1.95,21.2,23.5,22.9,PASS,Borderline,Pass
C5137,ISRO-SCL-250127-04,Op-Amp IC,1,15.1,1.21,9.5,5.3,85.0,REJECT,Safe,Fail
C5138,ISRO-SCL-250414-15,Digital Logic IC,1,42.0,3.36,66.0,31.7,85.0,REJECT,Fail,Fail
C5139,ISRO-SCL-250217-07,Op-Amp IC,0,44.5,3.56,52.2,25.5,43.8,MONITOR,Fail,Pass
C5140,ISRO-SCL-250414-15,Digital Logic IC,0,8.5,0.68,8.6,14.2,9.7,PASS,Safe,Pass
C5141,ISRO-SCL-250421-16,MOSFET,0,17.2,1.37,23.3,7.6,17.7,PASS,Safe,Pass
C5142,ISRO-SCL-250512-19,Op-Amp IC,1,55.8,4.47,42.5,32.5,85.0,REJECT,Fail,Fail
C5143,ISRO-SCL-250512-19,Op-Amp IC,0,11.5,0.92,5.3,7.1,8.2,PASS,Safe,Pass
C5144,ISRO-SCL-250303-09,Voltage Regulator IC,0,27.7,2.22,15.7,18.5,21.1,PASS,Fail,Pass
C5145,ISRO-SCL-250324-12,Op-Amp IC,0,19.0,1.52,3.4,10.0,10.9,PASS,Safe,Pass
C5146,ISRO-SCL-250106-01,MOSFET,0,15.9,1.27,22.7,22.1,19.8,PASS,Fail,Pass
C5147,ISRO-SCL-250512-19,Op-Amp IC,0,31.6,2.53,18.5,20.9,24.3,PASS,Borderline,Pass
C5148,ISRO-SCL-250303-09,Voltage Regulator IC,0,30.1,2.41,20.5,13.0,22.9,PASS,Safe,Pass
C5149,ISRO-SCL-250512-19,Op-Amp IC,0,15.0,1.2,17.5,4.7,13.9,PASS,Safe,Pass
C5150,ISRO-SCL-250113-02,MOSFET,0,16.2,1.3,19.0,6.5,15.4,PASS,Safe,Pass
C5151,ISRO-SCL-250203-05,Digital Logic IC,0,13.9,1.11,18.5,6.6,14.3,PASS,Safe,Pass
C5152,ISRO-SCL-250428-17,Voltage Regulator IC,0,7.2,0.58,2.0,15.1,6.7,PASS,Safe,Pass
C5153,ISRO-SCL-250310-10,Voltage Regulator IC,0,42.2,3.37,9.8,18.0,24.4,PASS,Borderline,Pass
C5154,ISRO-SCL-250505-18,Op-Amp IC,0,14.7,1.18,13.0,6.9,12.5,PASS,Safe,Pass
C5155,ISRO-SCL-250310-10,Voltage Regulator IC,0,29.2,2.34,16.1,36.8,25.5,PASS,Safe,Pass
C5156,ISRO-SCL-250331-13,Voltage Regulator IC,0,14.1,1.12,7.7,18.0,12.3,PASS,Safe,Pass
C5157,ISRO-SCL-250414-15,Digital Logic IC,0,16.9,1.35,18.4,17.5,17.6,PASS,Safe,Pass
C5158,ISRO-SCL-250120-03,Op-Amp IC,1,15.2,1.22,22.5,1.2,85.0,REJECT,Safe,Fail
C5159,ISRO-SCL-250331-13,Voltage Regulator IC,0,71.1,5.68,60.2,27.8,58.1,MONITOR,Fail,Pass
C5160,ISRO-SCL-250310-10,Voltage Regulator IC,0,15.5,1.24,12.2,11.8,13.4,PASS,Safe,Pass
C5161,ISRO-SCL-250428-17,Voltage Regulator IC,0,16.4,1.32,29.0,11.5,20.5,PASS,Safe,Pass
C5162,ISRO-SCL-250127-04,Op-Amp IC,1,14.2,1.13,23.9,13.6,85.0,REJECT,Safe,Fail
C5163,ISRO-SCL-250210-06,MOSFET,0,33.7,2.7,33.5,14.4,29.8,PASS,Safe,Pass
C5164,ISRO-SCL-250113-02,MOSFET,1,100.0,11.94,42.4,7.3,85.0,REJECT,Safe,Fail
C5165,ISRO-SCL-250407-14,MOSFET,1,48.6,3.89,42.8,100.0,85.0,REJECT,Fail,Fail
C5166,ISRO-SCL-250324-12,Op-Amp IC,0,14.3,1.14,23.5,6.6,16.4,PASS,Safe,Pass
C5167,ISRO-SCL-250106-01,MOSFET,0,8.4,0.67,5.5,4.2,6.4,PASS,Safe,Pass
C5168,ISRO-SCL-250310-10,Voltage Regulator IC,0,45.0,3.6,21.6,29.3,32.5,MONITOR,Borderline,Pass
C5169,ISRO-SCL-250414-15,Digital Logic IC,1,19.6,1.57,37.8,8.5,85.0,REJECT,Safe,Fail
C5170,ISRO-SCL-250407-14,MOSFET,1,11.7,0.93,14.7,5.1,85.0,REJECT,Safe,Fail
C5171,ISRO-SCL-250203-05,Digital Logic IC,0,33.7,2.7,23.0,15.8,25.9,PASS,Safe,Pass
C5172,ISRO-SCL-250210-06,MOSFET,0,84.3,6.74,21.6,20.0,46.4,MONITOR,Safe,Pass
C5173,ISRO-SCL-250203-05,Digital Logic IC,0,13.7,1.09,4.5,9.2,9.1,PASS,Safe,Pass
C5174,ISRO-SCL-250113-02,MOSFET,0,37.1,2.97,8.6,13.9,21.0,PASS,Safe,Pass
C5175,ISRO-SCL-250414-15,Digital Logic IC,1,52.1,4.17,71.4,32.6,85.0,REJECT,Fail,Fail
C5176,ISRO-SCL-250324-12,Op-Amp IC,0,11.7,0.94,0.0,12.7,7.2,PASS,Safe,Pass
C5177,ISRO-SCL-250512-19,Op-Amp IC,1,13.8,1.11,23.5,17.4,85.0,REJECT,Borderline,Fail
C5178,ISRO-SCL-250519-20,Voltage Regulator IC,0,43.4,3.47,19.9,16.5,28.6,PASS,Fail,Pass
C5179,ISRO-SCL-250224-08,MOSFET,0,4.3,0.35,0.0,9.0,3.5,PASS,Safe,Pass
C5180,ISRO-SCL-250407-14,MOSFET,1,71.2,5.7,79.9,50.5,85.0,REJECT,Fail,Fail
C5181,ISRO-SCL-250317-11,Voltage Regulator IC,0,9.5,0.76,12.1,16.1,11.9,PASS,Borderline,Pass
C5182,ISRO-SCL-250512-19,Op-Amp IC,0,13.3,1.07,13.2,6.7,12.0,PASS,Safe,Pass
C5183,ISRO-SCL-250203-05,Digital Logic IC,0,14.5,1.16,19.3,6.8,14.9,PASS,Safe,Pass
C5184,ISRO-SCL-250203-05,Digital Logic IC,0,15.2,1.22,17.4,14.0,15.8,PASS,Safe,Pass
C5185,ISRO-SCL-250331-13,Voltage Regulator IC,1,19.3,1.54,35.4,24.2,85.0,REJECT,Borderline,Fail
C5186,ISRO-SCL-250317-11,Voltage Regulator IC,0,15.3,1.23,9.8,15.2,13.1,PASS,Safe,Pass
C5187,ISRO-SCL-250217-07,Op-Amp IC,0,75.5,6.04,25.1,7.0,41.6,MONITOR,Safe,Pass
C5188,ISRO-SCL-250414-15,Digital Logic IC,0,18.7,1.49,15.8,16.7,17.1,PASS,Safe,Pass
C5189,ISRO-SCL-250127-04,Op-Amp IC,0,25.1,2.01,13.8,11.1,17.8,PASS,Safe,Pass
C5190,ISRO-SCL-250407-14,MOSFET,1,100.0,8.89,82.5,80.9,89.2,REJECT,Fail,Fail
C5191,ISRO-SCL-250505-18,Op-Amp IC,0,18.5,1.48,7.7,5.2,11.5,PASS,Safe,Pass
C5192,ISRO-SCL-250421-16,MOSFET,0,11.2,0.9,0.6,14.9,7.7,PASS,Safe,Pass
C5193,ISRO-SCL-250120-03,Op-Amp IC,0,34.4,2.75,20.9,26.3,27.4,PASS,Borderline,Pass
C5194,ISRO-SCL-250303-09,Voltage Regulator IC,0,11.8,0.94,8.2,9.8,9.9,PASS,Safe,Pass
C5195,ISRO-SCL-250303-09,Voltage Regulator IC,0,13.9,1.11,8.2,4.0,9.6,PASS,Safe,Pass
C5196,ISRO-SCL-250203-05,Digital Logic IC,1,16.0,1.28,16.6,5.6,85.0,REJECT,Safe,Fail
C5197,ISRO-SCL-250414-15,Digital Logic IC,0,38.6,3.09,36.7,41.3,38.4,MONITOR,Borderline,Pass
C5198,ISRO-SCL-250421-16,MOSFET,0,10.7,0.86,4.3,3.9,6.8,PASS,Safe,Pass
C5199,ISRO-SCL-250106-01,MOSFET,0,15.0,1.2,17.2,9.8,14.9,PASS,Safe,Pass
C5200,ISRO-SCL-250331-13,Voltage Regulator IC,0,13.3,1.06,1.9,13.5,8.8,PASS,Safe,Pass
C5201,ISRO-SCL-250203-05,Digital Logic IC,0,13.4,1.07,10.9,10.9,11.9,PASS,Safe,Pass
C5202,ISRO-SCL-250113-02,MOSFET,0,15.2,1.22,20.1,7.2,15.6,PASS,Safe,Pass
C5203,ISRO-SCL-250303-09,Voltage Regulator IC,0,12.5,1.0,5.3,17.2,10.6,PASS,Safe,Pass
C5204,ISRO-SCL-250407-14,MOSFET,1,20.6,1.65,42.6,20.3,85.0,REJECT,Fail,Fail
C5205,ISRO-SCL-250310-10,Voltage Regulator IC,0,12.8,1.03,17.9,35.5,19.4,PASS,Safe,Pass
C5206,ISRO-SCL-250113-02,MOSFET,0,27.0,2.16,7.4,16.9,17.1,PASS,Safe,Pass
C5207,ISRO-SCL-250127-04,Op-Amp IC,0,11.9,0.95,18.3,29.2,17.9,PASS,Borderline,Pass
C5208,ISRO-SCL-250519-20,Voltage Regulator IC,0,18.9,1.51,4.1,23.5,13.9,PASS,Borderline,Pass
C5209,ISRO-SCL-250203-05,Digital Logic IC,0,32.7,2.61,17.5,9.3,21.9,PASS,Safe,Pass
C5210,ISRO-SCL-250127-04,Op-Amp IC,0,10.6,0.84,2.1,16.8,8.4,PASS,Safe,Pass
C5211,ISRO-SCL-250512-19,Op-Amp IC,1,17.4,1.39,23.0,7.4,85.0,REJECT,Safe,Fail
C5212,ISRO-SCL-250414-15,Digital Logic IC,0,20.7,1.66,22.3,16.1,20.4,PASS,Fail,Pass
C5213,ISRO-SCL-250224-08,MOSFET,0,27.9,2.23,12.0,11.1,18.2,PASS,Safe,Pass
C5214,ISRO-SCL-250113-02,MOSFET,1,12.1,0.97,11.0,6.4,85.0,REJECT,Safe,Fail
C5215,ISRO-SCL-250303-09,Voltage Regulator IC,0,18.1,1.45,38.2,65.0,35.5,MONITOR,Borderline,Pass
C5216,ISRO-SCL-250120-03,Op-Amp IC,0,9.4,0.76,1.2,16.3,7.5,PASS,Safe,Pass
C5217,ISRO-SCL-250106-01,MOSFET,0,7.9,0.63,0.0,10.3,5.2,PASS,Safe,Pass
C5218,ISRO-SCL-250310-10,Voltage Regulator IC,0,11.2,0.9,5.4,11.7,9.0,PASS,Safe,Pass
C5219,ISRO-SCL-250210-06,MOSFET,0,9.6,0.77,3.3,3.4,5.8,PASS,Safe,Pass
C5220,ISRO-SCL-250224-08,MOSFET,0,7.2,0.58,4.5,19.0,8.5,PASS,Safe,Pass
C5221,ISRO-SCL-250428-17,Voltage Regulator IC,0,21.7,1.73,17.2,1.6,15.9,PASS,Safe,Pass
C5222,ISRO-SCL-250324-12,Op-Amp IC,0,16.4,1.31,7.1,14.7,12.4,PASS,Safe,Pass
C5223,ISRO-SCL-250414-15,Digital Logic IC,0,11.8,0.94,13.1,10.0,11.9,PASS,Safe,Pass
C5224,ISRO-SCL-250224-08,MOSFET,1,21.4,1.71,22.5,16.3,85.0,REJECT,Fail,Fail
C5225,ISRO-SCL-250203-05,Digital Logic IC,0,19.2,1.54,25.4,7.8,19.4,PASS,Safe,Pass
C5226,ISRO-SCL-250505-18,Op-Amp IC,0,16.0,1.28,14.4,5.9,13.3,PASS,Safe,Pass
C5227,ISRO-SCL-250414-15,Digital Logic IC,0,17.2,1.37,34.9,4.8,21.8,PASS,Safe,Pass
C5228,ISRO-SCL-250217-07,Op-Amp IC,1,37.2,2.98,35.4,39.0,85.0,REJECT,Fail,Fail
C5229,ISRO-SCL-250310-10,Voltage Regulator IC,0,15.7,1.25,8.0,10.1,11.5,PASS,Safe,Pass
C5230,ISRO-SCL-250519-20,Voltage Regulator IC,0,19.3,1.54,15.0,4.4,14.6,PASS,Safe,Pass
C5231,ISRO-SCL-250217-07,Op-Amp IC,0,21.7,1.73,18.9,28.1,21.9,PASS,Borderline,Pass
C5232,ISRO-SCL-250407-14,MOSFET,0,15.0,1.2,12.4,11.8,13.3,PASS,Safe,Pass
C5233,ISRO-SCL-250106-01,MOSFET,1,91.5,7.32,59.8,56.8,85.0,REJECT,Fail,Fail
C5234,ISRO-SCL-250317-11,Voltage Regulator IC,0,18.7,1.5,33.4,2.6,21.4,PASS,Safe,Pass
C5235,ISRO-SCL-250414-15,Digital Logic IC,1,16.4,1.31,16.8,14.2,85.0,REJECT,Safe,Fail
C5236,ISRO-SCL-250421-16,MOSFET,0,15.0,1.2,14.5,10.2,13.9,PASS,Safe,Pass
C5237,ISRO-SCL-250106-01,MOSFET,0,23.6,1.89,8.7,19.7,16.9,PASS,Borderline,Pass
C5238,ISRO-SCL-250217-07,Op-Amp IC,0,38.4,3.07,14.9,38.0,28.9,PASS,Borderline,Pass
C5239,ISRO-SCL-250217-07,Op-Amp IC,0,13.0,1.04,4.5,13.2,9.6,PASS,Safe,Pass
C5240,ISRO-SCL-250203-05,Digital Logic IC,0,10.8,0.86,11.0,5.7,9.9,PASS,Safe,Pass
C5241,ISRO-SCL-250224-08,MOSFET,0,17.5,1.4,11.0,18.6,15.1,PASS,Safe,Pass
C5242,ISRO-SCL-250414-15,Digital Logic IC,0,12.2,0.98,5.0,2.8,7.5,PASS,Safe,Pass
C5243,ISRO-SCL-250224-08,MOSFET,0,17.0,1.36,6.1,5.4,10.3,PASS,Safe,Pass
C5244,ISRO-SCL-250203-05,Digital Logic IC,0,16.0,1.28,26.4,6.2,18.2,PASS,Safe,Pass
C5245,ISRO-SCL-250120-03,Op-Amp IC,0,33.6,2.69,38.1,87.6,46.2,MONITOR,Safe,Pass
C5246,ISRO-SCL-250421-16,MOSFET,0,14.0,1.12,19.3,7.7,14.9,PASS,Safe,Pass
C5247,ISRO-SCL-250127-04,Op-Amp IC,0,10.5,0.84,7.7,14.6,10.2,PASS,Safe,Pass
C5248,ISRO-SCL-250127-04,Op-Amp IC,1,15.5,1.24,44.9,23.1,85.0,REJECT,Borderline,Fail
C5249,ISRO-SCL-250203-05,Digital Logic IC,0,13.2,1.05,11.3,9.5,11.7,PASS,Safe,Pass
C5250,ISRO-SCL-250310-10,Voltage Regulator IC,1,15.5,1.24,26.4,6.8,85.0,REJECT,Fail,Fail
C5251,ISRO-SCL-250224-08,MOSFET,0,55.9,4.47,32.3,32.3,41.8,MONITOR,Borderline,Pass
C5252,ISRO-SCL-250407-14,MOSFET,1,13.3,1.06,6.3,9.7,85.0,REJECT,Fail,Fail
C5253,ISRO-SCL-250414-15,Digital Logic IC,1,23.2,1.85,25.1,2.3,85.0,REJECT,Safe,Fail
C5254,ISRO-SCL-250217-07,Op-Amp IC,0,16.7,1.34,13.5,21.0,16.3,PASS,Safe,Pass
C5255,ISRO-SCL-250407-14,MOSFET,1,15.3,1.22,31.6,1.5,85.0,REJECT,Safe,Fail
C5256,ISRO-SCL-250414-15,Digital Logic IC,0,13.6,1.09,9.4,8.3,10.8,PASS,Safe,Pass
C5257,ISRO-SCL-250421-16,MOSFET,0,8.4,0.67,8.4,6.5,8.0,PASS,Safe,Pass
C5258,ISRO-SCL-250120-03,Op-Amp IC,1,15.5,1.24,15.0,11.0,85.0,REJECT,Safe,Fail
C5259,ISRO-SCL-250210-06,MOSFET,0,13.4,1.08,7.6,12.9,11.0,PASS,Safe,Pass
C5260,ISRO-SCL-250428-17,Voltage Regulator IC,0,17.8,1.42,21.0,22.3,20.0,PASS,Safe,Pass
C5261,ISRO-SCL-250331-13,Voltage Regulator IC,1,14.0,1.12,24.0,30.3,85.0,REJECT,Borderline,Fail
C5262,ISRO-SCL-250120-03,Op-Amp IC,0,9.0,0.72,4.8,8.5,7.2,PASS,Safe,Pass
C5263,ISRO-SCL-250331-13,Voltage Regulator IC,1,20.0,1.6,42.7,8.5,85.0,REJECT,Safe,Fail
C5264,ISRO-SCL-250519-20,Voltage Regulator IC,0,55.7,4.45,26.8,44.7,41.9,MONITOR,Fail,Pass
C5265,ISRO-SCL-250421-16,MOSFET,0,16.9,1.35,2.1,5.2,8.6,PASS,Safe,Pass
C5266,ISRO-SCL-250421-16,MOSFET,0,24.7,1.98,44.7,14.0,30.6,MONITOR,Safe,Pass
C5267,ISRO-SCL-250407-14,MOSFET,0,100.0,117.74,100.0,51.9,90.4,REJECT,Borderline,Pass
C5268,ISRO-SCL-250505-18,Op-Amp IC,0,20.2,1.61,29.3,17.3,23.2,PASS,Safe,Pass
C5269,ISRO-SCL-250519-20,Voltage Regulator IC,1,54.2,4.34,40.5,30.2,85.0,REJECT,Fail,Fail
C5270,ISRO-SCL-250512-19,Op-Amp IC,1,65.9,5.27,54.9,37.5,85.0,REJECT,Fail,Fail
C5271,ISRO-SCL-250106-01,MOSFET,0,16.3,1.3,17.5,12.5,16.0,PASS,Safe,Pass
C5272,ISRO-SCL-250203-05,Digital Logic IC,0,8.8,0.7,8.0,5.5,7.8,PASS,Safe,Pass
C5273,ISRO-SCL-250113-02,MOSFET,0,14.3,1.14,18.0,8.7,14.6,PASS,Safe,Pass
C5274,ISRO-SCL-250421-16,MOSFET,0,15.5,1.24,1.1,15.3,9.7,PASS,Safe,Pass
C5275,ISRO-SCL-250414-15,Digital Logic IC,0,21.1,1.69,15.0,1.3,14.7,PASS,Safe,Pass
C5276,ISRO-SCL-250421-16,MOSFET,0,17.9,1.43,18.5,23.8,19.3,PASS,Borderline,Pass
C5277,ISRO-SCL-250310-10,Voltage Regulator IC,0,12.0,0.96,10.3,12.1,11.4,PASS,Safe,Pass
C5278,ISRO-SCL-250113-02,MOSFET,0,11.4,0.91,6.1,3.0,7.6,PASS,Safe,Pass
C5279,ISRO-SCL-250217-07,Op-Amp IC,0,14.2,1.14,7.0,12.6,11.0,PASS,Safe,Pass
C5280,ISRO-SCL-250113-02,MOSFET,0,66.2,5.3,30.4,100.0,58.7,MONITOR,Safe,Pass
C5281,ISRO-SCL-250127-04,Op-Amp IC,0,35.0,2.8,33.2,34.6,34.2,MONITOR,Fail,Pass
C5282,ISRO-SCL-250317-11,Voltage Regulator IC,0,12.3,0.98,4.8,8.7,8.6,PASS,Safe,Pass
C5283,ISRO-SCL-250519-20,Voltage Regulator IC,1,17.2,1.38,20.0,2.2,85.0,REJECT,Safe,Fail
C5284,ISRO-SCL-250407-14,MOSFET,0,12.6,1.01,17.2,6.2,13.2,PASS,Safe,Pass
C5285,ISRO-SCL-250303-09,Voltage Regulator IC,0,13.2,1.06,12.5,6.6,11.6,PASS,Safe,Pass
C5286,ISRO-SCL-250331-13,Voltage Regulator IC,0,24.1,1.93,16.5,29.9,22.2,PASS,Fail,Pass
C5287,ISRO-SCL-250421-16,MOSFET,0,18.3,1.46,15.5,7.6,15.0,PASS,Safe,Pass
C5288,ISRO-SCL-250331-13,Voltage Regulator IC,0,15.3,1.22,4.0,7.4,9.2,PASS,Safe,Pass
C5289,ISRO-SCL-250324-12,Op-Amp IC,0,8.4,0.67,10.5,8.7,9.3,PASS,Safe,Pass
C5290,ISRO-SCL-250120-03,Op-Amp IC,0,7.7,0.62,0.8,7.0,4.8,PASS,Safe,Pass
C5291,ISRO-SCL-250106-01,MOSFET,0,28.0,2.24,31.9,30.3,30.0,MONITOR,Fail,Pass
C5292,ISRO-SCL-250407-14,MOSFET,0,14.7,1.18,16.7,19.9,16.5,PASS,Borderline,Pass
C5293,ISRO-SCL-250120-03,Op-Amp IC,0,15.7,1.25,15.0,21.4,16.6,PASS,Borderline,Pass
C5294,ISRO-SCL-250113-02,MOSFET,0,14.7,1.18,9.4,10.0,11.6,PASS,Safe,Pass
C5295,ISRO-SCL-250113-02,MOSFET,0,100.0,12.48,53.3,35.7,68.5,HOLD,Borderline,Pass
C5296,ISRO-SCL-250414-15,Digital Logic IC,0,8.5,0.68,5.3,19.3,9.4,PASS,Borderline,Pass
C5297,ISRO-SCL-250120-03,Op-Amp IC,0,15.2,1.21,16.5,7.6,14.2,PASS,Safe,Pass
C5298,ISRO-SCL-250331-13,Voltage Regulator IC,1,16.1,1.29,23.3,17.0,85.0,REJECT,Safe,Fail
C5299,ISRO-SCL-250120-03,Op-Amp IC,1,30.9,2.47,50.3,36.7,85.0,REJECT,Fail,Fail
C5300,ISRO-SCL-250310-10,Voltage Regulator IC,0,18.1,1.45,8.9,3.0,11.4,PASS,Safe,Pass
C5301,ISRO-SCL-250331-13,Voltage Regulator IC,0,9.9,0.79,0.2,8.2,5.7,PASS,Safe,Pass
C5302,ISRO-SCL-250331-13,Voltage Regulator IC,0,10.8,0.87,4.6,7.8,7.7,PASS,Safe,Pass
C5303,ISRO-SCL-250113-02,MOSFET,0,13.7,1.1,7.0,2.2,8.7,PASS,Safe,Pass
C5304,ISRO-SCL-250203-05,Digital Logic IC,0,12.1,0.96,10.2,9.4,10.8,PASS,Safe,Pass
C5305,ISRO-SCL-250303-09,Voltage Regulator IC,0,33.7,2.69,17.9,22.7,25.2,PASS,Borderline,Pass
C5306,ISRO-SCL-250303-09,Voltage Regulator IC,0,10.9,0.87,9.1,3.3,8.7,PASS,Safe,Pass
C5307,ISRO-SCL-250106-01,MOSFET,0,14.8,1.18,12.0,15.0,13.7,PASS,Safe,Pass
C5308,ISRO-SCL-250224-08,MOSFET,0,13.5,1.08,11.3,20.3,14.0,PASS,Safe,Pass
C5309,ISRO-SCL-250407-14,MOSFET,1,15.5,1.24,20.8,20.7,85.0,REJECT,Borderline,Fail
C5310,ISRO-SCL-250331-13,Voltage Regulator IC,0,29.0,2.32,31.2,8.7,25.8,PASS,Borderline,Pass
C5311,ISRO-SCL-250421-16,MOSFET,0,45.1,3.61,29.4,22.2,34.2,MONITOR,Safe,Pass
C5312,ISRO-SCL-250407-14,MOSFET,0,16.7,1.34,17.8,16.3,17.1,PASS,Borderline,Pass
C5313,ISRO-SCL-250217-07,Op-Amp IC,1,37.1,2.97,39.9,21.1,85.0,REJECT,Fail,Fail
C5314,ISRO-SCL-250505-18,Op-Amp IC,0,18.5,1.48,21.6,10.3,18.1,PASS,Safe,Pass
C5315,ISRO-SCL-250512-19,Op-Amp IC,0,13.7,1.09,10.7,20.5,13.8,PASS,Safe,Pass
C5316,ISRO-SCL-250505-18,Op-Amp IC,0,10.3,0.83,4.8,13.2,8.7,PASS,Safe,Pass
C5317,ISRO-SCL-250310-10,Voltage Regulator IC,0,11.4,0.91,17.5,6.7,12.9,PASS,Safe,Pass
C5318,ISRO-SCL-250203-05,Digital Logic IC,0,13.5,1.08,5.6,11.9,10.0,PASS,Safe,Pass
C5319,ISRO-SCL-250331-13,Voltage Regulator IC,1,28.9,2.31,37.1,17.9,85.0,REJECT,Borderline,Fail
C5320,ISRO-SCL-250127-04,Op-Amp IC,0,13.5,1.08,14.7,12.5,13.8,PASS,Borderline,Pass
C5321,ISRO-SCL-250113-02,MOSFET,0,18.5,1.48,12.4,25.7,17.5,PASS,Borderline,Pass
C5322,ISRO-SCL-250324-12,Op-Amp IC,1,18.5,1.48,22.4,12.3,85.0,REJECT,Fail,Fail
C5323,ISRO-SCL-250127-04,Op-Amp IC,0,14.5,1.16,12.6,9.9,12.8,PASS,Safe,Pass
C5324,ISRO-SCL-250331-13,Voltage Regulator IC,0,12.0,0.96,8.9,13.6,11.1,PASS,Safe,Pass
C5325,ISRO-SCL-250210-06,MOSFET,0,50.3,4.03,29.0,15.0,34.7,MONITOR,Borderline,Pass
C5326,ISRO-SCL-250414-15,Digital Logic IC,0,12.9,1.03,29.1,29.9,22.8,PASS,Borderline,Pass
C5327,ISRO-SCL-250428-17,Voltage Regulator IC,0,15.8,1.27,18.7,7.7,15.3,PASS,Safe,Pass
C5328,ISRO-SCL-250310-10,Voltage Regulator IC,1,13.9,1.11,2.4,11.8,85.0,REJECT,Fail,Fail
C5329,ISRO-SCL-250407-14,MOSFET,0,13.4,1.07,11.6,14.6,12.9,PASS,Safe,Pass
C5330,ISRO-SCL-250303-09,Voltage Regulator IC,0,13.7,1.09,26.7,11.0,18.3,PASS,Safe,Pass
C5331,ISRO-SCL-250519-20,Voltage Regulator IC,0,19.3,1.54,3.4,13.8,11.8,PASS,Safe,Pass
C5332,ISRO-SCL-250519-20,Voltage Regulator IC,0,10.8,0.87,8.1,12.4,10.1,PASS,Safe,Pass
C5333,ISRO-SCL-250407-14,MOSFET,0,35.0,2.8,30.5,34.2,33.0,MONITOR,Fail,Pass
C5334,ISRO-SCL-250203-05,Digital Logic IC,0,12.6,1.01,13.0,4.6,11.2,PASS,Safe,Pass
C5335,ISRO-SCL-250113-02,MOSFET,0,17.6,1.41,15.2,26.7,18.5,PASS,Safe,Pass
C5336,ISRO-SCL-250113-02,MOSFET,1,64.3,5.15,42.6,25.5,85.0,REJECT,Fail,Fail
C5337,ISRO-SCL-250331-13,Voltage Regulator IC,0,15.8,1.27,6.8,10.1,11.1,PASS,Safe,Pass
C5338,ISRO-SCL-250331-13,Voltage Regulator IC,0,13.1,1.05,6.7,8.7,9.7,PASS,Safe,Pass
C5339,ISRO-SCL-250210-06,MOSFET,0,23.9,1.91,26.6,9.3,22.0,PASS,Safe,Pass
C5340,ISRO-SCL-250203-05,Digital Logic IC,0,15.0,1.2,22.7,18.6,18.8,PASS,Safe,Pass
C5341,ISRO-SCL-250113-02,MOSFET,0,18.3,1.46,13.3,1.4,12.9,PASS,Safe,Pass
C5342,ISRO-SCL-250414-15,Digital Logic IC,1,37.7,3.02,31.5,48.2,85.0,REJECT,Fail,Fail
C5343,ISRO-SCL-250113-02,MOSFET,0,16.9,1.35,9.5,11.5,12.9,PASS,Safe,Pass
C5344,ISRO-SCL-250120-03,Op-Amp IC,1,16.8,1.34,10.2,23.2,85.0,REJECT,Fail,Fail
C5345,ISRO-SCL-250120-03,Op-Amp IC,0,12.5,1.0,15.4,23.6,15.9,PASS,Safe,Pass
C5346,ISRO-SCL-250317-11,Voltage Regulator IC,0,11.5,0.92,31.7,31.4,23.6,PASS,Borderline,Pass
C5347,ISRO-SCL-250203-05,Digital Logic IC,0,30.6,2.45,23.6,14.1,24.5,PASS,Safe,Pass
C5348,ISRO-SCL-250421-16,MOSFET,0,17.3,1.39,3.9,12.7,11.0,PASS,Safe,Pass
C5349,ISRO-SCL-250303-09,Voltage Regulator IC,0,14.5,1.16,7.4,20.9,12.9,PASS,Borderline,Pass
C5350,ISRO-SCL-250505-18,Op-Amp IC,0,17.7,1.42,18.0,5.9,15.5,PASS,Safe,Pass
C5351,ISRO-SCL-250310-10,Voltage Regulator IC,0,72.6,5.81,31.2,16.4,44.8,MONITOR,Safe,Pass
C5352,ISRO-SCL-250421-16,MOSFET,0,16.6,1.33,6.2,20.5,13.2,PASS,Safe,Pass
C5353,ISRO-SCL-250120-03,Op-Amp IC,1,16.0,1.28,26.8,17.1,85.0,REJECT,Safe,Fail
C5354,ISRO-SCL-250324-12,Op-Amp IC,0,13.8,1.11,18.5,10.3,15.0,PASS,Safe,Pass
C5355,ISRO-SCL-250505-18,Op-Amp IC,0,18.9,1.52,19.2,2.7,15.8,PASS,Safe,Pass
C5356,ISRO-SCL-250331-13,Voltage Regulator IC,0,45.7,3.66,30.9,27.3,36.1,MONITOR,Borderline,Pass
C5357,ISRO-SCL-250414-15,Digital Logic IC,0,7.3,0.59,2.3,9.4,5.7,PASS,Safe,Pass
C5358,ISRO-SCL-250224-08,MOSFET,1,78.5,6.28,28.1,37.7,85.0,REJECT,Fail,Fail
C5359,ISRO-SCL-250317-11,Voltage Regulator IC,0,13.1,1.05,11.9,7.0,11.4,PASS,Safe,Pass
C5360,ISRO-SCL-250421-16,MOSFET,1,82.2,6.58,64.7,32.6,85.0,REJECT,Fail,Fail
C5361,ISRO-SCL-250519-20,Voltage Regulator IC,0,14.7,1.18,14.8,12.6,14.3,PASS,Safe,Pass
C5362,ISRO-SCL-250310-10,Voltage Regulator IC,0,13.8,1.1,19.4,4.3,14.2,PASS,Safe,Pass
C5363,ISRO-SCL-250505-18,Op-Amp IC,0,17.5,1.4,36.8,11.9,24.1,PASS,Safe,Pass
C5364,ISRO-SCL-250505-18,Op-Amp IC,0,51.8,4.14,11.0,25.6,30.3,MONITOR,Fail,Pass
C5365,ISRO-SCL-250224-08,MOSFET,0,15.3,1.23,2.3,13.7,9.8,PASS,Safe,Pass
C5366,ISRO-SCL-250120-03,Op-Amp IC,0,8.4,0.67,0.0,9.0,5.2,PASS,Safe,Pass
C5367,ISRO-SCL-250113-02,MOSFET,1,17.3,1.39,25.4,5.2,85.0,REJECT,Safe,Fail
C5368,ISRO-SCL-250414-15,Digital Logic IC,0,17.8,1.42,4.8,5.2,10.1,PASS,Safe,Pass
C5369,ISRO-SCL-250224-08,MOSFET,0,7.9,0.63,1.4,22.1,8.2,PASS,Borderline,Pass
C5370,ISRO-SCL-250407-14,MOSFET,0,14.5,1.16,9.8,6.4,11.0,PASS,Safe,Pass
C5371,ISRO-SCL-250421-16,MOSFET,0,35.1,2.81,10.8,17.9,21.9,PASS,Borderline,Pass
C5372,ISRO-SCL-250310-10,Voltage Regulator IC,0,13.3,1.06,0.4,26.0,10.7,PASS,Safe,Pass
C5373,ISRO-SCL-250106-01,MOSFET,0,18.5,1.48,7.7,22.7,15.0,PASS,Borderline,Pass
C5374,ISRO-SCL-250407-14,MOSFET,0,16.4,1.31,20.7,14.2,17.7,PASS,Safe,Pass
C5375,ISRO-SCL-250113-02,MOSFET,1,9.8,0.79,8.3,13.5,85.0,REJECT,Safe,Fail
C5376,ISRO-SCL-250505-18,Op-Amp IC,0,33.7,2.7,9.8,28.2,23.1,PASS,Borderline,Pass
C5377,ISRO-SCL-250217-07,Op-Amp IC,0,15.4,1.23,9.8,25.0,15.1,PASS,Borderline,Pass
C5378,ISRO-SCL-250113-02,MOSFET,1,14.0,1.12,23.1,2.6,85.0,REJECT,Fail,Fail
C5379,ISRO-SCL-250505-18,Op-Amp IC,0,16.9,1.35,16.6,16.5,16.7,PASS,Safe,Pass
C5380,ISRO-SCL-250512-19,Op-Amp IC,0,8.9,0.71,6.1,9.2,7.8,PASS,Safe,Pass
C5381,ISRO-SCL-250407-14,MOSFET,0,22.5,1.8,58.4,49.9,42.3,MONITOR,Fail,Pass
C5382,ISRO-SCL-250317-11,Voltage Regulator IC,0,16.5,1.32,23.1,11.8,18.2,PASS,Safe,Pass
C5383,ISRO-SCL-250407-14,MOSFET,0,6.0,0.48,1.1,16.0,6.1,PASS,Safe,Pass
C5384,ISRO-SCL-250317-11,Voltage Regulator IC,0,17.0,1.36,8.1,23.5,14.7,PASS,Safe,Pass
C5385,ISRO-SCL-250106-01,MOSFET,1,17.0,1.36,17.4,9.8,85.0,REJECT,Safe,Fail
C5386,ISRO-SCL-250127-04,Op-Amp IC,0,15.8,1.26,13.7,32.0,18.2,PASS,Borderline,Pass
C5387,ISRO-SCL-250127-04,Op-Amp IC,0,12.6,1.01,2.1,7.2,7.3,PASS,Safe,Pass
C5388,ISRO-SCL-250407-14,MOSFET,0,11.5,0.92,14.2,46.9,19.7,PASS,Fail,Pass
C5389,ISRO-SCL-250203-05,Digital Logic IC,0,28.3,2.26,6.1,15.1,16.8,PASS,Safe,Pass
C5390,ISRO-SCL-250414-15,Digital Logic IC,1,8.9,0.71,7.5,23.5,85.0,REJECT,Fail,Fail
C5391,ISRO-SCL-250127-04,Op-Amp IC,1,55.9,4.47,46.3,21.6,85.0,REJECT,Fail,Fail
C5392,ISRO-SCL-250407-14,MOSFET,1,23.6,1.89,13.5,31.3,85.0,REJECT,Fail,Fail
C5393,ISRO-SCL-250106-01,MOSFET,0,11.1,0.89,18.4,27.9,17.4,PASS,Fail,Pass
C5394,ISRO-SCL-250331-13,Voltage Regulator IC,0,16.9,1.35,12.4,12.1,14.2,PASS,Safe,Pass
C5395,ISRO-SCL-250210-06,MOSFET,0,12.2,0.97,11.5,25.4,14.6,PASS,Safe,Pass
C5396,ISRO-SCL-250113-02,MOSFET,0,100.0,28.16,69.6,100.0,87.9,REJECT,Borderline,Pass
C5397,ISRO-SCL-250217-07,Op-Amp IC,0,13.2,1.06,6.3,8.4,9.5,PASS,Safe,Pass
C5398,ISRO-SCL-250203-05,Digital Logic IC,0,17.9,1.43,36.0,25.0,26.6,PASS,Borderline,Pass
C5399,ISRO-SCL-250127-04,Op-Amp IC,1,19.5,1.56,35.0,1.4,85.0,REJECT,Safe,Fail
C5400,ISRO-SCL-250224-08,MOSFET,0,7.0,0.56,5.5,25.8,10.2,PASS,Borderline,Pass
C5401,ISRO-SCL-250414-15,Digital Logic IC,0,29.5,2.36,34.0,10.9,27.6,PASS,Borderline,Pass
C5402,ISRO-SCL-250407-14,MOSFET,1,23.8,1.9,23.4,22.8,85.0,REJECT,Fail,Fail
C5403,ISRO-SCL-250421-16,MOSFET,0,15.7,1.26,16.8,6.4,14.3,PASS,Safe,Pass
C5404,ISRO-SCL-250113-02,MOSFET,0,10.7,0.85,0.8,3.1,5.2,PASS,Safe,Pass
C5405,ISRO-SCL-250217-07,Op-Amp IC,0,16.6,1.33,17.4,12.0,16.0,PASS,Safe,Pass
C5406,ISRO-SCL-250407-14,MOSFET,0,24.4,1.95,17.7,29.0,22.6,PASS,Fail,Pass
C5407,ISRO-SCL-250414-15,Digital Logic IC,1,12.6,1.01,1.7,6.7,85.0,REJECT,Fail,Fail
C5408,ISRO-SCL-250421-16,MOSFET,0,11.4,0.91,7.3,19.1,11.3,PASS,Safe,Pass
C5409,ISRO-SCL-250407-14,MOSFET,0,35.7,2.86,38.3,67.2,43.1,MONITOR,Fail,Pass
C5410,ISRO-SCL-250428-17,Voltage Regulator IC,0,13.5,1.08,3.4,22.0,11.2,PASS,Borderline,Pass
C5411,ISRO-SCL-250421-16,MOSFET,0,8.4,0.67,2.9,8.3,6.2,PASS,Safe,Pass
C5412,ISRO-SCL-250113-02,MOSFET,1,13.5,1.08,19.9,7.5,85.0,REJECT,Safe,Fail
C5413,ISRO-SCL-250310-10,Voltage Regulator IC,0,12.7,1.02,10.4,5.8,10.4,PASS,Safe,Pass
C5414,ISRO-SCL-250310-10,Voltage Regulator IC,0,13.9,1.11,20.5,26.2,19.0,PASS,Borderline,Pass
C5415,ISRO-SCL-250303-09,Voltage Regulator IC,0,10.5,0.84,7.1,9.2,8.9,PASS,Safe,Pass
C5416,ISRO-SCL-250505-18,Op-Amp IC,0,3.4,0.27,0.6,11.1,3.8,PASS,Safe,Pass
C5417,ISRO-SCL-250113-02,MOSFET,0,14.9,1.19,18.5,22.3,17.8,PASS,Safe,Pass
C5418,ISRO-SCL-250421-16,MOSFET,0,8.1,0.65,8.1,6.5,7.8,PASS,Safe,Pass
C5419,ISRO-SCL-250414-15,Digital Logic IC,1,11.3,0.9,6.4,12.0,85.0,REJECT,Fail,Fail
C5420,ISRO-SCL-250217-07,Op-Amp IC,0,15.4,1.23,15.1,2.2,12.7,PASS,Safe,Pass
C5421,ISRO-SCL-250210-06,MOSFET,0,11.2,0.9,2.3,14.4,8.3,PASS,Safe,Pass
C5422,ISRO-SCL-250127-04,Op-Amp IC,0,44.9,3.59,35.1,38.3,39.6,MONITOR,Fail,Pass
C5423,ISRO-SCL-250512-19,Op-Amp IC,1,16.2,1.3,28.1,20.9,85.0,REJECT,Safe,Fail
C5424,ISRO-SCL-250203-05,Digital Logic IC,0,36.7,2.94,12.4,20.1,23.7,PASS,Safe,Pass
C5425,ISRO-SCL-250127-04,Op-Amp IC,0,14.4,1.15,8.3,6.7,10.4,PASS,Safe,Pass
C5426,ISRO-SCL-250303-09,Voltage Regulator IC,0,9.2,0.74,1.4,12.6,6.7,PASS,Safe,Pass
C5427,ISRO-SCL-250203-05,Digital Logic IC,0,16.1,1.29,19.2,0.1,14.2,PASS,Safe,Pass
C5428,ISRO-SCL-250310-10,Voltage Regulator IC,0,10.4,0.83,10.2,3.5,8.9,PASS,Safe,Pass
C5429,ISRO-SCL-250127-04,Op-Amp IC,0,17.9,1.43,32.5,6.7,21.5,PASS,Safe,Pass
C5430,ISRO-SCL-250113-02,MOSFET,0,14.5,1.16,3.9,1.1,7.6,PASS,Safe,Pass
C5431,ISRO-SCL-250120-03,Op-Amp IC,0,12.1,0.97,9.4,9.3,10.5,PASS,Safe,Pass
C5432,ISRO-SCL-250106-01,MOSFET,0,10.8,0.86,13.3,30.6,15.7,PASS,Borderline,Pass
C5433,ISRO-SCL-250113-02,MOSFET,0,14.5,1.16,36.6,33.4,27.1,PASS,Borderline,Pass
C5434,ISRO-SCL-250407-14,MOSFET,0,11.4,0.91,16.2,35.6,18.2,PASS,Borderline,Pass
C5435,ISRO-SCL-250127-04,Op-Amp IC,0,12.6,1.01,7.1,17.4,11.4,PASS,Safe,Pass
C5436,ISRO-SCL-250519-20,Voltage Regulator IC,0,29.5,2.36,20.6,22.0,24.4,PASS,Borderline,Pass
C5437,ISRO-SCL-250324-12,Op-Amp IC,0,16.1,1.29,13.3,15.2,14.8,PASS,Safe,Pass
C5438,ISRO-SCL-250120-03,Op-Amp IC,0,13.5,1.08,5.8,1.0,7.9,PASS,Safe,Pass
C5439,ISRO-SCL-250127-04,Op-Amp IC,1,54.3,4.34,39.6,32.8,85.0,REJECT,Fail,Fail
C5440,ISRO-SCL-250203-05,Digital Logic IC,0,33.7,2.7,18.8,12.2,23.5,PASS,Safe,Pass
C5441,ISRO-SCL-250217-07,Op-Amp IC,1,100.0,8.39,79.1,49.5,85.0,REJECT,Fail,Fail
C5442,ISRO-SCL-250203-05,Digital Logic IC,0,17.2,1.37,19.0,4.3,15.3,PASS,Safe,Pass
C5443,ISRO-SCL-250203-05,Digital Logic IC,0,19.9,1.59,25.2,9.5,19.9,PASS,Safe,Pass
C5444,ISRO-SCL-250217-07,Op-Amp IC,0,16.9,1.35,7.4,14.5,12.6,PASS,Fail,Pass
C5445,ISRO-SCL-250113-02,MOSFET,1,16.9,1.35,28.4,5.4,85.0,REJECT,Safe,Fail
C5446,ISRO-SCL-250106-01,MOSFET,0,14.9,1.19,12.0,0.1,10.8,PASS,Safe,Pass
C5447,ISRO-SCL-250505-18,Op-Amp IC,0,36.7,2.94,29.3,10.9,28.6,PASS,Fail,Pass
C5448,ISRO-SCL-250331-13,Voltage Regulator IC,1,20.8,1.66,5.2,7.0,85.0,REJECT,Fail,Fail
C5449,ISRO-SCL-250505-18,Op-Amp IC,1,15.8,1.26,14.0,1.0,85.0,REJECT,Safe,Fail
C5450,ISRO-SCL-250505-18,Op-Amp IC,0,14.6,1.16,21.1,15.9,17.5,PASS,Borderline,Pass
C5451,ISRO-SCL-250127-04,Op-Amp IC,0,16.9,1.35,35.8,38.6,28.8,PASS,Borderline,Pass
C5452,ISRO-SCL-250106-01,MOSFET,0,23.2,1.85,28.5,24.2,25.5,PASS,Fail,Pass
C5453,ISRO-SCL-250512-19,Op-Amp IC,0,97.4,7.79,93.9,55.3,87.6,REJECT,Fail,Pass
C5454,ISRO-SCL-250203-05,Digital Logic IC,0,13.5,1.08,13.3,4.2,11.6,PASS,Safe,Pass
C5455,ISRO-SCL-250519-20,Voltage Regulator IC,0,17.2,1.38,26.7,20.4,21.6,PASS,Borderline,Pass
C5456,ISRO-SCL-250113-02,MOSFET,0,13.5,1.08,0.0,12.6,7.9,PASS,Safe,Pass
C5457,ISRO-SCL-250331-13,Voltage Regulator IC,0,11.1,0.89,3.8,5.3,7.0,PASS,Safe,Pass
C5458,ISRO-SCL-250407-14,MOSFET,1,17.0,1.36,29.1,35.0,85.0,REJECT,Safe,Fail
C5459,ISRO-SCL-250217-07,Op-Amp IC,0,13.2,1.05,16.3,4.7,12.7,PASS,Safe,Pass
C5460,ISRO-SCL-250310-10,Voltage Regulator IC,0,14.7,1.17,12.3,8.1,12.4,PASS,Safe,Pass
C5461,ISRO-SCL-250203-05,Digital Logic IC,0,10.3,0.82,6.2,7.4,8.1,PASS,Safe,Pass
C5462,ISRO-SCL-250317-11,Voltage Regulator IC,1,79.9,6.39,74.4,100.0,85.0,REJECT,Fail,Fail
C5463,ISRO-SCL-250127-04,Op-Amp IC,0,13.1,1.05,16.4,39.1,19.6,PASS,Fail,Pass
C5464,ISRO-SCL-250210-06,MOSFET,0,13.7,1.1,25.9,3.9,16.6,PASS,Safe,Pass
C5465,ISRO-SCL-250421-16,MOSFET,0,14.5,1.16,8.3,12.5,11.6,PASS,Safe,Pass
C5466,ISRO-SCL-250407-14,MOSFET,1,11.6,0.93,8.7,11.0,85.0,REJECT,Safe,Fail
C5467,ISRO-SCL-250127-04,Op-Amp IC,0,14.7,1.17,18.7,0.3,13.4,PASS,Safe,Pass
C5468,ISRO-SCL-250127-04,Op-Amp IC,0,7.4,0.59,4.9,20.7,9.0,PASS,Safe,Pass
C5469,ISRO-SCL-250512-19,Op-Amp IC,1,15.1,1.21,31.9,11.6,85.0,REJECT,Safe,Fail
C5470,ISRO-SCL-250113-02,MOSFET,1,21.2,1.7,20.1,19.4,85.0,REJECT,Borderline,Fail
C5471,ISRO-SCL-250127-04,Op-Amp IC,0,13.1,1.04,26.4,39.6,23.7,PASS,Borderline,Pass
C5472,ISRO-SCL-250127-04,Op-Amp IC,0,24.0,1.92,20.5,29.2,23.6,PASS,Borderline,Pass
C5473,ISRO-SCL-250310-10,Voltage Regulator IC,0,16.1,1.28,17.5,18.1,17.0,PASS,Borderline,Pass
C5474,ISRO-SCL-250210-06,MOSFET,0,26.3,2.1,15.5,4.0,17.5,PASS,Safe,Pass
C5475,ISRO-SCL-250331-13,Voltage Regulator IC,1,17.2,1.38,34.7,3.9,85.0,REJECT,Safe,Fail
C5476,ISRO-SCL-250127-04,Op-Amp IC,0,8.4,0.67,1.2,17.6,7.3,PASS,Safe,Pass
C5477,ISRO-SCL-250421-16,MOSFET,1,18.7,1.5,23.6,8.4,85.0,REJECT,Safe,Fail
C5478,ISRO-SCL-250310-10,Voltage Regulator IC,0,13.9,1.11,11.5,15.8,13.3,PASS,Safe,Pass
C5479,ISRO-SCL-250512-19,Op-Amp IC,1,47.8,3.82,19.5,35.6,85.0,REJECT,Fail,Fail
C5480,ISRO-SCL-250303-09,Voltage Regulator IC,0,21.4,1.71,15.8,3.8,15.6,PASS,Safe,Pass
C5481,ISRO-SCL-250120-03,Op-Amp IC,0,6.5,0.52,4.0,10.6,6.3,PASS,Safe,Pass
C5482,ISRO-SCL-250303-09,Voltage Regulator IC,0,9.7,0.77,2.2,12.4,7.2,PASS,Safe,Pass
C5483,ISRO-SCL-250106-01,MOSFET,0,16.0,1.28,20.4,16.1,17.8,PASS,Borderline,Pass
C5484,ISRO-SCL-250127-04,Op-Amp IC,0,17.9,1.43,6.6,12.7,12.4,PASS,Safe,Pass
C5485,ISRO-SCL-250210-06,MOSFET,0,22.3,1.79,18.1,10.2,18.2,PASS,Safe,Pass
C5486,ISRO-SCL-250127-04,Op-Amp IC,1,27.4,2.19,32.5,16.4,85.0,REJECT,Borderline,Fail
C5487,ISRO-SCL-250217-07,Op-Amp IC,0,12.7,1.02,6.5,5.8,8.8,PASS,Safe,Pass
C5488,ISRO-SCL-250317-11,Voltage Regulator IC,0,13.1,1.05,26.7,44.8,24.9,PASS,Fail,Pass
C5489,ISRO-SCL-250113-02,MOSFET,1,12.7,1.02,19.9,2.6,85.0,REJECT,Safe,Fail
C5490,ISRO-SCL-250120-03,Op-Amp IC,1,100.0,11.02,100.0,60.3,92.1,REJECT,Fail,Fail
C5491,ISRO-SCL-250310-10,Voltage Regulator IC,0,21.7,1.74,1.5,17.8,12.8,PASS,Safe,Pass
C5492,ISRO-SCL-250113-02,MOSFET,0,48.7,3.89,18.8,29.2,32.8,MONITOR,Borderline,Pass
C5493,ISRO-SCL-250407-14,MOSFET,0,13.1,1.05,33.3,58.6,30.3,MONITOR,Fail,Pass
C5494,ISRO-SCL-250310-10,Voltage Regulator IC,0,100.0,172.28,99.6,51.9,90.2,REJECT,Safe,Pass
C5495,ISRO-SCL-250203-05,Digital Logic IC,0,21.9,1.75,9.2,4.8,13.4,PASS,Safe,Pass
C5496,ISRO-SCL-250203-05,Digital Logic IC,0,41.6,3.33,43.0,50.9,44.0,MONITOR,Fail,Pass
C5497,ISRO-SCL-250113-02,MOSFET,0,14.6,1.17,9.5,6.6,11.0,PASS,Safe,Pass
C5498,ISRO-SCL-250210-06,MOSFET,0,15.8,1.26,23.0,21.8,19.9,PASS,Borderline,Pass
C5499,ISRO-SCL-250421-16,MOSFET,0,17.8,1.42,18.9,1.2,14.9,PASS,Safe,Pass
C5500,ISRO-SCL-250407-14,MOSFET,1,99.9,8.0,98.3,76.7,94.6,REJECT,Fail,Fail
C5501,ISRO-SCL-250310-10,Voltage Regulator IC,0,15.5,1.24,14.7,6.6,13.4,PASS,Safe,Pass
C5502,ISRO-SCL-250331-13,Voltage Regulator IC,0,25.3,2.02,20.4,9.2,20.1,PASS,Safe,Pass
C5503,ISRO-SCL-250310-10,Voltage Regulator IC,0,16.9,1.35,24.2,3.0,17.0,PASS,Safe,Pass
C5504,ISRO-SCL-250210-06,MOSFET,0,18.3,1.46,4.2,12.5,11.5,PASS,Safe,Pass
C5505,ISRO-SCL-250310-10,Voltage Regulator IC,0,19.2,1.54,0.1,16.4,11.0,PASS,Borderline,Pass
C5506,ISRO-SCL-250127-04,Op-Amp IC,0,17.9,1.43,18.6,13.5,17.3,PASS,Borderline,Pass
C5507,ISRO-SCL-250127-04,Op-Amp IC,0,24.2,1.94,22.8,19.7,22.7,PASS,Safe,Pass
C5508,ISRO-SCL-250120-03,Op-Amp IC,1,46.1,3.69,38.3,45.4,85.0,REJECT,Fail,Fail
C5509,ISRO-SCL-250331-13,Voltage Regulator IC,0,15.2,1.22,10.8,9.1,12.3,PASS,Safe,Pass
C5510,ISRO-SCL-250224-08,MOSFET,0,33.6,2.68,19.2,24.8,26.1,PASS,Safe,Pass
C5511,ISRO-SCL-250127-04,Op-Amp IC,1,12.0,0.96,27.5,25.5,85.0,REJECT,Borderline,Fail
C5512,ISRO-SCL-250106-01,MOSFET,0,11.8,0.94,6.4,16.9,10.7,PASS,Safe,Pass
C5513,ISRO-SCL-250324-12,Op-Amp IC,1,43.5,3.48,60.2,47.9,85.0,REJECT,Fail,Fail
C5514,ISRO-SCL-250113-02,MOSFET,0,100.0,238.88,100.0,96.9,99.4,REJECT,Borderline,Pass
C5515,ISRO-SCL-250512-19,Op-Amp IC,1,16.4,1.31,33.0,21.6,85.0,REJECT,Safe,Fail
C5516,ISRO-SCL-250113-02,MOSFET,1,19.7,1.57,17.5,12.0,85.0,REJECT,Safe,Fail
C5517,ISRO-SCL-250512-19,Op-Amp IC,0,21.9,1.75,12.1,17.6,17.1,PASS,Borderline,Pass
C5518,ISRO-SCL-250310-10,Voltage Regulator IC,0,12.6,1.01,2.3,11.5,8.3,PASS,Safe,Pass
C5519,ISRO-SCL-250113-02,MOSFET,0,27.8,2.22,26.2,5.1,22.6,PASS,Safe,Pass
C5520,ISRO-SCL-250224-08,MOSFET,0,15.0,1.2,11.3,30.2,16.5,PASS,Borderline,Pass
C5521,ISRO-SCL-250127-04,Op-Amp IC,0,16.7,1.33,3.3,24.0,12.8,PASS,Borderline,Pass
C5522,ISRO-SCL-250120-03,Op-Amp IC,0,12.0,0.96,0.7,8.4,6.8,PASS,Safe,Pass
C5523,ISRO-SCL-250331-13,Voltage Regulator IC,0,14.2,1.14,4.7,9.0,9.4,PASS,Safe,Pass
C5524,ISRO-SCL-250331-13,Voltage Regulator IC,1,73.5,5.88,32.4,34.3,85.0,REJECT,Fail,Fail
C5525,ISRO-SCL-250113-02,MOSFET,0,16.4,1.31,23.7,13.3,18.7,PASS,Safe,Pass
C5526,ISRO-SCL-250120-03,Op-Amp IC,1,15.7,1.26,30.1,5.9,85.0,REJECT,Safe,Fail
C5527,ISRO-SCL-250331-13,Voltage Regulator IC,0,12.1,0.97,11.4,7.1,10.8,PASS,Safe,Pass
C5528,ISRO-SCL-250331-13,Voltage Regulator IC,1,15.7,1.25,11.7,4.3,85.0,REJECT,Safe,Fail
C5529,ISRO-SCL-250512-19,Op-Amp IC,1,56.7,4.54,25.8,41.1,85.0,REJECT,Fail,Fail
C5530,ISRO-SCL-250203-05,Digital Logic IC,0,20.2,1.62,27.8,3.5,19.9,PASS,Safe,Pass
C5531,ISRO-SCL-250428-17,Voltage Regulator IC,0,19.3,1.54,33.2,16.3,24.3,PASS,Safe,Pass
C5532,ISRO-SCL-250310-10,Voltage Regulator IC,0,16.6,1.33,22.8,5.2,16.8,PASS,Safe,Pass
C5533,ISRO-SCL-250512-19,Op-Amp IC,0,11.2,0.9,8.9,17.8,11.6,PASS,Safe,Pass
C5534,ISRO-SCL-250127-04,Op-Amp IC,1,15.3,1.23,27.6,2.3,85.0,REJECT,Borderline,Fail
C5535,ISRO-SCL-250113-02,MOSFET,0,19.7,1.57,4.3,7.9,11.2,PASS,Safe,Pass
C5536,ISRO-SCL-250407-14,MOSFET,0,14.1,1.12,17.7,24.4,17.6,PASS,Borderline,Pass
C5537,ISRO-SCL-250310-10,Voltage Regulator IC,1,100.0,10.38,71.4,50.9,85.0,REJECT,Fail,Fail
C5538,ISRO-SCL-250331-13,Voltage Regulator IC,0,10.6,0.85,4.5,10.1,8.1,PASS,Safe,Pass
C5539,ISRO-SCL-250407-14,MOSFET,1,33.7,2.7,31.7,42.9,85.0,REJECT,Fail,Fail
C5540,ISRO-SCL-250428-17,Voltage Regulator IC,0,10.5,0.84,4.3,13.2,8.6,PASS,Safe,Pass
C5541,ISRO-SCL-250421-16,MOSFET,0,19.7,1.57,5.5,5.7,11.2,PASS,Safe,Pass
C5542,ISRO-SCL-250324-12,Op-Amp IC,0,17.1,1.37,11.7,9.5,13.5,PASS,Safe,Pass
C5543,ISRO-SCL-250414-15,Digital Logic IC,1,32.7,2.61,34.9,8.8,85.0,REJECT,Fail,Fail
C5544,ISRO-SCL-250421-16,MOSFET,0,18.3,1.46,20.2,10.1,17.4,PASS,Safe,Pass
C5545,ISRO-SCL-250324-12,Op-Amp IC,0,69.5,5.56,50.6,19.4,51.9,MONITOR,Borderline,Pass
C5546,ISRO-SCL-250317-11,Voltage Regulator IC,0,100.0,158.66,100.0,97.0,99.4,REJECT,Borderline,Pass
C5547,ISRO-SCL-250505-18,Op-Amp IC,0,20.5,1.64,22.2,10.1,19.1,PASS,Safe,Pass
C5548,ISRO-SCL-250106-01,MOSFET,0,16.6,1.33,29.5,18.0,22.1,PASS,Borderline,Pass
C5549,ISRO-SCL-250210-06,MOSFET,0,35.2,2.82,33.1,28.3,33.0,MONITOR,Borderline,Pass
C5550,ISRO-SCL-250519-20,Voltage Regulator IC,1,14.1,1.13,4.9,13.1,85.0,REJECT,Fail,Fail
C5551,ISRO-SCL-250310-10,Voltage Regulator IC,0,8.0,0.64,5.9,10.4,7.6,PASS,Safe,Pass
C5552,ISRO-SCL-250428-17,Voltage Regulator IC,0,21.7,1.73,39.5,24.6,29.4,PASS,Borderline,Pass
C5553,ISRO-SCL-250113-02,MOSFET,0,15.3,1.23,11.9,7.8,12.5,PASS,Safe,Pass
C5554,ISRO-SCL-250505-18,Op-Amp IC,0,14.9,1.19,8.9,5.9,10.7,PASS,Safe,Pass
C5555,ISRO-SCL-250414-15,Digital Logic IC,0,12.9,1.03,5.3,7.3,8.7,PASS,Safe,Pass
C5556,ISRO-SCL-250210-06,MOSFET,0,64.6,5.17,30.3,33.5,44.7,MONITOR,Borderline,Pass
C5557,ISRO-SCL-250127-04,Op-Amp IC,1,45.3,3.63,30.9,37.4,85.0,REJECT,Borderline,Fail
C5558,ISRO-SCL-250428-17,Voltage Regulator IC,0,14.1,1.13,4.6,10.7,9.6,PASS,Safe,Pass
C5559,ISRO-SCL-250519-20,Voltage Regulator IC,0,14.7,1.17,31.9,64.0,31.4,MONITOR,Fail,Pass
C5560,ISRO-SCL-250407-14,MOSFET,0,15.0,1.2,15.3,16.5,15.4,PASS,Safe,Pass
C5561,ISRO-SCL-250224-08,MOSFET,0,15.3,1.23,24.6,7.2,17.4,PASS,Safe,Pass
C5562,ISRO-SCL-250106-01,MOSFET,1,100.0,12.21,95.8,82.6,94.8,REJECT,Fail,Fail
C5563,ISRO-SCL-250113-02,MOSFET,1,31.6,2.52,12.7,16.9,85.0,REJECT,Safe,Fail
C5564,ISRO-SCL-250407-14,MOSFET,0,12.2,0.97,1.0,11.9,7.7,PASS,Safe,Pass
C5565,ISRO-SCL-250203-05,Digital Logic IC,0,37.4,2.99,13.6,7.2,21.9,PASS,Safe,Pass
C5566,ISRO-SCL-250303-09,Voltage Regulator IC,0,14.7,1.18,17.4,16.1,16.1,PASS,Borderline,Pass
C5567,ISRO-SCL-250113-02,MOSFET,0,94.2,7.53,32.3,15.2,53.6,MONITOR,Fail,Pass
C5568,ISRO-SCL-250421-16,MOSFET,0,15.6,1.25,20.9,10.9,16.8,PASS,Safe,Pass
C5569,ISRO-SCL-250310-10,Voltage Regulator IC,0,26.7,2.14,14.1,5.0,17.3,PASS,Safe,Pass
C5570,ISRO-SCL-250303-09,Voltage Regulator IC,0,20.6,1.65,20.6,12.5,19.0,PASS,Safe,Pass
C5571,ISRO-SCL-250224-08,MOSFET,0,12.9,1.03,8.7,16.4,11.9,PASS,Safe,Pass
C5572,ISRO-SCL-250303-09,Voltage Regulator IC,0,33.8,2.7,14.4,25.0,24.3,PASS,Borderline,Pass
C5573,ISRO-SCL-250127-04,Op-Amp IC,0,31.4,2.51,18.8,52.2,30.5,MONITOR,Fail,Pass
C5574,ISRO-SCL-250407-14,MOSFET,1,15.1,1.21,14.1,5.4,85.0,REJECT,Safe,Fail
C5575,ISRO-SCL-250217-07,Op-Amp IC,0,11.8,0.95,20.9,5.0,14.1,PASS,Safe,Pass
C5576,ISRO-SCL-250519-20,Voltage Regulator IC,0,11.4,0.91,1.6,15.4,8.3,PASS,Safe,Pass
C5577,ISRO-SCL-250317-11,Voltage Regulator IC,0,10.8,0.86,28.1,39.1,23.3,PASS,Borderline,Pass
C5578,ISRO-SCL-250310-10,Voltage Regulator IC,1,15.7,1.26,18.6,9.7,85.0,REJECT,Safe,Fail
C5579,ISRO-SCL-250505-18,Op-Amp IC,0,16.9,1.35,11.5,3.6,12.1,PASS,Safe,Pass
C5580,ISRO-SCL-250127-04,Op-Amp IC,0,27.4,2.2,31.9,20.1,27.8,PASS,Borderline,Pass
C5581,ISRO-SCL-250519-20,Voltage Regulator IC,0,77.5,6.2,31.7,2.4,44.1,MONITOR,Safe,Pass
C5582,ISRO-SCL-250120-03,Op-Amp IC,0,15.1,1.21,16.0,2.7,13.0,PASS,Safe,Pass
C5583,ISRO-SCL-250217-07,Op-Amp IC,1,66.9,5.35,53.2,49.0,85.0,REJECT,Fail,Fail
C5584,ISRO-SCL-250120-03,Op-Amp IC,1,15.0,1.2,18.0,3.3,85.0,REJECT,Safe,Fail
C5585,ISRO-SCL-250113-02,MOSFET,0,14.9,1.19,6.8,3.8,9.5,PASS,Safe,Pass
C5586,ISRO-SCL-250331-13,Voltage Regulator IC,0,10.3,0.82,5.3,4.3,7.1,PASS,Safe,Pass
C5587,ISRO-SCL-250210-06,MOSFET,0,12.6,1.01,6.9,6.5,9.1,PASS,Safe,Pass
C5588,ISRO-SCL-250414-15,Digital Logic IC,1,17.0,1.36,26.7,8.1,85.0,REJECT,Safe,Fail
C5589,ISRO-SCL-250106-01,MOSFET,1,13.4,1.08,12.8,4.8,85.0,REJECT,Fail,Fail
C5590,ISRO-SCL-250203-05,Digital Logic IC,0,25.3,2.02,33.4,7.4,25.0,PASS,Safe,Pass
C5591,ISRO-SCL-250120-03,Op-Amp IC,1,12.9,1.03,13.0,8.7,85.0,REJECT,Safe,Fail
C5592,ISRO-SCL-250303-09,Voltage Regulator IC,0,13.8,1.1,7.2,8.1,10.0,PASS,Safe,Pass
C5593,ISRO-SCL-250120-03,Op-Amp IC,1,14.4,1.16,23.3,14.0,85.0,REJECT,Safe,Fail
C5594,ISRO-SCL-250217-07,Op-Amp IC,0,24.4,1.95,30.3,21.2,26.1,PASS,Borderline,Pass
C5595,ISRO-SCL-250210-06,MOSFET,0,11.9,0.95,19.5,8.3,14.2,PASS,Safe,Pass
C5596,ISRO-SCL-250407-14,MOSFET,0,21.8,1.74,12.9,27.5,19.4,PASS,Fail,Pass
C5597,ISRO-SCL-250217-07,Op-Amp IC,0,13.2,1.05,15.2,6.8,12.7,PASS,Safe,Pass
C5598,ISRO-SCL-250310-10,Voltage Regulator IC,0,16.0,1.28,12.9,6.2,12.8,PASS,Safe,Pass
C5599,ISRO-SCL-250519-20,Voltage Regulator IC,0,21.5,1.72,8.7,15.1,15.1,PASS,Safe,Pass
C5600,ISRO-SCL-250407-14,MOSFET,0,11.2,0.9,4.3,17.3,9.7,PASS,Safe,Pass
C5601,ISRO-SCL-250310-10,Voltage Regulator IC,0,16.9,1.35,22.9,17.0,19.3,PASS,Borderline,Pass
C5602,ISRO-SCL-250217-07,Op-Amp IC,0,33.7,2.7,32.8,26.1,31.8,MONITOR,Borderline,Pass
C5603,ISRO-SCL-250210-06,MOSFET,0,18.2,1.46,11.8,2.7,12.5,PASS,Safe,Pass
C5604,ISRO-SCL-250505-18,Op-Amp IC,0,10.7,0.86,5.9,4.8,7.6,PASS,Safe,Pass
C5605,ISRO-SCL-250113-02,MOSFET,0,12.8,1.02,2.1,9.8,7.9,PASS,Safe,Pass
C5606,ISRO-SCL-250203-05,Digital Logic IC,0,16.9,1.35,13.0,6.0,13.1,PASS,Safe,Pass
C5607,ISRO-SCL-250113-02,MOSFET,0,13.1,1.05,5.8,5.7,8.7,PASS,Safe,Pass
C5608,ISRO-SCL-250428-17,Voltage Regulator IC,0,14.5,1.16,16.9,17.5,16.0,PASS,Safe,Pass
C5609,ISRO-SCL-250512-19,Op-Amp IC,1,13.3,1.06,19.9,11.9,85.0,REJECT,Fail,Fail
C5610,ISRO-SCL-250421-16,MOSFET,0,14.5,1.16,2.3,3.5,7.4,PASS,Safe,Pass
C5611,ISRO-SCL-250512-19,Op-Amp IC,0,45.9,3.67,61.4,74.6,57.8,MONITOR,Fail,Pass
C5612,ISRO-SCL-250414-15,Digital Logic IC,1,42.0,3.36,34.3,30.2,85.0,REJECT,Borderline,Fail
C5613,ISRO-SCL-250217-07,Op-Amp IC,0,10.0,0.8,0.0,15.6,7.1,PASS,Safe,Pass
C5614,ISRO-SCL-250414-15,Digital Logic IC,0,17.2,1.38,17.6,9.8,15.9,PASS,Safe,Pass
C5615,ISRO-SCL-250519-20,Voltage Regulator IC,0,19.3,1.55,12.3,23.2,17.3,PASS,Borderline,Pass
C5616,ISRO-SCL-250113-02,MOSFET,0,17.1,1.37,14.3,16.2,15.8,PASS,Safe,Pass
C5617,ISRO-SCL-250127-04,Op-Amp IC,0,7.7,0.61,4.8,13.9,7.8,PASS,Safe,Pass
C5618,ISRO-SCL-250310-10,Voltage Regulator IC,0,26.5,2.12,8.7,14.2,16.9,PASS,Safe,Pass
C5619,ISRO-SCL-250324-12,Op-Amp IC,0,10.7,0.86,8.4,8.0,9.3,PASS,Safe,Pass
C5620,ISRO-SCL-250106-01,MOSFET,1,16.2,1.29,25.4,11.0,85.0,REJECT,Safe,Fail
C5621,ISRO-SCL-250310-10,Voltage Regulator IC,0,16.3,1.3,24.1,3.4,16.8,PASS,Safe,Pass
C5622,ISRO-SCL-250127-04,Op-Amp IC,0,34.4,2.75,30.1,31.6,32.1,MONITOR,Borderline,Pass
C5623,ISRO-SCL-250407-14,MOSFET,0,13.6,1.09,11.2,15.6,13.1,PASS,Borderline,Pass
C5624,ISRO-SCL-250414-15,Digital Logic IC,1,100.0,8.57,100.0,63.4,92.7,REJECT,Fail,Fail
C5625,ISRO-SCL-250519-20,Voltage Regulator IC,1,36.4,2.91,47.8,52.7,85.0,REJECT,Fail,Fail
C5626,ISRO-SCL-250127-04,Op-Amp IC,0,16.4,1.31,11.7,15.1,14.3,PASS,Safe,Pass
C5627,ISRO-SCL-250120-03,Op-Amp IC,1,76.3,6.1,70.7,78.3,85.0,REJECT,Fail,Fail
C5628,ISRO-SCL-250512-19,Op-Amp IC,0,14.1,1.13,18.0,31.9,19.2,PASS,Borderline,Pass
C5629,ISRO-SCL-250120-03,Op-Amp IC,0,18.0,1.44,16.7,4.6,14.8,PASS,Safe,Pass
C5630,ISRO-SCL-250120-03,Op-Amp IC,0,19.4,1.55,28.6,42.5,27.7,PASS,Fail,Pass
C5631,ISRO-SCL-250407-14,MOSFET,0,40.3,3.22,49.4,100.0,55.9,MONITOR,Borderline,Pass
C5632,ISRO-SCL-250203-05,Digital Logic IC,0,16.3,1.31,12.9,12.7,14.2,PASS,Safe,Pass
C5633,ISRO-SCL-250203-05,Digital Logic IC,0,17.9,1.43,11.2,4.0,12.4,PASS,Safe,Pass
C5634,ISRO-SCL-250113-02,MOSFET,0,33.2,2.66,13.7,17.3,22.2,PASS,Safe,Pass
C5635,ISRO-SCL-250512-19,Op-Amp IC,0,9.4,0.75,2.0,6.9,5.9,PASS,Safe,Pass
C5636,ISRO-SCL-250407-14,MOSFET,0,11.7,0.94,9.1,11.4,10.6,PASS,Borderline,Pass
C5637,ISRO-SCL-250407-14,MOSFET,0,15.0,1.2,22.1,40.6,23.0,PASS,Fail,Pass
C5638,ISRO-SCL-250414-15,Digital Logic IC,1,41.2,3.29,62.3,44.5,85.0,REJECT,Fail,Fail
C5639,ISRO-SCL-250310-10,Voltage Regulator IC,0,54.5,4.36,17.9,23.4,33.7,MONITOR,Safe,Pass
C5640,ISRO-SCL-250407-14,MOSFET,0,13.9,1.11,23.1,25.2,19.9,PASS,Borderline,Pass
C5641,ISRO-SCL-250310-10,Voltage Regulator IC,0,14.1,1.13,20.6,23.4,18.5,PASS,Borderline,Pass
C5642,ISRO-SCL-250324-12,Op-Amp IC,0,14.8,1.18,32.1,14.8,21.7,PASS,Borderline,Pass
C5643,ISRO-SCL-250414-15,Digital Logic IC,0,22.1,1.77,26.9,29.0,25.4,PASS,Fail,Pass
C5644,ISRO-SCL-250120-03,Op-Amp IC,0,43.2,3.45,33.1,45.3,39.6,MONITOR,Fail,Pass
C5645,ISRO-SCL-250428-17,Voltage Regulator IC,0,14.5,1.16,3.9,13.4,10.0,PASS,Safe,Pass
C5646,ISRO-SCL-250127-04,Op-Amp IC,0,11.6,0.93,1.2,11.4,7.4,PASS,Safe,Pass
C5647,ISRO-SCL-250407-14,MOSFET,0,19.7,1.57,13.8,27.3,18.8,PASS,Safe,Pass
C5648,ISRO-SCL-250303-09,Voltage Regulator IC,0,10.8,0.86,7.9,10.7,9.6,PASS,Safe,Pass
C5649,ISRO-SCL-250127-04,Op-Amp IC,0,14.7,1.17,31.4,19.2,22.3,PASS,Borderline,Pass
C5650,ISRO-SCL-250310-10,Voltage Regulator IC,0,12.6,1.01,12.3,4.8,10.9,PASS,Safe,Pass
C5651,ISRO-SCL-250113-02,MOSFET,1,20.9,1.67,23.4,10.2,85.0,REJECT,Safe,Fail
C5652,ISRO-SCL-250127-04,Op-Amp IC,0,17.2,1.38,7.8,6.2,11.2,PASS,Safe,Pass
C5653,ISRO-SCL-250310-10,Voltage Regulator IC,0,22.5,1.8,18.3,3.9,17.1,PASS,Safe,Pass
C5654,ISRO-SCL-250127-04,Op-Amp IC,0,30.6,2.45,28.9,29.8,29.7,PASS,Borderline,Pass
C5655,ISRO-SCL-250113-02,MOSFET,1,15.9,1.27,12.4,6.3,85.0,REJECT,Safe,Fail
C5656,ISRO-SCL-250331-13,Voltage Regulator IC,1,18.0,1.44,37.8,12.6,85.0,REJECT,Safe,Fail
C5657,ISRO-SCL-250210-06,MOSFET,0,15.9,1.27,29.5,1.8,18.5,PASS,Safe,Pass
C5658,ISRO-SCL-250519-20,Voltage Regulator IC,0,61.4,4.91,30.2,31.8,43.0,MONITOR,Fail,Pass
C5659,ISRO-SCL-250421-16,MOSFET,0,56.2,4.5,25.4,35.4,39.7,MONITOR,Fail,Pass
C5660,ISRO-SCL-250407-14,MOSFET,0,15.9,1.27,8.6,9.6,11.8,PASS,Fail,Pass
C5661,ISRO-SCL-250512-19,Op-Amp IC,0,12.5,1.0,15.5,7.0,12.6,PASS,Safe,Pass
C5662,ISRO-SCL-250210-06,MOSFET,0,14.2,1.14,5.9,23.6,12.8,PASS,Safe,Pass
C5663,ISRO-SCL-250310-10,Voltage Regulator IC,0,66.6,5.32,17.6,36.2,40.9,MONITOR,Borderline,Pass
C5664,ISRO-SCL-250414-15,Digital Logic IC,1,58.3,4.67,63.3,55.8,85.0,REJECT,Fail,Fail
C5665,ISRO-SCL-250505-18,Op-Amp IC,0,32.0,2.56,20.6,16.6,24.4,PASS,Safe,Pass
C5666,ISRO-SCL-250120-03,Op-Amp IC,0,23.7,1.9,11.7,33.1,20.8,PASS,Borderline,Pass
C5667,ISRO-SCL-250505-18,Op-Amp IC,0,15.9,1.27,14.6,8.8,13.9,PASS,Safe,Pass
C5668,ISRO-SCL-250324-12,Op-Amp IC,0,11.2,0.9,11.1,11.7,11.3,PASS,Safe,Pass
C5669,ISRO-SCL-250217-07,Op-Amp IC,0,43.8,3.51,34.2,27.0,36.6,MONITOR,Borderline,Pass
C5670,ISRO-SCL-250127-04,Op-Amp IC,1,32.1,2.57,33.3,33.8,85.0,REJECT,Borderline,Fail
C5671,ISRO-SCL-250120-03,Op-Amp IC,1,78.7,6.3,52.9,48.0,85.0,REJECT,Borderline,Fail
C5672,ISRO-SCL-250421-16,MOSFET,0,41.9,3.35,27.4,24.5,32.6,MONITOR,Borderline,Pass
C5673,ISRO-SCL-250106-01,MOSFET,0,11.2,0.9,10.7,5.3,9.8,PASS,Safe,Pass
C5674,ISRO-SCL-250414-15,Digital Logic IC,0,21.2,1.7,18.4,1.9,16.2,PASS,Fail,Pass
C5675,ISRO-SCL-250407-14,MOSFET,0,14.6,1.17,7.7,21.9,13.3,PASS,Safe,Pass
C5676,ISRO-SCL-250210-06,MOSFET,0,14.8,1.19,1.6,14.2,9.4,PASS,Safe,Pass
C5677,ISRO-SCL-250310-10,Voltage Regulator IC,0,9.9,0.79,3.0,18.3,8.8,PASS,Safe,Pass
C5678,ISRO-SCL-250310-10,Voltage Regulator IC,0,15.6,1.25,10.6,7.4,12.0,PASS,Safe,Pass
C5679,ISRO-SCL-250113-02,MOSFET,0,9.9,0.79,7.3,3.2,7.5,PASS,Safe,Pass
C5680,ISRO-SCL-250310-10,Voltage Regulator IC,0,13.9,1.11,9.5,5.7,10.5,PASS,Safe,Pass
C5681,ISRO-SCL-250505-18,Op-Amp IC,0,35.4,2.83,7.5,22.6,21.7,PASS,Borderline,Pass
C5682,ISRO-SCL-250512-19,Op-Amp IC,1,54.9,4.39,48.5,44.5,85.0,REJECT,Fail,Fail
C5683,ISRO-SCL-250217-07,Op-Amp IC,0,11.7,0.93,4.7,9.6,8.5,PASS,Safe,Pass
C5684,ISRO-SCL-250120-03,Op-Amp IC,0,11.5,0.92,1.8,3.2,6.0,PASS,Safe,Pass
C5685,ISRO-SCL-250407-14,MOSFET,0,18.6,1.49,37.9,33.0,29.2,PASS,Fail,Pass
C5686,ISRO-SCL-250217-07,Op-Amp IC,0,7.3,0.58,2.1,7.6,5.3,PASS,Safe,Pass
C5687,ISRO-SCL-250505-18,Op-Amp IC,0,20.1,1.61,0.1,12.4,10.5,PASS,Safe,Pass
C5688,ISRO-SCL-250113-02,MOSFET,0,6.5,0.52,0.0,5.0,3.6,PASS,Safe,Pass
C5689,ISRO-SCL-250217-07,Op-Amp IC,0,21.3,1.7,14.3,25.3,19.3,PASS,Borderline,Pass
C5690,ISRO-SCL-250203-05,Digital Logic IC,0,17.7,1.42,22.6,8.6,17.9,PASS,Safe,Pass
C5691,ISRO-SCL-250414-15,Digital Logic IC,1,24.7,1.98,18.7,31.4,85.0,REJECT,Fail,Fail
C5692,ISRO-SCL-250505-18,Op-Amp IC,1,16.9,1.35,11.9,14.4,85.0,REJECT,Safe,Fail
C5693,ISRO-SCL-250113-02,MOSFET,0,7.0,0.56,1.2,6.3,4.5,PASS,Safe,Pass
C5694,ISRO-SCL-250113-02,MOSFET,0,58.1,4.64,30.7,25.1,40.5,MONITOR,Fail,Pass
C5695,ISRO-SCL-250120-03,Op-Amp IC,0,30.6,2.45,16.0,20.1,22.7,PASS,Fail,Pass
C5696,ISRO-SCL-250303-09,Voltage Regulator IC,0,19.3,1.54,11.4,10.7,14.4,PASS,Safe,Pass
C5697,ISRO-SCL-250303-09,Voltage Regulator IC,0,6.2,0.5,2.0,10.1,5.3,PASS,Safe,Pass
C5698,ISRO-SCL-250331-13,Voltage Regulator IC,0,27.7,2.21,18.2,16.3,21.6,PASS,Safe,Pass
C5699,ISRO-SCL-250331-13,Voltage Regulator IC,1,16.9,1.35,25.2,4.3,85.0,REJECT,Safe,Fail
C5700,ISRO-SCL-250324-12,Op-Amp IC,0,9.4,0.76,13.5,15.6,12.3,PASS,Borderline,Pass
C5701,ISRO-SCL-250113-02,MOSFET,0,10.9,0.87,7.0,7.0,8.5,PASS,Safe,Pass
C5702,ISRO-SCL-250210-06,MOSFET,0,12.8,1.02,9.1,8.6,10.5,PASS,Safe,Pass
C5703,ISRO-SCL-250113-02,MOSFET,0,16.9,1.35,21.2,19.3,19.1,PASS,Safe,Pass
C5704,ISRO-SCL-250324-12,Op-Amp IC,1,40.2,3.22,54.1,45.5,85.0,REJECT,Fail,Fail
C5705,ISRO-SCL-250217-07,Op-Amp IC,0,10.8,0.86,1.3,9.7,6.8,PASS,Safe,Pass
C5706,ISRO-SCL-250210-06,MOSFET,0,18.8,1.51,8.1,10.0,12.8,PASS,Safe,Pass
C5707,ISRO-SCL-250324-12,Op-Amp IC,0,8.0,0.64,21.8,16.5,15.2,PASS,Borderline,Pass
C5708,ISRO-SCL-250414-15,Digital Logic IC,0,61.7,4.94,74.2,46.1,63.6,HOLD,Fail,Pass
C5709,ISRO-SCL-250127-04,Op-Amp IC,0,13.6,1.09,23.6,36.7,22.2,PASS,Fail,Pass
C5710,ISRO-SCL-250421-16,MOSFET,0,19.3,1.54,26.0,11.7,20.4,PASS,Safe,Pass
C5711,ISRO-SCL-250310-10,Voltage Regulator IC,0,14.2,1.13,23.4,24.7,19.9,PASS,Borderline,Pass
C5712,ISRO-SCL-250210-06,MOSFET,0,28.1,2.25,19.8,13.3,21.8,PASS,Fail,Pass
C5713,ISRO-SCL-250113-02,MOSFET,0,12.8,1.03,2.6,7.3,7.6,PASS,Safe,Pass
C5714,ISRO-SCL-250217-07,Op-Amp IC,0,21.3,1.7,13.3,27.6,19.4,PASS,Borderline,Pass
C5715,ISRO-SCL-250310-10,Voltage Regulator IC,0,16.6,1.33,24.7,6.5,17.8,PASS,Safe,Pass
C5716,ISRO-SCL-250203-05,Digital Logic IC,0,23.6,1.89,11.6,4.7,15.0,PASS,Safe,Pass
C5717,ISRO-SCL-250512-19,Op-Amp IC,0,14.5,1.16,14.6,7.4,13.1,PASS,Fail,Pass
C5718,ISRO-SCL-250217-07,Op-Amp IC,1,83.9,6.71,38.9,56.3,85.0,REJECT,Fail,Fail
C5719,ISRO-SCL-250317-11,Voltage Regulator IC,0,42.2,3.38,20.5,32.6,31.6,MONITOR,Borderline,Pass
C5720,ISRO-SCL-250310-10,Voltage Regulator IC,0,21.7,1.73,7.9,19.0,15.6,PASS,Safe,Pass
C5721,ISRO-SCL-250303-09,Voltage Regulator IC,0,14.3,1.14,17.5,15.1,15.7,PASS,Safe,Pass
C5722,ISRO-SCL-250505-18,Op-Amp IC,0,16.3,1.3,16.0,7.7,14.5,PASS,Borderline,Pass
C5723,ISRO-SCL-250407-14,MOSFET,1,21.5,1.72,22.0,15.6,85.0,REJECT,Safe,Fail
C5724,ISRO-SCL-250113-02,MOSFET,0,12.9,1.04,10.6,8.6,11.2,PASS,Safe,Pass
C5725,ISRO-SCL-250217-07,Op-Amp IC,0,12.8,1.03,3.9,10.9,8.9,PASS,Safe,Pass
C5726,ISRO-SCL-250210-06,MOSFET,0,9.8,0.79,1.3,12.3,6.9,PASS,Safe,Pass
C5727,ISRO-SCL-250414-15,Digital Logic IC,0,13.0,1.04,6.0,5.3,8.7,PASS,Safe,Pass
C5728,ISRO-SCL-250505-18,Op-Amp IC,0,14.7,1.18,14.6,12.5,14.2,PASS,Safe,Pass
C5729,ISRO-SCL-250127-04,Op-Amp IC,0,9.3,0.74,0.0,6.4,5.0,PASS,Safe,Pass
C5730,ISRO-SCL-250113-02,MOSFET,0,12.4,0.99,7.2,3.9,8.6,PASS,Safe,Pass
C5731,ISRO-SCL-250421-16,MOSFET,0,13.9,1.11,10.0,9.4,11.5,PASS,Safe,Pass
C5732,ISRO-SCL-250210-06,MOSFET,0,44.7,3.57,31.3,22.4,34.9,MONITOR,Borderline,Pass
C5733,ISRO-SCL-250324-12,Op-Amp IC,1,55.9,4.47,65.4,23.8,85.0,REJECT,Fail,Fail
C5734,ISRO-SCL-250120-03,Op-Amp IC,1,11.4,0.91,8.4,13.0,85.0,REJECT,Safe,Fail
C5735,ISRO-SCL-250421-16,MOSFET,0,17.4,1.39,13.7,15.7,15.6,PASS,Safe,Pass
C5736,ISRO-SCL-250113-02,MOSFET,0,27.8,2.22,16.1,5.2,18.6,PASS,Safe,Pass
C5737,ISRO-SCL-250303-09,Voltage Regulator IC,0,3.9,0.32,0.0,14.8,4.5,PASS,Safe,Pass
C5738,ISRO-SCL-250217-07,Op-Amp IC,0,37.0,2.96,18.7,30.4,28.3,PASS,Fail,Pass
C5739,ISRO-SCL-250310-10,Voltage Regulator IC,0,11.4,0.92,5.1,8.9,8.4,PASS,Safe,Pass
C5740,ISRO-SCL-250203-05,Digital Logic IC,0,10.1,0.81,4.0,7.0,7.0,PASS,Safe,Pass
C5741,ISRO-SCL-250224-08,MOSFET,0,21.1,1.69,23.7,26.7,23.3,PASS,Borderline,Pass
C5742,ISRO-SCL-250414-15,Digital Logic IC,0,16.3,1.3,18.6,14.0,16.7,PASS,Borderline,Pass
C5743,ISRO-SCL-250203-05,Digital Logic IC,0,15.7,1.26,13.6,8.7,13.5,PASS,Safe,Pass
C5744,ISRO-SCL-250505-18,Op-Amp IC,0,9.0,0.72,6.4,7.6,7.7,PASS,Safe,Pass
C5745,ISRO-SCL-250217-07,Op-Amp IC,0,16.9,1.35,11.5,4.9,12.3,PASS,Safe,Pass
C5746,ISRO-SCL-250217-07,Op-Amp IC,0,14.6,1.17,16.7,13.3,15.2,PASS,Safe,Pass
C5747,ISRO-SCL-250217-07,Op-Amp IC,0,25.8,2.07,15.3,31.7,22.8,PASS,Borderline,Pass
C5748,ISRO-SCL-250421-16,MOSFET,0,8.4,0.67,2.4,6.2,5.6,PASS,Safe,Pass
C5749,ISRO-SCL-250407-14,MOSFET,0,24.0,1.92,10.3,28.1,19.3,PASS,Fail,Pass
C5750,ISRO-SCL-250421-16,MOSFET,0,14.5,1.16,12.7,0.6,11.0,PASS,Safe,Pass
C5751,ISRO-SCL-250519-20,Voltage Regulator IC,0,17.2,1.38,31.0,29.9,25.2,PASS,Borderline,Pass
C5752,ISRO-SCL-250414-15,Digital Logic IC,1,70.3,5.63,86.9,45.5,85.0,REJECT,Fail,Fail
C5753,ISRO-SCL-250310-10,Voltage Regulator IC,0,15.4,1.23,17.1,0.1,13.0,PASS,Safe,Pass
C5754,ISRO-SCL-250203-05,Digital Logic IC,0,25.3,2.02,7.7,1.4,13.5,PASS,Safe,Pass
C5755,ISRO-SCL-250407-14,MOSFET,1,44.0,3.52,58.0,56.5,85.0,REJECT,Fail,Fail
C5756,ISRO-SCL-250310-10,Voltage Regulator IC,0,15.6,1.24,32.2,4.1,19.9,PASS,Safe,Pass
C5757,ISRO-SCL-250217-07,Op-Amp IC,0,25.7,2.05,9.4,20.1,18.1,PASS,Borderline,Pass
C5758,ISRO-SCL-250505-18,Op-Amp IC,0,27.1,2.17,15.2,12.0,19.3,PASS,Safe,Pass
C5759,ISRO-SCL-250127-04,Op-Amp IC,0,8.8,0.7,6.5,27.7,11.6,PASS,Borderline,Pass
C5760,ISRO-SCL-250324-12,Op-Amp IC,0,17.8,1.42,45.8,12.6,28.0,PASS,Safe,Pass
C5761,ISRO-SCL-250421-16,MOSFET,0,42.9,3.43,27.2,22.2,32.4,MONITOR,Borderline,Pass
C5762,ISRO-SCL-250310-10,Voltage Regulator IC,1,12.6,1.01,16.5,16.6,85.0,REJECT,Fail,Fail
C5763,ISRO-SCL-250203-05,Digital Logic IC,0,16.9,1.35,25.3,7.0,18.3,PASS,Safe,Pass
C5764,ISRO-SCL-250113-02,MOSFET,0,23.9,1.91,16.3,8.5,17.8,PASS,Safe,Pass
C5765,ISRO-SCL-250120-03,Op-Amp IC,0,17.8,1.42,12.1,16.5,15.3,PASS,Safe,Pass
C5766,ISRO-SCL-250224-08,MOSFET,0,11.8,0.94,13.8,9.7,12.2,PASS,Safe,Pass
C5767,ISRO-SCL-250210-06,MOSFET,0,100.0,8.54,39.4,33.1,62.4,HOLD,Safe,Pass
C5768,ISRO-SCL-250324-12,Op-Amp IC,0,9.8,0.78,0.0,17.1,7.3,PASS,Safe,Pass
C5769,ISRO-SCL-250505-18,Op-Amp IC,0,42.2,3.37,20.3,20.0,29.0,PASS,Borderline,Pass
C5770,ISRO-SCL-250120-03,Op-Amp IC,0,15.9,1.27,6.3,6.6,10.2,PASS,Safe,Pass
C5771,ISRO-SCL-250120-03,Op-Amp IC,0,8.1,0.65,1.1,5.2,4.7,PASS,Safe,Pass
C5772,ISRO-SCL-250217-07,Op-Amp IC,0,100.0,140.63,100.0,52.0,90.4,REJECT,Fail,Pass
C5773,ISRO-SCL-250324-12,Op-Amp IC,1,23.5,1.88,23.4,41.6,85.0,REJECT,Fail,Fail
C5774,ISRO-SCL-250113-02,MOSFET,0,13.4,1.08,9.4,6.5,10.4,PASS,Safe,Pass
C5775,ISRO-SCL-250303-09,Voltage Regulator IC,0,22.4,1.79,23.7,16.5,21.8,PASS,Safe,Pass
C5776,ISRO-SCL-250113-02,MOSFET,1,15.3,1.22,27.4,33.4,85.0,REJECT,Safe,Fail
C5777,ISRO-SCL-250127-04,Op-Amp IC,1,13.3,1.07,22.2,14.4,85.0,REJECT,Borderline,Fail
C5778,ISRO-SCL-250414-15,Digital Logic IC,0,15.2,1.22,15.5,13.5,15.0,PASS,Safe,Pass
C5779,ISRO-SCL-250310-10,Voltage Regulator IC,0,15.7,1.26,11.7,13.8,13.7,PASS,Safe,Pass
C5780,ISRO-SCL-250519-20,Voltage Regulator IC,0,16.0,1.28,13.6,24.6,16.7,PASS,Borderline,Pass
C5781,ISRO-SCL-250120-03,Op-Amp IC,1,46.2,3.7,37.9,59.5,85.0,REJECT,Fail,Fail
C5782,ISRO-SCL-250310-10,Voltage Regulator IC,0,16.9,1.35,12.6,9.0,13.6,PASS,Safe,Pass
C5783,ISRO-SCL-250113-02,MOSFET,1,15.9,1.27,26.1,2.4,85.0,REJECT,Safe,Fail
C5784,ISRO-SCL-250331-13,Voltage Regulator IC,1,100.0,9.41,45.0,7.4,85.0,REJECT,Safe,Fail
C5785,ISRO-SCL-250113-02,MOSFET,1,25.3,2.02,22.2,4.0,85.0,REJECT,Safe,Fail
C5786,ISRO-SCL-250505-18,Op-Amp IC,0,38.5,3.08,11.2,18.9,23.7,PASS,Safe,Pass
C5787,ISRO-SCL-250310-10,Voltage Regulator IC,0,9.8,0.79,0.3,5.9,5.2,PASS,Safe,Pass
C5788,ISRO-SCL-250203-05,Digital Logic IC,0,18.5,1.48,12.3,6.0,13.5,PASS,Safe,Pass
C5789,ISRO-SCL-250224-08,MOSFET,0,15.2,1.21,12.6,25.2,16.2,PASS,Safe,Pass
C5790,ISRO-SCL-250303-09,Voltage Regulator IC,0,28.3,2.27,7.7,32.1,20.8,PASS,Borderline,Pass
C5791,ISRO-SCL-250127-04,Op-Amp IC,0,13.4,1.07,18.3,32.3,19.1,PASS,Borderline,Pass
C5792,ISRO-SCL-250203-05,Digital Logic IC,0,14.0,1.12,14.2,3.4,12.0,PASS,Safe,Pass
C5793,ISRO-SCL-250407-14,MOSFET,1,100.0,11.05,86.0,100.0,94.4,REJECT,Fail,Fail
C5794,ISRO-SCL-250519-20,Voltage Regulator IC,0,11.9,0.95,6.7,18.0,11.0,PASS,Safe,Pass
C5795,ISRO-SCL-250224-08,MOSFET,0,25.3,2.02,11.9,21.1,19.1,PASS,Borderline,Pass
C5796,ISRO-SCL-250106-01,MOSFET,1,15.7,1.26,20.6,3.7,85.0,REJECT,Safe,Fail
C5797,ISRO-SCL-250224-08,MOSFET,0,12.3,0.99,8.3,8.3,9.9,PASS,Safe,Pass
C5798,ISRO-SCL-250505-18,Op-Amp IC,0,26.1,2.09,18.6,22.8,22.5,PASS,Borderline,Pass
C5799,ISRO-SCL-250127-04,Op-Amp IC,1,14.9,1.19,26.4,3.4,85.0,REJECT,Safe,Fail
C5800,ISRO-SCL-250203-05,Digital Logic IC,0,15.3,1.22,17.8,7.6,14.8,PASS,Safe,Pass
C5801,ISRO-SCL-250203-05,Digital Logic IC,0,17.5,1.4,29.0,4.4,19.4,PASS,Safe,Pass
C5802,ISRO-SCL-250217-07,Op-Amp IC,0,12.0,0.96,15.4,25.6,16.1,PASS,Borderline,Pass
C5803,ISRO-SCL-250127-04,Op-Amp IC,0,17.2,1.37,8.6,20.0,14.3,PASS,Borderline,Pass
C5804,ISRO-SCL-250120-03,Op-Amp IC,0,11.7,0.94,4.6,5.9,7.7,PASS,Safe,Pass
C5805,ISRO-SCL-250210-06,MOSFET,0,10.4,0.83,16.2,6.8,12.0,PASS,Safe,Pass
C5806,ISRO-SCL-250303-09,Voltage Regulator IC,0,9.8,0.78,0.0,11.6,6.2,PASS,Safe,Pass
C5807,ISRO-SCL-250421-16,MOSFET,0,13.2,1.06,12.2,7.0,11.6,PASS,Safe,Pass
C5808,ISRO-SCL-250217-07,Op-Amp IC,0,100.0,164.62,100.0,51.9,90.4,REJECT,Safe,Pass
C5809,ISRO-SCL-250120-03,Op-Amp IC,1,71.2,5.7,67.6,47.2,85.0,REJECT,Fail,Fail
C5810,ISRO-SCL-250421-16,MOSFET,0,17.5,1.4,7.9,6.6,11.5,PASS,Safe,Pass
C5811,ISRO-SCL-250519-20,Voltage Regulator IC,0,30.5,2.44,11.6,21.8,21.2,PASS,Safe,Pass
C5812,ISRO-SCL-250217-07,Op-Amp IC,0,97.7,7.82,39.2,5.0,55.7,MONITOR,Safe,Pass
C5813,ISRO-SCL-250421-16,MOSFET,0,18.0,1.44,10.8,15.1,14.5,PASS,Safe,Pass
C5814,ISRO-SCL-250310-10,Voltage Regulator IC,0,85.3,6.83,46.0,43.5,61.2,HOLD,Fail,Pass
C5815,ISRO-SCL-250210-06,MOSFET,0,51.3,4.11,26.8,24.2,36.1,MONITOR,Fail,Pass
C5816,ISRO-SCL-250203-05,Digital Logic IC,0,21.9,1.75,12.8,2.5,14.4,PASS,Safe,Pass
C5817,ISRO-SCL-250120-03,Op-Amp IC,1,42.5,3.4,46.9,59.1,85.0,REJECT,Fail,Fail
C5818,ISRO-SCL-250407-14,MOSFET,0,13.3,1.07,22.7,36.0,21.6,PASS,Borderline,Pass
C5819,ISRO-SCL-250224-08,MOSFET,0,53.4,4.27,38.2,36.9,44.0,MONITOR,Fail,Pass
C5820,ISRO-SCL-250217-07,Op-Amp IC,1,69.0,5.52,48.4,57.5,85.0,REJECT,Fail,Fail
C5821,ISRO-SCL-250303-09,Voltage Regulator IC,0,34.6,2.77,34.8,29.0,33.5,MONITOR,Borderline,Pass
C5822,ISRO-SCL-250113-02,MOSFET,1,16.1,1.28,36.9,2.8,85.0,REJECT,Safe,Fail
C5823,ISRO-SCL-250303-09,Voltage Regulator IC,0,9.9,0.79,1.3,8.8,6.2,PASS,Safe,Pass
C5824,ISRO-SCL-250310-10,Voltage Regulator IC,0,12.6,1.01,5.3,16.4,10.5,PASS,Safe,Pass
C5825,ISRO-SCL-250303-09,Voltage Regulator IC,0,100.0,9.35,50.9,19.7,64.3,HOLD,Safe,Pass
C5826,ISRO-SCL-250414-15,Digital Logic IC,0,15.2,1.22,8.6,6.7,10.9,PASS,Safe,Pass
C5827,ISRO-SCL-250407-14,MOSFET,1,11.9,0.95,11.1,18.2,85.0,REJECT,Fail,Fail
C5828,ISRO-SCL-250113-02,MOSFET,0,13.2,1.05,18.5,21.6,17.0,PASS,Safe,Pass
C5829,ISRO-SCL-250324-12,Op-Amp IC,0,23.8,1.91,25.6,5.7,20.9,PASS,Borderline,Pass
C5830,ISRO-SCL-250414-15,Digital Logic IC,0,24.2,1.94,42.3,42.0,35.0,MONITOR,Fail,Pass
C5831,ISRO-SCL-250428-17,Voltage Regulator IC,0,14.3,1.15,9.3,2.6,9.9,PASS,Safe,Pass
C5832,ISRO-SCL-250519-20,Voltage Regulator IC,0,14.4,1.15,15.4,11.4,14.2,PASS,Safe,Pass
C5833,ISRO-SCL-250414-15,Digital Logic IC,1,100.0,23.61,100.0,100.0,100.0,REJECT,Fail,Fail
C5834,ISRO-SCL-250414-15,Digital Logic IC,0,13.4,1.07,17.7,6.0,13.6,PASS,Safe,Pass
C5835,ISRO-SCL-250512-19,Op-Amp IC,0,14.7,1.18,7.9,21.4,13.3,PASS,Fail,Pass
C5836,ISRO-SCL-250224-08,MOSFET,0,12.5,1.0,13.1,11.7,12.6,PASS,Safe,Pass
C5837,ISRO-SCL-250113-02,MOSFET,0,13.7,1.1,10.4,5.9,10.8,PASS,Safe,Pass
C5838,ISRO-SCL-250120-03,Op-Amp IC,1,15.3,1.22,15.2,7.2,85.0,REJECT,Safe,Fail
C5839,ISRO-SCL-250519-20,Voltage Regulator IC,0,13.5,1.08,10.0,9.8,11.4,PASS,Safe,Pass
C5840,ISRO-SCL-250317-11,Voltage Regulator IC,0,7.1,0.57,0.0,10.9,5.0,PASS,Safe,Pass
C5841,ISRO-SCL-250310-10,Voltage Regulator IC,0,12.6,1.01,9.4,18.2,12.5,PASS,Borderline,Pass
C5842,ISRO-SCL-250407-14,MOSFET,0,11.8,0.95,9.3,27.5,14.0,PASS,Safe,Pass
C5843,ISRO-SCL-250113-02,MOSFET,0,12.6,1.01,9.4,14.4,11.7,PASS,Safe,Pass
C5844,ISRO-SCL-250113-02,MOSFET,0,12.5,1.0,7.7,8.6,9.8,PASS,Safe,Pass
C5845,ISRO-SCL-250421-16,MOSFET,0,36.1,2.89,34.3,18.3,31.8,MONITOR,Fail,Pass
C5846,ISRO-SCL-250127-04,Op-Amp IC,0,16.4,1.32,12.9,21.9,16.1,PASS,Borderline,Pass
C5847,ISRO-SCL-250310-10,Voltage Regulator IC,0,15.2,1.22,8.5,9.5,11.4,PASS,Safe,Pass
C5848,ISRO-SCL-250324-12,Op-Amp IC,0,4.8,0.38,0.0,14.4,4.8,PASS,Safe,Pass
C5849,ISRO-SCL-250407-14,MOSFET,1,19.9,1.59,15.7,8.9,85.0,REJECT,Fail,Fail
C5850,ISRO-SCL-250421-16,MOSFET,0,14.1,1.12,14.3,4.0,12.1,PASS,Safe,Pass
C5851,ISRO-SCL-250331-13,Voltage Regulator IC,1,100.0,15.76,79.1,81.5,88.0,REJECT,Fail,Fail
C5852,ISRO-SCL-250421-16,MOSFET,0,13.4,1.07,18.2,6.6,14.0,PASS,Safe,Pass
C5853,ISRO-SCL-250512-19,Op-Amp IC,1,100.0,8.28,60.8,81.2,85.0,REJECT,Fail,Fail
C5854,ISRO-SCL-250421-16,MOSFET,0,16.1,1.28,2.9,11.1,9.8,PASS,Safe,Pass
C5855,ISRO-SCL-250217-07,Op-Amp IC,1,17.9,1.43,27.2,6.1,85.0,REJECT,Safe,Fail
C5856,ISRO-SCL-250113-02,MOSFET,0,13.7,1.1,19.3,15.4,16.3,PASS,Safe,Pass
C5857,ISRO-SCL-250505-18,Op-Amp IC,0,50.6,4.05,7.1,22.2,27.5,PASS,Borderline,Pass
C5858,ISRO-SCL-250203-05,Digital Logic IC,0,13.2,1.05,9.5,4.2,9.9,PASS,Safe,Pass
C5859,ISRO-SCL-250407-14,MOSFET,0,38.4,3.07,53.5,100.0,56.7,MONITOR,Borderline,Pass
C5860,ISRO-SCL-250310-10,Voltage Regulator IC,0,78.4,6.27,34.9,31.9,51.7,MONITOR,Fail,Pass
C5861,ISRO-SCL-250203-05,Digital Logic IC,0,27.7,2.21,31.0,20.0,27.5,PASS,Safe,Pass
C5862,ISRO-SCL-250203-05,Digital Logic IC,0,13.9,1.11,4.1,10.0,9.2,PASS,Safe,Pass
C5863,ISRO-SCL-250519-20,Voltage Regulator IC,0,69.7,5.57,22.6,31.9,43.3,MONITOR,Borderline,Pass
C5864,ISRO-SCL-250310-10,Voltage Regulator IC,0,15.3,1.22,6.8,12.2,11.3,PASS,Safe,Pass
C5865,ISRO-SCL-250324-12,Op-Amp IC,0,19.5,1.56,22.2,6.7,18.0,PASS,Safe,Pass
C5866,ISRO-SCL-250106-01,MOSFET,0,14.4,1.15,8.7,25.1,14.3,PASS,Safe,Pass
C5867,ISRO-SCL-250331-13,Voltage Regulator IC,1,62.6,5.01,47.0,21.4,85.0,REJECT,Borderline,Fail
C5868,ISRO-SCL-250407-14,MOSFET,0,19.8,1.58,43.7,61.7,37.7,MONITOR,Fail,Pass
C5869,ISRO-SCL-250407-14,MOSFET,1,15.4,1.23,23.9,17.0,85.0,REJECT,Safe,Fail
C5870,ISRO-SCL-250331-13,Voltage Regulator IC,0,13.4,1.07,1.6,8.8,7.8,PASS,Safe,Pass
C5871,ISRO-SCL-250127-04,Op-Amp IC,0,61.7,4.93,40.8,22.1,45.4,MONITOR,Fail,Pass
C5872,ISRO-SCL-250414-15,Digital Logic IC,0,17.5,1.4,14.5,4.8,13.7,PASS,Safe,Pass
C5873,ISRO-SCL-250421-16,MOSFET,0,16.7,1.34,2.0,6.7,8.8,PASS,Safe,Pass
C5874,ISRO-SCL-250113-02,MOSFET,0,12.4,0.99,11.1,3.8,10.2,PASS,Safe,Pass
C5875,ISRO-SCL-250106-01,MOSFET,0,13.8,1.1,10.9,13.2,12.5,PASS,Safe,Pass
C5876,ISRO-SCL-250414-15,Digital Logic IC,0,13.1,1.05,10.7,5.7,10.7,PASS,Safe,Pass
C5877,ISRO-SCL-250127-04,Op-Amp IC,0,14.6,1.17,11.9,9.7,12.6,PASS,Safe,Pass
C5878,ISRO-SCL-250120-03,Op-Amp IC,1,42.2,3.38,40.5,32.3,85.0,REJECT,Fail,Fail
C5879,ISRO-SCL-250106-01,MOSFET,0,60.7,4.86,48.9,21.8,48.2,MONITOR,Fail,Pass
C5880,ISRO-SCL-250224-08,MOSFET,0,26.7,2.14,23.7,13.6,22.9,PASS,Safe,Pass
C5881,ISRO-SCL-250217-07,Op-Amp IC,0,11.1,0.88,4.5,19.8,10.2,PASS,Borderline,Pass
C5882,ISRO-SCL-250310-10,Voltage Regulator IC,0,14.5,1.16,17.0,0.8,12.8,PASS,Safe,Pass
C5883,ISRO-SCL-250512-19,Op-Amp IC,1,17.3,1.38,31.1,1.6,85.0,REJECT,Safe,Fail
C5884,ISRO-SCL-250407-14,MOSFET,0,24.3,1.94,34.3,62.4,35.9,MONITOR,Fail,Pass
C5885,ISRO-SCL-250203-05,Digital Logic IC,1,17.2,1.38,17.2,8.7,85.0,REJECT,Fail,Fail
C5886,ISRO-SCL-250217-07,Op-Amp IC,0,23.2,1.86,17.9,39.3,24.3,PASS,Borderline,Pass
C5887,ISRO-SCL-250421-16,MOSFET,0,30.7,2.45,6.6,10.0,16.9,PASS,Safe,Pass
C5888,ISRO-SCL-250120-03,Op-Amp IC,0,12.9,1.03,10.7,19.6,13.4,PASS,Safe,Pass
C5889,ISRO-SCL-250303-09,Voltage Regulator IC,0,30.2,2.41,32.9,19.2,29.1,PASS,Borderline,Pass
C5890,ISRO-SCL-250519-20,Voltage Regulator IC,0,10.2,0.82,3.6,10.5,7.6,PASS,Safe,Pass
C5891,ISRO-SCL-250217-07,Op-Amp IC,0,15.2,1.21,11.9,3.8,11.6,PASS,Safe,Pass
C5892,ISRO-SCL-250407-14,MOSFET,0,28.0,2.24,29.0,43.5,31.5,MONITOR,Fail,Pass
C5893,ISRO-SCL-250324-12,Op-Amp IC,0,15.8,1.26,15.5,29.5,18.5,PASS,Borderline,Pass
C5894,ISRO-SCL-250113-02,MOSFET,0,17.1,1.37,16.6,0.3,13.5,PASS,Safe,Pass
C5895,ISRO-SCL-250428-17,Voltage Regulator IC,1,25.3,2.02,22.5,7.2,85.0,REJECT,Fail,Fail
C5896,ISRO-SCL-250127-04,Op-Amp IC,0,8.4,0.67,4.1,8.2,6.6,PASS,Safe,Pass
C5897,ISRO-SCL-250120-03,Op-Amp IC,1,55.5,4.44,39.2,29.4,85.0,REJECT,Fail,Fail
C5898,ISRO-SCL-250407-14,MOSFET,0,10.7,0.86,8.6,19.3,11.6,PASS,Safe,Pass
C5899,ISRO-SCL-250120-03,Op-Amp IC,1,51.0,4.08,52.4,50.3,85.0,REJECT,Fail,Fail
C5900,ISRO-SCL-250217-07,Op-Amp IC,0,14.6,1.17,4.0,12.9,10.0,PASS,Safe,Pass
C5901,ISRO-SCL-250414-15,Digital Logic IC,0,14.7,1.17,19.7,21.6,18.1,PASS,Safe,Pass
C5902,ISRO-SCL-250210-06,MOSFET,0,15.6,1.25,21.0,1.5,14.9,PASS,Safe,Pass
C5903,ISRO-SCL-250224-08,MOSFET,0,23.1,1.85,15.6,11.4,17.8,PASS,Safe,Pass
C5904,ISRO-SCL-250505-18,Op-Amp IC,0,15.2,1.22,14.1,8.7,13.5,PASS,Safe,Pass
C5905,ISRO-SCL-250106-01,MOSFET,0,12.6,1.01,12.0,16.0,13.0,PASS,Borderline,Pass
C5906,ISRO-SCL-250120-03,Op-Amp IC,0,17.8,1.42,19.3,6.3,16.1,PASS,Fail,Pass
C5907,ISRO-SCL-250421-16,MOSFET,0,27.6,2.21,4.0,9.3,14.5,PASS,Fail,Pass
C5908,ISRO-SCL-250113-02,MOSFET,1,12.1,0.96,12.1,6.3,85.0,REJECT,Safe,Fail
C5909,ISRO-SCL-250421-16,MOSFET,0,17.3,1.39,6.3,6.9,10.8,PASS,Safe,Pass
C5910,ISRO-SCL-250407-14,MOSFET,0,15.9,1.27,29.8,7.2,19.7,PASS,Borderline,Pass
C5911,ISRO-SCL-250113-02,MOSFET,0,12.4,0.99,10.5,17.5,12.7,PASS,Safe,Pass
C5912,ISRO-SCL-250113-02,MOSFET,0,27.1,2.17,26.9,14.5,24.5,PASS,Borderline,Pass
C5913,ISRO-SCL-250303-09,Voltage Regulator IC,0,10.4,0.84,3.8,20.7,9.8,PASS,Borderline,Pass
C5914,ISRO-SCL-250120-03,Op-Amp IC,0,10.8,0.87,5.8,12.4,9.1,PASS,Borderline,Pass
C5915,ISRO-SCL-250407-14,MOSFET,0,13.1,1.05,8.0,13.3,11.1,PASS,Safe,Pass
C5916,ISRO-SCL-250217-07,Op-Amp IC,1,50.6,4.05,20.1,29.4,85.0,REJECT,Fail,Fail
C5917,ISRO-SCL-250106-01,MOSFET,1,16.0,1.28,30.3,11.8,85.0,REJECT,Safe,Fail
C5918,ISRO-SCL-250414-15,Digital Logic IC,0,14.3,1.15,10.4,4.8,10.8,PASS,Safe,Pass
C5919,ISRO-SCL-250106-01,MOSFET,1,15.3,1.22,31.7,14.1,85.0,REJECT,Safe,Fail
C5920,ISRO-SCL-250203-05,Digital Logic IC,0,12.9,1.03,4.0,12.2,9.2,PASS,Safe,Pass
C5921,ISRO-SCL-250210-06,MOSFET,1,84.6,6.77,51.4,30.5,85.0,REJECT,Borderline,Fail
C5922,ISRO-SCL-250113-02,MOSFET,0,15.2,1.21,15.8,4.1,13.2,PASS,Safe,Pass
C5923,ISRO-SCL-250224-08,MOSFET,0,20.3,1.63,3.7,16.4,12.9,PASS,Borderline,Pass
C5924,ISRO-SCL-250407-14,MOSFET,1,16.1,1.29,19.4,9.2,85.0,REJECT,Safe,Fail
C5925,ISRO-SCL-250113-02,MOSFET,0,12.1,0.97,8.8,20.5,12.5,PASS,Borderline,Pass
C5926,ISRO-SCL-250414-15,Digital Logic IC,0,68.5,5.48,72.1,37.5,63.7,HOLD,Fail,Pass
C5927,ISRO-SCL-250324-12,Op-Amp IC,0,9.2,0.73,19.2,7.6,12.9,PASS,Safe,Pass
C5928,ISRO-SCL-250421-16,MOSFET,0,14.1,1.12,1.1,10.4,8.2,PASS,Safe,Pass
C5929,ISRO-SCL-250217-07,Op-Amp IC,1,87.7,7.01,62.6,44.6,85.0,REJECT,Fail,Fail
C5930,ISRO-SCL-250407-14,MOSFET,0,15.9,1.27,20.9,30.9,20.9,PASS,Borderline,Pass
C5931,ISRO-SCL-250106-01,MOSFET,1,13.7,1.09,24.5,21.4,85.0,REJECT,Borderline,Fail
C5932,ISRO-SCL-250407-14,MOSFET,0,8.7,0.7,2.1,10.5,6.4,PASS,Safe,Pass
C5933,ISRO-SCL-250210-06,MOSFET,0,46.1,3.69,46.8,25.7,42.3,MONITOR,Borderline,Pass
C5934,ISRO-SCL-250113-02,MOSFET,0,16.1,1.29,6.5,9.2,10.9,PASS,Safe,Pass
C5935,ISRO-SCL-250421-16,MOSFET,0,24.0,1.92,7.8,20.2,16.8,PASS,Borderline,Pass
C5936,ISRO-SCL-250310-10,Voltage Regulator IC,0,18.3,1.46,12.6,7.6,13.9,PASS,Safe,Pass
C5937,ISRO-SCL-250512-19,Op-Amp IC,1,17.7,1.42,25.8,16.4,85.0,REJECT,Safe,Fail
C5938,ISRO-SCL-250217-07,Op-Amp IC,0,11.4,0.91,11.5,4.4,10.1,PASS,Safe,Pass
C5939,ISRO-SCL-250407-14,MOSFET,0,14.1,1.12,12.1,18.3,14.1,PASS,Borderline,Pass
C5940,ISRO-SCL-250505-18,Op-Amp IC,0,19.1,1.53,15.3,7.7,15.3,PASS,Safe,Pass
C5941,ISRO-SCL-250217-07,Op-Amp IC,0,17.6,1.41,14.0,9.0,14.4,PASS,Safe,Pass
C5942,ISRO-SCL-250407-14,MOSFET,0,20.6,1.65,22.7,23.0,21.9,PASS,Borderline,Pass
C5943,ISRO-SCL-250324-12,Op-Amp IC,0,17.8,1.42,36.9,10.4,24.0,PASS,Safe,Pass
C5944,ISRO-SCL-250428-17,Voltage Regulator IC,0,15.2,1.22,2.1,12.3,9.4,PASS,Safe,Pass
C5945,ISRO-SCL-250106-01,MOSFET,0,22.8,1.83,14.7,20.9,19.2,PASS,Borderline,Pass
C5946,ISRO-SCL-250414-15,Digital Logic IC,1,99.2,7.93,85.4,67.2,87.2,REJECT,Fail,Fail
C5947,ISRO-SCL-250203-05,Digital Logic IC,0,11.6,0.93,5.3,12.9,9.4,PASS,Safe,Pass
C5948,ISRO-SCL-250127-04,Op-Amp IC,0,9.8,0.78,0.8,8.1,5.8,PASS,Safe,Pass
C5949,ISRO-SCL-250120-03,Op-Amp IC,0,11.1,0.89,6.2,12.1,9.3,PASS,Safe,Pass
C5950,ISRO-SCL-250331-13,Voltage Regulator IC,0,14.0,1.12,2.9,6.9,8.1,PASS,Safe,Pass
C5951,ISRO-SCL-250120-03,Op-Amp IC,1,13.6,1.09,22.1,12.3,85.0,REJECT,Borderline,Fail
C5952,ISRO-SCL-250120-03,Op-Amp IC,1,15.2,1.22,20.3,10.2,85.0,REJECT,Safe,Fail
C5953,ISRO-SCL-250203-05,Digital Logic IC,0,70.4,5.64,45.2,14.2,49.1,MONITOR,Safe,Pass
C5954,ISRO-SCL-250310-10,Voltage Regulator IC,0,15.2,1.22,32.5,0.6,19.2,PASS,Safe,Pass
C5955,ISRO-SCL-250203-05,Digital Logic IC,0,16.5,1.32,16.9,11.1,15.6,PASS,Safe,Pass
C5956,ISRO-SCL-250127-04,Op-Amp IC,0,13.7,1.1,17.0,4.9,13.3,PASS,Safe,Pass
C5957,ISRO-SCL-250414-15,Digital Logic IC,1,54.8,4.38,66.6,30.6,85.0,REJECT,Fail,Fail
C5958,ISRO-SCL-250210-06,MOSFET,0,8.4,0.67,7.1,9.9,8.2,PASS,Safe,Pass
C5959,ISRO-SCL-250428-17,Voltage Regulator IC,0,61.4,4.91,27.3,30.4,41.5,MONITOR,Fail,Pass
C5960,ISRO-SCL-250113-02,MOSFET,0,5.9,0.47,2.0,7.6,4.7,PASS,Safe,Pass
C5961,ISRO-SCL-250519-20,Voltage Regulator IC,0,21.5,1.72,15.0,26.4,19.9,PASS,Borderline,Pass
C5962,ISRO-SCL-250512-19,Op-Amp IC,1,16.4,1.31,25.6,15.0,85.0,REJECT,Safe,Fail
C5963,ISRO-SCL-250414-15,Digital Logic IC,0,14.8,1.18,15.8,8.6,13.9,PASS,Safe,Pass
C5964,ISRO-SCL-250428-17,Voltage Regulator IC,0,14.8,1.18,37.5,9.7,22.9,PASS,Safe,Pass
C5965,ISRO-SCL-250331-13,Voltage Regulator IC,0,16.9,1.35,20.3,13.3,17.5,PASS,Borderline,Pass
C5966,ISRO-SCL-250310-10,Voltage Regulator IC,0,13.7,1.09,16.1,24.4,16.8,PASS,Borderline,Pass
C5967,ISRO-SCL-250203-05,Digital Logic IC,0,18.5,1.48,30.6,20.9,23.9,PASS,Safe,Pass
C5968,ISRO-SCL-250106-01,MOSFET,0,16.2,1.3,7.3,19.5,13.3,PASS,Safe,Pass
C5969,ISRO-SCL-250421-16,MOSFET,0,13.6,1.09,6.5,6.5,9.3,PASS,Safe,Pass
C5970,ISRO-SCL-250113-02,MOSFET,0,16.2,1.3,14.3,15.9,15.4,PASS,Safe,Pass
C5971,ISRO-SCL-250414-15,Digital Logic IC,0,15.8,1.26,14.3,8.8,13.8,PASS,Safe,Pass
C5972,ISRO-SCL-250407-14,MOSFET,0,16.1,1.29,9.7,22.8,14.9,PASS,Borderline,Pass
C5973,ISRO-SCL-250414-15,Digital Logic IC,1,39.6,3.17,55.8,36.6,85.0,REJECT,Fail,Fail
C5974,ISRO-SCL-250127-04,Op-Amp IC,1,28.8,2.31,34.3,21.4,85.0,REJECT,Safe,Fail
C5975,ISRO-SCL-250106-01,MOSFET,1,14.5,1.16,21.6,6.4,85.0,REJECT,Safe,Fail
C5976,ISRO-SCL-250203-05,Digital Logic IC,0,22.5,1.8,10.9,11.4,15.6,PASS,Safe,Pass
C5977,ISRO-SCL-250407-14,MOSFET,1,12.9,1.03,6.7,2.5,85.0,REJECT,Safe,Fail
C5978,ISRO-SCL-250407-14,MOSFET,0,12.4,0.99,8.9,10.0,10.5,PASS,Safe,Pass
C5979,ISRO-SCL-250414-15,Digital Logic IC,0,16.6,1.32,19.8,12.9,17.1,PASS,Borderline,Pass
C5980,ISRO-SCL-250127-04,Op-Amp IC,0,23.6,1.89,4.2,21.9,15.5,PASS,Safe,Pass
C5981,ISRO-SCL-250324-12,Op-Amp IC,0,9.2,0.73,10.2,10.0,9.8,PASS,Safe,Pass
C5982,ISRO-SCL-250120-03,Op-Amp IC,0,33.6,2.69,28.5,40.1,32.8,MONITOR,Borderline,Pass
C5983,ISRO-SCL-250414-15,Digital Logic IC,0,14.1,1.12,14.9,7.9,13.2,PASS,Safe,Pass
C5984,ISRO-SCL-250203-05,Digital Logic IC,1,15.0,1.2,13.3,5.7,85.0,REJECT,Safe,Fail
C5985,ISRO-SCL-250303-09,Voltage Regulator IC,0,31.9,2.55,20.7,7.3,22.5,PASS,Safe,Pass
C5986,ISRO-SCL-250331-13,Voltage Regulator IC,1,13.6,1.09,30.8,11.4,85.0,REJECT,Safe,Fail
C5987,ISRO-SCL-250310-10,Voltage Regulator IC,0,25.7,2.05,3.6,14.8,14.7,PASS,Safe,Pass
C5988,ISRO-SCL-250224-08,MOSFET,0,13.0,1.04,1.8,6.8,7.3,PASS,Safe,Pass
C5989,ISRO-SCL-250113-02,MOSFET,0,23.9,1.91,13.2,9.3,16.7,PASS,Safe,Pass
C5990,ISRO-SCL-250428-17,Voltage Regulator IC,0,10.2,0.82,6.9,10.2,8.9,PASS,Safe,Pass
C5991,ISRO-SCL-250113-02,MOSFET,0,25.3,2.02,3.2,13.8,14.2,PASS,Borderline,Pass
C5992,ISRO-SCL-250512-19,Op-Amp IC,1,14.0,1.12,13.3,8.6,85.0,REJECT,Safe,Fail
C5993,ISRO-SCL-250224-08,MOSFET,0,12.8,1.02,4.8,7.8,8.6,PASS,Safe,Pass
C5994,ISRO-SCL-250113-02,MOSFET,0,17.8,1.42,5.9,10.8,11.7,PASS,Safe,Pass
C5995,ISRO-SCL-250331-13,Voltage Regulator IC,1,16.0,1.28,29.6,9.9,85.0,REJECT,Safe,Fail
C5996,ISRO-SCL-250113-02,MOSFET,0,11.4,0.91,25.9,32.4,21.4,PASS,Borderline,Pass
C5997,ISRO-SCL-250224-08,MOSFET,0,16.7,1.34,11.0,13.4,13.7,PASS,Safe,Pass
C5998,ISRO-SCL-250203-05,Digital Logic IC,0,16.9,1.35,15.7,7.3,14.5,PASS,Safe,Pass
C5999,ISRO-SCL-250519-20,Voltage Regulator IC,0,16.9,1.35,8.7,15.6,13.3,PASS,Safe,Pass
C6000,ISRO-SCL-250127-04,Op-Amp IC,0,14.9,1.19,22.3,6.7,16.2,PASS,Borderline,Pass
C6001,ISRO-SCL-250113-02,MOSFET,0,12.6,1.01,3.9,9.4,8.5,PASS,Safe,Pass
C6002,ISRO-SCL-250210-06,MOSFET,0,11.7,0.94,15.5,2.4,11.4,PASS,Safe,Pass
C6003,ISRO-SCL-250317-11,Voltage Regulator IC,0,8.3,0.66,12.0,12.9,10.7,PASS,Safe,Pass
C6004,ISRO-SCL-250217-07,Op-Amp IC,0,10.8,0.87,17.8,3.2,12.1,PASS,Safe,Pass
C6005,ISRO-SCL-250407-14,MOSFET,0,35.3,2.82,52.7,100.0,55.2,MONITOR,Borderline,Pass
C6006,ISRO-SCL-250505-18,Op-Amp IC,1,16.8,1.34,27.5,1.9,85.0,REJECT,Safe,Fail
C6007,ISRO-SCL-250414-15,Digital Logic IC,1,100.0,181.1,100.0,95.8,99.2,REJECT,Borderline,Fail
C6008,ISRO-SCL-250407-14,MOSFET,0,19.7,1.58,19.9,19.7,19.8,PASS,Fail,Pass
C6009,ISRO-SCL-250421-16,MOSFET,0,21.1,1.69,8.4,29.5,17.7,PASS,Borderline,Pass
C6010,ISRO-SCL-250512-19,Op-Amp IC,0,15.1,1.21,25.2,22.2,20.5,PASS,Borderline,Pass
C6011,ISRO-SCL-250512-19,Op-Amp IC,1,19.9,1.59,23.0,21.9,85.0,REJECT,Safe,Fail
C6012,ISRO-SCL-250113-02,MOSFET,0,12.6,1.01,1.5,7.5,7.2,PASS,Safe,Pass
C6013,ISRO-SCL-250421-16,MOSFET,0,40.2,3.22,42.5,19.9,37.1,MONITOR,Borderline,Pass
C6014,ISRO-SCL-250407-14,MOSFET,0,100.0,11.25,79.1,100.0,91.6,REJECT,Borderline,Pass
C6015,ISRO-SCL-250120-03,Op-Amp IC,0,13.3,1.07,14.4,12.1,13.5,PASS,Safe,Pass
C6016,ISRO-SCL-250310-10,Voltage Regulator IC,0,21.1,1.69,14.5,0.8,14.4,PASS,Safe,Pass
C6017,ISRO-SCL-250210-06,MOSFET,0,21.9,1.75,7.7,18.2,15.5,PASS,Safe,Pass
C6018,ISRO-SCL-250120-03,Op-Amp IC,1,15.8,1.26,11.5,14.8,85.0,REJECT,Fail,Fail
C6019,ISRO-SCL-250203-05,Digital Logic IC,0,16.9,1.35,12.9,4.2,12.7,PASS,Safe,Pass
C6020,ISRO-SCL-250113-02,MOSFET,0,14.8,1.18,6.1,8.0,10.0,PASS,Safe,Pass
C6021,ISRO-SCL-250127-04,Op-Amp IC,0,10.5,0.84,6.2,11.6,9.0,PASS,Safe,Pass
C6022,ISRO-SCL-250203-05,Digital Logic IC,1,23.6,1.89,21.0,6.1,85.0,REJECT,Fail,Fail
C6023,ISRO-SCL-250120-03,Op-Amp IC,0,15.7,1.26,23.2,21.1,19.8,PASS,Safe,Pass
C6024,ISRO-SCL-250317-11,Voltage Regulator IC,0,35.8,2.86,51.1,41.4,43.0,MONITOR,Fail,Pass
C6025,ISRO-SCL-250224-08,MOSFET,0,15.1,1.21,25.4,10.1,18.2,PASS,Safe,Pass
C6026,ISRO-SCL-250127-04,Op-Amp IC,0,14.2,1.14,29.8,19.5,21.5,PASS,Safe,Pass
C6027,ISRO-SCL-250331-13,Voltage Regulator IC,0,18.4,1.47,19.6,12.8,17.8,PASS,Safe,Pass
C6028,ISRO-SCL-250414-15,Digital Logic IC,0,19.0,1.52,21.0,13.2,18.6,PASS,Borderline,Pass
C6029,ISRO-SCL-250203-05,Digital Logic IC,0,15.2,1.21,15.1,13.2,14.7,PASS,Safe,Pass
C6030,ISRO-SCL-250203-05,Digital Logic IC,0,13.8,1.1,16.8,3.0,12.8,PASS,Safe,Pass
C6031,ISRO-SCL-250414-15,Digital Logic IC,0,12.5,1.0,15.2,5.3,12.2,PASS,Safe,Pass
C6032,ISRO-SCL-250310-10,Voltage Regulator IC,0,14.5,1.16,1.2,13.7,9.0,PASS,Safe,Pass
C6033,ISRO-SCL-250217-07,Op-Amp IC,0,13.9,1.11,13.7,6.3,12.3,PASS,Safe,Pass
C6034,ISRO-SCL-250505-18,Op-Amp IC,0,20.3,1.63,10.9,25.3,17.5,PASS,Borderline,Pass
C6035,ISRO-SCL-250414-15,Digital Logic IC,1,13.4,1.07,18.7,15.3,85.0,REJECT,Borderline,Fail
C6036,ISRO-SCL-250120-03,Op-Amp IC,0,18.7,1.5,17.2,17.8,17.9,PASS,Safe,Pass
C6037,ISRO-SCL-250303-09,Voltage Regulator IC,0,16.9,1.35,5.7,16.5,12.3,PASS,Safe,Pass
C6038,ISRO-SCL-250428-17,Voltage Regulator IC,0,16.1,1.29,20.7,7.7,16.3,PASS,Safe,Pass
C6039,ISRO-SCL-250310-10,Voltage Regulator IC,1,17.7,1.41,13.4,5.3,85.0,REJECT,Safe,Fail
C6040,ISRO-SCL-250106-01,MOSFET,0,18.0,1.44,21.8,5.3,17.0,PASS,Safe,Pass
C6041,ISRO-SCL-250414-15,Digital Logic IC,1,19.1,1.53,25.2,5.1,85.0,REJECT,Safe,Fail
C6042,ISRO-SCL-250203-05,Digital Logic IC,0,51.3,4.11,15.6,19.2,30.6,MONITOR,Safe,Pass
C6043,ISRO-SCL-250217-07,Op-Amp IC,0,14.4,1.15,4.9,7.0,9.1,PASS,Safe,Pass
C6044,ISRO-SCL-250224-08,MOSFET,0,11.4,0.92,14.0,15.9,13.4,PASS,Borderline,Pass
C6045,ISRO-SCL-250310-10,Voltage Regulator IC,0,10.6,0.85,2.2,9.2,7.0,PASS,Safe,Pass
C6046,ISRO-SCL-250106-01,MOSFET,0,47.2,3.78,48.9,35.4,45.6,MONITOR,Fail,Pass
C6047,ISRO-SCL-250127-04,Op-Amp IC,0,72.7,5.82,40.3,19.6,49.1,MONITOR,Fail,Pass
C6048,ISRO-SCL-250203-05,Digital Logic IC,0,20.3,1.62,16.1,3.3,15.2,PASS,Safe,Pass
C6049,ISRO-SCL-250505-18,Op-Amp IC,0,24.5,1.96,19.6,25.7,22.8,PASS,Borderline,Pass
C6050,ISRO-SCL-250303-09,Voltage Regulator IC,0,12.7,1.02,4.3,11.6,9.1,PASS,Safe,Pass
C6051,ISRO-SCL-250414-15,Digital Logic IC,0,10.6,0.85,13.4,4.1,10.5,PASS,Safe,Pass
C6052,ISRO-SCL-250113-02,MOSFET,0,12.8,1.03,5.8,8.7,9.2,PASS,Safe,Pass
C6053,ISRO-SCL-250505-18,Op-Amp IC,0,20.2,1.62,7.7,23.9,15.9,PASS,Safe,Pass
C6054,ISRO-SCL-250113-02,MOSFET,0,18.3,1.46,5.9,14.8,12.6,PASS,Safe,Pass
C6055,ISRO-SCL-250203-05,Digital Logic IC,0,11.8,0.94,8.2,3.3,8.7,PASS,Safe,Pass
C6056,ISRO-SCL-250512-19,Op-Amp IC,0,7.0,0.56,2.9,14.8,6.9,PASS,Safe,Pass
C6057,ISRO-SCL-250113-02,MOSFET,0,12.0,0.96,13.2,7.0,11.5,PASS,Safe,Pass
C6058,ISRO-SCL-250224-08,MOSFET,0,15.6,1.25,25.8,8.6,18.3,PASS,Safe,Pass
C6059,ISRO-SCL-250203-05,Digital Logic IC,1,13.3,1.06,20.9,1.4,85.0,REJECT,Safe,Fail
C6060,ISRO-SCL-250428-17,Voltage Regulator IC,0,26.2,2.1,15.9,21.3,21.1,PASS,Borderline,Pass
C6061,ISRO-SCL-250310-10,Voltage Regulator IC,1,100.0,234.05,100.0,98.7,99.7,REJECT,Fail,Fail
C6062,ISRO-SCL-250113-02,MOSFET,0,32.3,2.58,20.5,5.0,22.1,PASS,Safe,Pass
C6063,ISRO-SCL-250113-02,MOSFET,0,21.8,1.75,15.7,13.6,17.8,PASS,Safe,Pass
C6064,ISRO-SCL-250203-05,Digital Logic IC,0,16.0,1.28,12.3,5.2,12.4,PASS,Safe,Pass
C6065,ISRO-SCL-250505-18,Op-Amp IC,0,37.9,3.04,25.5,14.9,28.4,PASS,Safe,Pass
C6066,ISRO-SCL-250317-11,Voltage Regulator IC,0,17.8,1.42,11.7,25.9,17.0,PASS,Borderline,Pass
C6067,ISRO-SCL-250303-09,Voltage Regulator IC,0,11.9,0.95,3.2,6.9,7.4,PASS,Safe,Pass
C6068,ISRO-SCL-250120-03,Op-Amp IC,0,14.1,1.12,17.1,6.1,13.7,PASS,Safe,Pass
C6069,ISRO-SCL-250106-01,MOSFET,1,16.9,1.35,18.1,23.1,85.0,REJECT,Borderline,Fail
C6070,ISRO-SCL-250317-11,Voltage Regulator IC,0,11.5,0.92,16.2,23.7,15.8,PASS,Borderline,Pass
C6071,ISRO-SCL-250203-05,Digital Logic IC,1,30.4,2.43,30.6,6.5,85.0,REJECT,Safe,Fail
C6072,ISRO-SCL-250407-14,MOSFET,0,15.9,1.27,9.9,2.9,10.9,PASS,Safe,Pass
C6073,ISRO-SCL-250414-15,Digital Logic IC,0,50.7,4.06,32.3,9.4,35.1,MONITOR,Safe,Pass
C6074,ISRO-SCL-250512-19,Op-Amp IC,0,14.0,1.12,23.0,4.0,15.6,PASS,Safe,Pass
C6075,ISRO-SCL-250407-14,MOSFET,0,24.9,1.99,21.7,16.5,21.9,PASS,Borderline,Pass
C6076,ISRO-SCL-250505-18,Op-Amp IC,0,17.9,1.43,20.8,9.8,17.4,PASS,Safe,Pass
C6077,ISRO-SCL-250217-07,Op-Amp IC,0,22.0,1.76,18.1,16.3,19.3,PASS,Safe,Pass
C6078,ISRO-SCL-250106-01,MOSFET,1,13.2,1.06,16.7,16.2,85.0,REJECT,Safe,Fail
C6079,ISRO-SCL-250210-06,MOSFET,1,22.6,1.81,0.1,4.8,85.0,REJECT,Fail,Fail
C6080,ISRO-SCL-250113-02,MOSFET,0,12.2,0.97,11.3,21.6,13.7,PASS,Safe,Pass
C6081,ISRO-SCL-250512-19,Op-Amp IC,0,8.4,0.67,5.6,28.0,11.2,PASS,Borderline,Pass
C6082,ISRO-SCL-250324-12,Op-Amp IC,1,72.7,5.82,68.6,60.7,85.0,REJECT,Fail,Fail
C6083,ISRO-SCL-250303-09,Voltage Regulator IC,0,13.2,1.06,6.4,2.8,8.4,PASS,Fail,Pass
C6084,ISRO-SCL-250407-14,MOSFET,0,16.2,1.3,22.4,23.4,20.1,PASS,Safe,Pass
C6085,ISRO-SCL-250217-07,Op-Amp IC,0,22.9,1.83,17.1,4.6,16.9,PASS,Safe,Pass
C6086,ISRO-SCL-250421-16,MOSFET,0,10.3,0.82,3.2,10.5,7.5,PASS,Safe,Pass
C6087,ISRO-SCL-250224-08,MOSFET,0,12.6,1.01,12.6,6.8,11.5,PASS,Safe,Pass
C6088,ISRO-SCL-250421-16,MOSFET,0,19.7,1.57,28.2,3.4,19.8,PASS,Safe,Pass
C6089,ISRO-SCL-250512-19,Op-Amp IC,0,41.7,3.33,33.1,67.7,43.5,MONITOR,Fail,Pass
C6090,ISRO-SCL-250317-11,Voltage Regulator IC,0,12.6,1.01,7.1,8.7,9.6,PASS,Safe,Pass
C6091,ISRO-SCL-250505-18,Op-Amp IC,0,18.2,1.46,10.3,8.1,13.0,PASS,Safe,Pass
C6092,ISRO-SCL-250113-02,MOSFET,0,14.7,1.18,3.7,20.5,11.4,PASS,Safe,Pass
C6093,ISRO-SCL-250217-07,Op-Amp IC,0,14.0,1.12,7.7,8.7,10.4,PASS,Safe,Pass
C6094,ISRO-SCL-250217-07,Op-Amp IC,0,11.9,0.95,5.5,3.9,7.7,PASS,Safe,Pass
C6095,ISRO-SCL-250113-02,MOSFET,0,46.4,3.71,19.1,15.1,29.2,PASS,Borderline,Pass
C6096,ISRO-SCL-250331-13,Voltage Regulator IC,0,12.2,0.98,14.1,12.5,13.0,PASS,Borderline,Pass
C6097,ISRO-SCL-250120-03,Op-Amp IC,0,9.7,0.77,12.3,38.5,16.5,PASS,Borderline,Pass
C6098,ISRO-SCL-250210-06,MOSFET,0,21.6,1.73,21.6,39.7,25.2,PASS,Fail,Pass
C6099,ISRO-SCL-250224-08,MOSFET,0,17.1,1.37,12.8,9.2,13.8,PASS,Safe,Pass
C6100,ISRO-SCL-250317-11,Voltage Regulator IC,0,8.6,0.69,13.4,17.2,12.2,PASS,Borderline,Pass
C6101,ISRO-SCL-250414-15,Digital Logic IC,0,12.8,1.03,11.5,10.5,11.9,PASS,Safe,Pass
C6102,ISRO-SCL-250324-12,Op-Amp IC,0,17.9,1.43,13.8,10.9,14.8,PASS,Borderline,Pass
C6103,ISRO-SCL-250224-08,MOSFET,0,15.0,1.2,22.0,5.9,16.0,PASS,Safe,Pass
C6104,ISRO-SCL-250224-08,MOSFET,0,19.7,1.57,3.5,4.1,10.1,PASS,Safe,Pass
C6105,ISRO-SCL-250331-13,Voltage Regulator IC,0,15.2,1.22,22.6,24.2,20.0,PASS,Borderline,Pass
C6106,ISRO-SCL-250407-14,MOSFET,0,13.7,1.1,2.6,9.3,8.4,PASS,Safe,Pass
C6107,ISRO-SCL-250224-08,MOSFET,0,16.2,1.3,16.1,15.1,15.9,PASS,Safe,Pass
C6108,ISRO-SCL-250310-10,Voltage Regulator IC,0,13.2,1.06,11.4,13.2,12.5,PASS,Safe,Pass
C6109,ISRO-SCL-250428-17,Voltage Regulator IC,0,9.6,0.77,9.6,26.2,12.9,PASS,Borderline,Pass
C6110,ISRO-SCL-250421-16,MOSFET,0,9.7,0.78,5.1,7.8,7.5,PASS,Safe,Pass
C6111,ISRO-SCL-250203-05,Digital Logic IC,0,15.2,1.21,16.1,5.2,13.6,PASS,Safe,Pass
C6112,ISRO-SCL-250303-09,Voltage Regulator IC,0,14.9,1.19,3.8,9.3,9.3,PASS,Safe,Pass
C6113,ISRO-SCL-250217-07,Op-Amp IC,0,16.9,1.35,16.9,6.3,14.8,PASS,Safe,Pass
C6114,ISRO-SCL-250106-01,MOSFET,0,12.0,0.96,6.6,9.3,9.3,PASS,Safe,Pass
C6115,ISRO-SCL-250106-01,MOSFET,1,21.4,1.72,35.2,57.5,85.0,REJECT,Fail,Fail
C6116,ISRO-SCL-250414-15,Digital Logic IC,0,22.1,1.77,32.2,38.6,29.5,PASS,Fail,Pass
C6117,ISRO-SCL-250331-13,Voltage Regulator IC,0,15.5,1.24,15.6,10.0,14.4,PASS,Safe,Pass
C6118,ISRO-SCL-250317-11,Voltage Regulator IC,0,13.6,1.09,19.6,5.6,14.4,PASS,Safe,Pass
C6119,ISRO-SCL-250512-19,Op-Amp IC,0,13.9,1.11,10.1,5.3,10.6,PASS,Safe,Pass
C6120,ISRO-SCL-250324-12,Op-Amp IC,1,37.9,3.03,65.3,32.9,85.0,REJECT,Borderline,Fail
C6121,ISRO-SCL-250512-19,Op-Amp IC,0,15.0,1.2,21.6,1.9,15.0,PASS,Safe,Pass
C6122,ISRO-SCL-250127-04,Op-Amp IC,0,23.8,1.9,9.7,3.5,14.1,PASS,Safe,Pass
C6123,ISRO-SCL-250120-03,Op-Amp IC,0,33.7,2.7,24.8,14.4,26.3,PASS,Fail,Pass
C6124,ISRO-SCL-250106-01,MOSFET,0,19.1,1.53,13.9,18.4,16.9,PASS,Safe,Pass
C6125,ISRO-SCL-250113-02,MOSFET,0,12.1,0.97,1.0,12.8,7.8,PASS,Safe,Pass
C6126,ISRO-SCL-250505-18,Op-Amp IC,1,18.5,1.48,17.6,6.4,85.0,REJECT,Safe,Fail
C6127,ISRO-SCL-250512-19,Op-Amp IC,1,100.0,8.53,67.4,70.2,85.0,REJECT,Fail,Fail
C6128,ISRO-SCL-250113-02,MOSFET,1,14.1,1.12,20.4,34.0,85.0,REJECT,Borderline,Fail
C6129,ISRO-SCL-250127-04,Op-Amp IC,0,10.5,0.84,1.5,9.8,6.8,PASS,Safe,Pass
C6130,ISRO-SCL-250331-13,Voltage Regulator IC,0,13.9,1.11,4.9,3.4,8.2,PASS,Safe,Pass
C6131,ISRO-SCL-250203-05,Digital Logic IC,0,15.4,1.23,15.5,13.6,15.1,PASS,Safe,Pass
C6132,ISRO-SCL-250217-07,Op-Amp IC,0,15.8,1.26,32.3,10.1,21.3,PASS,Safe,Pass
C6133,ISRO-SCL-250113-02,MOSFET,0,14.7,1.17,12.3,4.7,11.7,PASS,Safe,Pass
C6134,ISRO-SCL-250303-09,Voltage Regulator IC,0,15.4,1.23,19.6,12.1,16.4,PASS,Safe,Pass
C6135,ISRO-SCL-250317-11,Voltage Regulator IC,0,15.0,1.2,13.4,28.2,17.0,PASS,Fail,Pass
C6136,ISRO-SCL-250120-03,Op-Amp IC,1,100.0,11.69,97.0,81.9,95.2,REJECT,Fail,Fail
C6137,ISRO-SCL-250331-13,Voltage Regulator IC,0,8.9,0.71,4.3,5.6,6.4,PASS,Safe,Pass
C6138,ISRO-SCL-250414-15,Digital Logic IC,0,8.1,0.65,5.1,7.4,6.8,PASS,Safe,Pass
C6139,ISRO-SCL-250324-12,Op-Amp IC,0,14.2,1.14,33.5,3.6,19.8,PASS,Safe,Pass
C6140,ISRO-SCL-250106-01,MOSFET,0,9.9,0.79,13.9,12.6,12.0,PASS,Safe,Pass
C6141,ISRO-SCL-250127-04,Op-Amp IC,1,18.3,1.47,21.6,17.1,85.0,REJECT,Safe,Fail
C6142,ISRO-SCL-250127-04,Op-Amp IC,0,12.8,1.02,16.4,30.0,17.7,PASS,Borderline,Pass
C6143,ISRO-SCL-250421-16,MOSFET,0,18.7,1.5,11.7,5.4,13.3,PASS,Safe,Pass
C6144,ISRO-SCL-250512-19,Op-Amp IC,0,42.6,3.41,57.7,25.2,45.2,MONITOR,Fail,Pass
C6145,ISRO-SCL-250106-01,MOSFET,0,26.8,2.14,35.8,22.3,29.5,PASS,Fail,Pass
C6146,ISRO-SCL-250203-05,Digital Logic IC,1,100.0,15.91,54.4,5.3,85.0,REJECT,Safe,Fail
C6147,ISRO-SCL-250428-17,Voltage Regulator IC,0,19.3,1.54,14.0,8.0,14.9,PASS,Safe,Pass
C6148,ISRO-SCL-250512-19,Op-Amp IC,0,12.9,1.03,10.6,9.5,11.3,PASS,Safe,Pass
C6149,ISRO-SCL-250331-13,Voltage Regulator IC,0,100.0,8.09,35.9,16.0,57.6,MONITOR,Safe,Pass
C6150,ISRO-SCL-250317-11,Voltage Regulator IC,0,33.2,2.65,17.9,30.3,26.5,PASS,Borderline,Pass
C6151,ISRO-SCL-250217-07,Op-Amp IC,1,15.6,1.25,40.1,4.0,85.0,REJECT,Safe,Fail
C6152,ISRO-SCL-250127-04,Op-Amp IC,0,28.5,2.28,43.2,74.6,43.6,MONITOR,Fail,Pass
C6153,ISRO-SCL-250113-02,MOSFET,0,10.4,0.83,6.3,24.4,11.5,PASS,Safe,Pass
C6154,ISRO-SCL-250331-13,Voltage Regulator IC,0,37.3,2.99,17.7,31.4,28.3,PASS,Fail,Pass
C6155,ISRO-SCL-250217-07,Op-Amp IC,0,20.5,1.64,13.3,16.0,16.7,PASS,Safe,Pass
C6156,ISRO-SCL-250217-07,Op-Amp IC,0,18.7,1.5,31.6,0.8,20.3,PASS,Safe,Pass
C6157,ISRO-SCL-250310-10,Voltage Regulator IC,0,40.7,3.26,27.7,18.6,31.1,MONITOR,Safe,Pass
C6158,ISRO-SCL-250113-02,MOSFET,0,12.6,1.01,6.8,2.5,8.3,PASS,Safe,Pass
C6159,ISRO-SCL-250310-10,Voltage Regulator IC,0,16.2,1.29,15.5,11.1,14.9,PASS,Safe,Pass
C6160,ISRO-SCL-250310-10,Voltage Regulator IC,0,25.3,2.02,16.2,31.6,22.9,PASS,Safe,Pass
C6161,ISRO-SCL-250519-20,Voltage Regulator IC,0,5.4,0.43,0.0,6.6,3.5,PASS,Safe,Pass
C6162,ISRO-SCL-250421-16,MOSFET,0,30.9,2.47,15.0,5.4,19.4,PASS,Safe,Pass
C6163,ISRO-SCL-250217-07,Op-Amp IC,0,40.5,3.24,27.9,18.1,31.0,MONITOR,Safe,Pass
C6164,ISRO-SCL-250113-02,MOSFET,1,13.1,1.05,18.0,1.5,85.0,REJECT,Safe,Fail
C6165,ISRO-SCL-250224-08,MOSFET,0,14.9,1.19,6.1,13.2,11.1,PASS,Safe,Pass
C6166,ISRO-SCL-250310-10,Voltage Regulator IC,1,100.0,9.8,42.9,54.3,85.0,REJECT,Fail,Fail
C6167,ISRO-SCL-250505-18,Op-Amp IC,0,17.0,1.36,18.3,5.2,15.2,PASS,Safe,Pass
C6168,ISRO-SCL-250407-14,MOSFET,0,9.6,0.77,0.0,13.1,6.5,PASS,Safe,Pass
C6169,ISRO-SCL-250224-08,MOSFET,0,22.5,1.8,20.7,9.0,19.1,PASS,Safe,Pass
C6170,ISRO-SCL-250203-05,Digital Logic IC,1,18.5,1.48,31.6,0.5,85.0,REJECT,Safe,Fail
C6171,ISRO-SCL-250421-16,MOSFET,0,18.0,1.44,14.5,6.0,14.2,PASS,Safe,Pass
C6172,ISRO-SCL-250303-09,Voltage Regulator IC,0,13.1,1.05,12.0,7.1,11.4,PASS,Safe,Pass
C6173,ISRO-SCL-250210-06,MOSFET,0,21.8,1.75,12.0,6.0,14.7,PASS,Safe,Pass
C6174,ISRO-SCL-250512-19,Op-Amp IC,0,47.8,3.82,52.0,55.2,51.0,MONITOR,Fail,Pass
C6175,ISRO-SCL-250519-20,Voltage Regulator IC,0,16.7,1.34,16.6,2.4,13.8,PASS,Safe,Pass
C6176,ISRO-SCL-250407-14,MOSFET,0,9.2,0.73,10.2,29.7,13.7,PASS,Borderline,Pass
C6177,ISRO-SCL-250414-15,Digital Logic IC,0,8.3,0.66,3.5,16.3,8.0,PASS,Safe,Pass
C6178,ISRO-SCL-250310-10,Voltage Regulator IC,0,39.6,3.17,8.9,20.1,23.4,PASS,Safe,Pass
C6179,ISRO-SCL-250127-04,Op-Amp IC,0,15.8,1.26,21.6,21.6,19.3,PASS,Safe,Pass
C6180,ISRO-SCL-250224-08,MOSFET,0,14.1,1.12,4.4,11.9,9.8,PASS,Safe,Pass
C6181,ISRO-SCL-250421-16,MOSFET,0,15.7,1.26,15.3,14.8,15.3,PASS,Borderline,Pass
C6182,ISRO-SCL-250414-15,Digital Logic IC,0,29.4,2.35,29.7,32.4,30.1,MONITOR,Borderline,Pass
C6183,ISRO-SCL-250407-14,MOSFET,0,14.2,1.14,23.8,45.3,24.3,PASS,Borderline,Pass
C6184,ISRO-SCL-250127-04,Op-Amp IC,0,8.5,0.68,3.5,11.2,7.1,PASS,Safe,Pass
C6185,ISRO-SCL-250421-16,MOSFET,0,15.4,1.23,12.8,20.4,15.3,PASS,Safe,Pass
C6186,ISRO-SCL-250407-14,MOSFET,1,60.4,4.84,72.1,89.0,85.0,REJECT,Fail,Fail
C6187,ISRO-SCL-250428-17,Voltage Regulator IC,0,16.0,1.28,10.9,8.8,12.5,PASS,Fail,Pass
C6188,ISRO-SCL-250113-02,MOSFET,0,15.2,1.22,8.8,14.2,12.4,PASS,Safe,Pass
C6189,ISRO-SCL-250317-11,Voltage Regulator IC,0,50.3,4.02,39.9,33.2,42.7,MONITOR,Fail,Pass
C6190,ISRO-SCL-250106-01,MOSFET,1,17.1,1.37,34.2,7.2,85.0,REJECT,Safe,Fail
C6191,ISRO-SCL-250331-13,Voltage Regulator IC,0,20.4,1.63,19.0,19.6,19.7,PASS,Borderline,Pass
C6192,ISRO-SCL-250512-19,Op-Amp IC,1,55.3,4.42,33.1,8.9,85.0,REJECT,Safe,Fail
C6193,ISRO-SCL-250113-02,MOSFET,0,12.3,0.99,8.2,13.1,10.8,PASS,Safe,Pass
C6194,ISRO-SCL-250113-02,MOSFET,0,15.7,1.25,8.8,9.2,11.6,PASS,Safe,Pass
C6195,ISRO-SCL-250203-05,Digital Logic IC,0,16.6,1.33,19.8,9.6,16.5,PASS,Safe,Pass
C6196,ISRO-SCL-250113-02,MOSFET,0,12.4,0.99,9.1,6.8,10.0,PASS,Safe,Pass
C6197,ISRO-SCL-250505-18,Op-Amp IC,0,62.4,4.99,27.3,35.5,43.0,MONITOR,Fail,Pass
C6198,ISRO-SCL-250331-13,Voltage Regulator IC,0,23.2,1.86,10.2,3.6,14.1,PASS,Safe,Pass
C6199,ISRO-SCL-250414-15,Digital Logic IC,1,15.6,1.25,14.1,7.3,85.0,REJECT,Safe,Fail
C6200,ISRO-SCL-250203-05,Digital Logic IC,0,44.0,3.52,26.6,11.1,30.5,MONITOR,Fail,Pass
C6201,ISRO-SCL-250224-08,MOSFET,1,85.0,6.8,66.7,42.0,85.0,REJECT,Fail,Fail
C6202,ISRO-SCL-250505-18,Op-Amp IC,0,13.8,1.1,10.8,15.7,13.0,PASS,Safe,Pass
C6203,ISRO-SCL-250113-02,MOSFET,1,14.6,1.17,12.9,4.3,85.0,REJECT,Safe,Fail
C6204,ISRO-SCL-250324-12,Op-Amp IC,1,50.3,4.02,70.0,39.4,85.0,REJECT,Fail,Fail
C6205,ISRO-SCL-250512-19,Op-Amp IC,1,14.9,1.19,20.4,19.0,85.0,REJECT,Safe,Fail
C6206,ISRO-SCL-250113-02,MOSFET,0,17.6,1.41,15.5,0.6,13.4,PASS,Safe,Pass
C6207,ISRO-SCL-250317-11,Voltage Regulator IC,0,41.2,3.3,48.6,49.3,45.8,MONITOR,Fail,Pass
C6208,ISRO-SCL-250407-14,MOSFET,1,30.6,2.45,54.1,27.6,85.0,REJECT,Borderline,Fail
C6209,ISRO-SCL-250113-02,MOSFET,0,12.6,1.01,4.8,13.3,9.6,PASS,Safe,Pass
C6210,ISRO-SCL-250505-18,Op-Amp IC,0,14.4,1.15,23.9,7.3,16.8,PASS,Safe,Pass
C6211,ISRO-SCL-250203-05,Digital Logic IC,0,15.5,1.24,17.9,7.5,14.8,PASS,Safe,Pass
C6212,ISRO-SCL-250310-10,Voltage Regulator IC,0,12.8,1.03,13.2,35.5,17.5,PASS,Borderline,Pass
C6213,ISRO-SCL-250127-04,Op-Amp IC,0,53.4,4.27,56.7,40.1,52.1,MONITOR,Fail,Pass
C6214,ISRO-SCL-250407-14,MOSFET,0,25.7,2.06,25.5,24.7,25.4,PASS,Fail,Pass
C6215,ISRO-SCL-250407-14,MOSFET,0,22.0,1.76,36.1,21.1,27.5,PASS,Safe,Pass
C6216,ISRO-SCL-250210-06,MOSFET,0,12.3,0.98,6.9,6.2,8.9,PASS,Safe,Pass
C6217,ISRO-SCL-250407-14,MOSFET,0,17.2,1.37,21.7,20.8,19.7,PASS,Fail,Pass
C6218,ISRO-SCL-250331-13,Voltage Regulator IC,1,14.7,1.18,24.6,10.0,85.0,REJECT,Safe,Fail
C6219,ISRO-SCL-250303-09,Voltage Regulator IC,0,14.0,1.12,7.8,14.8,11.7,PASS,Safe,Pass
C6220,ISRO-SCL-250303-09,Voltage Regulator IC,0,15.1,1.21,17.5,14.4,15.9,PASS,Safe,Pass
C6221,ISRO-SCL-250127-04,Op-Amp IC,0,16.8,1.34,29.2,31.8,24.7,PASS,Fail,Pass
C6222,ISRO-SCL-250505-18,Op-Amp IC,0,11.8,0.94,5.4,3.6,7.6,PASS,Safe,Pass
C6223,ISRO-SCL-250203-05,Digital Logic IC,0,43.7,3.5,15.8,13.8,26.6,PASS,Safe,Pass
C6224,ISRO-SCL-250331-13,Voltage Regulator IC,0,16.1,1.28,17.3,14.8,16.3,PASS,Safe,Pass
C6225,ISRO-SCL-250519-20,Voltage Regulator IC,0,18.0,1.44,10.1,12.5,13.7,PASS,Safe,Pass
C6226,ISRO-SCL-250505-18,Op-Amp IC,0,25.3,2.02,2.0,15.1,13.9,PASS,Safe,Pass
C6227,ISRO-SCL-250113-02,MOSFET,1,11.9,0.95,15.7,7.3,85.0,REJECT,Safe,Fail
C6228,ISRO-SCL-250310-10,Voltage Regulator IC,0,53.8,4.3,33.0,35.5,41.8,MONITOR,Fail,Pass
C6229,ISRO-SCL-250224-08,MOSFET,0,14.9,1.2,26.9,8.9,18.5,PASS,Safe,Pass
C6230,ISRO-SCL-250310-10,Voltage Regulator IC,0,7.2,0.58,4.2,16.3,7.8,PASS,Safe,Pass
C6231,ISRO-SCL-250331-13,Voltage Regulator IC,0,31.3,2.51,15.4,14.5,21.6,PASS,Borderline,Pass
C6232,ISRO-SCL-250217-07,Op-Amp IC,0,15.7,1.25,10.6,17.3,14.0,PASS,Safe,Pass
C6233,ISRO-SCL-250113-02,MOSFET,0,16.9,1.35,18.8,31.8,20.6,PASS,Borderline,Pass
C6234,ISRO-SCL-250113-02,MOSFET,0,11.6,0.93,13.0,29.8,15.8,PASS,Borderline,Pass
C6235,ISRO-SCL-250120-03,Op-Amp IC,0,18.5,1.48,20.4,22.6,20.1,PASS,Safe,Pass
C6236,ISRO-SCL-250217-07,Op-Amp IC,0,14.5,1.16,8.8,8.9,11.1,PASS,Safe,Pass
C6237,ISRO-SCL-250324-12,Op-Amp IC,0,12.8,1.02,4.5,20.1,10.9,PASS,Safe,Pass
C6238,ISRO-SCL-250310-10,Voltage Regulator IC,0,13.5,1.08,8.4,11.1,11.0,PASS,Safe,Pass
C6239,ISRO-SCL-250519-20,Voltage Regulator IC,0,11.6,0.93,6.3,10.2,9.2,PASS,Safe,Pass
C6240,ISRO-SCL-250414-15,Digital Logic IC,0,15.8,1.26,22.5,9.7,17.3,PASS,Safe,Pass
C6241,ISRO-SCL-250127-04,Op-Amp IC,0,29.5,2.36,17.5,23.1,23.4,PASS,Borderline,Pass
C6242,ISRO-SCL-250512-19,Op-Amp IC,1,15.6,1.25,25.3,7.1,85.0,REJECT,Safe,Fail
C6243,ISRO-SCL-250217-07,Op-Amp IC,0,32.5,2.6,16.0,27.9,25.0,PASS,Fail,Pass
C6244,ISRO-SCL-250414-15,Digital Logic IC,1,35.1,2.81,42.5,24.1,85.0,REJECT,Fail,Fail
C6245,ISRO-SCL-250519-20,Voltage Regulator IC,0,60.9,4.87,31.2,30.3,42.9,MONITOR,Borderline,Pass
C6246,ISRO-SCL-250210-06,MOSFET,0,11.5,0.92,7.4,5.5,8.7,PASS,Safe,Pass
C6247,ISRO-SCL-250310-10,Voltage Regulator IC,0,12.2,0.98,12.3,12.5,12.3,PASS,Safe,Pass
C6248,ISRO-SCL-250407-14,MOSFET,0,12.6,1.01,6.6,15.3,10.8,PASS,Safe,Pass
C6249,ISRO-SCL-250210-06,MOSFET,0,12.6,1.01,4.0,13.0,9.3,PASS,Safe,Pass
C6250,ISRO-SCL-250421-16,MOSFET,0,11.2,0.9,11.1,7.5,10.4,PASS,Safe,Pass
C6251,ISRO-SCL-250414-15,Digital Logic IC,1,36.9,2.95,35.9,29.4,85.0,REJECT,Fail,Fail
C6252,ISRO-SCL-250310-10,Voltage Regulator IC,0,26.7,2.14,27.4,19.4,25.5,PASS,Safe,Pass
C6253,ISRO-SCL-250106-01,MOSFET,0,8.4,0.67,5.2,11.6,7.8,PASS,Safe,Pass
C6254,ISRO-SCL-250127-04,Op-Amp IC,1,22.1,1.77,23.7,9.9,85.0,REJECT,Fail,Fail
C6255,ISRO-SCL-250414-15,Digital Logic IC,0,35.6,2.85,34.1,25.3,33.0,MONITOR,Borderline,Pass
C6256,ISRO-SCL-250512-19,Op-Amp IC,0,26.6,2.13,21.4,27.9,24.7,PASS,Fail,Pass
C6257,ISRO-SCL-250113-02,MOSFET,0,100.0,22.57,81.8,100.0,92.7,REJECT,Borderline,Pass
C6258,ISRO-SCL-250414-15,Digital Logic IC,0,8.3,0.66,5.5,7.4,7.0,PASS,Safe,Pass
C6259,ISRO-SCL-250106-01,MOSFET,0,17.4,1.39,15.2,11.4,15.3,PASS,Safe,Pass
C6260,ISRO-SCL-250113-02,MOSFET,0,12.8,1.02,1.2,1.5,5.9,PASS,Safe,Pass
C6261,ISRO-SCL-250217-07,Op-Amp IC,0,24.1,1.93,24.9,13.5,22.3,PASS,Borderline,Pass
C6262,ISRO-SCL-250120-03,Op-Amp IC,0,14.5,1.16,13.8,16.3,14.6,PASS,Safe,Pass
C6263,ISRO-SCL-250407-14,MOSFET,1,17.1,1.37,30.9,27.8,85.0,REJECT,Safe,Fail
C6264,ISRO-SCL-250421-16,MOSFET,0,16.1,1.29,3.5,4.4,8.7,PASS,Safe,Pass
C6265,ISRO-SCL-250331-13,Voltage Regulator IC,0,26.5,2.12,31.4,16.6,26.5,PASS,Safe,Pass
C6266,ISRO-SCL-250106-01,MOSFET,0,14.8,1.18,5.1,6.3,9.2,PASS,Safe,Pass
C6267,ISRO-SCL-250324-12,Op-Amp IC,0,15.8,1.27,5.4,20.7,12.6,PASS,Borderline,Pass
C6268,ISRO-SCL-250331-13,Voltage Regulator IC,1,19.3,1.54,31.7,3.7,85.0,REJECT,Safe,Fail
C6269,ISRO-SCL-250421-16,MOSFET,0,18.0,1.44,11.3,4.1,12.5,PASS,Safe,Pass
C6270,ISRO-SCL-250428-17,Voltage Regulator IC,0,22.1,1.77,18.4,17.6,19.7,PASS,Borderline,Pass
C6271,ISRO-SCL-250224-08,MOSFET,0,28.1,2.25,5.3,6.5,14.7,PASS,Borderline,Pass
C6272,ISRO-SCL-250519-20,Voltage Regulator IC,0,15.7,1.25,10.8,7.9,12.2,PASS,Safe,Pass
C6273,ISRO-SCL-250217-07,Op-Amp IC,0,100.0,14.16,49.8,19.9,63.9,HOLD,Safe,Pass
C6274,ISRO-SCL-250421-16,MOSFET,0,14.1,1.12,9.3,5.5,10.4,PASS,Safe,Pass
C6275,ISRO-SCL-250505-18,Op-Amp IC,0,10.2,0.81,0.3,10.8,6.4,PASS,Safe,Pass
C6276,ISRO-SCL-250407-14,MOSFET,1,46.2,3.69,39.3,35.6,85.0,REJECT,Fail,Fail
C6277,ISRO-SCL-250203-05,Digital Logic IC,0,16.9,1.35,12.3,3.9,12.5,PASS,Safe,Pass
C6278,ISRO-SCL-250505-18,Op-Amp IC,0,15.2,1.21,3.7,6.5,8.8,PASS,Safe,Pass
C6279,ISRO-SCL-250414-15,Digital Logic IC,1,39.6,3.17,32.5,29.0,85.0,REJECT,Borderline,Fail
C6280,ISRO-SCL-250127-04,Op-Amp IC,0,27.3,2.18,10.3,15.2,18.1,PASS,Borderline,Pass
C6281,ISRO-SCL-250512-19,Op-Amp IC,0,41.0,3.28,31.9,14.8,32.1,MONITOR,Fail,Pass
C6282,ISRO-SCL-250331-13,Voltage Regulator IC,0,12.0,0.96,9.4,15.8,11.7,PASS,Safe,Pass
C6283,ISRO-SCL-250210-06,MOSFET,0,12.4,0.99,10.9,12.0,11.7,PASS,Safe,Pass
C6284,ISRO-SCL-250203-05,Digital Logic IC,0,6.7,0.54,0.0,7.0,4.1,PASS,Safe,Pass
C6285,ISRO-SCL-250317-11,Voltage Regulator IC,0,44.0,3.52,27.7,41.3,36.9,MONITOR,Fail,Pass
C6286,ISRO-SCL-250421-16,MOSFET,0,25.5,2.04,15.5,22.4,20.9,PASS,Borderline,Pass
C6287,ISRO-SCL-250310-10,Voltage Regulator IC,0,22.5,1.8,13.0,20.4,18.3,PASS,Safe,Pass
C6288,ISRO-SCL-250310-10,Voltage Regulator IC,0,8.9,0.71,2.6,8.1,6.2,PASS,Safe,Pass
C6289,ISRO-SCL-250324-12,Op-Amp IC,0,15.4,1.23,25.2,21.2,20.5,PASS,Safe,Pass
C6290,ISRO-SCL-250120-03,Op-Amp IC,0,21.0,1.68,12.3,18.3,17.0,PASS,Borderline,Pass
C6291,ISRO-SCL-250120-03,Op-Amp IC,0,14.1,1.12,7.7,7.5,10.2,PASS,Safe,Pass
C6292,ISRO-SCL-250310-10,Voltage Regulator IC,0,55.1,4.41,28.7,27.8,39.0,MONITOR,Borderline,Pass
C6293,ISRO-SCL-250421-16,MOSFET,0,13.4,1.08,10.4,10.7,11.7,PASS,Safe,Pass
C6294,ISRO-SCL-250224-08,MOSFET,0,13.6,1.09,0.3,8.1,7.2,PASS,Safe,Pass
C6295,ISRO-SCL-250331-13,Voltage Regulator IC,0,47.4,3.79,21.7,24.8,32.6,MONITOR,Safe,Pass
C6296,ISRO-SCL-250224-08,MOSFET,0,28.3,2.26,3.9,21.5,17.2,PASS,Borderline,Pass
C6297,ISRO-SCL-250512-19,Op-Amp IC,1,15.5,1.24,32.8,18.1,85.0,REJECT,Safe,Fail
C6298,ISRO-SCL-250421-16,MOSFET,0,10.8,0.87,3.6,14.0,8.6,PASS,Safe,Pass
C6299,ISRO-SCL-250127-04,Op-Amp IC,1,51.7,4.14,30.9,31.5,85.0,REJECT,Borderline,Fail
C6300,ISRO-SCL-250317-11,Voltage Regulator IC,0,25.6,2.05,53.3,69.5,45.4,MONITOR,Fail,Pass
C6301,ISRO-SCL-250407-14,MOSFET,0,26.2,2.09,52.5,29.6,37.4,MONITOR,Fail,Pass
C6302,ISRO-SCL-250113-02,MOSFET,0,42.6,3.41,6.8,21.0,24.0,PASS,Borderline,Pass
C6303,ISRO-SCL-250407-14,MOSFET,1,98.3,7.86,80.5,67.0,85.0,REJECT,Fail,Fail
C6304,ISRO-SCL-250421-16,MOSFET,0,9.6,0.76,0.0,4.3,4.7,PASS,Safe,Pass
C6305,ISRO-SCL-250203-05,Digital Logic IC,0,17.4,1.39,25.8,13.7,20.0,PASS,Safe,Pass
C6306,ISRO-SCL-250127-04,Op-Amp IC,1,100.0,123.78,100.0,52.0,90.4,REJECT,Safe,Fail
C6307,ISRO-SCL-250414-15,Digital Logic IC,0,15.5,1.24,17.5,18.3,16.9,PASS,Borderline,Pass
C6308,ISRO-SCL-250224-08,MOSFET,0,14.6,1.17,16.4,17.0,15.8,PASS,Safe,Pass
C6309,ISRO-SCL-250512-19,Op-Amp IC,0,14.8,1.18,12.2,0.3,10.9,PASS,Safe,Pass
C6310,ISRO-SCL-250127-04,Op-Amp IC,0,22.3,1.79,14.4,17.4,18.2,PASS,Safe,Pass
C6311,ISRO-SCL-250127-04,Op-Amp IC,1,100.0,9.61,63.7,29.3,85.0,REJECT,Borderline,Fail
C6312,ISRO-SCL-250203-05,Digital Logic IC,0,47.8,3.82,25.1,42.0,37.6,MONITOR,Safe,Pass
C6313,ISRO-SCL-250324-12,Op-Amp IC,0,19.9,1.59,15.9,37.2,21.7,PASS,Borderline,Pass
C6314,ISRO-SCL-250224-08,MOSFET,0,19.7,1.57,28.4,2.9,19.8,PASS,Safe,Pass
C6315,ISRO-SCL-250127-04,Op-Amp IC,0,15.5,1.24,11.7,5.5,12.0,PASS,Safe,Pass
C6316,ISRO-SCL-250217-07,Op-Amp IC,0,12.2,0.98,9.0,17.0,11.9,PASS,Borderline,Pass
C6317,ISRO-SCL-250407-14,MOSFET,1,17.3,1.39,28.6,20.6,85.0,REJECT,Safe,Fail
C6318,ISRO-SCL-250310-10,Voltage Regulator IC,0,9.6,0.76,5.8,5.8,7.3,PASS,Safe,Pass
C6319,ISRO-SCL-250324-12,Op-Amp IC,0,9.6,0.77,13.9,13.6,12.1,PASS,Safe,Pass
C6320,ISRO-SCL-250217-07,Op-Amp IC,0,17.2,1.38,15.9,23.8,18.0,PASS,Fail,Pass
C6321,ISRO-SCL-250210-06,MOSFET,0,11.9,0.95,15.4,6.7,12.3,PASS,Safe,Pass
C6322,ISRO-SCL-250120-03,Op-Amp IC,0,12.4,1.0,13.3,11.9,12.7,PASS,Safe,Pass
C6323,ISRO-SCL-250127-04,Op-Amp IC,0,25.6,2.05,24.4,30.6,26.1,PASS,Fail,Pass
C6324,ISRO-SCL-250331-13,Voltage Regulator IC,0,45.5,3.64,28.8,26.1,35.0,MONITOR,Borderline,Pass
C6325,ISRO-SCL-250414-15,Digital Logic IC,1,39.3,3.14,71.5,47.0,85.0,REJECT,Fail,Fail
C6326,ISRO-SCL-250120-03,Op-Amp IC,0,20.6,1.65,13.8,17.9,17.4,PASS,Safe,Pass
C6327,ISRO-SCL-250512-19,Op-Amp IC,0,90.6,7.25,36.9,7.0,52.4,MONITOR,Safe,Pass
C6328,ISRO-SCL-250217-07,Op-Amp IC,0,15.4,1.23,18.5,12.4,16.0,PASS,Safe,Pass
C6329,ISRO-SCL-250106-01,MOSFET,0,11.1,0.89,11.5,5.1,10.0,PASS,Safe,Pass
C6330,ISRO-SCL-250414-15,Digital Logic IC,0,12.7,1.02,17.5,16.3,15.4,PASS,Safe,Pass
C6331,ISRO-SCL-250127-04,Op-Amp IC,1,13.8,1.11,27.7,5.8,85.0,REJECT,Safe,Fail
C6332,ISRO-SCL-250512-19,Op-Amp IC,1,88.2,7.06,68.3,46.9,85.0,REJECT,Fail,Fail
C6333,ISRO-SCL-250120-03,Op-Amp IC,1,100.0,14.19,100.0,100.0,100.0,REJECT,Fail,Fail
C6334,ISRO-SCL-250113-02,MOSFET,1,12.6,1.01,15.5,5.1,85.0,REJECT,Safe,Fail
C6335,ISRO-SCL-250217-07,Op-Amp IC,0,18.4,1.47,13.4,14.9,15.7,PASS,Safe,Pass
C6336,ISRO-SCL-250303-09,Voltage Regulator IC,0,54.2,4.34,45.3,24.2,44.6,MONITOR,Fail,Pass
C6337,ISRO-SCL-250303-09,Voltage Regulator IC,0,13.3,1.07,6.1,19.2,11.6,PASS,Safe,Pass
C6338,ISRO-SCL-250127-04,Op-Amp IC,1,12.6,1.01,24.0,14.2,85.0,REJECT,Borderline,Fail
C6339,ISRO-SCL-250324-12,Op-Amp IC,0,28.5,2.28,30.8,19.0,27.5,PASS,Borderline,Pass
C6340,ISRO-SCL-250512-19,Op-Amp IC,0,22.5,1.8,23.3,14.6,21.2,PASS,Fail,Pass
C6341,ISRO-SCL-250331-13,Voltage Regulator IC,0,20.6,1.65,9.4,7.0,13.4,PASS,Safe,Pass
C6342,ISRO-SCL-250217-07,Op-Amp IC,0,15.0,1.2,3.6,19.1,11.3,PASS,Safe,Pass
C6343,ISRO-SCL-250310-10,Voltage Regulator IC,0,33.7,2.7,10.7,12.8,20.4,PASS,Borderline,Pass
C6344,ISRO-SCL-250421-16,MOSFET,0,63.2,5.06,29.5,18.6,40.8,MONITOR,Borderline,Pass
C6345,ISRO-SCL-250310-10,Voltage Regulator IC,0,16.9,1.35,12.6,9.8,13.7,PASS,Safe,Pass
C6346,ISRO-SCL-250310-10,Voltage Regulator IC,0,32.3,2.59,17.4,12.6,22.4,PASS,Borderline,Pass
C6347,ISRO-SCL-250217-07,Op-Amp IC,0,14.0,1.12,6.8,14.6,11.2,PASS,Safe,Pass
C6348,ISRO-SCL-250331-13,Voltage Regulator IC,0,15.3,1.22,19.7,8.9,15.8,PASS,Safe,Pass
C6349,ISRO-SCL-250505-18,Op-Amp IC,0,15.1,1.21,13.6,7.6,13.0,PASS,Safe,Pass
C6350,ISRO-SCL-250414-15,Digital Logic IC,0,17.9,1.43,19.0,8.3,16.5,PASS,Safe,Pass
C6351,ISRO-SCL-250127-04,Op-Amp IC,1,66.4,5.31,59.3,30.0,85.0,REJECT,Fail,Fail
C6352,ISRO-SCL-250203-05,Digital Logic IC,0,22.3,1.78,1.4,15.9,12.7,PASS,Safe,Pass
C6353,ISRO-SCL-250407-14,MOSFET,0,11.2,0.9,2.5,5.3,6.6,PASS,Safe,Pass
C6354,ISRO-SCL-250421-16,MOSFET,0,20.2,1.62,25.0,15.9,21.3,PASS,Safe,Pass
C6355,ISRO-SCL-250331-13,Voltage Regulator IC,0,13.9,1.11,1.7,20.6,10.4,PASS,Borderline,Pass
C6356,ISRO-SCL-250428-17,Voltage Regulator IC,1,70.7,5.66,58.9,45.1,85.0,REJECT,Fail,Fail
C6357,ISRO-SCL-250217-07,Op-Amp IC,0,14.8,1.19,5.0,12.2,10.4,PASS,Safe,Pass
C6358,ISRO-SCL-250217-07,Op-Amp IC,0,13.9,1.11,12.1,24.2,15.2,PASS,Borderline,Pass
C6359,ISRO-SCL-250421-16,MOSFET,1,12.1,0.96,0.6,6.0,85.0,REJECT,Fail,Fail
C6360,ISRO-SCL-250505-18,Op-Amp IC,0,12.2,0.98,7.6,9.8,9.9,PASS,Safe,Pass
C6361,ISRO-SCL-250421-16,MOSFET,0,9.1,0.73,4.7,10.4,7.6,PASS,Safe,Pass
C6362,ISRO-SCL-250106-01,MOSFET,0,17.1,1.37,26.1,5.1,18.3,PASS,Safe,Pass
C6363,ISRO-SCL-250203-05,Digital Logic IC,0,18.5,1.48,23.1,1.7,17.0,PASS,Safe,Pass
C6364,ISRO-SCL-250421-16,MOSFET,0,23.7,1.89,16.1,12.7,18.5,PASS,Safe,Pass
C6365,ISRO-SCL-250113-02,MOSFET,0,18.3,1.46,10.8,24.2,16.4,PASS,Safe,Pass
C6366,ISRO-SCL-250324-12,Op-Amp IC,1,29.2,2.34,30.3,42.3,85.0,REJECT,Fail,Fail
C6367,ISRO-SCL-250310-10,Voltage Regulator IC,0,12.8,1.03,7.0,11.3,10.2,PASS,Safe,Pass
C6368,ISRO-SCL-250310-10,Voltage Regulator IC,0,36.5,2.92,31.0,65.7,40.2,MONITOR,Fail,Pass
C6369,ISRO-SCL-250224-08,MOSFET,0,21.5,1.72,30.9,2.1,21.4,PASS,Safe,Pass
C6370,ISRO-SCL-250407-14,MOSFET,0,17.5,1.4,15.5,21.6,17.5,PASS,Safe,Pass
C6371,ISRO-SCL-250407-14,MOSFET,1,58.2,4.66,69.8,53.7,85.0,REJECT,Fail,Fail
C6372,ISRO-SCL-250224-08,MOSFET,0,12.5,1.0,8.1,4.2,9.1,PASS,Safe,Pass
C6373,ISRO-SCL-250303-09,Voltage Regulator IC,0,28.9,2.31,18.9,0.9,19.3,PASS,Safe,Pass
C6374,ISRO-SCL-250217-07,Op-Amp IC,0,15.7,1.25,11.0,8.7,12.4,PASS,Safe,Pass
C6375,ISRO-SCL-250113-02,MOSFET,1,12.6,1.01,12.6,13.7,85.0,REJECT,Safe,Fail
C6376,ISRO-SCL-250210-06,MOSFET,0,7.0,0.56,3.6,4.2,5.1,PASS,Safe,Pass
C6377,ISRO-SCL-250512-19,Op-Amp IC,1,22.2,1.78,34.6,4.4,85.0,REJECT,Borderline,Fail
C6378,ISRO-SCL-250421-16,MOSFET,0,26.7,2.14,11.6,11.2,17.6,PASS,Safe,Pass
C6379,ISRO-SCL-250505-18,Op-Amp IC,0,25.3,2.02,36.3,9.1,26.5,PASS,Safe,Pass
C6380,ISRO-SCL-250512-19,Op-Amp IC,0,40.3,3.22,62.4,42.7,49.6,MONITOR,Fail,Pass
C6381,ISRO-SCL-250310-10,Voltage Regulator IC,0,6.0,0.48,0.0,9.3,4.3,PASS,Safe,Pass
C6382,ISRO-SCL-250414-15,Digital Logic IC,1,100.0,8.56,100.0,92.0,98.4,REJECT,Fail,Fail
C6383,ISRO-SCL-250106-01,MOSFET,0,20.4,1.63,12.6,0.3,13.2,PASS,Safe,Pass
C6384,ISRO-SCL-250113-02,MOSFET,1,18.0,1.44,15.5,5.2,85.0,REJECT,Safe,Fail
C6385,ISRO-SCL-250113-02,MOSFET,0,12.5,1.0,5.7,2.3,7.7,PASS,Safe,Pass
C6386,ISRO-SCL-250421-16,MOSFET,0,100.0,15.72,72.4,100.0,89.0,REJECT,Safe,Pass
C6387,ISRO-SCL-250217-07,Op-Amp IC,0,7.2,0.58,1.1,9.7,5.3,PASS,Safe,Pass
C6388,ISRO-SCL-250310-10,Voltage Regulator IC,0,10.3,0.82,3.6,3.4,6.3,PASS,Safe,Pass
C6389,ISRO-SCL-250414-15,Digital Logic IC,0,15.8,1.27,28.7,9.3,19.7,PASS,Safe,Pass
C6390,ISRO-SCL-250113-02,MOSFET,1,19.9,1.6,15.8,5.3,85.0,REJECT,Safe,Fail
C6391,ISRO-SCL-250407-14,MOSFET,0,15.5,1.24,9.9,6.9,11.5,PASS,Safe,Pass
C6392,ISRO-SCL-250127-04,Op-Amp IC,0,9.6,0.77,1.4,13.5,7.1,PASS,Safe,Pass
C6393,ISRO-SCL-250203-05,Digital Logic IC,0,20.8,1.67,23.5,26.4,23.0,PASS,Borderline,Pass
C6394,ISRO-SCL-250414-15,Digital Logic IC,0,18.4,1.47,24.2,7.1,18.5,PASS,Safe,Pass
C6395,ISRO-SCL-250113-02,MOSFET,0,33.0,2.64,14.8,15.2,22.2,PASS,Borderline,Pass
C6396,ISRO-SCL-250310-10,Voltage Regulator IC,0,11.9,0.95,10.9,5.3,10.2,PASS,Safe,Pass
C6397,ISRO-SCL-250127-04,Op-Amp IC,0,16.9,1.35,6.0,3.9,9.9,PASS,Safe,Pass
C6398,ISRO-SCL-250317-11,Voltage Regulator IC,1,34.4,2.75,45.6,29.4,85.0,REJECT,Fail,Fail
C6399,ISRO-SCL-250113-02,MOSFET,0,12.6,1.01,5.3,1.5,7.5,PASS,Safe,Pass
C6400,ISRO-SCL-250331-13,Voltage Regulator IC,0,12.7,1.02,17.0,7.1,13.3,PASS,Safe,Pass
C6401,ISRO-SCL-250106-01,MOSFET,1,11.0,0.88,13.2,6.7,85.0,REJECT,Safe,Fail
C6402,ISRO-SCL-250310-10,Voltage Regulator IC,0,14.8,1.19,10.8,2.7,10.8,PASS,Safe,Pass
C6403,ISRO-SCL-250331-13,Voltage Regulator IC,0,15.7,1.25,7.9,1.9,9.8,PASS,Safe,Pass
C6404,ISRO-SCL-250421-16,MOSFET,0,8.7,0.7,2.4,6.4,5.8,PASS,Safe,Pass
C6405,ISRO-SCL-250127-04,Op-Amp IC,1,47.1,3.77,41.5,34.3,85.0,REJECT,Borderline,Fail
C6406,ISRO-SCL-250113-02,MOSFET,0,13.2,1.06,13.3,8.2,12.3,PASS,Safe,Pass
C6407,ISRO-SCL-250217-07,Op-Amp IC,0,15.0,1.2,4.3,7.5,9.2,PASS,Safe,Pass
C6408,ISRO-SCL-250224-08,MOSFET,0,39.8,3.18,29.6,12.7,30.3,MONITOR,Borderline,Pass
C6409,ISRO-SCL-250421-16,MOSFET,0,12.6,1.01,19.0,7.5,14.1,PASS,Safe,Pass
C6410,ISRO-SCL-250120-03,Op-Amp IC,0,12.3,0.99,6.9,6.1,8.9,PASS,Safe,Pass
C6411,ISRO-SCL-250512-19,Op-Amp IC,0,22.9,1.83,12.4,22.7,18.6,PASS,Borderline,Pass
C6412,ISRO-SCL-250203-05,Digital Logic IC,0,40.3,3.22,7.9,20.9,23.4,PASS,Borderline,Pass
C6413,ISRO-SCL-250519-20,Voltage Regulator IC,0,15.0,1.2,14.3,21.1,16.0,PASS,Safe,Pass
C6414,ISRO-SCL-250310-10,Voltage Regulator IC,0,14.1,1.12,5.9,26.1,13.2,PASS,Borderline,Pass
C6415,ISRO-SCL-250113-02,MOSFET,0,29.4,2.36,16.1,18.0,21.8,PASS,Borderline,Pass
C6416,ISRO-SCL-250421-16,MOSFET,0,18.1,1.44,21.0,7.8,17.2,PASS,Safe,Pass
C6417,ISRO-SCL-250224-08,MOSFET,0,14.5,1.16,9.5,12.9,12.2,PASS,Safe,Pass
C6418,ISRO-SCL-250421-16,MOSFET,0,21.2,1.7,6.7,16.8,14.5,PASS,Safe,Pass
C6419,ISRO-SCL-250310-10,Voltage Regulator IC,0,57.1,4.57,29.9,6.7,36.1,MONITOR,Safe,Pass
C6420,ISRO-SCL-250113-02,MOSFET,0,19.7,1.57,8.5,8.9,13.0,PASS,Safe,Pass
C6421,ISRO-SCL-250203-05,Digital Logic IC,0,100.0,25.75,91.2,100.0,96.5,REJECT,Borderline,Pass
C6422,ISRO-SCL-250310-10,Voltage Regulator IC,0,22.2,1.78,16.1,11.5,17.6,PASS,Safe,Pass
C6423,ISRO-SCL-250407-14,MOSFET,0,13.8,1.11,15.4,27.4,17.2,PASS,Borderline,Pass
C6424,ISRO-SCL-250113-02,MOSFET,1,100.0,13.46,55.3,9.1,85.0,REJECT,Safe,Fail
C6425,ISRO-SCL-250505-18,Op-Amp IC,0,100.0,12.18,50.8,2.7,60.9,HOLD,Safe,Pass
C6426,ISRO-SCL-250512-19,Op-Amp IC,1,76.1,6.09,55.3,48.2,85.0,REJECT,Fail,Fail
C6427,ISRO-SCL-250127-04,Op-Amp IC,1,14.4,1.15,22.6,4.2,85.0,REJECT,Safe,Fail
C6428,ISRO-SCL-250224-08,MOSFET,0,15.7,1.26,5.4,1.7,8.8,PASS,Safe,Pass
C6429,ISRO-SCL-250217-07,Op-Amp IC,0,15.3,1.23,28.7,8.8,19.4,PASS,Fail,Pass
C6430,ISRO-SCL-250303-09,Voltage Regulator IC,0,20.5,1.64,23.4,5.7,18.7,PASS,Safe,Pass
C6431,ISRO-SCL-250414-15,Digital Logic IC,0,31.6,2.52,44.2,28.8,36.1,MONITOR,Borderline,Pass
C6432,ISRO-SCL-250106-01,MOSFET,0,18.1,1.45,26.3,26.0,23.0,PASS,Borderline,Pass
C6433,ISRO-SCL-250428-17,Voltage Regulator IC,0,5.8,0.47,0.0,9.5,4.2,PASS,Safe,Pass
C6434,ISRO-SCL-250421-16,MOSFET,0,12.2,0.97,6.6,2.9,8.1,PASS,Safe,Pass
C6435,ISRO-SCL-250317-11,Voltage Regulator IC,0,74.3,5.95,47.0,19.6,52.5,MONITOR,Fail,Pass
C6436,ISRO-SCL-250210-06,MOSFET,1,12.8,1.02,8.1,12.9,85.0,REJECT,Fail,Fail
C6437,ISRO-SCL-250331-13,Voltage Regulator IC,0,15.8,1.27,6.5,6.0,10.1,PASS,Safe,Pass
C6438,ISRO-SCL-250421-16,MOSFET,0,17.3,1.39,17.7,1.3,14.3,PASS,Safe,Pass
C6439,ISRO-SCL-250120-03,Op-Amp IC,0,14.3,1.15,6.0,14.6,11.0,PASS,Safe,Pass
C6440,ISRO-SCL-250512-19,Op-Amp IC,1,14.1,1.13,26.9,26.2,85.0,REJECT,Borderline,Fail
C6441,ISRO-SCL-250106-01,MOSFET,0,30.6,2.45,27.8,14.5,26.2,PASS,Fail,Pass
C6442,ISRO-SCL-250224-08,MOSFET,0,18.7,1.49,18.0,9.9,16.7,PASS,Safe,Pass
C6443,ISRO-SCL-250414-15,Digital Logic IC,1,19.0,1.52,22.4,5.3,85.0,REJECT,Safe,Fail
C6444,ISRO-SCL-250120-03,Op-Amp IC,1,16.9,1.35,21.4,2.3,85.0,REJECT,Safe,Fail
C6445,ISRO-SCL-250106-01,MOSFET,1,12.3,0.99,12.3,7.2,85.0,REJECT,Safe,Fail
C6446,ISRO-SCL-250127-04,Op-Amp IC,0,46.4,3.71,23.9,27.2,33.5,MONITOR,Fail,Pass
C6447,ISRO-SCL-250127-04,Op-Amp IC,0,14.3,1.14,5.3,2.4,8.3,PASS,Safe,Pass
C6448,ISRO-SCL-250224-08,MOSFET,0,60.4,4.83,28.9,16.2,38.9,MONITOR,Borderline,Pass
C6449,ISRO-SCL-250217-07,Op-Amp IC,0,37.3,2.99,36.4,14.0,32.3,MONITOR,Fail,Pass
C6450,ISRO-SCL-250331-13,Voltage Regulator IC,1,13.2,1.05,14.0,13.7,85.0,REJECT,Safe,Fail
C6451,ISRO-SCL-250120-03,Op-Amp IC,1,18.7,1.5,34.9,5.0,85.0,REJECT,Safe,Fail
C6452,ISRO-SCL-250217-07,Op-Amp IC,0,57.5,4.6,25.2,42.9,41.6,MONITOR,Borderline,Pass
C6453,ISRO-SCL-250113-02,MOSFET,0,17.1,1.37,22.1,9.9,17.7,PASS,Safe,Pass
C6454,ISRO-SCL-250203-05,Digital Logic IC,0,13.5,1.08,7.7,4.0,9.3,PASS,Safe,Pass
C6455,ISRO-SCL-250414-15,Digital Logic IC,0,16.1,1.29,24.1,12.4,18.6,PASS,Safe,Pass
C6456,ISRO-SCL-250106-01,MOSFET,0,27.4,2.19,21.8,12.3,22.1,PASS,Fail,Pass
C6457,ISRO-SCL-250331-13,Voltage Regulator IC,1,20.2,1.62,34.8,7.3,85.0,REJECT,Safe,Fail
C6458,ISRO-SCL-250113-02,MOSFET,0,15.5,1.24,25.4,3.0,16.9,PASS,Safe,Pass
C6459,ISRO-SCL-250224-08,MOSFET,0,19.7,1.57,23.4,2.4,17.7,PASS,Safe,Pass
C6460,ISRO-SCL-250217-07,Op-Amp IC,0,15.1,1.21,24.2,4.5,16.6,PASS,Safe,Pass
C6461,ISRO-SCL-250217-07,Op-Amp IC,0,15.3,1.22,37.6,3.5,21.9,PASS,Safe,Pass
C6462,ISRO-SCL-250127-04,Op-Amp IC,0,20.7,1.65,17.5,17.7,18.8,PASS,Borderline,Pass
C6463,ISRO-SCL-250310-10,Voltage Regulator IC,0,43.8,3.5,20.3,37.4,33.1,MONITOR,Fail,Pass
C6464,ISRO-SCL-250331-13,Voltage Regulator IC,0,12.6,1.01,14.6,3.2,11.5,PASS,Safe,Pass
C6465,ISRO-SCL-250113-02,MOSFET,0,57.6,4.61,16.0,23.3,34.1,MONITOR,Borderline,Pass
C6466,ISRO-SCL-250421-16,MOSFET,0,7.9,0.63,1.7,8.8,5.6,PASS,Safe,Pass
C6467,ISRO-SCL-250414-15,Digital Logic IC,0,29.7,2.38,29.7,28.5,29.5,PASS,Borderline,Pass
C6468,ISRO-SCL-250512-19,Op-Amp IC,0,4.7,0.37,1.7,9.7,4.5,PASS,Safe,Pass
C6469,ISRO-SCL-250324-12,Op-Amp IC,0,15.1,1.2,7.3,0.3,9.0,PASS,Safe,Pass
C6470,ISRO-SCL-250421-16,MOSFET,0,13.3,1.07,2.9,1.7,6.8,PASS,Safe,Pass
C6471,ISRO-SCL-250512-19,Op-Amp IC,0,14.8,1.19,9.6,8.3,11.4,PASS,Safe,Pass
C6472,ISRO-SCL-250331-13,Voltage Regulator IC,0,12.9,1.03,7.8,17.1,11.7,PASS,Borderline,Pass
C6473,ISRO-SCL-250407-14,MOSFET,0,15.4,1.23,6.2,29.6,14.6,PASS,Borderline,Pass
C6474,ISRO-SCL-250407-14,MOSFET,0,16.9,1.35,13.9,2.5,12.8,PASS,Safe,Pass
C6475,ISRO-SCL-250421-16,MOSFET,0,19.7,1.57,18.7,11.0,17.5,PASS,Safe,Pass
C6476,ISRO-SCL-250310-10,Voltage Regulator IC,1,10.6,0.85,16.0,46.2,85.0,REJECT,Fail,Fail
C6477,ISRO-SCL-250331-13,Voltage Regulator IC,0,10.8,0.87,1.6,6.4,6.2,PASS,Safe,Pass
C6478,ISRO-SCL-250106-01,MOSFET,0,36.3,2.9,30.0,31.0,32.7,MONITOR,Fail,Pass
C6479,ISRO-SCL-250407-14,MOSFET,0,20.0,1.6,18.4,19.7,19.3,PASS,Fail,Pass
C6480,ISRO-SCL-250519-20,Voltage Regulator IC,0,18.1,1.45,22.8,15.9,19.5,PASS,Borderline,Pass
C6481,ISRO-SCL-250127-04,Op-Amp IC,0,14.7,1.18,6.4,6.6,9.8,PASS,Safe,Pass
C6482,ISRO-SCL-250203-05,Digital Logic IC,0,15.6,1.24,17.0,18.4,16.7,PASS,Safe,Pass
C6483,ISRO-SCL-250113-02,MOSFET,1,15.0,1.2,20.5,6.3,85.0,REJECT,Safe,Fail
C6484,ISRO-SCL-250331-13,Voltage Regulator IC,0,10.7,0.86,13.5,26.8,15.0,PASS,Borderline,Pass
C6485,ISRO-SCL-250414-15,Digital Logic IC,1,21.1,1.69,37.2,21.8,85.0,REJECT,Fail,Fail
C6486,ISRO-SCL-250310-10,Voltage Regulator IC,0,12.4,1.0,6.5,6.8,8.9,PASS,Safe,Pass
C6487,ISRO-SCL-250203-05,Digital Logic IC,0,17.7,1.41,5.9,3.1,10.0,PASS,Safe,Pass
C6488,ISRO-SCL-250421-16,MOSFET,0,15.5,1.24,19.3,2.7,14.4,PASS,Safe,Pass
C6489,ISRO-SCL-250303-09,Voltage Regulator IC,0,11.4,0.91,10.9,15.3,12.0,PASS,Safe,Pass
C6490,ISRO-SCL-250310-10,Voltage Regulator IC,1,18.3,1.46,26.4,1.2,85.0,REJECT,Fail,Fail
C6491,ISRO-SCL-250512-19,Op-Amp IC,0,62.8,5.02,68.8,27.6,58.1,MONITOR,Fail,Pass
C6492,ISRO-SCL-250210-06,MOSFET,0,26.8,2.14,27.2,14.5,24.5,PASS,Safe,Pass
C6493,ISRO-SCL-250512-19,Op-Amp IC,0,14.7,1.18,14.7,21.6,16.1,PASS,Borderline,Pass
C6494,ISRO-SCL-250519-20,Voltage Regulator IC,0,11.0,0.88,1.0,12.2,7.2,PASS,Safe,Pass
C6495,ISRO-SCL-250505-18,Op-Amp IC,0,11.4,0.91,17.5,4.8,12.5,PASS,Safe,Pass
C6496,ISRO-SCL-250505-18,Op-Amp IC,0,36.3,2.91,9.9,14.4,21.4,PASS,Safe,Pass
C6497,ISRO-SCL-250224-08,MOSFET,1,10.3,0.82,12.9,14.6,85.0,REJECT,Fail,Fail
C6498,ISRO-SCL-250113-02,MOSFET,0,14.1,1.12,10.8,18.7,13.7,PASS,Safe,Pass
C6499,ISRO-SCL-250203-05,Digital Logic IC,0,15.0,1.2,23.1,14.9,18.2,PASS,Safe,Pass
C6500,ISRO-SCL-250512-19,Op-Amp IC,0,26.9,2.15,43.9,42.2,36.7,MONITOR,Fail,Pass
C6501,ISRO-SCL-250127-04,Op-Amp IC,0,13.7,1.1,5.5,16.0,10.9,PASS,Fail,Pass
C6502,ISRO-SCL-250407-14,MOSFET,0,13.4,1.07,21.6,34.5,20.9,PASS,Borderline,Pass
C6503,ISRO-SCL-250203-05,Digital Logic IC,0,16.9,1.35,4.5,7.5,10.0,PASS,Safe,Pass
C6504,ISRO-SCL-250519-20,Voltage Regulator IC,0,12.7,1.01,9.1,6.7,10.0,PASS,Safe,Pass
C6505,ISRO-SCL-250310-10,Voltage Regulator IC,0,4.8,0.39,1.7,10.0,4.6,PASS,Safe,Pass
C6506,ISRO-SCL-250414-15,Digital Logic IC,1,83.5,6.68,76.2,39.4,85.0,REJECT,Fail,Fail
C6507,ISRO-SCL-250421-16,MOSFET,0,15.7,1.26,12.1,9.3,13.0,PASS,Safe,Pass
C6508,ISRO-SCL-250512-19,Op-Amp IC,0,8.2,0.66,3.3,7.0,6.0,PASS,Safe,Pass
C6509,ISRO-SCL-250324-12,Op-Amp IC,1,21.6,1.73,29.0,19.7,85.0,REJECT,Borderline,Fail
C6510,ISRO-SCL-250331-13,Voltage Regulator IC,0,29.2,2.34,17.4,19.7,22.6,PASS,Borderline,Pass
C6511,ISRO-SCL-250512-19,Op-Amp IC,1,28.1,2.25,27.8,21.9,85.0,REJECT,Fail,Fail
C6512,ISRO-SCL-250310-10,Voltage Regulator IC,0,8.4,0.67,5.5,8.2,7.2,PASS,Safe,Pass
C6513,ISRO-SCL-250113-02,MOSFET,1,100.0,16.1,66.7,21.2,85.0,REJECT,Borderline,Fail
C6514,ISRO-SCL-250113-02,MOSFET,0,12.6,1.01,0.0,4.6,6.0,PASS,Safe,Pass
C6515,ISRO-SCL-250113-02,MOSFET,0,14.3,1.14,10.0,4.5,10.6,PASS,Safe,Pass
C6516,ISRO-SCL-250127-04,Op-Amp IC,0,23.6,1.89,43.1,50.2,36.8,MONITOR,Fail,Pass
C6517,ISRO-SCL-250203-05,Digital Logic IC,0,12.2,0.98,6.5,4.8,8.4,PASS,Safe,Pass
C6518,ISRO-SCL-250407-14,MOSFET,0,17.1,1.37,27.7,36.5,25.2,PASS,Borderline,Pass
C6519,ISRO-SCL-250414-15,Digital Logic IC,0,13.8,1.11,12.2,15.2,13.5,PASS,Safe,Pass
C6520,ISRO-SCL-250113-02,MOSFET,0,13.1,1.04,5.4,14.9,10.3,PASS,Safe,Pass
C6521,ISRO-SCL-250310-10,Voltage Regulator IC,0,16.9,1.35,21.4,8.8,17.1,PASS,Safe,Pass
C6522,ISRO-SCL-250113-02,MOSFET,1,25.3,2.02,14.8,7.5,85.0,REJECT,Borderline,Fail
C6523,ISRO-SCL-250203-05,Digital Logic IC,0,27.4,2.19,26.4,25.0,26.5,PASS,Fail,Pass
C6524,ISRO-SCL-250407-14,MOSFET,0,16.9,1.35,6.7,4.7,10.3,PASS,Safe,Pass
C6525,ISRO-SCL-250407-14,MOSFET,0,18.4,1.47,13.6,13.7,15.6,PASS,Safe,Pass
C6526,ISRO-SCL-250217-07,Op-Amp IC,1,45.9,3.67,46.9,30.5,85.0,REJECT,Fail,Fail
C6527,ISRO-SCL-250217-07,Op-Amp IC,0,31.3,2.51,44.7,4.1,31.2,MONITOR,Safe,Pass
C6528,ISRO-SCL-250224-08,MOSFET,0,18.2,1.46,30.5,13.1,22.1,PASS,Safe,Pass
C6529,ISRO-SCL-250217-07,Op-Amp IC,0,11.4,0.91,14.8,7.0,11.9,PASS,Safe,Pass
C6530,ISRO-SCL-250224-08,MOSFET,0,16.2,1.3,11.4,12.2,13.5,PASS,Safe,Pass
C6531,ISRO-SCL-250210-06,MOSFET,0,12.8,1.02,6.0,9.4,9.4,PASS,Safe,Pass
C6532,ISRO-SCL-250127-04,Op-Amp IC,1,48.3,3.86,19.4,38.1,85.0,REJECT,Fail,Fail
C6533,ISRO-SCL-250106-01,MOSFET,1,10.3,0.82,9.3,8.3,85.0,REJECT,Safe,Fail
C6534,ISRO-SCL-250217-07,Op-Amp IC,1,100.0,8.65,85.0,81.3,90.3,REJECT,Fail,Fail
C6535,ISRO-SCL-250303-09,Voltage Regulator IC,0,16.0,1.28,18.9,10.4,16.0,PASS,Borderline,Pass
C6536,ISRO-SCL-250127-04,Op-Amp IC,0,16.1,1.29,7.8,13.7,12.3,PASS,Borderline,Pass
C6537,ISRO-SCL-250414-15,Digital Logic IC,1,79.4,6.35,87.1,51.3,85.0,REJECT,Fail,Fail
C6538,ISRO-SCL-250203-05,Digital Logic IC,0,12.0,0.96,3.0,15.4,9.1,PASS,Safe,Pass
C6539,ISRO-SCL-250407-14,MOSFET,0,69.7,5.58,31.3,27.8,46.0,MONITOR,Borderline,Pass
C6540,ISRO-SCL-250106-01,MOSFET,0,12.6,1.01,6.3,18.1,11.2,PASS,Safe,Pass
C6541,ISRO-SCL-250505-18,Op-Amp IC,0,18.5,1.48,11.1,15.8,15.0,PASS,Safe,Pass
C6542,ISRO-SCL-250120-03,Op-Amp IC,0,47.8,3.82,42.2,57.5,47.5,MONITOR,Fail,Pass
C6543,ISRO-SCL-250331-13,Voltage Regulator IC,0,7.5,0.6,3.5,13.8,7.2,PASS,Safe,Pass
C6544,ISRO-SCL-250324-12,Op-Amp IC,0,14.0,1.12,15.7,13.9,14.7,PASS,Safe,Pass
C6545,ISRO-SCL-250217-07,Op-Amp IC,0,11.2,0.89,14.7,5.0,11.3,PASS,Safe,Pass
C6546,ISRO-SCL-250217-07,Op-Amp IC,1,56.3,4.5,37.4,50.7,85.0,REJECT,Fail,Fail
C6547,ISRO-SCL-250505-18,Op-Amp IC,0,9.6,0.77,2.1,4.5,5.6,PASS,Safe,Pass
C6548,ISRO-SCL-250127-04,Op-Amp IC,0,15.1,1.21,9.6,15.9,13.1,PASS,Borderline,Pass
C6549,ISRO-SCL-250106-01,MOSFET,1,44.9,3.59,36.8,41.0,85.0,REJECT,Fail,Fail
C6550,ISRO-SCL-250127-04,Op-Amp IC,0,19.0,1.52,8.3,6.2,12.2,PASS,Safe,Pass
C6551,ISRO-SCL-250217-07,Op-Amp IC,0,6.0,0.48,1.6,14.5,5.9,PASS,Borderline,Pass
C6552,ISRO-SCL-250203-05,Digital Logic IC,0,16.1,1.28,24.2,12.1,18.5,PASS,Safe,Pass
C6553,ISRO-SCL-250120-03,Op-Amp IC,0,10.4,0.83,4.6,8.5,7.7,PASS,Safe,Pass
C6554,ISRO-SCL-250106-01,MOSFET,1,22.1,1.77,18.0,7.3,85.0,REJECT,Safe,Fail
C6555,ISRO-SCL-250113-02,MOSFET,0,23.4,1.87,10.4,10.3,15.6,PASS,Safe,Pass
C6556,ISRO-SCL-250324-12,Op-Amp IC,0,15.3,1.22,26.7,28.7,22.5,PASS,Borderline,Pass
C6557,ISRO-SCL-250331-13,Voltage Regulator IC,1,13.1,1.05,14.6,1.4,85.0,REJECT,Safe,Fail
C6558,ISRO-SCL-250512-19,Op-Amp IC,0,42.2,3.37,34.3,41.8,38.9,MONITOR,Fail,Pass
C6559,ISRO-SCL-250421-16,MOSFET,0,23.6,1.89,17.6,28.7,22.2,PASS,Borderline,Pass
C6560,ISRO-SCL-250120-03,Op-Amp IC,0,15.2,1.22,15.0,4.2,12.9,PASS,Safe,Pass
C6561,ISRO-SCL-250310-10,Voltage Regulator IC,0,14.4,1.15,10.9,9.0,11.9,PASS,Safe,Pass
C6562,ISRO-SCL-250310-10,Voltage Regulator IC,0,12.8,1.02,16.4,12.2,14.1,PASS,Safe,Pass
C6563,ISRO-SCL-250505-18,Op-Amp IC,0,38.4,3.07,24.1,21.3,29.3,PASS,Borderline,Pass
C6564,ISRO-SCL-250120-03,Op-Amp IC,1,40.6,3.25,48.0,33.0,85.0,REJECT,Fail,Fail
C6565,ISRO-SCL-250519-20,Voltage Regulator IC,0,20.7,1.66,13.8,12.1,16.2,PASS,Safe,Pass
C6566,ISRO-SCL-250127-04,Op-Amp IC,1,14.1,1.12,27.5,26.2,85.0,REJECT,Safe,Fail
C6567,ISRO-SCL-250120-03,Op-Amp IC,0,9.8,0.79,5.5,11.9,8.5,PASS,Safe,Pass
C6568,ISRO-SCL-250407-14,MOSFET,0,25.5,2.04,19.1,22.3,22.3,PASS,Borderline,Pass
C6569,ISRO-SCL-250106-01,MOSFET,0,12.0,0.96,2.4,21.1,10.0,PASS,Borderline,Pass
C6570,ISRO-SCL-250407-14,MOSFET,1,17.1,1.37,20.3,6.2,85.0,REJECT,Safe,Fail
C6571,ISRO-SCL-250127-04,Op-Amp IC,0,12.8,1.02,25.4,13.5,18.0,PASS,Safe,Pass
C6572,ISRO-SCL-250113-02,MOSFET,0,18.5,1.48,8.5,9.3,12.7,PASS,Safe,Pass
C6573,ISRO-SCL-250310-10,Voltage Regulator IC,0,16.7,1.34,23.8,22.6,20.7,PASS,Safe,Pass
C6574,ISRO-SCL-250414-15,Digital Logic IC,0,23.5,1.88,16.9,21.3,20.4,PASS,Borderline,Pass
C6575,ISRO-SCL-250203-05,Digital Logic IC,0,15.1,1.21,14.5,3.0,12.4,PASS,Safe,Pass
C6576,ISRO-SCL-250407-14,MOSFET,1,100.0,110.67,100.0,52.0,90.4,REJECT,Safe,Fail
C6577,ISRO-SCL-250210-06,MOSFET,0,19.9,1.59,24.4,11.7,20.1,PASS,Safe,Pass
C6578,ISRO-SCL-250224-08,MOSFET,0,16.1,1.29,27.5,16.5,20.8,PASS,Safe,Pass
C6579,ISRO-SCL-250106-01,MOSFET,0,100.0,19.17,85.9,100.0,94.4,REJECT,Borderline,Pass
C6580,ISRO-SCL-250210-06,MOSFET,0,100.0,13.83,52.4,11.8,63.3,HOLD,Safe,Pass
C6581,ISRO-SCL-250113-02,MOSFET,1,13.8,1.1,24.1,3.0,85.0,REJECT,Safe,Fail
C6582,ISRO-SCL-250310-10,Voltage Regulator IC,0,12.6,1.01,4.4,5.5,7.9,PASS,Safe,Pass
C6583,ISRO-SCL-250127-04,Op-Amp IC,1,15.8,1.26,38.0,1.0,85.0,REJECT,Safe,Fail
C6584,ISRO-SCL-250505-18,Op-Amp IC,0,25.7,2.06,14.9,13.3,18.9,PASS,Safe,Pass
C6585,ISRO-SCL-250407-14,MOSFET,0,30.3,2.42,15.2,19.9,22.2,PASS,Fail,Pass
C6586,ISRO-SCL-250324-12,Op-Amp IC,0,13.7,1.09,5.5,9.0,9.4,PASS,Safe,Pass
C6587,ISRO-SCL-250127-04,Op-Amp IC,1,19.8,1.59,20.4,36.9,85.0,REJECT,Fail,Fail
C6588,ISRO-SCL-250512-19,Op-Amp IC,0,15.9,1.27,9.8,5.2,11.3,PASS,Safe,Pass
C6589,ISRO-SCL-250120-03,Op-Amp IC,1,21.5,1.72,34.3,10.3,85.0,REJECT,Safe,Fail
C6590,ISRO-SCL-250210-06,MOSFET,1,19.7,1.57,13.0,2.0,85.0,REJECT,Fail,Fail
C6591,ISRO-SCL-250203-05,Digital Logic IC,0,15.2,1.21,12.7,5.1,12.2,PASS,Safe,Pass
C6592,ISRO-SCL-250217-07,Op-Amp IC,0,13.5,1.08,7.4,14.2,11.2,PASS,Safe,Pass
C6593,ISRO-SCL-250113-02,MOSFET,1,14.9,1.19,26.9,17.0,85.0,REJECT,Safe,Fail
C6594,ISRO-SCL-250224-08,MOSFET,0,76.7,6.14,39.3,19.1,50.2,MONITOR,Safe,Pass
C6595,ISRO-SCL-250324-12,Op-Amp IC,0,20.8,1.66,33.4,33.6,28.4,PASS,Borderline,Pass
C6596,ISRO-SCL-250414-15,Digital Logic IC,0,14.2,1.14,10.8,11.2,12.3,PASS,Safe,Pass
C6597,ISRO-SCL-250414-15,Digital Logic IC,0,11.9,0.95,5.0,12.0,9.2,PASS,Safe,Pass
C6598,ISRO-SCL-250106-01,MOSFET,0,21.8,1.75,24.8,17.3,22.1,PASS,Borderline,Pass
C6599,ISRO-SCL-250414-15,Digital Logic IC,0,33.3,2.66,40.0,28.2,34.9,MONITOR,Fail,Pass
C6600,ISRO-SCL-250407-14,MOSFET,1,16.2,1.29,23.4,8.5,85.0,REJECT,Fail,Fail
C6601,ISRO-SCL-250310-10,Voltage Regulator IC,0,9.6,0.77,7.5,14.8,9.8,PASS,Safe,Pass
C6602,ISRO-SCL-250127-04,Op-Amp IC,0,23.6,1.89,13.0,20.4,18.7,PASS,Safe,Pass
C6603,ISRO-SCL-250324-12,Op-Amp IC,0,49.6,3.97,37.8,39.6,42.9,MONITOR,Fail,Pass
C6604,ISRO-SCL-250210-06,MOSFET,0,15.9,1.27,31.6,10.6,21.1,PASS,Safe,Pass
C6605,ISRO-SCL-250113-02,MOSFET,0,17.8,1.42,10.9,5.8,12.7,PASS,Safe,Pass
C6606,ISRO-SCL-250414-15,Digital Logic IC,0,14.2,1.14,18.9,2.4,13.7,PASS,Safe,Pass
C6607,ISRO-SCL-250106-01,MOSFET,1,92.7,7.42,55.3,62.4,85.0,REJECT,Fail,Fail
C6608,ISRO-SCL-250310-10,Voltage Regulator IC,0,16.0,1.28,28.2,1.3,17.9,PASS,Safe,Pass
C6609,ISRO-SCL-250120-03,Op-Amp IC,0,15.6,1.24,18.7,29.0,19.5,PASS,Safe,Pass
C6610,ISRO-SCL-250512-19,Op-Amp IC,0,24.6,1.96,19.9,29.7,23.7,PASS,Borderline,Pass
C6611,ISRO-SCL-250407-14,MOSFET,0,13.1,1.05,2.7,18.4,10.0,PASS,Safe,Pass
C6612,ISRO-SCL-250310-10,Voltage Regulator IC,0,19.5,1.56,25.5,39.1,25.8,PASS,Borderline,Pass
C6613,ISRO-SCL-250106-01,MOSFET,0,41.6,3.33,23.5,22.4,30.5,MONITOR,Fail,Pass
C6614,ISRO-SCL-250421-16,MOSFET,0,12.6,1.01,2.5,9.8,8.0,PASS,Safe,Pass
C6615,ISRO-SCL-250203-05,Digital Logic IC,0,14.7,1.18,7.9,10.6,11.2,PASS,Safe,Pass
C6616,ISRO-SCL-250310-10,Voltage Regulator IC,0,11.3,0.9,5.8,12.8,9.4,PASS,Safe,Pass
C6617,ISRO-SCL-250519-20,Voltage Regulator IC,0,100.0,10.6,37.7,13.2,57.7,MONITOR,Safe,Pass
C6618,ISRO-SCL-250512-19,Op-Amp IC,0,100.0,8.54,57.3,47.3,72.4,HOLD,Borderline,Pass
C6619,ISRO-SCL-250428-17,Voltage Regulator IC,0,16.5,1.32,14.2,14.5,15.2,PASS,Safe,Pass
C6620,ISRO-SCL-250505-18,Op-Amp IC,0,15.5,1.24,28.4,36.5,24.9,PASS,Safe,Pass
C6621,ISRO-SCL-250113-02,MOSFET,0,24.6,1.97,21.9,19.9,22.6,PASS,Safe,Pass
C6622,ISRO-SCL-250113-02,MOSFET,1,14.9,1.19,17.4,8.7,85.0,REJECT,Fail,Fail
C6623,ISRO-SCL-250120-03,Op-Amp IC,1,12.5,1.0,16.7,13.4,85.0,REJECT,Safe,Fail
C6624,ISRO-SCL-250421-16,MOSFET,0,33.7,2.7,23.0,18.3,26.3,PASS,Safe,Pass
C6625,ISRO-SCL-250414-15,Digital Logic IC,1,34.7,2.77,41.8,30.5,85.0,REJECT,Borderline,Fail
C6626,ISRO-SCL-250210-06,MOSFET,0,12.3,0.98,9.1,6.7,9.9,PASS,Safe,Pass
C6627,ISRO-SCL-250217-07,Op-Amp IC,0,53.9,4.31,24.0,3.5,31.9,MONITOR,Safe,Pass
C6628,ISRO-SCL-250113-02,MOSFET,0,18.0,1.44,2.7,9.6,10.2,PASS,Safe,Pass
C6629,ISRO-SCL-250224-08,MOSFET,0,12.3,0.99,1.6,13.6,8.3,PASS,Safe,Pass
C6630,ISRO-SCL-250310-10,Voltage Regulator IC,0,11.2,0.9,11.2,19.8,12.9,PASS,Borderline,Pass
C6631,ISRO-SCL-250512-19,Op-Amp IC,0,11.9,0.95,14.9,6.5,12.0,PASS,Safe,Pass
C6632,ISRO-SCL-250106-01,MOSFET,0,14.3,1.15,1.8,12.7,9.0,PASS,Safe,Pass
C6633,ISRO-SCL-250519-20,Voltage Regulator IC,1,19.3,1.54,19.4,5.7,85.0,REJECT,Fail,Fail
C6634,ISRO-SCL-250303-09,Voltage Regulator IC,0,24.1,1.93,18.0,3.7,17.6,PASS,Safe,Pass
C6635,ISRO-SCL-250203-05,Digital Logic IC,0,21.9,1.75,18.8,3.8,17.1,PASS,Safe,Pass
C6636,ISRO-SCL-250505-18,Op-Amp IC,0,8.4,0.67,5.1,4.5,6.3,PASS,Safe,Pass
C6637,ISRO-SCL-250414-15,Digital Logic IC,1,65.5,5.24,77.1,51.5,85.0,REJECT,Fail,Fail
C6638,ISRO-SCL-250421-16,MOSFET,0,36.5,2.92,24.1,22.7,28.8,PASS,Borderline,Pass
C6639,ISRO-SCL-250310-10,Voltage Regulator IC,0,40.5,3.24,8.9,29.4,25.7,PASS,Borderline,Pass
C6640,ISRO-SCL-250414-15,Digital Logic IC,1,56.9,4.55,61.3,29.5,85.0,REJECT,Fail,Fail
C6641,ISRO-SCL-250407-14,MOSFET,0,20.9,1.67,30.1,20.6,24.5,PASS,Borderline,Pass
C6642,ISRO-SCL-250421-16,MOSFET,0,35.1,2.81,25.9,29.2,30.2,MONITOR,Borderline,Pass
C6643,ISRO-SCL-250113-02,MOSFET,0,58.5,4.68,10.0,26.2,32.7,MONITOR,Borderline,Pass
C6644,ISRO-SCL-250407-14,MOSFET,0,15.9,1.27,17.2,11.5,15.6,PASS,Safe,Pass
C6645,ISRO-SCL-250512-19,Op-Amp IC,1,16.3,1.3,20.5,24.0,85.0,REJECT,Borderline,Fail
C6646,ISRO-SCL-250120-03,Op-Amp IC,1,27.0,2.16,15.7,22.6,85.0,REJECT,Borderline,Fail
C6647,ISRO-SCL-250505-18,Op-Amp IC,0,33.0,2.64,31.7,23.2,30.5,MONITOR,Borderline,Pass
C6648,ISRO-SCL-250324-12,Op-Amp IC,0,10.8,0.86,0.6,5.9,5.7,PASS,Safe,Pass
C6649,ISRO-SCL-250317-11,Voltage Regulator IC,0,13.2,1.05,13.1,31.2,16.7,PASS,Fail,Pass
C6650,ISRO-SCL-250120-03,Op-Amp IC,0,45.0,3.6,30.9,39.5,38.2,MONITOR,Fail,Pass
C6651,ISRO-SCL-250203-05,Digital Logic IC,0,11.8,0.94,8.0,10.9,10.1,PASS,Safe,Pass
C6652,ISRO-SCL-250519-20,Voltage Regulator IC,0,14.5,1.16,14.8,28.3,17.4,PASS,Borderline,Pass
C6653,ISRO-SCL-250421-16,MOSFET,0,17.9,1.44,1.6,13.0,10.4,PASS,Borderline,Pass
C6654,ISRO-SCL-250210-06,MOSFET,0,14.1,1.12,5.5,5.6,8.9,PASS,Safe,Pass
C6655,ISRO-SCL-250324-12,Op-Amp IC,0,22.1,1.77,30.8,8.7,22.9,PASS,Safe,Pass
C6656,ISRO-SCL-250120-03,Op-Amp IC,0,38.8,3.1,47.4,100.0,54.5,MONITOR,Borderline,Pass
C6657,ISRO-SCL-250127-04,Op-Amp IC,1,75.9,6.07,55.2,45.1,85.0,REJECT,Fail,Fail
C6658,ISRO-SCL-250217-07,Op-Amp IC,1,17.4,1.39,29.5,6.3,85.0,REJECT,Safe,Fail
C6659,ISRO-SCL-250127-04,Op-Amp IC,0,15.4,1.23,3.8,22.2,12.1,PASS,Borderline,Pass
C6660,ISRO-SCL-250106-01,MOSFET,0,8.2,0.65,6.8,12.8,8.6,PASS,Safe,Pass
C6661,ISRO-SCL-250113-02,MOSFET,0,12.9,1.03,0.5,11.0,7.6,PASS,Safe,Pass
C6662,ISRO-SCL-250113-02,MOSFET,0,25.1,2.0,10.2,3.2,14.7,PASS,Safe,Pass
C6663,ISRO-SCL-250428-17,Voltage Regulator IC,0,21.7,1.73,32.3,25.1,26.6,PASS,Borderline,Pass
C6664,ISRO-SCL-250414-15,Digital Logic IC,0,13.4,1.07,13.1,2.0,11.0,PASS,Safe,Pass
C6665,ISRO-SCL-250106-01,MOSFET,0,18.9,1.51,14.6,11.8,15.8,PASS,Safe,Pass
C6666,ISRO-SCL-250210-06,MOSFET,0,18.3,1.46,27.0,5.1,19.1,PASS,Safe,Pass
C6667,ISRO-SCL-250428-17,Voltage Regulator IC,0,16.7,1.34,22.1,18.5,19.2,PASS,Safe,Pass
C6668,ISRO-SCL-250217-07,Op-Amp IC,0,11.9,0.95,3.6,11.1,8.4,PASS,Safe,Pass
C6669,ISRO-SCL-250120-03,Op-Amp IC,1,43.0,3.44,38.9,31.9,85.0,REJECT,Borderline,Fail
C6670,ISRO-SCL-250414-15,Digital Logic IC,0,26.2,2.09,15.9,23.1,21.4,PASS,Safe,Pass
C6671,ISRO-SCL-250310-10,Voltage Regulator IC,0,13.4,1.07,7.8,5.9,9.7,PASS,Safe,Pass
C6672,ISRO-SCL-250421-16,MOSFET,0,30.4,2.44,13.6,14.6,20.5,PASS,Safe,Pass
C6673,ISRO-SCL-250120-03,Op-Amp IC,0,10.5,0.84,5.6,15.3,9.5,PASS,Safe,Pass
C6674,ISRO-SCL-250505-18,Op-Amp IC,0,35.3,2.83,22.9,7.7,24.8,PASS,Safe,Pass
C6675,ISRO-SCL-250505-18,Op-Amp IC,0,81.7,6.54,42.7,19.0,53.6,MONITOR,Borderline,Pass
C6676,ISRO-SCL-250324-12,Op-Amp IC,0,15.6,1.24,31.4,19.6,22.7,PASS,Safe,Pass
C6677,ISRO-SCL-250505-18,Op-Amp IC,0,46.2,3.69,9.9,17.3,25.9,PASS,Safe,Pass
C6678,ISRO-SCL-250512-19,Op-Amp IC,0,25.3,2.02,17.8,28.7,23.0,PASS,Borderline,Pass
C6679,ISRO-SCL-250203-05,Digital Logic IC,0,16.7,1.34,24.8,5.4,17.7,PASS,Safe,Pass
C6680,ISRO-SCL-250113-02,MOSFET,1,16.9,1.35,23.1,15.9,85.0,REJECT,Borderline,Fail
C6681,ISRO-SCL-250428-17,Voltage Regulator IC,0,92.7,7.42,37.4,18.4,55.7,MONITOR,Borderline,Pass
C6682,ISRO-SCL-250217-07,Op-Amp IC,1,15.3,1.22,17.3,6.4,85.0,REJECT,Safe,Fail
C6683,ISRO-SCL-250113-02,MOSFET,1,34.4,2.76,17.2,26.9,85.0,REJECT,Borderline,Fail
C6684,ISRO-SCL-250210-06,MOSFET,0,20.3,1.63,33.7,7.2,23.1,PASS,Safe,Pass
C6685,ISRO-SCL-250407-14,MOSFET,1,23.1,1.85,42.6,52.5,85.0,REJECT,Fail,Fail
C6686,ISRO-SCL-250203-05,Digital Logic IC,0,24.2,1.94,22.7,11.3,21.0,PASS,Safe,Pass
C6687,ISRO-SCL-250414-15,Digital Logic IC,0,40.0,3.2,40.7,40.2,40.3,MONITOR,Fail,Pass
C6688,ISRO-SCL-250421-16,MOSFET,0,18.5,1.48,19.3,18.2,18.8,PASS,Safe,Pass
C6689,ISRO-SCL-250519-20,Voltage Regulator IC,0,16.7,1.34,20.2,6.2,16.0,PASS,Safe,Pass
C6690,ISRO-SCL-250414-15,Digital Logic IC,0,30.6,2.45,43.4,18.4,33.3,MONITOR,Fail,Pass
C6691,ISRO-SCL-250317-11,Voltage Regulator IC,0,13.3,1.07,26.4,11.9,18.3,PASS,Safe,Pass
C6692,ISRO-SCL-250203-05,Digital Logic IC,0,19.8,1.58,14.8,5.7,15.0,PASS,Safe,Pass
C6693,ISRO-SCL-250428-17,Voltage Regulator IC,0,15.5,1.24,18.8,19.7,17.7,PASS,Safe,Pass
C6694,ISRO-SCL-250203-05,Digital Logic IC,0,10.5,0.84,2.1,5.0,6.1,PASS,Safe,Pass
C6695,ISRO-SCL-250317-11,Voltage Regulator IC,0,19.0,1.52,19.3,21.3,19.6,PASS,Borderline,Pass
C6696,ISRO-SCL-250505-18,Op-Amp IC,0,22.1,1.77,1.6,12.6,12.0,PASS,Safe,Pass
C6697,ISRO-SCL-250113-02,MOSFET,1,15.2,1.22,19.9,12.9,85.0,REJECT,Safe,Fail
C6698,ISRO-SCL-250120-03,Op-Amp IC,1,16.7,1.34,33.0,0.9,85.0,REJECT,Safe,Fail
C6699,ISRO-SCL-250407-14,MOSFET,0,20.6,1.65,29.4,47.7,29.5,PASS,Fail,Pass
C6700,ISRO-SCL-250210-06,MOSFET,0,16.2,1.3,23.4,12.4,18.3,PASS,Safe,Pass
C6701,ISRO-SCL-250303-09,Voltage Regulator IC,0,22.0,1.76,8.2,5.9,13.3,PASS,Safe,Pass
C6702,ISRO-SCL-250310-10,Voltage Regulator IC,0,26.7,2.14,1.9,21.7,15.8,PASS,Borderline,Pass
C6703,ISRO-SCL-250505-18,Op-Amp IC,0,77.5,6.2,62.6,100.0,76.0,HOLD,Safe,Pass
C6704,ISRO-SCL-250203-05,Digital Logic IC,1,17.5,1.4,14.9,6.8,85.0,REJECT,Safe,Fail
C6705,ISRO-SCL-250203-05,Digital Logic IC,0,13.5,1.08,2.7,8.8,8.2,PASS,Safe,Pass
C6706,ISRO-SCL-250210-06,MOSFET,0,18.3,1.46,26.9,4.5,19.0,PASS,Safe,Pass
C6707,ISRO-SCL-250331-13,Voltage Regulator IC,0,13.2,1.06,19.5,1.4,13.4,PASS,Safe,Pass
C6708,ISRO-SCL-250210-06,MOSFET,1,19.4,1.55,26.3,35.9,85.0,REJECT,Fail,Fail
C6709,ISRO-SCL-250407-14,MOSFET,0,30.9,2.47,32.8,46.2,34.7,MONITOR,Fail,Pass
C6710,ISRO-SCL-250224-08,MOSFET,0,27.7,2.21,31.0,12.9,26.1,PASS,Safe,Pass
C6711,ISRO-SCL-250120-03,Op-Amp IC,0,13.2,1.06,12.3,2.1,10.6,PASS,Safe,Pass
C6712,ISRO-SCL-250224-08,MOSFET,0,26.1,2.09,14.2,15.5,19.2,PASS,Borderline,Pass
C6713,ISRO-SCL-250106-01,MOSFET,0,27.0,2.16,13.3,18.3,19.8,PASS,Borderline,Pass
C6714,ISRO-SCL-250414-15,Digital Logic IC,0,21.1,1.69,28.4,5.3,20.8,PASS,Safe,Pass
C6715,ISRO-SCL-250519-20,Voltage Regulator IC,1,100.0,11.35,69.3,70.2,85.0,REJECT,Fail,Fail
C6716,ISRO-SCL-250414-15,Digital Logic IC,0,11.6,0.93,1.2,10.3,7.2,PASS,Safe,Pass
C6717,ISRO-SCL-250414-15,Digital Logic IC,1,82.3,6.58,93.0,47.1,85.0,REJECT,Fail,Fail
C6718,ISRO-SCL-250310-10,Voltage Regulator IC,0,18.9,1.51,9.3,8.2,12.9,PASS,Safe,Pass
C6719,ISRO-SCL-250414-15,Digital Logic IC,1,50.0,4.0,72.5,31.2,85.0,REJECT,Fail,Fail
C6720,ISRO-SCL-250120-03,Op-Amp IC,1,100.0,117.79,100.0,52.0,90.4,REJECT,Safe,Fail
C6721,ISRO-SCL-250421-16,MOSFET,0,11.2,0.9,4.4,4.4,7.1,PASS,Safe,Pass
C6722,ISRO-SCL-250224-08,MOSFET,0,25.3,2.02,13.1,25.7,20.5,PASS,Safe,Pass
C6723,ISRO-SCL-250512-19,Op-Amp IC,1,64.6,5.17,30.9,38.2,85.0,REJECT,Borderline,Fail
C6724,ISRO-SCL-250407-14,MOSFET,0,12.4,0.99,22.4,21.3,18.2,PASS,Fail,Pass
C6725,ISRO-SCL-250113-02,MOSFET,1,18.5,1.48,19.0,6.4,85.0,REJECT,Safe,Fail
C6726,ISRO-SCL-250310-10,Voltage Regulator IC,0,32.3,2.59,12.3,18.3,21.5,PASS,Borderline,Pass
C6727,ISRO-SCL-250505-18,Op-Amp IC,0,16.9,1.35,7.1,2.2,10.0,PASS,Safe,Pass
C6728,ISRO-SCL-250512-19,Op-Amp IC,0,10.3,0.82,1.4,9.5,6.6,PASS,Safe,Pass
C6729,ISRO-SCL-250310-10,Voltage Regulator IC,0,17.4,1.39,2.4,19.9,11.9,PASS,Safe,Pass
C6730,ISRO-SCL-250106-01,MOSFET,0,13.5,1.08,13.1,9.3,12.5,PASS,Safe,Pass
C6731,ISRO-SCL-250421-16,MOSFET,0,100.0,8.09,30.6,7.7,53.8,MONITOR,Safe,Pass
C6732,ISRO-SCL-250303-09,Voltage Regulator IC,0,13.7,1.09,10.2,14.2,12.4,PASS,Safe,Pass
C6733,ISRO-SCL-250331-13,Voltage Regulator IC,0,15.6,1.25,24.8,13.4,18.9,PASS,Safe,Pass
C6734,ISRO-SCL-250120-03,Op-Amp IC,0,12.5,1.0,9.3,25.4,13.8,PASS,Borderline,Pass
C6735,ISRO-SCL-250217-07,Op-Amp IC,0,15.7,1.25,9.2,7.8,11.5,PASS,Safe,Pass
C6736,ISRO-SCL-250224-08,MOSFET,0,15.0,1.2,2.1,6.9,8.2,PASS,Safe,Pass
C6737,ISRO-SCL-250127-04,Op-Amp IC,0,17.1,1.37,4.9,13.8,11.6,PASS,Borderline,Pass
C6738,ISRO-SCL-250217-07,Op-Amp IC,0,15.7,1.25,10.3,16.3,13.6,PASS,Safe,Pass
C6739,ISRO-SCL-250303-09,Voltage Regulator IC,0,18.4,1.47,10.8,21.3,16.0,PASS,Safe,Pass
C6740,ISRO-SCL-250120-03,Op-Amp IC,1,16.9,1.35,16.8,17.1,85.0,REJECT,Safe,Fail
C6741,ISRO-SCL-250310-10,Voltage Regulator IC,0,13.1,1.05,18.3,29.5,18.5,PASS,Borderline,Pass
C6742,ISRO-SCL-250505-18,Op-Amp IC,0,14.9,1.19,13.7,20.1,15.4,PASS,Safe,Pass
C6743,ISRO-SCL-250421-16,MOSFET,0,17.2,1.37,20.4,6.4,16.3,PASS,Safe,Pass
C6744,ISRO-SCL-250519-20,Voltage Regulator IC,0,11.7,0.94,4.5,5.7,7.6,PASS,Safe,Pass
C6745,ISRO-SCL-250303-09,Voltage Regulator IC,0,34.3,2.75,25.7,35.2,31.0,MONITOR,Borderline,Pass
C6746,ISRO-SCL-250113-02,MOSFET,1,18.0,1.44,27.0,6.8,85.0,REJECT,Safe,Fail
C6747,ISRO-SCL-250106-01,MOSFET,0,14.5,1.16,12.6,13.5,13.5,PASS,Safe,Pass
C6748,ISRO-SCL-250505-18,Op-Amp IC,0,33.7,2.7,8.9,24.6,22.0,PASS,Borderline,Pass
C6749,ISRO-SCL-250106-01,MOSFET,1,15.9,1.27,19.4,9.4,85.0,REJECT,Safe,Fail
C6750,ISRO-SCL-250217-07,Op-Amp IC,1,92.5,7.4,45.6,60.2,85.0,REJECT,Fail,Fail
C6751,ISRO-SCL-250127-04,Op-Amp IC,0,19.4,1.55,10.2,20.5,15.9,PASS,Safe,Pass
C6752,ISRO-SCL-250324-12,Op-Amp IC,0,11.1,0.89,9.4,22.4,12.7,PASS,Borderline,Pass
C6753,ISRO-SCL-250317-11,Voltage Regulator IC,1,100.0,14.55,100.0,100.0,100.0,REJECT,Fail,Fail
C6754,ISRO-SCL-250127-04,Op-Amp IC,0,9.4,0.75,6.4,10.7,8.5,PASS,Borderline,Pass
C6755,ISRO-SCL-250217-07,Op-Amp IC,0,14.0,1.12,9.2,2.6,9.8,PASS,Safe,Pass
C6756,ISRO-SCL-250331-13,Voltage Regulator IC,0,18.5,1.48,6.0,33.3,16.5,PASS,Borderline,Pass
C6757,ISRO-SCL-250120-03,Op-Amp IC,1,15.4,1.24,5.7,21.6,85.0,REJECT,Fail,Fail
C6758,ISRO-SCL-250512-19,Op-Amp IC,0,10.4,0.83,13.6,30.2,15.6,PASS,Borderline,Pass
C6759,ISRO-SCL-250428-17,Voltage Regulator IC,1,10.4,0.84,3.6,13.7,85.0,REJECT,Fail,Fail
C6760,ISRO-SCL-250310-10,Voltage Regulator IC,0,25.5,2.04,20.3,0.4,18.4,PASS,Safe,Pass
C6761,ISRO-SCL-250106-01,MOSFET,1,13.0,1.04,20.1,6.1,85.0,REJECT,Safe,Fail
C6762,ISRO-SCL-250407-14,MOSFET,0,12.1,0.97,22.7,26.6,19.2,PASS,Fail,Pass
C6763,ISRO-SCL-250407-14,MOSFET,1,93.5,7.48,68.2,65.2,85.0,REJECT,Fail,Fail
C6764,ISRO-SCL-250331-13,Voltage Regulator IC,0,6.9,0.55,4.1,8.5,6.1,PASS,Safe,Pass
C6765,ISRO-SCL-250113-02,MOSFET,0,13.7,1.1,10.4,7.2,11.1,PASS,Safe,Pass
C6766,ISRO-SCL-250127-04,Op-Amp IC,0,41.1,3.29,31.5,22.9,33.6,MONITOR,Fail,Pass
C6767,ISRO-SCL-250203-05,Digital Logic IC,0,26.8,2.14,20.4,3.6,19.6,PASS,Safe,Pass
C6768,ISRO-SCL-250324-12,Op-Amp IC,0,17.2,1.38,11.6,7.7,13.1,PASS,Safe,Pass
C6769,ISRO-SCL-250113-02,MOSFET,0,13.3,1.06,16.3,17.0,15.2,PASS,Safe,Pass
C6770,ISRO-SCL-250303-09,Voltage Regulator IC,0,10.0,0.8,1.6,13.9,7.4,PASS,Borderline,Pass
C6771,ISRO-SCL-250407-14,MOSFET,0,26.4,2.11,42.9,18.8,31.5,MONITOR,Fail,Pass
C6772,ISRO-SCL-250310-10,Voltage Regulator IC,0,14.1,1.12,32.6,15.9,21.8,PASS,Safe,Pass
C6773,ISRO-SCL-250331-13,Voltage Regulator IC,0,25.5,2.04,15.7,26.1,21.7,PASS,Borderline,Pass
C6774,ISRO-SCL-250303-09,Voltage Regulator IC,0,25.1,2.01,14.6,31.8,22.2,PASS,Borderline,Pass
C6775,ISRO-SCL-250106-01,MOSFET,0,16.4,1.31,26.3,5.7,18.2,PASS,Safe,Pass
C6776,ISRO-SCL-250303-09,Voltage Regulator IC,0,13.2,1.06,7.1,9.6,10.1,PASS,Safe,Pass
C6777,ISRO-SCL-250120-03,Op-Amp IC,0,19.8,1.59,8.3,26.3,16.5,PASS,Borderline,Pass
C6778,ISRO-SCL-250407-14,MOSFET,0,13.1,1.05,8.7,14.3,11.6,PASS,Safe,Pass
C6779,ISRO-SCL-250113-02,MOSFET,0,14.7,1.18,12.9,7.5,12.5,PASS,Safe,Pass
C6780,ISRO-SCL-250120-03,Op-Amp IC,0,12.9,1.03,8.7,13.0,11.3,PASS,Safe,Pass
C6781,ISRO-SCL-250310-10,Voltage Regulator IC,0,14.0,1.12,21.1,7.4,15.5,PASS,Safe,Pass
C6782,ISRO-SCL-250217-07,Op-Amp IC,0,11.1,0.89,15.5,9.4,12.5,PASS,Safe,Pass
C6783,ISRO-SCL-250106-01,MOSFET,0,15.0,1.2,12.9,13.6,13.9,PASS,Borderline,Pass
C6784,ISRO-SCL-250106-01,MOSFET,0,18.4,1.47,16.8,12.8,16.6,PASS,Safe,Pass
C6785,ISRO-SCL-250203-05,Digital Logic IC,0,34.5,2.76,11.2,18.7,22.0,PASS,Borderline,Pass
C6786,ISRO-SCL-250120-03,Op-Amp IC,1,15.0,1.2,28.3,5.2,85.0,REJECT,Safe,Fail
C6787,ISRO-SCL-250512-19,Op-Amp IC,0,13.0,1.04,20.7,17.2,16.9,PASS,Borderline,Pass
C6788,ISRO-SCL-250224-08,MOSFET,0,12.8,1.02,8.3,21.6,12.8,PASS,Borderline,Pass
C6789,ISRO-SCL-250512-19,Op-Amp IC,0,15.0,1.2,23.3,16.5,18.6,PASS,Safe,Pass
C6790,ISRO-SCL-250310-10,Voltage Regulator IC,0,10.0,0.8,0.4,7.3,5.6,PASS,Safe,Pass
C6791,ISRO-SCL-250203-05,Digital Logic IC,1,47.6,3.81,11.3,20.6,85.0,REJECT,Fail,Fail
C6792,ISRO-SCL-250512-19,Op-Amp IC,0,21.0,1.68,7.7,19.9,15.5,PASS,Safe,Pass
C6793,ISRO-SCL-250203-05,Digital Logic IC,0,100.0,10.93,51.6,3.3,61.3,HOLD,Safe,Pass
C6794,ISRO-SCL-250421-16,MOSFET,0,55.3,4.42,41.1,39.4,46.4,MONITOR,Fail,Pass
C6795,ISRO-SCL-250310-10,Voltage Regulator IC,0,15.5,1.24,6.9,11.5,11.3,PASS,Safe,Pass
C6796,ISRO-SCL-250127-04,Op-Amp IC,1,24.2,1.94,25.9,20.7,85.0,REJECT,Safe,Fail
C6797,ISRO-SCL-250217-07,Op-Amp IC,0,8.1,0.65,0.9,16.1,6.8,PASS,Safe,Pass
C6798,ISRO-SCL-250414-15,Digital Logic IC,0,15.0,1.2,21.4,27.9,20.1,PASS,Borderline,Pass
C6799,ISRO-SCL-250106-01,MOSFET,0,19.7,1.57,32.8,14.9,24.0,PASS,Safe,Pass
C6800,ISRO-SCL-250414-15,Digital Logic IC,0,19.5,1.56,23.7,19.2,21.1,PASS,Borderline,Pass
C6801,ISRO-SCL-250106-01,MOSFET,0,100.0,10.03,45.2,10.5,60.2,HOLD,Safe,Pass
C6802,ISRO-SCL-250210-06,MOSFET,0,24.8,1.98,16.0,17.8,19.9,PASS,Safe,Pass
C6803,ISRO-SCL-250127-04,Op-Amp IC,0,11.4,0.91,10.8,9.9,10.8,PASS,Safe,Pass
C6804,ISRO-SCL-250317-11,Voltage Regulator IC,0,15.3,1.22,11.0,0.1,10.6,PASS,Safe,Pass
C6805,ISRO-SCL-250331-13,Voltage Regulator IC,0,14.5,1.16,16.3,33.7,19.0,PASS,Fail,Pass
C6806,ISRO-SCL-250224-08,MOSFET,0,15.4,1.23,16.4,12.4,15.2,PASS,Safe,Pass
C6807,ISRO-SCL-250407-14,MOSFET,0,15.7,1.26,25.5,47.8,26.0,PASS,Fail,Pass
C6808,ISRO-SCL-250310-10,Voltage Regulator IC,0,22.5,1.8,9.6,11.0,15.0,PASS,Fail,Pass
C6809,ISRO-SCL-250303-09,Voltage Regulator IC,1,27.6,2.21,17.1,21.6,85.0,REJECT,Fail,Fail
C6810,ISRO-SCL-250217-07,Op-Amp IC,0,13.0,1.04,14.5,6.0,12.2,PASS,Safe,Pass
C6811,ISRO-SCL-250106-01,MOSFET,0,15.9,1.27,8.9,6.8,11.3,PASS,Safe,Pass
C6812,ISRO-SCL-250113-02,MOSFET,0,13.8,1.1,9.3,2.0,9.6,PASS,Safe,Pass
C6813,ISRO-SCL-250224-08,MOSFET,0,9.3,0.74,5.9,5.4,7.1,PASS,Safe,Pass
C6814,ISRO-SCL-250106-01,MOSFET,0,49.5,3.96,41.6,5.1,37.5,MONITOR,Safe,Pass
C6815,ISRO-SCL-250113-02,MOSFET,0,31.6,2.53,18.0,2.0,20.2,PASS,Safe,Pass
C6816,ISRO-SCL-250310-10,Voltage Regulator IC,0,100.0,181.28,100.0,51.9,90.4,REJECT,Safe,Pass
C6817,ISRO-SCL-250210-06,MOSFET,0,19.7,1.57,12.8,6.0,14.2,PASS,Safe,Pass
C6818,ISRO-SCL-250210-06,MOSFET,0,11.1,0.89,2.1,11.2,7.5,PASS,Safe,Pass
C6819,ISRO-SCL-250407-14,MOSFET,0,11.6,0.93,1.6,7.9,6.9,PASS,Safe,Pass
C6820,ISRO-SCL-250224-08,MOSFET,0,17.0,1.36,19.4,0.1,14.6,PASS,Safe,Pass
C6821,ISRO-SCL-250407-14,MOSFET,0,21.5,1.72,31.7,1.6,21.6,PASS,Safe,Pass
C6822,ISRO-SCL-250310-10,Voltage Regulator IC,0,15.7,1.26,5.6,12.4,11.0,PASS,Safe,Pass
C6823,ISRO-SCL-250217-07,Op-Amp IC,0,12.3,0.98,20.1,4.2,13.8,PASS,Safe,Pass
C6824,ISRO-SCL-250428-17,Voltage Regulator IC,0,35.9,2.87,13.6,31.1,26.0,PASS,Borderline,Pass
C6825,ISRO-SCL-250324-12,Op-Amp IC,0,24.2,1.94,10.8,22.0,18.4,PASS,Borderline,Pass
C6826,ISRO-SCL-250127-04,Op-Amp IC,1,13.7,1.1,17.6,5.8,85.0,REJECT,Safe,Fail
C6827,ISRO-SCL-250414-15,Digital Logic IC,0,12.7,1.01,6.7,5.5,8.9,PASS,Safe,Pass
C6828,ISRO-SCL-250519-20,Voltage Regulator IC,0,18.0,1.44,24.4,38.9,24.8,PASS,Borderline,Pass
C6829,ISRO-SCL-250127-04,Op-Amp IC,0,23.6,1.89,43.6,61.2,39.1,MONITOR,Fail,Pass
C6830,ISRO-SCL-250512-19,Op-Amp IC,0,12.5,1.0,16.4,28.3,17.2,PASS,Borderline,Pass
C6831,ISRO-SCL-250421-16,MOSFET,0,46.1,3.69,43.9,26.9,41.4,MONITOR,Borderline,Pass
C6832,ISRO-SCL-250331-13,Voltage Regulator IC,1,18.5,1.48,22.9,7.1,85.0,REJECT,Safe,Fail
C6833,ISRO-SCL-250106-01,MOSFET,0,25.3,2.02,14.2,19.2,19.6,PASS,Safe,Pass
C6834,ISRO-SCL-250224-08,MOSFET,0,7.0,0.56,5.6,9.4,6.9,PASS,Safe,Pass
C6835,ISRO-SCL-250519-20,Voltage Regulator IC,1,17.1,1.36,10.6,7.4,85.0,REJECT,Safe,Fail
C6836,ISRO-SCL-250127-04,Op-Amp IC,0,22.3,1.79,15.5,26.2,20.4,PASS,Fail,Pass
C6837,ISRO-SCL-250106-01,MOSFET,0,19.3,1.54,27.4,20.5,22.8,PASS,Borderline,Pass
C6838,ISRO-SCL-250217-07,Op-Amp IC,0,18.3,1.46,12.8,15.4,15.5,PASS,Safe,Pass
C6839,ISRO-SCL-250217-07,Op-Amp IC,1,59.0,4.72,58.0,25.0,85.0,REJECT,Fail,Fail
C6840,ISRO-SCL-250310-10,Voltage Regulator IC,0,16.6,1.33,6.2,21.8,13.5,PASS,Safe,Pass
C6841,ISRO-SCL-250203-05,Digital Logic IC,0,20.3,1.62,21.6,24.6,21.7,PASS,Borderline,Pass
C6842,ISRO-SCL-250217-07,Op-Amp IC,0,16.1,1.29,27.4,14.3,20.3,PASS,Safe,Pass
C6843,ISRO-SCL-250113-02,MOSFET,0,40.8,3.26,18.1,10.6,25.6,PASS,Safe,Pass
C6844,ISRO-SCL-250414-15,Digital Logic IC,0,14.8,1.18,5.6,12.5,10.7,PASS,Safe,Pass
C6845,ISRO-SCL-250127-04,Op-Amp IC,0,16.7,1.34,13.6,22.6,16.6,PASS,Borderline,Pass
C6846,ISRO-SCL-250310-10,Voltage Regulator IC,0,10.2,0.82,10.1,11.8,10.5,PASS,Safe,Pass
C6847,ISRO-SCL-250203-05,Digital Logic IC,0,14.4,1.15,13.9,3.7,12.1,PASS,Safe,Pass
C6848,ISRO-SCL-250113-02,MOSFET,0,10.4,0.84,4.7,11.4,8.4,PASS,Safe,Pass
C6849,ISRO-SCL-250512-19,Op-Amp IC,0,27.1,2.17,44.3,19.8,32.5,MONITOR,Fail,Pass
C6850,ISRO-SCL-250414-15,Digital Logic IC,1,18.5,1.48,20.9,12.8,85.0,REJECT,Safe,Fail
C6851,ISRO-SCL-250303-09,Voltage Regulator IC,0,21.6,1.73,10.7,10.7,15.1,PASS,Safe,Pass
C6852,ISRO-SCL-250224-08,MOSFET,0,16.6,1.33,36.1,25.1,26.1,PASS,Borderline,Pass
C6853,ISRO-SCL-250428-17,Voltage Regulator IC,0,16.6,1.33,17.6,18.0,17.3,PASS,Fail,Pass
C6854,ISRO-SCL-250505-18,Op-Amp IC,0,14.0,1.12,4.4,6.0,8.6,PASS,Safe,Pass
C6855,ISRO-SCL-250224-08,MOSFET,0,45.5,3.64,22.3,18.1,30.8,MONITOR,Safe,Pass
C6856,ISRO-SCL-250407-14,MOSFET,1,37.9,3.03,34.9,32.8,85.0,REJECT,Fail,Fail
C6857,ISRO-SCL-250203-05,Digital Logic IC,0,11.6,0.93,6.6,2.9,7.9,PASS,Safe,Pass
C6858,ISRO-SCL-250310-10,Voltage Regulator IC,0,18.5,1.48,21.4,11.2,18.2,PASS,Safe,Pass
C6859,ISRO-SCL-250512-19,Op-Amp IC,1,45.9,3.67,29.9,4.9,85.0,REJECT,Fail,Fail
C6860,ISRO-SCL-250421-16,MOSFET,0,9.7,0.77,0.0,14.6,6.8,PASS,Safe,Pass
C6861,ISRO-SCL-250210-06,MOSFET,0,19.3,1.55,16.4,1.2,14.5,PASS,Safe,Pass
C6862,ISRO-SCL-250303-09,Voltage Regulator IC,0,10.8,0.87,7.7,4.6,8.3,PASS,Safe,Pass
C6863,ISRO-SCL-250303-09,Voltage Regulator IC,1,85.5,6.84,47.7,43.2,85.0,REJECT,Fail,Fail
C6864,ISRO-SCL-250127-04,Op-Amp IC,1,100.0,8.94,61.4,63.3,85.0,REJECT,Fail,Fail
C6865,ISRO-SCL-250127-04,Op-Amp IC,1,10.5,0.84,0.0,12.8,85.0,REJECT,Fail,Fail
C6866,ISRO-SCL-250414-15,Digital Logic IC,0,9.1,0.73,8.0,15.3,9.9,PASS,Safe,Pass
C6867,ISRO-SCL-250414-15,Digital Logic IC,0,19.2,1.53,33.4,21.6,25.4,PASS,Fail,Pass
C6868,ISRO-SCL-250310-10,Voltage Regulator IC,0,32.3,2.59,24.7,14.3,25.7,PASS,Safe,Pass
C6869,ISRO-SCL-250224-08,MOSFET,0,34.2,2.74,25.4,17.8,27.4,PASS,Fail,Pass
C6870,ISRO-SCL-250203-05,Digital Logic IC,0,14.0,1.12,9.3,7.1,10.7,PASS,Safe,Pass
C6871,ISRO-SCL-250203-05,Digital Logic IC,0,20.2,1.62,22.2,5.9,18.2,PASS,Safe,Pass
C6872,ISRO-SCL-250407-14,MOSFET,0,12.7,1.02,12.4,23.3,14.7,PASS,Safe,Pass
C6873,ISRO-SCL-250224-08,MOSFET,0,12.4,0.99,6.9,4.0,8.5,PASS,Safe,Pass
C6874,ISRO-SCL-250217-07,Op-Amp IC,0,16.2,1.3,9.1,10.1,12.1,PASS,Safe,Pass
C6875,ISRO-SCL-250127-04,Op-Amp IC,0,18.7,1.5,10.3,23.6,16.3,PASS,Borderline,Pass
C6876,ISRO-SCL-250203-05,Digital Logic IC,0,12.6,1.0,3.5,1.2,6.7,PASS,Safe,Pass
C6877,ISRO-SCL-250303-09,Voltage Regulator IC,0,13.5,1.08,6.8,17.3,11.6,PASS,Safe,Pass
C6878,ISRO-SCL-250310-10,Voltage Regulator IC,0,18.3,1.46,17.5,26.0,19.5,PASS,Borderline,Pass
C6879,ISRO-SCL-250317-11,Voltage Regulator IC,0,16.5,1.32,15.0,7.9,14.2,PASS,Safe,Pass
C6880,ISRO-SCL-250324-12,Op-Amp IC,0,14.8,1.18,24.0,20.2,19.6,PASS,Borderline,Pass
C6881,ISRO-SCL-250407-14,MOSFET,1,26.2,2.1,37.5,31.6,85.0,REJECT,Fail,Fail
C6882,ISRO-SCL-250127-04,Op-Amp IC,1,16.9,1.35,18.1,5.4,85.0,REJECT,Safe,Fail
C6883,ISRO-SCL-250210-06,MOSFET,0,23.9,1.91,5.2,5.9,12.8,PASS,Safe,Pass
C6884,ISRO-SCL-250421-16,MOSFET,0,30.9,2.47,10.4,12.8,19.1,PASS,Borderline,Pass
C6885,ISRO-SCL-250120-03,Op-Amp IC,1,46.8,3.74,34.9,44.9,85.0,REJECT,Fail,Fail
C6886,ISRO-SCL-250428-17,Voltage Regulator IC,0,13.7,1.1,17.4,6.7,13.8,PASS,Safe,Pass
C6887,ISRO-SCL-250224-08,MOSFET,0,16.4,1.31,28.2,15.2,20.9,PASS,Safe,Pass
C6888,ISRO-SCL-250303-09,Voltage Regulator IC,0,14.9,1.2,14.4,7.5,13.2,PASS,Safe,Pass
C6889,ISRO-SCL-250113-02,MOSFET,0,15.5,1.24,12.3,3.5,11.8,PASS,Safe,Pass
C6890,ISRO-SCL-250331-13,Voltage Regulator IC,0,16.2,1.3,8.9,12.2,12.5,PASS,Safe,Pass
C6891,ISRO-SCL-250512-19,Op-Amp IC,0,28.4,2.27,33.8,19.2,28.7,PASS,Borderline,Pass
C6892,ISRO-SCL-250113-02,MOSFET,0,7.5,0.6,0.0,10.7,5.1,PASS,Safe,Pass
C6893,ISRO-SCL-250317-11,Voltage Regulator IC,0,13.1,1.05,23.6,9.9,16.7,PASS,Safe,Pass
C6894,ISRO-SCL-250421-16,MOSFET,0,9.3,0.74,2.9,3.4,5.5,PASS,Safe,Pass
C6895,ISRO-SCL-250310-10,Voltage Regulator IC,0,15.4,1.23,27.3,0.5,17.2,PASS,Safe,Pass
C6896,ISRO-SCL-250414-15,Digital Logic IC,1,32.8,2.62,30.1,24.8,85.0,REJECT,Borderline,Fail
C6897,ISRO-SCL-250106-01,MOSFET,0,16.9,1.35,0.3,5.9,8.0,PASS,Safe,Pass
C6898,ISRO-SCL-250217-07,Op-Amp IC,0,36.8,2.95,38.7,22.5,34.7,MONITOR,Fail,Pass
C6899,ISRO-SCL-250407-14,MOSFET,1,15.0,1.2,37.9,38.6,85.0,REJECT,Fail,Fail
C6900,ISRO-SCL-250113-02,MOSFET,0,10.2,0.82,5.7,12.2,8.8,PASS,Safe,Pass
C6901,ISRO-SCL-250217-07,Op-Amp IC,0,8.9,0.71,3.1,15.5,7.9,PASS,Safe,Pass
C6902,ISRO-SCL-250224-08,MOSFET,0,20.1,1.61,25.8,1.4,18.7,PASS,Safe,Pass
C6903,ISRO-SCL-250217-07,Op-Amp IC,0,16.8,1.34,21.8,12.2,17.9,PASS,Safe,Pass
C6904,ISRO-SCL-250414-15,Digital Logic IC,0,15.8,1.26,25.0,11.5,18.6,PASS,Borderline,Pass
C6905,ISRO-SCL-250303-09,Voltage Regulator IC,0,18.8,1.51,8.4,13.8,13.7,PASS,Safe,Pass
C6906,ISRO-SCL-250310-10,Voltage Regulator IC,1,100.0,12.26,49.7,56.4,85.0,REJECT,Fail,Fail
C6907,ISRO-SCL-250106-01,MOSFET,0,15.6,1.25,2.9,17.8,10.9,PASS,Safe,Pass
C6908,ISRO-SCL-250113-02,MOSFET,0,19.3,1.54,5.5,22.6,14.4,PASS,Safe,Pass
C6909,ISRO-SCL-250217-07,Op-Amp IC,1,14.7,1.18,12.6,15.2,85.0,REJECT,Fail,Fail
C6910,ISRO-SCL-250324-12,Op-Amp IC,0,9.9,0.79,22.7,15.1,16.1,PASS,Safe,Pass
C6911,ISRO-SCL-250113-02,MOSFET,1,85.7,6.86,34.5,12.5,85.0,REJECT,Safe,Fail
C6912,ISRO-SCL-250217-07,Op-Amp IC,0,9.3,0.74,2.3,11.2,6.9,PASS,Borderline,Pass
C6913,ISRO-SCL-250113-02,MOSFET,0,41.2,3.3,13.0,17.4,25.1,PASS,Borderline,Pass
C6914,ISRO-SCL-250407-14,MOSFET,1,16.3,1.31,20.2,7.3,85.0,REJECT,Safe,Fail
C6915,ISRO-SCL-250120-03,Op-Amp IC,0,9.3,0.74,14.3,36.1,16.7,PASS,Fail,Pass
C6916,ISRO-SCL-250203-05,Digital Logic IC,1,20.8,1.66,22.1,9.8,85.0,REJECT,Fail,Fail
C6917,ISRO-SCL-250113-02,MOSFET,0,52.0,4.16,52.7,37.2,49.3,MONITOR,Borderline,Pass
C6918,ISRO-SCL-250414-15,Digital Logic IC,0,7.3,0.59,5.8,13.9,8.0,PASS,Safe,Pass
C6919,ISRO-SCL-250414-15,Digital Logic IC,0,16.9,1.35,22.4,26.3,21.0,PASS,Safe,Pass
C6920,ISRO-SCL-250505-18,Op-Amp IC,0,13.0,1.04,8.3,4.7,9.5,PASS,Safe,Pass
C6921,ISRO-SCL-250310-10,Voltage Regulator IC,0,27.4,2.2,28.7,27.9,28.1,PASS,Borderline,Pass
C6922,ISRO-SCL-250324-12,Op-Amp IC,0,18.9,1.52,34.4,12.9,23.9,PASS,Safe,Pass
C6923,ISRO-SCL-250203-05,Digital Logic IC,0,74.4,5.95,39.3,15.0,48.5,MONITOR,Safe,Pass
C6924,ISRO-SCL-250303-09,Voltage Regulator IC,0,15.7,1.25,7.0,17.1,12.5,PASS,Safe,Pass
C6925,ISRO-SCL-250113-02,MOSFET,0,78.8,6.3,41.9,100.0,68.3,HOLD,Safe,Pass
C6926,ISRO-SCL-250414-15,Digital Logic IC,0,22.7,1.82,25.1,16.8,22.5,PASS,Fail,Pass
C6927,ISRO-SCL-250519-20,Voltage Regulator IC,0,14.6,1.17,5.0,11.0,10.0,PASS,Safe,Pass
C6928,ISRO-SCL-250324-12,Op-Amp IC,0,13.0,1.04,10.5,28.2,15.1,PASS,Borderline,Pass
C6929,ISRO-SCL-250407-14,MOSFET,0,10.1,0.81,4.9,5.7,7.1,PASS,Safe,Pass
C6930,ISRO-SCL-250310-10,Voltage Regulator IC,0,15.8,1.27,23.6,3.4,16.5,PASS,Safe,Pass
C6931,ISRO-SCL-250512-19,Op-Amp IC,0,14.7,1.18,10.8,21.5,14.5,PASS,Borderline,Pass
C6932,ISRO-SCL-250120-03,Op-Amp IC,0,14.4,1.15,17.1,31.8,19.0,PASS,Safe,Pass
C6933,ISRO-SCL-250224-08,MOSFET,0,15.9,1.27,5.6,6.0,9.8,PASS,Safe,Pass
C6934,ISRO-SCL-250113-02,MOSFET,0,50.2,4.02,17.4,5.4,28.1,PASS,Safe,Pass
C6935,ISRO-SCL-250303-09,Voltage Regulator IC,0,16.5,1.32,10.7,5.3,12.0,PASS,Safe,Pass
C6936,ISRO-SCL-250519-20,Voltage Regulator IC,0,20.4,1.63,20.4,46.4,25.6,PASS,Fail,Pass
C6937,ISRO-SCL-250120-03,Op-Amp IC,1,14.1,1.12,15.1,5.4,85.0,REJECT,Safe,Fail
C6938,ISRO-SCL-250414-15,Digital Logic IC,0,16.1,1.29,18.5,18.7,17.6,PASS,Safe,Pass
C6939,ISRO-SCL-250519-20,Voltage Regulator IC,0,14.9,1.19,6.8,4.2,9.5,PASS,Safe,Pass
C6940,ISRO-SCL-250331-13,Voltage Regulator IC,0,11.9,0.95,10.4,17.2,12.4,PASS,Safe,Pass
C6941,ISRO-SCL-250203-05,Digital Logic IC,0,100.0,13.15,49.9,3.4,60.6,HOLD,Safe,Pass
C6942,ISRO-SCL-250203-05,Digital Logic IC,0,20.2,1.62,16.8,4.0,15.6,PASS,Safe,Pass
C6943,ISRO-SCL-250324-12,Op-Amp IC,1,39.0,3.12,39.4,30.2,85.0,REJECT,Fail,Fail
C6944,ISRO-SCL-250127-04,Op-Amp IC,0,7.9,0.63,0.0,14.7,6.1,PASS,Safe,Pass
C6945,ISRO-SCL-250217-07,Op-Amp IC,0,100.0,163.77,100.0,51.9,90.4,REJECT,Borderline,Pass
C6946,ISRO-SCL-250317-11,Voltage Regulator IC,1,62.1,4.97,72.6,15.3,85.0,REJECT,Fail,Fail
C6947,ISRO-SCL-250113-02,MOSFET,0,22.5,1.8,7.6,9.5,14.0,PASS,Safe,Pass
C6948,ISRO-SCL-250407-14,MOSFET,1,13.1,1.05,12.2,9.7,85.0,REJECT,Safe,Fail
C6949,ISRO-SCL-250224-08,MOSFET,0,35.1,2.81,15.0,12.1,22.5,PASS,Borderline,Pass
C6950,ISRO-SCL-250414-15,Digital Logic IC,0,26.8,2.14,35.9,14.2,27.9,PASS,Safe,Pass
C6951,ISRO-SCL-250310-10,Voltage Regulator IC,0,12.3,0.99,6.1,3.2,8.0,PASS,Safe,Pass
C6952,ISRO-SCL-250127-04,Op-Amp IC,1,15.1,1.21,22.1,8.8,85.0,REJECT,Safe,Fail
C6953,ISRO-SCL-250224-08,MOSFET,0,26.7,2.14,29.2,28.2,28.0,PASS,Borderline,Pass
C6954,ISRO-SCL-250428-17,Voltage Regulator IC,0,17.9,1.43,12.5,16.7,15.5,PASS,Safe,Pass
C6955,ISRO-SCL-250303-09,Voltage Regulator IC,0,16.9,1.35,3.5,20.4,12.2,PASS,Borderline,Pass
C6956,ISRO-SCL-250203-05,Digital Logic IC,0,52.5,4.2,25.4,20.7,35.3,MONITOR,Borderline,Pass
C6957,ISRO-SCL-250113-02,MOSFET,1,16.1,1.29,20.3,15.8,85.0,REJECT,Safe,Fail
C6958,ISRO-SCL-250407-14,MOSFET,1,16.4,1.31,29.7,30.9,85.0,REJECT,Safe,Fail
C6959,ISRO-SCL-250324-12,Op-Amp IC,0,30.8,2.47,50.9,41.9,41.1,MONITOR,Fail,Pass
C6960,ISRO-SCL-250203-05,Digital Logic IC,0,15.6,1.24,15.2,8.1,13.9,PASS,Safe,Pass
C6961,ISRO-SCL-250127-04,Op-Amp IC,0,12.9,1.03,6.5,21.7,12.1,PASS,Safe,Pass
C6962,ISRO-SCL-250324-12,Op-Amp IC,0,50.6,4.05,29.2,26.1,37.1,MONITOR,Fail,Pass
C6963,ISRO-SCL-250407-14,MOSFET,0,26.7,2.14,22.6,26.8,25.1,PASS,Borderline,Pass
C6964,ISRO-SCL-250120-03,Op-Amp IC,0,42.2,3.37,38.6,50.8,42.5,MONITOR,Fail,Pass
C6965,ISRO-SCL-250127-04,Op-Amp IC,0,60.1,4.81,47.6,46.4,52.3,MONITOR,Fail,Pass
C6966,ISRO-SCL-250303-09,Voltage Regulator IC,0,100.0,151.42,100.0,52.0,90.4,REJECT,Borderline,Pass
C6967,ISRO-SCL-250421-16,MOSFET,0,23.9,1.91,8.9,11.9,15.5,PASS,Safe,Pass
C6968,ISRO-SCL-250203-05,Digital Logic IC,1,21.7,1.74,35.8,10.7,85.0,REJECT,Fail,Fail
C6969,ISRO-SCL-250210-06,MOSFET,0,4.7,0.38,1.1,4.1,3.1,PASS,Safe,Pass
C6970,ISRO-SCL-250421-16,MOSFET,0,27.8,2.23,28.9,32.3,29.2,PASS,Safe,Pass
C6971,ISRO-SCL-250505-18,Op-Amp IC,0,15.0,1.2,9.5,11.5,12.1,PASS,Safe,Pass
C6972,ISRO-SCL-250505-18,Op-Amp IC,0,22.5,1.8,10.6,13.0,15.8,PASS,Safe,Pass
C6973,ISRO-SCL-250127-04,Op-Amp IC,0,16.7,1.34,26.4,9.9,19.2,PASS,Safe,Pass
C6974,ISRO-SCL-250428-17,Voltage Regulator IC,0,16.7,1.34,5.0,8.4,10.4,PASS,Safe,Pass
C6975,ISRO-SCL-250505-18,Op-Amp IC,1,50.2,4.01,17.4,21.3,85.0,REJECT,Fail,Fail
C6976,ISRO-SCL-250512-19,Op-Amp IC,0,10.9,0.87,7.2,4.8,8.2,PASS,Safe,Pass
C6977,ISRO-SCL-250331-13,Voltage Regulator IC,0,14.6,1.16,10.9,6.1,11.4,PASS,Safe,Pass
C6978,ISRO-SCL-250217-07,Op-Amp IC,0,46.6,3.73,28.4,30.0,36.0,MONITOR,Borderline,Pass
C6979,ISRO-SCL-250310-10,Voltage Regulator IC,0,12.3,0.99,11.4,31.8,15.9,PASS,Borderline,Pass
C6980,ISRO-SCL-250505-18,Op-Amp IC,0,7.8,0.63,1.9,3.1,4.5,PASS,Safe,Pass
C6981,ISRO-SCL-250217-07,Op-Amp IC,0,14.5,1.16,10.3,0.8,10.1,PASS,Safe,Pass
C6982,ISRO-SCL-250203-05,Digital Logic IC,1,17.1,1.37,16.0,5.6,85.0,REJECT,Safe,Fail
C6983,ISRO-SCL-250512-19,Op-Amp IC,0,32.8,2.62,51.7,68.2,47.5,MONITOR,Fail,Pass
C6984,ISRO-SCL-250310-10,Voltage Regulator IC,1,16.2,1.29,23.5,3.2,85.0,REJECT,Fail,Fail
C6985,ISRO-SCL-250310-10,Voltage Regulator IC,0,15.4,1.23,24.5,7.7,17.5,PASS,Safe,Pass
C6986,ISRO-SCL-250113-02,MOSFET,0,12.4,0.99,10.0,12.1,11.4,PASS,Safe,Pass
C6987,ISRO-SCL-250303-09,Voltage Regulator IC,0,27.7,2.22,28.7,17.4,26.0,PASS,Safe,Pass
C6988,ISRO-SCL-250317-11,Voltage Regulator IC,1,76.8,6.15,54.0,53.2,85.0,REJECT,Fail,Fail
C6989,ISRO-SCL-250127-04,Op-Amp IC,0,17.0,1.36,18.9,14.7,17.3,PASS,Safe,Pass
C6990,ISRO-SCL-250512-19,Op-Amp IC,0,11.8,0.94,4.1,7.7,7.9,PASS,Safe,Pass
C6991,ISRO-SCL-250505-18,Op-Amp IC,0,16.9,1.35,30.7,33.4,25.7,PASS,Safe,Pass
C6992,ISRO-SCL-250505-18,Op-Amp IC,0,37.1,2.97,21.9,12.0,26.0,PASS,Borderline,Pass
C6993,ISRO-SCL-250120-03,Op-Amp IC,0,9.6,0.77,3.1,16.9,8.5,PASS,Safe,Pass
C6994,ISRO-SCL-250224-08,MOSFET,0,15.9,1.27,25.3,10.3,18.5,PASS,Safe,Pass
C6995,ISRO-SCL-250421-16,MOSFET,0,18.6,1.49,24.1,7.0,18.5,PASS,Safe,Pass
C6996,ISRO-SCL-250203-05,Digital Logic IC,0,16.6,1.33,16.7,12.6,15.9,PASS,Safe,Pass
C6997,ISRO-SCL-250414-15,Digital Logic IC,0,13.7,1.1,11.7,4.1,11.0,PASS,Safe,Pass
C6998,ISRO-SCL-250120-03,Op-Amp IC,1,100.0,16.63,100.0,100.0,100.0,REJECT,Fail,Fail
C6999,ISRO-SCL-250127-04,Op-Amp IC,0,18.8,1.51,27.7,45.2,27.7,PASS,Fail,Pass
C7000,ISRO-SCL-250106-01,MOSFET,0,17.9,1.43,13.0,13.7,15.1,PASS,Safe,Pass
C7001,ISRO-SCL-250505-18,Op-Amp IC,0,48.1,3.84,19.7,12.7,29.6,PASS,Safe,Pass
C7002,ISRO-SCL-250127-04,Op-Amp IC,0,18.4,1.47,20.6,11.3,17.8,PASS,Safe,Pass
C7003,ISRO-SCL-250224-08,MOSFET,0,58.6,4.69,30.2,25.5,40.6,MONITOR,Fail,Pass
C7004,ISRO-SCL-250421-16,MOSFET,0,15.3,1.22,19.4,19.6,17.8,PASS,Safe,Pass
C7005,ISRO-SCL-250421-16,MOSFET,0,15.7,1.26,5.4,14.1,11.2,PASS,Safe,Pass
C7006,ISRO-SCL-250428-17,Voltage Regulator IC,0,16.1,1.29,9.8,10.7,12.5,PASS,Safe,Pass
C7007,ISRO-SCL-250106-01,MOSFET,1,93.2,7.46,62.3,51.8,85.0,REJECT,Fail,Fail
C7008,ISRO-SCL-250113-02,MOSFET,0,11.3,0.9,17.8,35.0,18.6,PASS,Borderline,Pass
C7009,ISRO-SCL-250127-04,Op-Amp IC,0,14.8,1.18,5.6,7.3,9.6,PASS,Safe,Pass
C7010,ISRO-SCL-250421-16,MOSFET,0,15.5,1.24,4.8,13.8,10.9,PASS,Safe,Pass
C7011,ISRO-SCL-250113-02,MOSFET,0,51.8,4.14,11.6,17.8,28.9,PASS,Safe,Pass
C7012,ISRO-SCL-250317-11,Voltage Regulator IC,0,11.5,0.92,16.2,14.3,14.0,PASS,Safe,Pass
C7013,ISRO-SCL-250310-10,Voltage Regulator IC,1,65.8,5.27,44.1,16.5,85.0,REJECT,Fail,Fail
C7014,ISRO-SCL-250414-15,Digital Logic IC,1,17.4,1.4,24.1,12.3,85.0,REJECT,Safe,Fail
C7015,ISRO-SCL-250512-19,Op-Amp IC,0,13.1,1.05,4.4,6.3,8.3,PASS,Safe,Pass
C7016,ISRO-SCL-250331-13,Voltage Regulator IC,0,15.1,1.21,28.4,22.3,21.8,PASS,Borderline,Pass
C7017,ISRO-SCL-250317-11,Voltage Regulator IC,1,100.0,9.58,67.4,68.6,85.0,REJECT,Fail,Fail
C7018,ISRO-SCL-250421-16,MOSFET,0,29.1,2.33,13.4,18.9,20.8,PASS,Safe,Pass
C7019,ISRO-SCL-250310-10,Voltage Regulator IC,0,13.4,1.07,9.2,7.9,10.6,PASS,Safe,Pass
C7020,ISRO-SCL-250519-20,Voltage Regulator IC,0,37.4,2.99,27.5,29.8,31.9,MONITOR,Borderline,Pass
C7021,ISRO-SCL-250421-16,MOSFET,0,16.7,1.34,29.0,5.2,19.3,PASS,Safe,Pass
C7022,ISRO-SCL-250113-02,MOSFET,1,16.5,1.32,14.9,12.6,85.0,REJECT,Safe,Fail
C7023,ISRO-SCL-250331-13,Voltage Regulator IC,0,16.2,1.3,12.1,10.1,13.4,PASS,Safe,Pass
C7024,ISRO-SCL-250120-03,Op-Amp IC,0,12.2,0.97,13.8,6.9,11.8,PASS,Safe,Pass
C7025,ISRO-SCL-250421-16,MOSFET,0,12.6,1.01,6.7,9.4,9.6,PASS,Safe,Pass
C7026,ISRO-SCL-250407-14,MOSFET,0,18.7,1.5,17.9,1.8,15.0,PASS,Safe,Pass
C7027,ISRO-SCL-250217-07,Op-Amp IC,0,19.1,1.52,10.2,2.9,12.3,PASS,Safe,Pass
C7028,ISRO-SCL-250217-07,Op-Amp IC,0,22.7,1.82,45.2,31.3,33.4,MONITOR,Fail,Pass
C7029,ISRO-SCL-250421-16,MOSFET,0,19.0,1.52,23.2,2.6,17.4,PASS,Safe,Pass
C7030,ISRO-SCL-250120-03,Op-Amp IC,0,15.9,1.27,7.3,10.9,11.5,PASS,Safe,Pass
C7031,ISRO-SCL-250505-18,Op-Amp IC,0,24.5,1.96,7.6,16.4,16.1,PASS,Safe,Pass
C7032,ISRO-SCL-250324-12,Op-Amp IC,0,100.0,11.86,94.5,100.0,97.8,REJECT,Safe,Pass
C7033,ISRO-SCL-250203-05,Digital Logic IC,1,12.6,1.01,9.0,8.7,85.0,REJECT,Fail,Fail
C7034,ISRO-SCL-250421-16,MOSFET,0,12.0,0.96,5.6,9.0,8.8,PASS,Safe,Pass
C7035,ISRO-SCL-250113-02,MOSFET,0,13.1,1.04,4.7,7.9,8.7,PASS,Safe,Pass
C7036,ISRO-SCL-250407-14,MOSFET,0,12.3,0.99,6.6,4.7,8.5,PASS,Safe,Pass
C7037,ISRO-SCL-250331-13,Voltage Regulator IC,1,26.5,2.12,38.4,29.0,85.0,REJECT,Safe,Fail
C7038,ISRO-SCL-250421-16,MOSFET,0,16.9,1.35,15.7,9.5,14.9,PASS,Safe,Pass
C7039,ISRO-SCL-250224-08,MOSFET,0,11.5,0.92,6.8,13.5,10.0,PASS,Safe,Pass
C7040,ISRO-SCL-250421-16,MOSFET,0,14.7,1.18,3.9,24.1,12.3,PASS,Borderline,Pass
C7041,ISRO-SCL-250106-01,MOSFET,1,12.7,1.01,15.3,10.4,85.0,REJECT,Safe,Fail
C7042,ISRO-SCL-250203-05,Digital Logic IC,0,17.0,1.36,14.9,11.8,15.1,PASS,Safe,Pass
C7043,ISRO-SCL-250324-12,Op-Amp IC,0,20.1,1.61,26.8,9.7,20.7,PASS,Safe,Pass
C7044,ISRO-SCL-250505-18,Op-Amp IC,0,16.4,1.31,39.0,40.6,30.3,MONITOR,Borderline,Pass
C7045,ISRO-SCL-250224-08,MOSFET,0,32.1,2.57,20.4,23.9,25.8,PASS,Borderline,Pass
C7046,ISRO-SCL-250428-17,Voltage Regulator IC,1,64.3,5.14,54.4,48.2,85.0,REJECT,Fail,Fail
C7047,ISRO-SCL-250317-11,Voltage Regulator IC,0,10.4,0.83,2.6,3.1,5.8,PASS,Safe,Pass
C7048,ISRO-SCL-250224-08,MOSFET,0,16.9,1.35,2.0,11.1,9.8,PASS,Safe,Pass
C7049,ISRO-SCL-250106-01,MOSFET,0,14.2,1.13,8.1,2.5,9.4,PASS,Safe,Pass
C7050,ISRO-SCL-250203-05,Digital Logic IC,0,17.7,1.41,19.9,1.6,15.4,PASS,Safe,Pass
C7051,ISRO-SCL-250120-03,Op-Amp IC,0,4.9,0.39,0.0,9.1,3.8,PASS,Safe,Pass
C7052,ISRO-SCL-250331-13,Voltage Regulator IC,0,34.8,2.79,16.8,8.5,22.4,PASS,Safe,Pass
C7053,ISRO-SCL-250407-14,MOSFET,0,17.4,1.39,3.1,14.1,11.0,PASS,Safe,Pass
C7054,ISRO-SCL-250203-05,Digital Logic IC,0,46.3,3.7,28.5,40.2,37.9,MONITOR,Safe,Pass
C7055,ISRO-SCL-250127-04,Op-Amp IC,0,51.1,4.09,24.4,22.6,34.7,MONITOR,Fail,Pass
C7056,ISRO-SCL-250414-15,Digital Logic IC,0,26.0,2.08,22.5,18.1,23.0,PASS,Borderline,Pass
C7057,ISRO-SCL-250331-13,Voltage Regulator IC,1,16.7,1.33,34.8,7.4,85.0,REJECT,Safe,Fail
C7058,ISRO-SCL-250217-07,Op-Amp IC,0,9.9,0.79,4.8,3.4,6.5,PASS,Safe,Pass
C7059,ISRO-SCL-250303-09,Voltage Regulator IC,1,17.1,1.37,12.7,7.6,85.0,REJECT,Safe,Fail
C7060,ISRO-SCL-250331-13,Voltage Regulator IC,0,47.0,3.76,33.8,22.6,36.8,MONITOR,Fail,Pass
C7061,ISRO-SCL-250113-02,MOSFET,0,10.2,0.82,5.0,4.6,7.0,PASS,Safe,Pass
C7062,ISRO-SCL-250421-16,MOSFET,0,9.6,0.77,11.2,4.9,9.3,PASS,Safe,Pass
C7063,ISRO-SCL-250512-19,Op-Amp IC,0,48.7,3.9,49.4,47.3,48.7,MONITOR,Fail,Pass
C7064,ISRO-SCL-250303-09,Voltage Regulator IC,0,42.4,3.39,32.9,24.9,35.1,MONITOR,Borderline,Pass
C7065,ISRO-SCL-250310-10,Voltage Regulator IC,0,14.1,1.13,16.4,4.8,13.2,PASS,Safe,Pass
C7066,ISRO-SCL-250505-18,Op-Amp IC,0,25.9,2.07,15.6,20.0,20.6,PASS,Safe,Pass
C7067,ISRO-SCL-250217-07,Op-Amp IC,0,14.0,1.12,6.2,23.0,12.7,PASS,Safe,Pass
C7068,ISRO-SCL-250310-10,Voltage Regulator IC,0,15.2,1.21,3.6,8.4,9.2,PASS,Safe,Pass
C7069,ISRO-SCL-250217-07,Op-Amp IC,0,21.7,1.73,30.6,36.6,28.2,PASS,Borderline,Pass
C7070,ISRO-SCL-250324-12,Op-Amp IC,0,16.9,1.35,4.1,9.1,10.2,PASS,Safe,Pass
C7071,ISRO-SCL-250421-16,MOSFET,0,15.3,1.22,20.9,18.0,18.1,PASS,Safe,Pass
C7072,ISRO-SCL-250106-01,MOSFET,0,23.2,1.85,31.3,43.3,30.5,MONITOR,Borderline,Pass
C7073,ISRO-SCL-250512-19,Op-Amp IC,0,51.5,4.12,59.5,67.4,57.9,MONITOR,Fail,Pass
C7074,ISRO-SCL-250512-19,Op-Amp IC,0,14.5,1.16,27.1,50.2,26.7,PASS,Fail,Pass
C7075,ISRO-SCL-250224-08,MOSFET,0,9.9,0.8,13.2,7.0,10.7,PASS,Safe,Pass
C7076,ISRO-SCL-250421-16,MOSFET,0,16.1,1.29,16.0,2.3,13.3,PASS,Safe,Pass
C7077,ISRO-SCL-250512-19,Op-Amp IC,1,17.2,1.38,27.4,5.1,85.0,REJECT,Safe,Fail
C7078,ISRO-SCL-250310-10,Voltage Regulator IC,1,86.3,6.9,31.7,51.3,85.0,REJECT,Fail,Fail
C7079,ISRO-SCL-250407-14,MOSFET,0,15.1,1.2,22.3,20.8,19.1,PASS,Fail,Pass
C7080,ISRO-SCL-250113-02,MOSFET,0,16.9,1.35,28.7,10.8,20.4,PASS,Borderline,Pass
C7081,ISRO-SCL-250421-16,MOSFET,0,20.1,1.61,40.4,0.4,24.3,PASS,Safe,Pass
C7082,ISRO-SCL-250512-19,Op-Amp IC,1,14.6,1.17,22.5,5.4,85.0,REJECT,Safe,Fail
C7083,ISRO-SCL-250127-04,Op-Amp IC,1,92.0,7.36,78.5,66.3,85.0,REJECT,Fail,Fail
C7084,ISRO-SCL-250113-02,MOSFET,0,15.1,1.21,21.6,9.6,16.6,PASS,Safe,Pass
C7085,ISRO-SCL-250421-16,MOSFET,0,13.7,1.09,19.3,13.1,15.8,PASS,Safe,Pass
C7086,ISRO-SCL-250113-02,MOSFET,0,14.1,1.13,14.8,16.3,14.8,PASS,Safe,Pass
C7087,ISRO-SCL-250519-20,Voltage Regulator IC,0,10.3,0.82,4.3,10.0,7.9,PASS,Safe,Pass
C7088,ISRO-SCL-250210-06,MOSFET,0,14.0,1.12,29.3,9.2,19.2,PASS,Safe,Pass
C7089,ISRO-SCL-250217-07,Op-Amp IC,0,17.7,1.42,8.4,5.4,11.5,PASS,Safe,Pass
C7090,ISRO-SCL-250407-14,MOSFET,0,27.0,2.16,34.2,27.9,30.1,MONITOR,Borderline,Pass
C7091,ISRO-SCL-250217-07,Op-Amp IC,0,12.5,1.0,11.8,8.1,11.3,PASS,Safe,Pass
C7092,ISRO-SCL-250310-10,Voltage Regulator IC,0,10.6,0.85,2.4,13.1,7.8,PASS,Safe,Pass
C7093,ISRO-SCL-250310-10,Voltage Regulator IC,0,24.2,1.94,6.2,13.3,14.8,PASS,Safe,Pass
C7094,ISRO-SCL-250421-16,MOSFET,0,33.6,2.69,23.9,40.0,31.0,MONITOR,Safe,Pass
C7095,ISRO-SCL-250324-12,Op-Amp IC,0,14.1,1.13,45.2,17.2,27.1,PASS,Safe,Pass
C7096,ISRO-SCL-250310-10,Voltage Regulator IC,1,20.4,1.63,8.0,9.6,85.0,REJECT,Fail,Fail
C7097,ISRO-SCL-250310-10,Voltage Regulator IC,0,16.9,1.35,9.5,9.3,12.4,PASS,Safe,Pass
C7098,ISRO-SCL-250414-15,Digital Logic IC,0,13.1,1.05,10.4,3.3,10.1,PASS,Safe,Pass
C7099,ISRO-SCL-250512-19,Op-Amp IC,0,12.4,0.99,8.2,7.6,9.8,PASS,Safe,Pass
C7100,ISRO-SCL-250505-18,Op-Amp IC,0,19.1,1.53,7.8,2.6,11.3,PASS,Safe,Pass
C7101,ISRO-SCL-250317-11,Voltage Regulator IC,0,19.0,1.52,23.7,4.4,18.0,PASS,Safe,Pass
C7102,ISRO-SCL-250210-06,MOSFET,0,11.1,0.89,4.1,12.0,8.5,PASS,Safe,Pass
C7103,ISRO-SCL-250224-08,MOSFET,0,29.6,2.37,20.7,18.9,23.9,PASS,Safe,Pass
C7104,ISRO-SCL-250217-07,Op-Amp IC,0,8.3,0.66,0.0,13.2,6.0,PASS,Safe,Pass
C7105,ISRO-SCL-250113-02,MOSFET,1,17.0,1.36,27.3,22.8,85.0,REJECT,Safe,Fail
C7106,ISRO-SCL-250414-15,Digital Logic IC,0,15.8,1.26,5.8,5.2,9.7,PASS,Safe,Pass
C7107,ISRO-SCL-250303-09,Voltage Regulator IC,0,19.8,1.58,7.0,24.0,15.5,PASS,Safe,Pass
C7108,ISRO-SCL-250331-13,Voltage Regulator IC,0,46.5,3.72,20.8,28.5,32.6,MONITOR,Fail,Pass
C7109,ISRO-SCL-250113-02,MOSFET,0,23.9,1.91,16.5,8.3,17.8,PASS,Safe,Pass
C7110,ISRO-SCL-250331-13,Voltage Regulator IC,1,11.5,0.92,12.7,2.0,85.0,REJECT,Fail,Fail
C7111,ISRO-SCL-250414-15,Digital Logic IC,0,13.9,1.12,3.2,7.5,8.3,PASS,Safe,Pass
C7112,ISRO-SCL-250421-16,MOSFET,0,17.3,1.38,30.1,37.5,26.5,PASS,Borderline,Pass
C7113,ISRO-SCL-250407-14,MOSFET,1,15.0,1.2,28.0,21.2,85.0,REJECT,Borderline,Fail
C7114,ISRO-SCL-250303-09,Voltage Regulator IC,1,19.4,1.55,19.4,7.8,85.0,REJECT,Safe,Fail
C7115,ISRO-SCL-250317-11,Voltage Regulator IC,0,11.6,0.93,36.9,49.9,29.4,PASS,Borderline,Pass
C7116,ISRO-SCL-250407-14,MOSFET,0,13.3,1.06,9.7,2.2,9.6,PASS,Safe,Pass
C7117,ISRO-SCL-250331-13,Voltage Regulator IC,1,15.3,1.23,11.8,10.3,85.0,REJECT,Fail,Fail
C7118,ISRO-SCL-250310-10,Voltage Regulator IC,0,10.3,0.82,4.5,10.3,8.0,PASS,Safe,Pass
C7119,ISRO-SCL-250421-16,MOSFET,0,21.6,1.73,12.6,18.6,17.4,PASS,Safe,Pass
C7120,ISRO-SCL-250310-10,Voltage Regulator IC,0,15.2,1.21,5.7,5.3,9.4,PASS,Safe,Pass
C7121,ISRO-SCL-250113-02,MOSFET,0,24.6,1.97,5.8,15.8,15.3,PASS,Safe,Pass
C7122,ISRO-SCL-250224-08,MOSFET,0,17.5,1.4,11.3,10.8,13.7,PASS,Safe,Pass
C7123,ISRO-SCL-250414-15,Digital Logic IC,0,13.0,1.04,11.8,4.8,10.9,PASS,Safe,Pass
C7124,ISRO-SCL-250113-02,MOSFET,0,31.1,2.49,7.7,33.1,22.1,PASS,Borderline,Pass
C7125,ISRO-SCL-250113-02,MOSFET,1,15.9,1.27,33.7,1.8,85.0,REJECT,Safe,Fail
C7126,ISRO-SCL-250407-14,MOSFET,1,16.7,1.34,37.1,18.0,85.0,REJECT,Safe,Fail
C7127,ISRO-SCL-250407-14,MOSFET,1,15.9,1.27,17.0,28.7,85.0,REJECT,Fail,Fail
C7128,ISRO-SCL-250407-14,MOSFET,0,24.4,1.95,23.2,24.2,23.9,PASS,Fail,Pass
C7129,ISRO-SCL-250324-12,Op-Amp IC,0,13.5,1.08,22.9,26.4,19.9,PASS,Borderline,Pass
C7130,ISRO-SCL-250331-13,Voltage Regulator IC,1,14.5,1.16,15.3,3.9,85.0,REJECT,Safe,Fail
C7131,ISRO-SCL-250407-14,MOSFET,0,12.7,1.02,7.9,16.7,11.6,PASS,Safe,Pass
C7132,ISRO-SCL-250217-07,Op-Amp IC,0,11.1,0.89,15.6,15.4,13.8,PASS,Safe,Pass
C7133,ISRO-SCL-250217-07,Op-Amp IC,0,16.8,1.34,27.9,11.2,20.1,PASS,Safe,Pass
C7134,ISRO-SCL-250113-02,MOSFET,0,13.5,1.08,16.9,21.3,16.4,PASS,Borderline,Pass
C7135,ISRO-SCL-250331-13,Voltage Regulator IC,0,25.9,2.07,11.5,18.2,18.6,PASS,Borderline,Pass
C7136,ISRO-SCL-250127-04,Op-Amp IC,0,21.1,1.69,8.2,18.4,15.4,PASS,Borderline,Pass
C7137,ISRO-SCL-250324-12,Op-Amp IC,0,18.4,1.47,15.4,26.7,18.8,PASS,Borderline,Pass
C7138,ISRO-SCL-250127-04,Op-Amp IC,0,14.7,1.18,13.1,11.1,13.3,PASS,Safe,Pass
C7139,ISRO-SCL-250224-08,MOSFET,0,8.8,0.7,2.4,12.5,7.0,PASS,Safe,Pass
C7140,ISRO-SCL-250414-15,Digital Logic IC,0,20.0,1.6,17.8,17.6,18.6,PASS,Safe,Pass
C7141,ISRO-SCL-250224-08,MOSFET,0,19.0,1.52,20.5,20.3,19.9,PASS,Borderline,Pass
C7142,ISRO-SCL-250407-14,MOSFET,1,51.6,4.13,48.4,38.3,85.0,REJECT,Fail,Fail
C7143,ISRO-SCL-250407-14,MOSFET,0,15.0,1.2,9.3,21.8,14.1,PASS,Borderline,Pass
C7144,ISRO-SCL-250217-07,Op-Amp IC,0,14.5,1.16,14.8,4.3,12.6,PASS,Safe,Pass
C7145,ISRO-SCL-250414-15,Digital Logic IC,1,36.4,2.91,43.4,25.2,85.0,REJECT,Borderline,Fail
C7146,ISRO-SCL-250217-07,Op-Amp IC,0,9.9,0.79,4.2,7.4,7.1,PASS,Safe,Pass
C7147,ISRO-SCL-250113-02,MOSFET,1,15.1,1.21,23.9,7.4,85.0,REJECT,Safe,Fail
C7148,ISRO-SCL-250414-15,Digital Logic IC,0,15.6,1.25,13.7,6.7,13.1,PASS,Safe,Pass
C7149,ISRO-SCL-250120-03,Op-Amp IC,0,16.7,1.34,14.0,20.3,16.3,PASS,Borderline,Pass
C7150,ISRO-SCL-250519-20,Voltage Regulator IC,0,15.8,1.26,19.2,9.3,15.8,PASS,Safe,Pass
C7151,ISRO-SCL-250331-13,Voltage Regulator IC,0,17.4,1.4,42.1,34.0,30.6,MONITOR,Borderline,Pass
C7152,ISRO-SCL-250303-09,Voltage Regulator IC,0,13.4,1.08,9.1,4.4,9.9,PASS,Safe,Pass
C7153,ISRO-SCL-250421-16,MOSFET,0,17.7,1.42,19.4,0.5,15.0,PASS,Safe,Pass
C7154,ISRO-SCL-250421-16,MOSFET,0,15.3,1.22,22.8,9.4,17.1,PASS,Safe,Pass
C7155,ISRO-SCL-250505-18,Op-Amp IC,0,17.6,1.41,9.5,6.4,12.1,PASS,Safe,Pass
C7156,ISRO-SCL-250428-17,Voltage Regulator IC,0,13.1,1.05,17.6,16.9,15.7,PASS,Safe,Pass
C7157,ISRO-SCL-250407-14,MOSFET,0,14.1,1.13,20.4,38.3,21.5,PASS,Fail,Pass
C7158,ISRO-SCL-250310-10,Voltage Regulator IC,0,16.9,1.35,22.8,9.0,17.7,PASS,Safe,Pass
C7159,ISRO-SCL-250310-10,Voltage Regulator IC,0,12.5,1.0,17.0,14.6,14.7,PASS,Safe,Pass
C7160,ISRO-SCL-250113-02,MOSFET,0,55.2,4.41,10.5,18.9,30.0,MONITOR,Safe,Pass
C7161,ISRO-SCL-250210-06,MOSFET,0,12.1,0.97,3.9,6.9,7.7,PASS,Safe,Pass
C7162,ISRO-SCL-250224-08,MOSFET,0,52.6,4.21,23.8,27.4,36.0,MONITOR,Borderline,Pass
C7163,ISRO-SCL-250303-09,Voltage Regulator IC,0,13.2,1.06,4.5,5.8,8.3,PASS,Safe,Pass
C7164,ISRO-SCL-250414-15,Digital Logic IC,0,13.4,1.07,10.4,1.8,9.9,PASS,Safe,Pass
C7165,ISRO-SCL-250120-03,Op-Amp IC,0,11.4,0.91,12.7,17.9,13.2,PASS,Borderline,Pass
C7166,ISRO-SCL-250120-03,Op-Amp IC,0,12.3,0.99,8.6,17.2,11.8,PASS,Borderline,Pass
C7167,ISRO-SCL-250421-16,MOSFET,1,57.1,4.56,65.4,23.8,85.0,REJECT,Borderline,Fail
C7168,ISRO-SCL-250113-02,MOSFET,0,14.9,1.19,8.6,9.1,11.2,PASS,Safe,Pass
C7169,ISRO-SCL-250331-13,Voltage Regulator IC,0,13.9,1.11,4.0,4.7,8.1,PASS,Safe,Pass
C7170,ISRO-SCL-250331-13,Voltage Regulator IC,1,48.1,3.84,32.6,35.4,85.0,REJECT,Fail,Fail
C7171,ISRO-SCL-250127-04,Op-Amp IC,0,20.2,1.62,8.0,20.5,15.4,PASS,Safe,Pass
C7172,ISRO-SCL-250106-01,MOSFET,0,37.7,3.02,29.0,35.8,33.8,MONITOR,Fail,Pass
C7173,ISRO-SCL-250203-05,Digital Logic IC,0,13.5,1.08,3.3,7.3,8.2,PASS,Safe,Pass
C7174,ISRO-SCL-250224-08,MOSFET,0,15.1,1.21,13.9,2.1,12.0,PASS,Safe,Pass
C7175,ISRO-SCL-250414-15,Digital Logic IC,1,32.5,2.6,53.1,15.1,85.0,REJECT,Fail,Fail
C7176,ISRO-SCL-250127-04,Op-Amp IC,0,14.2,1.14,15.2,13.7,14.5,PASS,Safe,Pass
C7177,ISRO-SCL-250127-04,Op-Amp IC,0,20.2,1.61,18.1,12.0,17.7,PASS,Borderline,Pass
C7178,ISRO-SCL-250203-05,Digital Logic IC,0,15.8,1.27,24.2,4.1,16.8,PASS,Safe,Pass
C7179,ISRO-SCL-250217-07,Op-Amp IC,0,14.7,1.18,6.4,24.2,13.3,PASS,Safe,Pass
C7180,ISRO-SCL-250127-04,Op-Amp IC,1,37.4,3.0,25.5,38.6,85.0,REJECT,Fail,Fail
C7181,ISRO-SCL-250106-01,MOSFET,0,17.5,1.4,30.7,38.1,26.9,PASS,Borderline,Pass
C7182,ISRO-SCL-250505-18,Op-Amp IC,0,21.1,1.69,12.4,10.9,15.6,PASS,Safe,Pass
C7183,ISRO-SCL-250210-06,MOSFET,1,52.1,4.17,27.3,20.8,85.0,REJECT,Borderline,Fail
C7184,ISRO-SCL-250203-05,Digital Logic IC,0,10.0,0.8,4.3,2.5,6.2,PASS,Safe,Pass
C7185,ISRO-SCL-250421-16,MOSFET,0,17.1,1.37,17.8,6.0,15.1,PASS,Safe,Pass
C7186,ISRO-SCL-250106-01,MOSFET,0,8.4,0.67,5.4,20.4,9.6,PASS,Safe,Pass
C7187,ISRO-SCL-250203-05,Digital Logic IC,0,48.5,3.88,33.5,17.3,36.3,MONITOR,Safe,Pass
C7188,ISRO-SCL-250310-10,Voltage Regulator IC,0,17.2,1.38,13.6,0.6,12.5,PASS,Safe,Pass
C7189,ISRO-SCL-250224-08,MOSFET,0,12.8,1.02,11.4,21.7,14.0,PASS,Safe,Pass
C7190,ISRO-SCL-250310-10,Voltage Regulator IC,0,25.7,2.05,8.6,19.5,17.6,PASS,Borderline,Pass
C7191,ISRO-SCL-250310-10,Voltage Regulator IC,1,60.3,4.82,17.7,24.3,85.0,REJECT,Fail,Fail
C7192,ISRO-SCL-250407-14,MOSFET,0,14.1,1.13,10.7,16.3,13.2,PASS,Borderline,Pass
C7193,ISRO-SCL-250317-11,Voltage Regulator IC,0,11.7,0.94,6.3,4.7,8.1,PASS,Safe,Pass
C7194,ISRO-SCL-250407-14,MOSFET,0,14.3,1.15,16.8,11.6,14.8,PASS,Fail,Pass
C7195,ISRO-SCL-250414-15,Digital Logic IC,0,15.0,1.2,10.7,9.2,12.1,PASS,Safe,Pass
C7196,ISRO-SCL-250203-05,Digital Logic IC,0,18.5,1.48,9.1,8.0,12.6,PASS,Safe,Pass
C7197,ISRO-SCL-250407-14,MOSFET,1,6.6,0.53,1.5,17.3,85.0,REJECT,Fail,Fail
C7198,ISRO-SCL-250106-01,MOSFET,1,16.8,1.34,16.0,9.8,85.0,REJECT,Safe,Fail
C7199,ISRO-SCL-250217-07,Op-Amp IC,0,15.4,1.23,11.5,13.1,13.4,PASS,Safe,Pass
C7200,ISRO-SCL-250505-18,Op-Amp IC,0,16.9,1.35,19.4,0.4,14.6,PASS,Safe,Pass
C7201,ISRO-SCL-250303-09,Voltage Regulator IC,0,28.9,2.31,14.8,5.3,18.5,PASS,Safe,Pass
C7202,ISRO-SCL-250519-20,Voltage Regulator IC,0,10.5,0.84,4.3,22.0,10.3,PASS,Safe,Pass
C7203,ISRO-SCL-250203-05,Digital Logic IC,0,15.3,1.22,12.8,4.4,12.1,PASS,Safe,Pass
C7204,ISRO-SCL-250217-07,Op-Amp IC,0,14.3,1.14,5.4,7.0,9.3,PASS,Safe,Pass
C7205,ISRO-SCL-250127-04,Op-Amp IC,1,16.0,1.28,32.2,8.7,85.0,REJECT,Safe,Fail
C7206,ISRO-SCL-250331-13,Voltage Regulator IC,1,76.4,6.12,37.0,38.4,85.0,REJECT,Fail,Fail
C7207,ISRO-SCL-250512-19,Op-Amp IC,0,23.6,1.89,26.7,33.7,26.9,PASS,Fail,Pass
C7208,ISRO-SCL-250512-19,Op-Amp IC,0,26.0,2.08,45.2,29.5,34.4,MONITOR,Fail,Pass
C7209,ISRO-SCL-250210-06,MOSFET,0,41.6,3.33,33.0,19.8,33.8,MONITOR,Safe,Pass
C7210,ISRO-SCL-250224-08,MOSFET,0,14.1,1.12,16.0,17.2,15.4,PASS,Safe,Pass
C7211,ISRO-SCL-250303-09,Voltage Regulator IC,0,9.4,0.75,0.6,8.2,5.7,PASS,Safe,Pass
C7212,ISRO-SCL-250113-02,MOSFET,1,18.3,1.46,19.5,4.1,85.0,REJECT,Safe,Fail
C7213,ISRO-SCL-250303-09,Voltage Regulator IC,0,9.6,0.77,0.5,9.9,6.1,PASS,Safe,Pass
C7214,ISRO-SCL-250512-19,Op-Amp IC,0,11.6,0.93,6.4,5.7,8.3,PASS,Safe,Pass
C7215,ISRO-SCL-250414-15,Digital Logic IC,0,14.2,1.13,17.9,11.5,15.1,PASS,Safe,Pass
C7216,ISRO-SCL-250210-06,MOSFET,0,14.1,1.13,14.1,5.9,12.4,PASS,Safe,Pass
C7217,ISRO-SCL-250421-16,MOSFET,0,13.4,1.07,11.3,5.5,11.0,PASS,Safe,Pass
C7218,ISRO-SCL-250303-09,Voltage Regulator IC,0,13.2,1.06,9.4,17.6,12.6,PASS,Safe,Pass
C7219,ISRO-SCL-250414-15,Digital Logic IC,0,47.0,3.76,41.6,20.0,39.4,MONITOR,Borderline,Pass
C7220,ISRO-SCL-250317-11,Voltage Regulator IC,0,13.3,1.07,13.1,17.0,14.0,PASS,Safe,Pass
C7221,ISRO-SCL-250331-13,Voltage Regulator IC,1,100.0,13.25,52.1,12.7,85.0,REJECT,Safe,Fail
C7222,ISRO-SCL-250512-19,Op-Amp IC,0,22.2,1.78,8.8,25.0,17.4,PASS,Borderline,Pass
C7223,ISRO-SCL-250210-06,MOSFET,0,9.3,0.74,0.2,3.4,4.5,PASS,Safe,Pass
C7224,ISRO-SCL-250113-02,MOSFET,1,30.9,2.47,34.7,16.5,85.0,REJECT,Borderline,Fail
C7225,ISRO-SCL-250203-05,Digital Logic IC,0,27.0,2.16,18.2,5.8,19.2,PASS,Safe,Pass
C7226,ISRO-SCL-250421-16,MOSFET,0,9.8,0.79,3.3,10.7,7.4,PASS,Safe,Pass
C7227,ISRO-SCL-250120-03,Op-Amp IC,1,88.6,7.08,77.7,68.0,85.0,REJECT,Fail,Fail
C7228,ISRO-SCL-250317-11,Voltage Regulator IC,0,15.7,1.25,7.6,4.6,10.2,PASS,Safe,Pass
C7229,ISRO-SCL-250505-18,Op-Amp IC,0,17.1,1.37,3.6,5.3,9.3,PASS,Safe,Pass
C7230,ISRO-SCL-250421-16,MOSFET,0,20.1,1.61,10.1,4.3,13.0,PASS,Safe,Pass
C7231,ISRO-SCL-250421-16,MOSFET,0,14.2,1.13,16.5,2.8,12.8,PASS,Safe,Pass
C7232,ISRO-SCL-250217-07,Op-Amp IC,0,49.4,3.95,35.5,15.2,37.0,MONITOR,Fail,Pass
C7233,ISRO-SCL-250407-14,MOSFET,1,12.4,0.99,13.9,5.4,85.0,REJECT,Safe,Fail
C7234,ISRO-SCL-250331-13,Voltage Regulator IC,1,24.6,1.97,43.4,4.8,85.0,REJECT,Safe,Fail
C7235,ISRO-SCL-250310-10,Voltage Regulator IC,0,9.4,0.75,6.5,3.4,7.1,PASS,Safe,Pass
C7236,ISRO-SCL-250127-04,Op-Amp IC,0,12.8,1.02,17.7,54.2,23.0,PASS,Fail,Pass
C7237,ISRO-SCL-250421-16,MOSFET,0,18.5,1.48,5.6,5.6,10.8,PASS,Safe,Pass
C7238,ISRO-SCL-250113-02,MOSFET,0,11.6,0.93,2.9,2.7,6.3,PASS,Safe,Pass
C7239,ISRO-SCL-250310-10,Voltage Regulator IC,1,59.0,4.72,35.0,28.7,85.0,REJECT,Fail,Fail
C7240,ISRO-SCL-250224-08,MOSFET,0,11.2,0.9,1.1,14.8,7.9,PASS,Safe,Pass
C7241,ISRO-SCL-250505-18,Op-Amp IC,0,13.4,1.08,16.6,2.5,12.5,PASS,Safe,Pass
C7242,ISRO-SCL-250421-16,MOSFET,0,15.2,1.22,17.0,5.2,13.9,PASS,Safe,Pass
C7243,ISRO-SCL-250421-16,MOSFET,0,17.9,1.43,15.2,5.8,14.4,PASS,Safe,Pass
C7244,ISRO-SCL-250331-13,Voltage Regulator IC,0,39.8,3.18,32.9,21.1,33.3,MONITOR,Borderline,Pass
C7245,ISRO-SCL-250106-01,MOSFET,0,27.8,2.23,39.8,18.1,30.7,MONITOR,Borderline,Pass
C7246,ISRO-SCL-250414-15,Digital Logic IC,0,15.6,1.25,9.5,6.5,11.3,PASS,Safe,Pass
C7247,ISRO-SCL-250127-04,Op-Amp IC,1,20.0,1.6,36.5,30.9,85.0,REJECT,Safe,Fail
C7248,ISRO-SCL-250407-14,MOSFET,0,25.3,2.02,13.8,3.5,16.3,PASS,Safe,Pass
C7249,ISRO-SCL-250512-19,Op-Amp IC,0,15.0,1.2,17.6,6.1,14.3,PASS,Safe,Pass
C7250,ISRO-SCL-250127-04,Op-Amp IC,0,9.5,0.76,1.8,10.4,6.6,PASS,Safe,Pass
C7251,ISRO-SCL-250414-15,Digital Logic IC,0,29.2,2.34,46.7,37.7,37.9,MONITOR,Borderline,Pass
C7252,ISRO-SCL-250113-02,MOSFET,0,12.3,0.98,6.6,2.0,8.0,PASS,Safe,Pass
C7253,ISRO-SCL-250414-15,Digital Logic IC,1,11.6,0.93,15.3,20.3,85.0,REJECT,Fail,Fail
C7254,ISRO-SCL-250303-09,Voltage Regulator IC,0,11.7,0.94,3.0,9.6,7.8,PASS,Safe,Pass
C7255,ISRO-SCL-250512-19,Op-Amp IC,1,32.4,2.59,12.1,31.7,85.0,REJECT,Fail,Fail
C7256,ISRO-SCL-250113-02,MOSFET,0,12.6,1.01,8.9,6.3,9.9,PASS,Safe,Pass
C7257,ISRO-SCL-250210-06,MOSFET,0,9.5,0.76,7.0,8.3,8.2,PASS,Safe,Pass
C7258,ISRO-SCL-250113-02,MOSFET,0,100.0,12.7,51.2,4.8,61.4,HOLD,Safe,Pass
C7259,ISRO-SCL-250203-05,Digital Logic IC,0,24.4,1.95,3.9,11.4,13.6,PASS,Safe,Pass
C7260,ISRO-SCL-250106-01,MOSFET,0,32.6,2.61,28.0,25.4,29.3,PASS,Borderline,Pass
C7261,ISRO-SCL-250224-08,MOSFET,0,26.7,2.14,33.6,16.5,27.4,PASS,Safe,Pass
C7262,ISRO-SCL-250331-13,Voltage Regulator IC,1,100.0,11.18,56.0,8.1,85.0,REJECT,Safe,Fail
C7263,ISRO-SCL-250317-11,Voltage Regulator IC,0,12.9,1.03,28.8,18.5,20.4,PASS,Borderline,Pass
C7264,ISRO-SCL-250407-14,MOSFET,0,27.9,2.23,38.5,40.0,34.6,MONITOR,Fail,Pass
C7265,ISRO-SCL-250203-05,Digital Logic IC,1,16.3,1.31,20.7,3.3,85.0,REJECT,Safe,Fail
C7266,ISRO-SCL-250203-05,Digital Logic IC,0,16.0,1.28,17.4,5.6,14.5,PASS,Safe,Pass
C7267,ISRO-SCL-250310-10,Voltage Regulator IC,0,15.0,1.2,13.9,1.2,11.8,PASS,Safe,Pass
C7268,ISRO-SCL-250519-20,Voltage Regulator IC,0,25.8,2.07,31.4,2.8,23.5,PASS,Borderline,Pass
C7269,ISRO-SCL-250505-18,Op-Amp IC,0,10.8,0.87,7.0,19.0,11.0,PASS,Safe,Pass
C7270,ISRO-SCL-250407-14,MOSFET,0,12.9,1.03,13.3,19.2,14.3,PASS,Borderline,Pass
C7271,ISRO-SCL-250106-01,MOSFET,1,18.3,1.47,25.3,9.0,85.0,REJECT,Safe,Fail
C7272,ISRO-SCL-250519-20,Voltage Regulator IC,1,53.0,4.24,46.2,59.3,85.0,REJECT,Fail,Fail
C7273,ISRO-SCL-250331-13,Voltage Regulator IC,0,49.2,3.93,29.5,50.3,41.5,MONITOR,Fail,Pass
C7274,ISRO-SCL-250217-07,Op-Amp IC,0,9.6,0.77,6.4,6.9,7.8,PASS,Safe,Pass
C7275,ISRO-SCL-250428-17,Voltage Regulator IC,0,15.3,1.23,23.8,29.4,21.5,PASS,Borderline,Pass
C7276,ISRO-SCL-250106-01,MOSFET,1,13.2,1.06,22.5,13.0,85.0,REJECT,Borderline,Fail
C7277,ISRO-SCL-250310-10,Voltage Regulator IC,0,17.1,1.37,15.0,40.1,20.9,PASS,Borderline,Pass
C7278,ISRO-SCL-250421-16,MOSFET,0,11.2,0.9,14.3,2.2,10.6,PASS,Safe,Pass
C7279,ISRO-SCL-250331-13,Voltage Regulator IC,0,20.1,1.61,9.2,22.8,16.3,PASS,Borderline,Pass
C7280,ISRO-SCL-250113-02,MOSFET,0,19.7,1.57,13.8,10.8,15.6,PASS,Safe,Pass
C7281,ISRO-SCL-250106-01,MOSFET,0,27.4,2.19,20.3,4.4,20.0,PASS,Safe,Pass
C7282,ISRO-SCL-250203-05,Digital Logic IC,1,28.5,2.28,14.0,16.0,85.0,REJECT,Safe,Fail
C7283,ISRO-SCL-250414-15,Digital Logic IC,0,72.6,5.8,32.4,15.2,45.0,MONITOR,Safe,Pass
C7284,ISRO-SCL-250414-15,Digital Logic IC,0,14.8,1.18,8.1,7.2,10.6,PASS,Safe,Pass
C7285,ISRO-SCL-250310-10,Voltage Regulator IC,0,10.2,0.82,4.3,6.5,7.1,PASS,Safe,Pass
C7286,ISRO-SCL-250217-07,Op-Amp IC,0,25.3,2.02,22.8,14.1,22.0,PASS,Safe,Pass
C7287,ISRO-SCL-250414-15,Digital Logic IC,0,16.2,1.3,14.5,1.2,12.5,PASS,Safe,Pass
C7288,ISRO-SCL-250317-11,Voltage Regulator IC,0,10.1,0.81,27.0,34.7,21.8,PASS,Safe,Pass
C7289,ISRO-SCL-250224-08,MOSFET,0,13.9,1.12,28.7,9.6,19.0,PASS,Safe,Pass
C7290,ISRO-SCL-250317-11,Voltage Regulator IC,0,13.7,1.1,31.5,24.2,22.9,PASS,Borderline,Pass
C7291,ISRO-SCL-250310-10,Voltage Regulator IC,0,37.1,2.97,16.1,44.6,30.2,MONITOR,Fail,Pass
C7292,ISRO-SCL-250414-15,Digital Logic IC,0,11.9,0.95,12.5,24.7,14.7,PASS,Safe,Pass
C7293,ISRO-SCL-250106-01,MOSFET,0,11.7,0.94,1.1,7.3,6.6,PASS,Safe,Pass
C7294,ISRO-SCL-250120-03,Op-Amp IC,0,27.2,2.17,24.6,16.0,23.9,PASS,Borderline,Pass
C7295,ISRO-SCL-250127-04,Op-Amp IC,0,74.6,5.96,75.4,73.8,74.7,HOLD,Fail,Pass
C7296,ISRO-SCL-250203-05,Digital Logic IC,1,15.2,1.22,22.2,8.2,85.0,REJECT,Safe,Fail
C7297,ISRO-SCL-250414-15,Digital Logic IC,1,100.0,8.7,100.0,65.0,93.0,REJECT,Fail,Fail
C7298,ISRO-SCL-250310-10,Voltage Regulator IC,0,11.1,0.88,5.7,5.2,7.7,PASS,Safe,Pass
C7299,ISRO-SCL-250407-14,MOSFET,0,10.7,0.86,8.8,4.8,8.8,PASS,Safe,Pass
C7300,ISRO-SCL-250414-15,Digital Logic IC,0,27.4,2.19,42.1,23.2,32.4,MONITOR,Borderline,Pass
C7301,ISRO-SCL-250127-04,Op-Amp IC,1,12.2,0.98,26.2,10.0,85.0,REJECT,Safe,Fail
C7302,ISRO-SCL-250106-01,MOSFET,1,26.1,2.09,23.2,1.8,85.0,REJECT,Safe,Fail
C7303,ISRO-SCL-250113-02,MOSFET,0,20.9,1.67,12.6,5.6,14.5,PASS,Safe,Pass
C7304,ISRO-SCL-250407-14,MOSFET,1,94.0,7.52,63.8,61.2,85.0,REJECT,Fail,Fail
C7305,ISRO-SCL-250421-16,MOSFET,0,14.1,1.12,3.5,16.2,10.2,PASS,Safe,Pass
C7306,ISRO-SCL-250217-07,Op-Amp IC,0,11.4,0.91,8.5,3.5,8.7,PASS,Safe,Pass
C7307,ISRO-SCL-250421-16,MOSFET,0,13.5,1.08,5.3,9.2,9.4,PASS,Safe,Pass
C7308,ISRO-SCL-250113-02,MOSFET,0,13.1,1.05,7.8,12.3,10.8,PASS,Safe,Pass
C7309,ISRO-SCL-250407-14,MOSFET,1,16.1,1.29,18.9,7.7,85.0,REJECT,Safe,Fail
C7310,ISRO-SCL-250414-15,Digital Logic IC,0,13.7,1.1,9.6,6.4,10.6,PASS,Safe,Pass
C7311,ISRO-SCL-250210-06,MOSFET,0,20.7,1.66,10.7,11.3,14.8,PASS,Safe,Pass
C7312,ISRO-SCL-250331-13,Voltage Regulator IC,1,21.0,1.68,35.8,2.9,85.0,REJECT,Safe,Fail
C7313,ISRO-SCL-250127-04,Op-Amp IC,0,13.6,1.08,29.6,30.9,23.4,PASS,Borderline,Pass
C7314,ISRO-SCL-250224-08,MOSFET,0,19.7,1.57,7.9,16.0,14.2,PASS,Safe,Pass
C7315,ISRO-SCL-250324-12,Op-Amp IC,0,17.9,1.43,20.6,35.7,22.5,PASS,Fail,Pass
C7316,ISRO-SCL-250331-13,Voltage Regulator IC,0,20.0,1.6,22.1,1.2,17.1,PASS,Safe,Pass
C7317,ISRO-SCL-250519-20,Voltage Regulator IC,0,14.2,1.13,7.1,6.3,9.7,PASS,Safe,Pass
C7318,ISRO-SCL-250217-07,Op-Amp IC,0,10.5,0.84,11.7,10.9,11.1,PASS,Safe,Pass
C7319,ISRO-SCL-250217-07,Op-Amp IC,0,15.8,1.26,9.8,10.6,12.3,PASS,Safe,Pass
C7320,ISRO-SCL-250203-05,Digital Logic IC,1,92.9,7.43,35.2,34.5,85.0,REJECT,Borderline,Fail
C7321,ISRO-SCL-250421-16,MOSFET,0,29.8,2.38,35.7,15.8,29.4,PASS,Fail,Pass
C7322,ISRO-SCL-250217-07,Op-Amp IC,0,13.5,1.08,7.1,12.1,10.7,PASS,Safe,Pass
C7323,ISRO-SCL-250106-01,MOSFET,0,9.5,0.76,0.5,7.3,5.5,PASS,Safe,Pass
C7324,ISRO-SCL-250310-10,Voltage Regulator IC,0,63.2,5.06,24.9,15.0,38.3,MONITOR,Fail,Pass
C7325,ISRO-SCL-250203-05,Digital Logic IC,0,10.1,0.81,9.3,7.4,9.2,PASS,Safe,Pass
C7326,ISRO-SCL-250331-13,Voltage Regulator IC,1,19.1,1.53,38.5,45.6,85.0,REJECT,Borderline,Fail
C7327,ISRO-SCL-250210-06,MOSFET,0,100.0,10.57,50.6,17.0,63.6,HOLD,Borderline,Pass
C7328,ISRO-SCL-250512-19,Op-Amp IC,1,100.0,9.37,100.0,59.3,91.9,REJECT,Fail,Fail
C7329,ISRO-SCL-250217-07,Op-Amp IC,0,10.6,0.85,15.2,9.4,12.2,PASS,Safe,Pass
C7330,ISRO-SCL-250113-02,MOSFET,1,16.9,1.35,15.6,11.2,85.0,REJECT,Borderline,Fail
C7331,ISRO-SCL-250324-12,Op-Amp IC,1,42.9,3.43,59.4,36.8,85.0,REJECT,Fail,Fail
C7332,ISRO-SCL-250210-06,MOSFET,0,14.4,1.15,6.9,4.7,9.5,PASS,Safe,Pass
C7333,ISRO-SCL-250324-12,Op-Amp IC,1,19.0,1.52,34.1,27.0,85.0,REJECT,Fail,Fail
C7334,ISRO-SCL-250407-14,MOSFET,0,14.3,1.15,8.9,18.5,13.0,PASS,Safe,Pass
C7335,ISRO-SCL-250210-06,MOSFET,0,15.0,1.2,13.2,13.2,13.9,PASS,Safe,Pass
C7336,ISRO-SCL-250127-04,Op-Amp IC,0,15.5,1.24,7.9,15.6,12.5,PASS,Safe,Pass
C7337,ISRO-SCL-250331-13,Voltage Regulator IC,0,22.9,1.83,23.4,3.0,19.1,PASS,Safe,Pass
C7338,ISRO-SCL-250407-14,MOSFET,1,18.5,1.48,38.8,7.1,85.0,REJECT,Safe,Fail
C7339,ISRO-SCL-250127-04,Op-Amp IC,0,14.2,1.14,10.4,26.2,15.1,PASS,Fail,Pass
C7340,ISRO-SCL-250324-12,Op-Amp IC,0,13.7,1.1,1.2,14.4,8.8,PASS,Safe,Pass
C7341,ISRO-SCL-250414-15,Digital Logic IC,0,8.3,0.66,7.0,17.8,9.7,PASS,Safe,Pass
C7342,ISRO-SCL-250428-17,Voltage Regulator IC,0,14.2,1.14,11.4,32.4,16.7,PASS,Borderline,Pass
C7343,ISRO-SCL-250414-15,Digital Logic IC,0,8.6,0.69,5.6,17.7,9.2,PASS,Borderline,Pass
C7344,ISRO-SCL-250303-09,Voltage Regulator IC,0,21.7,1.73,10.7,8.5,14.7,PASS,Safe,Pass
C7345,ISRO-SCL-250217-07,Op-Amp IC,1,56.9,4.56,55.9,29.4,85.0,REJECT,Fail,Fail
C7346,ISRO-SCL-250407-14,MOSFET,0,19.1,1.53,18.6,10.1,17.1,PASS,Borderline,Pass
C7347,ISRO-SCL-250310-10,Voltage Regulator IC,0,10.8,0.87,3.3,8.4,7.3,PASS,Safe,Pass
C7348,ISRO-SCL-250421-16,MOSFET,0,18.3,1.46,3.0,5.7,9.6,PASS,Safe,Pass
C7349,ISRO-SCL-250407-14,MOSFET,0,12.7,1.02,16.1,43.5,20.2,PASS,Fail,Pass
C7350,ISRO-SCL-250421-16,MOSFET,0,20.1,1.61,3.2,4.8,10.3,PASS,Safe,Pass
C7351,ISRO-SCL-250120-03,Op-Amp IC,0,15.0,1.2,8.4,8.0,11.0,PASS,Safe,Pass
C7352,ISRO-SCL-250303-09,Voltage Regulator IC,0,15.9,1.27,16.6,10.8,15.2,PASS,Safe,Pass
C7353,ISRO-SCL-250407-14,MOSFET,1,14.4,1.15,19.0,10.0,85.0,REJECT,Safe,Fail
C7354,ISRO-SCL-250127-04,Op-Amp IC,0,15.9,1.27,6.8,5.3,10.1,PASS,Safe,Pass
C7355,ISRO-SCL-250421-16,MOSFET,0,100.0,16.13,48.7,8.9,61.3,HOLD,Safe,Pass
C7356,ISRO-SCL-250317-11,Voltage Regulator IC,0,11.2,0.9,3.2,4.8,6.7,PASS,Safe,Pass
C7357,ISRO-SCL-250303-09,Voltage Regulator IC,0,12.4,0.99,5.6,13.4,9.9,PASS,Safe,Pass
C7358,ISRO-SCL-250217-07,Op-Amp IC,1,16.8,1.34,33.2,8.5,85.0,REJECT,Safe,Fail
C7359,ISRO-SCL-250519-20,Voltage Regulator IC,0,14.7,1.18,9.2,23.1,14.2,PASS,Borderline,Pass
C7360,ISRO-SCL-250113-02,MOSFET,0,12.6,1.01,5.0,5.6,8.2,PASS,Safe,Pass
C7361,ISRO-SCL-250217-07,Op-Amp IC,1,14.5,1.16,25.7,9.6,85.0,REJECT,Safe,Fail
C7362,ISRO-SCL-250421-16,MOSFET,0,24.9,1.99,25.0,25.3,25.0,PASS,Fail,Pass
C7363,ISRO-SCL-250120-03,Op-Amp IC,0,10.3,0.82,7.4,18.6,10.8,PASS,Safe,Pass
C7364,ISRO-SCL-250210-06,MOSFET,0,63.4,5.07,34.8,24.7,44.2,MONITOR,Borderline,Pass
C7365,ISRO-SCL-250113-02,MOSFET,0,57.3,4.59,15.5,27.1,34.6,MONITOR,Borderline,Pass
C7366,ISRO-SCL-250428-17,Voltage Regulator IC,0,6.9,0.56,4.9,6.0,5.9,PASS,Safe,Pass
C7367,ISRO-SCL-250331-13,Voltage Regulator IC,0,24.1,1.93,28.1,11.3,23.1,PASS,Fail,Pass
C7368,ISRO-SCL-250512-19,Op-Amp IC,0,15.2,1.22,17.6,12.9,15.7,PASS,Borderline,Pass
C7369,ISRO-SCL-250331-13,Voltage Regulator IC,0,15.7,1.25,13.1,4.5,12.4,PASS,Safe,Pass
C7370,ISRO-SCL-250224-08,MOSFET,0,22.5,1.8,24.8,34.0,25.7,PASS,Borderline,Pass
C7371,ISRO-SCL-250127-04,Op-Amp IC,0,22.1,1.77,29.2,33.8,27.3,PASS,Borderline,Pass
C7372,ISRO-SCL-250113-02,MOSFET,0,100.0,36.81,82.0,100.0,92.8,REJECT,Safe,Pass
C7373,ISRO-SCL-250113-02,MOSFET,0,13.7,1.1,4.7,2.4,7.9,PASS,Safe,Pass
C7374,ISRO-SCL-250203-05,Digital Logic IC,0,16.9,1.35,13.9,4.3,13.2,PASS,Safe,Pass
C7375,ISRO-SCL-250310-10,Voltage Regulator IC,0,8.6,0.69,8.7,8.1,8.6,PASS,Safe,Pass
C7376,ISRO-SCL-250407-14,MOSFET,0,14.9,1.19,15.8,8.2,13.9,PASS,Safe,Pass
C7377,ISRO-SCL-250324-12,Op-Amp IC,0,14.8,1.18,14.7,14.2,14.7,PASS,Safe,Pass
C7378,ISRO-SCL-250407-14,MOSFET,0,13.1,1.05,0.2,7.8,6.9,PASS,Safe,Pass
C7379,ISRO-SCL-250421-16,MOSFET,0,15.2,1.21,0.8,7.2,7.8,PASS,Safe,Pass
C7380,ISRO-SCL-250203-05,Digital Logic IC,0,22.9,1.83,21.7,0.3,17.9,PASS,Safe,Pass
C7381,ISRO-SCL-250407-14,MOSFET,1,75.6,6.05,71.3,13.3,85.0,REJECT,Fail,Fail
C7382,ISRO-SCL-250106-01,MOSFET,0,13.8,1.1,13.7,30.1,17.0,PASS,Borderline,Pass
C7383,ISRO-SCL-250414-15,Digital Logic IC,0,13.4,1.07,10.4,19.9,13.5,PASS,Borderline,Pass
C7384,ISRO-SCL-250331-13,Voltage Regulator IC,0,23.8,1.9,5.0,18.9,15.3,PASS,Safe,Pass
C7385,ISRO-SCL-250224-08,MOSFET,0,18.3,1.46,34.5,29.5,27.0,PASS,Borderline,Pass
C7386,ISRO-SCL-250324-12,Op-Amp IC,1,18.7,1.5,15.2,7.2,85.0,REJECT,Safe,Fail
C7387,ISRO-SCL-250414-15,Digital Logic IC,0,15.0,1.2,26.3,19.5,20.4,PASS,Borderline,Pass
C7388,ISRO-SCL-250113-02,MOSFET,0,19.2,1.54,9.6,27.2,17.0,PASS,Borderline,Pass
C7389,ISRO-SCL-250421-16,MOSFET,1,19.7,1.57,35.2,4.2,85.0,REJECT,Safe,Fail
C7390,ISRO-SCL-250203-05,Digital Logic IC,0,11.3,0.9,8.3,15.2,10.9,PASS,Safe,Pass
C7391,ISRO-SCL-250120-03,Op-Amp IC,1,100.0,8.7,100.0,82.1,96.4,REJECT,Fail,Fail
C7392,ISRO-SCL-250120-03,Op-Amp IC,0,27.2,2.17,33.6,21.3,28.6,PASS,Fail,Pass
C7393,ISRO-SCL-250303-09,Voltage Regulator IC,0,62.9,5.04,39.6,15.2,44.0,MONITOR,Safe,Pass
C7394,ISRO-SCL-250113-02,MOSFET,0,12.5,1.0,14.2,17.0,14.0,PASS,Safe,Pass
C7395,ISRO-SCL-250217-07,Op-Amp IC,1,65.4,5.23,60.6,31.1,85.0,REJECT,Fail,Fail
C7396,ISRO-SCL-250203-05,Digital Logic IC,0,33.7,2.7,22.3,8.7,24.1,PASS,Safe,Pass
C7397,ISRO-SCL-250106-01,MOSFET,0,18.9,1.51,12.9,2.8,13.3,PASS,Safe,Pass
C7398,ISRO-SCL-250407-14,MOSFET,1,16.9,1.35,32.6,27.6,85.0,REJECT,Borderline,Fail
C7399,ISRO-SCL-250505-18,Op-Amp IC,0,28.7,2.29,11.4,9.9,18.0,PASS,Safe,Pass
C7400,ISRO-SCL-250512-19,Op-Amp IC,1,75.3,6.02,53.2,46.0,85.0,REJECT,Fail,Fail
C7401,ISRO-SCL-250303-09,Voltage Regulator IC,0,15.7,1.25,3.8,13.0,10.4,PASS,Safe,Pass
C7402,ISRO-SCL-250210-06,MOSFET,0,20.6,1.65,15.9,12.3,17.1,PASS,Safe,Pass
C7403,ISRO-SCL-250428-17,Voltage Regulator IC,0,21.4,1.71,17.1,18.6,19.1,PASS,Borderline,Pass
C7404,ISRO-SCL-250512-19,Op-Amp IC,1,28.1,2.25,32.5,30.1,85.0,REJECT,Borderline,Fail
C7405,ISRO-SCL-250317-11,Voltage Regulator IC,0,10.4,0.83,0.5,14.1,7.2,PASS,Safe,Pass
C7406,ISRO-SCL-250512-19,Op-Amp IC,1,14.9,1.2,27.0,33.2,85.0,REJECT,Borderline,Fail
C7407,ISRO-SCL-250414-15,Digital Logic IC,0,35.8,2.87,40.0,12.5,32.8,MONITOR,Fail,Pass
C7408,ISRO-SCL-250310-10,Voltage Regulator IC,0,12.6,1.01,9.5,13.7,11.6,PASS,Safe,Pass
C7409,ISRO-SCL-250203-05,Digital Logic IC,0,58.5,4.68,66.9,47.2,59.6,MONITOR,Fail,Pass
C7410,ISRO-SCL-250120-03,Op-Amp IC,1,16.5,1.32,36.4,3.5,85.0,REJECT,Safe,Fail
C7411,ISRO-SCL-250407-14,MOSFET,1,55.9,4.47,53.3,42.0,85.0,REJECT,Fail,Fail
C7412,ISRO-SCL-250106-01,MOSFET,1,18.6,1.49,22.6,3.5,85.0,REJECT,Safe,Fail
C7413,ISRO-SCL-250106-01,MOSFET,0,17.5,1.4,25.9,23.0,21.9,PASS,Borderline,Pass
C7414,ISRO-SCL-250407-14,MOSFET,0,30.1,2.41,24.6,33.5,28.6,PASS,Borderline,Pass
C7415,ISRO-SCL-250310-10,Voltage Regulator IC,0,17.6,1.41,13.4,13.1,15.0,PASS,Safe,Pass
C7416,ISRO-SCL-250217-07,Op-Amp IC,0,15.7,1.25,14.6,10.5,14.2,PASS,Borderline,Pass
C7417,ISRO-SCL-250331-13,Voltage Regulator IC,0,29.8,2.38,21.1,29.8,26.3,PASS,Borderline,Pass
C7418,ISRO-SCL-250407-14,MOSFET,0,14.1,1.12,24.4,12.1,17.8,PASS,Borderline,Pass
C7419,ISRO-SCL-250421-16,MOSFET,0,58.7,4.7,35.7,28.3,43.4,MONITOR,Safe,Pass
C7420,ISRO-SCL-250203-05,Digital Logic IC,0,10.1,0.81,0.0,3.8,4.8,PASS,Safe,Pass
C7421,ISRO-SCL-250421-16,MOSFET,0,10.5,0.84,7.3,3.9,7.9,PASS,Safe,Pass
C7422,ISRO-SCL-250407-14,MOSFET,0,15.4,1.23,17.0,11.5,15.2,PASS,Safe,Pass
C7423,ISRO-SCL-250127-04,Op-Amp IC,0,20.3,1.63,10.3,9.9,14.2,PASS,Safe,Pass
C7424,ISRO-SCL-250421-16,MOSFET,0,22.0,1.76,4.6,9.9,12.6,PASS,Safe,Pass
C7425,ISRO-SCL-250203-05,Digital Logic IC,0,17.4,1.39,14.1,9.3,14.4,PASS,Safe,Pass
C7426,ISRO-SCL-250203-05,Digital Logic IC,0,38.7,3.1,16.1,14.7,24.8,PASS,Borderline,Pass
C7427,ISRO-SCL-250217-07,Op-Amp IC,0,17.0,1.36,6.5,5.3,10.5,PASS,Safe,Pass
C7428,ISRO-SCL-250324-12,Op-Amp IC,0,13.1,1.05,1.2,17.3,9.2,PASS,Safe,Pass
C7429,ISRO-SCL-250217-07,Op-Amp IC,1,11.3,0.9,20.3,2.5,85.0,REJECT,Fail,Fail
C7430,ISRO-SCL-250505-18,Op-Amp IC,0,18.5,1.48,6.3,24.7,14.9,PASS,Safe,Pass
C7431,ISRO-SCL-250217-07,Op-Amp IC,0,18.1,1.45,6.6,27.6,15.4,PASS,Borderline,Pass
C7432,ISRO-SCL-250407-14,MOSFET,0,13.4,1.08,11.0,22.2,14.2,PASS,Borderline,Pass
C7433,ISRO-SCL-250120-03,Op-Amp IC,1,14.6,1.17,21.0,37.9,85.0,REJECT,Borderline,Fail
C7434,ISRO-SCL-250421-16,MOSFET,0,17.4,1.39,5.7,17.7,12.8,PASS,Safe,Pass
C7435,ISRO-SCL-250407-14,MOSFET,0,14.9,1.19,6.4,20.4,12.6,PASS,Safe,Pass
C7436,ISRO-SCL-250421-16,MOSFET,0,7.5,0.6,0.3,10.0,5.1,PASS,Safe,Pass
C7437,ISRO-SCL-250113-02,MOSFET,0,12.6,1.01,15.2,44.8,20.1,PASS,Borderline,Pass
C7438,ISRO-SCL-250505-18,Op-Amp IC,0,16.9,1.35,16.3,13.8,16.0,PASS,Safe,Pass
C7439,ISRO-SCL-250512-19,Op-Amp IC,1,73.7,5.89,49.9,61.7,85.0,REJECT,Fail,Fail
C7440,ISRO-SCL-250428-17,Voltage Regulator IC,0,13.9,1.11,8.0,1.4,9.0,PASS,Safe,Pass
C7441,ISRO-SCL-250505-18,Op-Amp IC,1,8.4,0.67,1.8,2.6,85.0,REJECT,Fail,Fail
C7442,ISRO-SCL-250217-07,Op-Amp IC,0,17.4,1.39,16.2,9.2,15.3,PASS,Safe,Pass
C7443,ISRO-SCL-250407-14,MOSFET,0,7.0,0.56,7.4,5.0,6.8,PASS,Safe,Pass
C7444,ISRO-SCL-250217-07,Op-Amp IC,0,8.8,0.7,0.0,6.1,4.7,PASS,Safe,Pass
C7445,ISRO-SCL-250113-02,MOSFET,0,18.3,1.46,14.4,7.5,14.6,PASS,Safe,Pass
C7446,ISRO-SCL-250414-15,Digital Logic IC,0,20.0,1.6,14.7,18.8,17.7,PASS,Fail,Pass
C7447,ISRO-SCL-250421-16,MOSFET,0,18.2,1.45,30.9,5.8,20.8,PASS,Safe,Pass
C7448,ISRO-SCL-250106-01,MOSFET,0,9.7,0.77,6.3,10.3,8.4,PASS,Safe,Pass
C7449,ISRO-SCL-250310-10,Voltage Regulator IC,0,12.3,0.98,21.9,42.9,22.3,PASS,Borderline,Pass
C7450,ISRO-SCL-250113-02,MOSFET,0,8.6,0.69,1.8,4.8,5.1,PASS,Safe,Pass
C7451,ISRO-SCL-250519-20,Voltage Regulator IC,0,61.9,4.95,19.6,39.9,40.6,MONITOR,Fail,Pass
C7452,ISRO-SCL-250217-07,Op-Amp IC,1,97.9,7.83,87.3,52.4,85.0,REJECT,Fail,Fail
C7453,ISRO-SCL-250203-05,Digital Logic IC,1,35.8,2.86,28.4,6.3,85.0,REJECT,Safe,Fail
C7454,ISRO-SCL-250324-12,Op-Amp IC,0,20.1,1.6,22.5,3.3,17.7,PASS,Safe,Pass
C7455,ISRO-SCL-250113-02,MOSFET,0,12.2,0.97,9.6,13.2,11.4,PASS,Safe,Pass
C7456,ISRO-SCL-250310-10,Voltage Regulator IC,0,22.5,1.8,10.9,13.5,16.0,PASS,Safe,Pass
C7457,ISRO-SCL-250310-10,Voltage Regulator IC,0,23.1,1.85,11.6,13.5,16.6,PASS,Safe,Pass
C7458,ISRO-SCL-250407-14,MOSFET,0,12.0,0.96,17.8,10.0,13.9,PASS,Safe,Pass
C7459,ISRO-SCL-250324-12,Op-Amp IC,0,15.8,1.27,29.1,8.1,19.6,PASS,Safe,Pass
C7460,ISRO-SCL-250310-10,Voltage Regulator IC,0,15.5,1.24,15.4,11.3,14.6,PASS,Borderline,Pass
C7461,ISRO-SCL-250127-04,Op-Amp IC,0,14.9,1.19,10.4,24.1,15.0,PASS,Borderline,Pass
C7462,ISRO-SCL-250331-13,Voltage Regulator IC,0,21.7,1.73,15.8,10.6,17.1,PASS,Safe,Pass
C7463,ISRO-SCL-250414-15,Digital Logic IC,0,14.0,1.12,23.0,13.6,17.5,PASS,Safe,Pass
C7464,ISRO-SCL-250120-03,Op-Amp IC,0,15.0,1.2,11.3,6.0,11.7,PASS,Safe,Pass
C7465,ISRO-SCL-250331-13,Voltage Regulator IC,0,14.6,1.17,2.5,10.1,8.9,PASS,Safe,Pass
C7466,ISRO-SCL-250113-02,MOSFET,0,14.1,1.12,7.7,10.1,10.7,PASS,Safe,Pass
C7467,ISRO-SCL-250106-01,MOSFET,0,15.9,1.27,7.2,9.8,11.2,PASS,Safe,Pass
C7468,ISRO-SCL-250428-17,Voltage Regulator IC,0,16.9,1.35,43.7,51.8,34.6,MONITOR,Fail,Pass
C7469,ISRO-SCL-250106-01,MOSFET,0,8.2,0.66,5.5,17.2,8.9,PASS,Safe,Pass
C7470,ISRO-SCL-250106-01,MOSFET,0,14.8,1.19,12.1,11.5,13.1,PASS,Safe,Pass
C7471,ISRO-SCL-250106-01,MOSFET,0,16.9,1.35,14.5,13.8,15.3,PASS,Safe,Pass
C7472,ISRO-SCL-250324-12,Op-Amp IC,0,12.4,0.99,20.9,35.9,20.5,PASS,Borderline,Pass
C7473,ISRO-SCL-250310-10,Voltage Regulator IC,0,29.1,2.32,4.4,22.0,17.8,PASS,Borderline,Pass
C7474,ISRO-SCL-250127-04,Op-Amp IC,1,13.3,1.07,16.0,13.8,85.0,REJECT,Safe,Fail
C7475,ISRO-SCL-250512-19,Op-Amp IC,1,13.0,1.04,11.0,18.1,85.0,REJECT,Borderline,Fail
C7476,ISRO-SCL-250331-13,Voltage Regulator IC,0,28.2,2.26,10.3,19.8,19.4,PASS,Safe,Pass
C7477,ISRO-SCL-250203-05,Digital Logic IC,0,30.4,2.43,15.7,8.4,20.1,PASS,Safe,Pass
C7478,ISRO-SCL-250505-18,Op-Amp IC,0,11.6,0.93,9.2,1.8,8.7,PASS,Safe,Pass
C7479,ISRO-SCL-250428-17,Voltage Regulator IC,1,37.3,2.99,18.7,24.0,85.0,REJECT,Fail,Fail
C7480,ISRO-SCL-250407-14,MOSFET,1,18.7,1.5,23.6,2.2,85.0,REJECT,Safe,Fail
C7481,ISRO-SCL-250113-02,MOSFET,0,48.9,3.91,27.7,54.9,41.6,MONITOR,Fail,Pass
C7482,ISRO-SCL-250331-13,Voltage Regulator IC,1,59.2,4.74,36.4,44.9,85.0,REJECT,Fail,Fail
C7483,ISRO-SCL-250414-15,Digital Logic IC,0,11.5,0.92,6.5,8.4,8.9,PASS,Safe,Pass
C7484,ISRO-SCL-250414-15,Digital Logic IC,1,18.9,1.52,33.8,7.1,85.0,REJECT,Safe,Fail
C7485,ISRO-SCL-250324-12,Op-Amp IC,0,15.8,1.26,29.5,17.6,21.7,PASS,Borderline,Pass
C7486,ISRO-SCL-250519-20,Voltage Regulator IC,0,13.6,1.08,6.1,8.3,9.5,PASS,Safe,Pass
C7487,ISRO-SCL-250113-02,MOSFET,0,11.3,0.9,10.6,33.6,15.5,PASS,Borderline,Pass
C7488,ISRO-SCL-250414-15,Digital Logic IC,1,19.8,1.58,44.4,9.4,85.0,REJECT,Safe,Fail
C7489,ISRO-SCL-250224-08,MOSFET,0,12.1,0.97,1.7,4.0,6.3,PASS,Safe,Pass
C7490,ISRO-SCL-250331-13,Voltage Regulator IC,0,12.6,1.01,6.0,4.0,8.3,PASS,Safe,Pass
C7491,ISRO-SCL-250106-01,MOSFET,0,15.0,1.2,17.6,38.6,20.8,PASS,Fail,Pass
C7492,ISRO-SCL-250512-19,Op-Amp IC,0,8.9,0.71,3.0,13.8,7.5,PASS,Safe,Pass
C7493,ISRO-SCL-250303-09,Voltage Regulator IC,0,48.6,3.89,40.3,42.8,44.1,MONITOR,Fail,Pass
C7494,ISRO-SCL-250310-10,Voltage Regulator IC,0,62.8,5.02,15.0,25.8,36.3,MONITOR,Borderline,Pass
C7495,ISRO-SCL-250224-08,MOSFET,0,45.8,3.66,19.4,23.1,30.7,MONITOR,Fail,Pass
C7496,ISRO-SCL-250331-13,Voltage Regulator IC,0,17.1,1.37,7.4,7.4,11.3,PASS,Safe,Pass
C7497,ISRO-SCL-250310-10,Voltage Regulator IC,0,58.1,4.65,40.2,28.7,45.1,MONITOR,Fail,Pass
C7498,ISRO-SCL-250203-05,Digital Logic IC,0,41.1,3.29,37.3,16.7,34.7,MONITOR,Safe,Pass
C7499,ISRO-SCL-250203-05,Digital Logic IC,1,100.0,10.79,58.4,3.2,85.0,REJECT,Safe,Fail
C7500,ISRO-SCL-250421-16,MOSFET,0,16.0,1.28,4.1,1.9,8.4,PASS,Safe,Pass
C7501,ISRO-SCL-250120-03,Op-Amp IC,0,9.3,0.74,1.5,20.3,8.4,PASS,Safe,Pass
C7502,ISRO-SCL-250331-13,Voltage Regulator IC,0,14.9,1.19,8.9,16.4,12.8,PASS,Borderline,Pass
C7503,ISRO-SCL-250224-08,MOSFET,0,22.5,1.8,38.6,4.8,25.4,PASS,Safe,Pass
C7504,ISRO-SCL-250331-13,Voltage Regulator IC,0,30.5,2.44,27.9,20.9,27.5,PASS,Borderline,Pass
C7505,ISRO-SCL-250224-08,MOSFET,0,31.1,2.49,19.1,41.5,28.4,PASS,Fail,Pass
C7506,ISRO-SCL-250331-13,Voltage Regulator IC,0,13.9,1.11,10.9,12.2,12.3,PASS,Safe,Pass
C7507,ISRO-SCL-250210-06,MOSFET,0,12.6,1.01,10.7,5.8,10.5,PASS,Safe,Pass
C7508,ISRO-SCL-250505-18,Op-Amp IC,0,86.8,6.95,30.5,17.0,50.3,MONITOR,Borderline,Pass
C7509,ISRO-SCL-250317-11,Voltage Regulator IC,0,10.3,0.82,18.8,9.8,13.6,PASS,Safe,Pass
C7510,ISRO-SCL-250407-14,MOSFET,0,19.7,1.57,14.8,12.9,16.3,PASS,Safe,Pass
C7511,ISRO-SCL-250414-15,Digital Logic IC,1,62.4,4.99,66.7,45.1,85.0,REJECT,Fail,Fail
C7512,ISRO-SCL-250505-18,Op-Amp IC,0,21.3,1.7,16.9,2.5,15.8,PASS,Safe,Pass
C7513,ISRO-SCL-250519-20,Voltage Regulator IC,1,44.6,3.57,29.5,25.9,85.0,REJECT,Fail,Fail
C7514,ISRO-SCL-250217-07,Op-Amp IC,1,17.1,1.37,18.3,2.2,85.0,REJECT,Safe,Fail
C7515,ISRO-SCL-250310-10,Voltage Regulator IC,0,37.9,3.03,24.7,18.8,28.8,PASS,Safe,Pass
C7516,ISRO-SCL-250113-02,MOSFET,0,12.6,1.01,9.0,17.0,12.1,PASS,Safe,Pass
C7517,ISRO-SCL-250324-12,Op-Amp IC,1,44.6,3.57,63.6,44.7,85.0,REJECT,Fail,Fail
C7518,ISRO-SCL-250519-20,Voltage Regulator IC,1,25.3,2.02,23.7,8.0,85.0,REJECT,Fail,Fail
C7519,ISRO-SCL-250414-15,Digital Logic IC,1,18.5,1.48,35.7,27.5,85.0,REJECT,Borderline,Fail
C7520,ISRO-SCL-250210-06,MOSFET,0,17.9,1.43,15.7,1.1,13.6,PASS,Safe,Pass
C7521,ISRO-SCL-250421-16,MOSFET,1,62.1,4.97,34.7,29.0,85.0,REJECT,Borderline,Fail
C7522,ISRO-SCL-250224-08,MOSFET,0,8.8,0.7,4.4,5.3,6.3,PASS,Safe,Pass
C7523,ISRO-SCL-250407-14,MOSFET,1,75.0,6.0,63.9,56.4,85.0,REJECT,Fail,Fail
C7524,ISRO-SCL-250317-11,Voltage Regulator IC,1,99.2,7.94,58.8,72.0,85.0,REJECT,Fail,Fail
C7525,ISRO-SCL-250414-15,Digital Logic IC,1,16.9,1.35,9.9,12.4,85.0,REJECT,Fail,Fail
C7526,ISRO-SCL-250407-14,MOSFET,0,14.5,1.16,9.9,9.1,11.6,PASS,Safe,Pass
C7527,ISRO-SCL-250210-06,MOSFET,0,27.0,2.16,17.5,2.5,18.3,PASS,Safe,Pass
C7528,ISRO-SCL-250113-02,MOSFET,0,11.7,0.94,17.6,28.3,17.4,PASS,Safe,Pass
C7529,ISRO-SCL-250512-19,Op-Amp IC,0,12.5,1.0,8.9,5.8,9.7,PASS,Safe,Pass
C7530,ISRO-SCL-250505-18,Op-Amp IC,0,27.3,2.18,24.7,12.4,23.3,PASS,Safe,Pass
C7531,ISRO-SCL-250217-07,Op-Amp IC,0,10.6,0.85,1.5,8.0,6.5,PASS,Safe,Pass
C7532,ISRO-SCL-250407-14,MOSFET,1,17.6,1.4,25.7,13.0,85.0,REJECT,Safe,Fail
C7533,ISRO-SCL-250407-14,MOSFET,1,54.7,4.38,39.4,76.9,85.0,REJECT,Fail,Fail
C7534,ISRO-SCL-250113-02,MOSFET,1,17.6,1.41,28.9,1.0,85.0,REJECT,Safe,Fail
C7535,ISRO-SCL-250127-04,Op-Amp IC,1,12.4,0.99,21.6,18.3,85.0,REJECT,Safe,Fail
C7536,ISRO-SCL-250505-18,Op-Amp IC,1,29.7,2.38,9.8,15.5,85.0,REJECT,Safe,Fail
C7537,ISRO-SCL-250421-16,MOSFET,0,17.3,1.39,26.3,6.1,18.7,PASS,Safe,Pass
C7538,ISRO-SCL-250217-07,Op-Amp IC,1,21.9,1.75,29.8,29.0,85.0,REJECT,Fail,Fail
C7539,ISRO-SCL-250324-12,Op-Amp IC,0,16.5,1.32,3.9,2.8,8.7,PASS,Safe,Pass
C7540,ISRO-SCL-250414-15,Digital Logic IC,0,15.6,1.25,17.1,3.5,13.8,PASS,Safe,Pass
C7541,ISRO-SCL-250113-02,MOSFET,1,11.2,0.9,7.5,12.6,85.0,REJECT,Safe,Fail
C7542,ISRO-SCL-250421-16,MOSFET,0,18.6,1.49,9.5,17.3,14.7,PASS,Safe,Pass
C7543,ISRO-SCL-250106-01,MOSFET,0,12.0,0.96,11.1,5.3,10.3,PASS,Safe,Pass
C7544,ISRO-SCL-250421-16,MOSFET,0,14.1,1.12,9.2,13.8,12.1,PASS,Safe,Pass
C7545,ISRO-SCL-250113-02,MOSFET,0,32.3,2.59,38.0,41.2,36.4,MONITOR,Borderline,Pass
C7546,ISRO-SCL-250203-05,Digital Logic IC,0,8.0,0.64,4.0,6.4,6.1,PASS,Safe,Pass
C7547,ISRO-SCL-250421-16,MOSFET,0,40.5,3.24,40.2,33.1,38.9,MONITOR,Fail,Pass
C7548,ISRO-SCL-250113-02,MOSFET,0,20.2,1.61,7.5,11.1,13.3,PASS,Safe,Pass
C7549,ISRO-SCL-250519-20,Voltage Regulator IC,0,29.7,2.38,6.2,21.3,18.6,PASS,Safe,Pass
C7550,ISRO-SCL-250120-03,Op-Amp IC,0,21.8,1.75,6.7,21.7,15.7,PASS,Borderline,Pass
C7551,ISRO-SCL-250324-12,Op-Amp IC,0,16.9,1.35,18.3,27.3,19.5,PASS,Borderline,Pass
C7552,ISRO-SCL-250331-13,Voltage Regulator IC,0,14.3,1.14,9.5,11.7,11.9,PASS,Safe,Pass
C7553,ISRO-SCL-250407-14,MOSFET,0,9.7,0.77,5.9,31.6,12.6,PASS,Borderline,Pass
C7554,ISRO-SCL-250106-01,MOSFET,0,21.2,1.7,27.3,16.6,22.7,PASS,Borderline,Pass
C7555,ISRO-SCL-250120-03,Op-Amp IC,1,15.8,1.26,19.3,14.0,85.0,REJECT,Safe,Fail
C7556,ISRO-SCL-250310-10,Voltage Regulator IC,0,15.9,1.28,19.5,5.0,15.2,PASS,Safe,Pass
C7557,ISRO-SCL-250224-08,MOSFET,0,47.8,3.82,33.8,7.5,34.1,MONITOR,Safe,Pass
C7558,ISRO-SCL-250331-13,Voltage Regulator IC,0,13.4,1.08,1.7,6.3,7.3,PASS,Safe,Pass
C7559,ISRO-SCL-250203-05,Digital Logic IC,0,12.0,0.96,11.8,2.0,9.9,PASS,Safe,Pass
C7560,ISRO-SCL-250414-15,Digital Logic IC,0,18.9,1.51,7.8,13.9,13.4,PASS,Safe,Pass
C7561,ISRO-SCL-250310-10,Voltage Regulator IC,0,10.8,0.86,3.4,2.2,6.1,PASS,Safe,Pass
C7562,ISRO-SCL-250203-05,Digital Logic IC,0,14.7,1.18,15.9,5.8,13.4,PASS,Safe,Pass
C7563,ISRO-SCL-250310-10,Voltage Regulator IC,0,28.1,2.25,13.7,24.9,21.7,PASS,Fail,Pass
C7564,ISRO-SCL-250505-18,Op-Amp IC,0,5.0,0.4,0.0,9.5,3.9,PASS,Safe,Pass
C7565,ISRO-SCL-250414-15,Digital Logic IC,0,20.8,1.66,25.5,27.3,24.0,PASS,Borderline,Pass
C7566,ISRO-SCL-250113-02,MOSFET,0,16.9,1.35,14.2,8.7,14.2,PASS,Safe,Pass
C7567,ISRO-SCL-250407-14,MOSFET,0,11.9,0.95,6.3,15.5,10.4,PASS,Safe,Pass
C7568,ISRO-SCL-250414-15,Digital Logic IC,0,14.7,1.17,10.2,7.5,11.4,PASS,Safe,Pass
C7569,ISRO-SCL-250217-07,Op-Amp IC,0,41.8,3.34,48.3,19.8,40.0,MONITOR,Fail,Pass
C7570,ISRO-SCL-250310-10,Voltage Regulator IC,1,58.7,4.69,48.2,24.0,85.0,REJECT,Fail,Fail
C7571,ISRO-SCL-250203-05,Digital Logic IC,0,17.9,1.43,25.2,1.7,17.6,PASS,Safe,Pass
C7572,ISRO-SCL-250505-18,Op-Amp IC,0,13.5,1.08,2.3,6.8,7.7,PASS,Safe,Pass
C7573,ISRO-SCL-250113-02,MOSFET,0,15.1,1.21,26.1,17.0,19.9,PASS,Safe,Pass
C7574,ISRO-SCL-250303-09,Voltage Regulator IC,1,22.7,1.82,21.8,2.8,85.0,REJECT,Safe,Fail
C7575,ISRO-SCL-250414-15,Digital Logic IC,0,14.9,1.19,13.6,0.5,11.5,PASS,Safe,Pass
C7576,ISRO-SCL-250519-20,Voltage Regulator IC,0,16.2,1.29,8.6,5.9,11.1,PASS,Safe,Pass
C7577,ISRO-SCL-250203-05,Digital Logic IC,0,11.1,0.88,7.5,3.1,8.0,PASS,Safe,Pass
C7578,ISRO-SCL-250113-02,MOSFET,1,12.6,1.01,16.9,15.9,85.0,REJECT,Borderline,Fail
C7579,ISRO-SCL-250331-13,Voltage Regulator IC,1,19.3,1.54,33.7,24.7,85.0,REJECT,Safe,Fail
C7580,ISRO-SCL-250512-19,Op-Amp IC,0,11.6,0.93,5.9,7.8,8.5,PASS,Safe,Pass
C7581,ISRO-SCL-250113-02,MOSFET,1,16.6,1.33,30.3,23.2,85.0,REJECT,Borderline,Fail
C7582,ISRO-SCL-250421-16,MOSFET,1,63.5,5.08,40.0,28.9,85.0,REJECT,Borderline,Fail
C7583,ISRO-SCL-250203-05,Digital Logic IC,0,16.7,1.34,19.6,3.1,15.2,PASS,Safe,Pass
C7584,ISRO-SCL-250505-18,Op-Amp IC,0,16.3,1.3,27.1,7.7,18.9,PASS,Safe,Pass
C7585,ISRO-SCL-250203-05,Digital Logic IC,0,10.5,0.84,6.4,16.7,10.1,PASS,Safe,Pass
C7586,ISRO-SCL-250310-10,Voltage Regulator IC,0,17.9,1.44,3.3,15.0,11.5,PASS,Safe,Pass
C7587,ISRO-SCL-250113-02,MOSFET,0,47.2,3.78,15.7,17.1,28.6,PASS,Safe,Pass
C7588,ISRO-SCL-250127-04,Op-Amp IC,0,22.3,1.79,13.4,19.7,18.3,PASS,Safe,Pass
C7589,ISRO-SCL-250203-05,Digital Logic IC,0,20.0,1.6,17.3,10.1,17.0,PASS,Safe,Pass
C7590,ISRO-SCL-250407-14,MOSFET,0,10.3,0.83,4.7,5.5,7.1,PASS,Safe,Pass
C7591,ISRO-SCL-250519-20,Voltage Regulator IC,0,14.7,1.17,9.1,8.3,11.2,PASS,Safe,Pass
C7592,ISRO-SCL-250113-02,MOSFET,0,14.8,1.18,16.8,20.1,16.7,PASS,Safe,Pass
C7593,ISRO-SCL-250217-07,Op-Amp IC,0,11.8,0.95,11.4,5.0,10.3,PASS,Safe,Pass
C7594,ISRO-SCL-250217-07,Op-Amp IC,1,86.4,6.91,47.8,45.7,85.0,REJECT,Fail,Fail
C7595,ISRO-SCL-250407-14,MOSFET,1,10.9,0.87,13.5,25.9,85.0,REJECT,Safe,Fail
C7596,ISRO-SCL-250120-03,Op-Amp IC,0,60.9,4.87,58.0,22.4,52.0,MONITOR,Fail,Pass
C7597,ISRO-SCL-250519-20,Voltage Regulator IC,0,15.3,1.22,6.7,3.7,9.5,PASS,Safe,Pass
C7598,ISRO-SCL-250407-14,MOSFET,0,13.6,1.09,13.9,10.3,13.0,PASS,Safe,Pass
C7599,ISRO-SCL-250414-15,Digital Logic IC,0,14.8,1.18,14.0,2.3,12.0,PASS,Safe,Pass
C7600,ISRO-SCL-250113-02,MOSFET,0,15.4,1.24,29.4,28.3,23.6,PASS,Safe,Pass
C7601,ISRO-SCL-250407-14,MOSFET,1,32.8,2.62,18.9,51.6,85.0,REJECT,Fail,Fail
C7602,ISRO-SCL-250414-15,Digital Logic IC,1,16.9,1.36,27.8,3.4,85.0,REJECT,Safe,Fail
C7603,ISRO-SCL-250217-07,Op-Amp IC,1,54.0,4.32,33.3,35.5,85.0,REJECT,Fail,Fail
C7604,ISRO-SCL-250512-19,Op-Amp IC,1,17.8,1.42,15.5,6.9,85.0,REJECT,Fail,Fail
C7605,ISRO-SCL-250217-07,Op-Amp IC,1,100.0,9.85,57.6,13.8,85.0,REJECT,Safe,Fail
C7606,ISRO-SCL-250414-15,Digital Logic IC,0,15.4,1.23,16.6,8.0,14.4,PASS,Safe,Pass
C7607,ISRO-SCL-250310-10,Voltage Regulator IC,0,19.9,1.59,8.3,13.6,14.0,PASS,Safe,Pass
C7608,ISRO-SCL-250331-13,Voltage Regulator IC,1,18.2,1.46,35.5,31.6,85.0,REJECT,Borderline,Fail
C7609,ISRO-SCL-250127-04,Op-Amp IC,0,45.3,3.62,53.1,62.2,51.8,MONITOR,Fail,Pass
C7610,ISRO-SCL-250113-02,MOSFET,1,14.1,1.12,11.7,2.9,85.0,REJECT,Safe,Fail
C7611,ISRO-SCL-250210-06,MOSFET,0,15.9,1.27,2.3,9.6,9.2,PASS,Safe,Pass
C7612,ISRO-SCL-250224-08,MOSFET,1,100.0,9.32,74.3,46.2,85.0,REJECT,Fail,Fail
C7613,ISRO-SCL-250303-09,Voltage Regulator IC,0,10.7,0.85,8.5,8.9,9.5,PASS,Safe,Pass
C7614,ISRO-SCL-250505-18,Op-Amp IC,0,37.9,3.04,19.0,16.5,26.1,PASS,Safe,Pass
C7615,ISRO-SCL-250331-13,Voltage Regulator IC,1,100.0,9.94,86.2,95.1,93.5,REJECT,Fail,Fail
C7616,ISRO-SCL-250113-02,MOSFET,0,14.8,1.18,13.0,7.4,12.6,PASS,Safe,Pass
C7617,ISRO-SCL-250331-13,Voltage Regulator IC,0,50.6,4.05,49.6,14.8,43.0,MONITOR,Fail,Pass
C7618,ISRO-SCL-250106-01,MOSFET,0,13.5,1.08,3.6,10.2,8.9,PASS,Safe,Pass
C7619,ISRO-SCL-250421-16,MOSFET,0,18.3,1.46,18.3,15.8,17.8,PASS,Safe,Pass
C7620,ISRO-SCL-250310-10,Voltage Regulator IC,0,25.5,2.04,12.1,12.6,17.6,PASS,Safe,Pass
C7621,ISRO-SCL-250310-10,Voltage Regulator IC,0,14.1,1.12,2.6,15.2,9.7,PASS,Safe,Pass
C7622,ISRO-SCL-250127-04,Op-Amp IC,1,11.6,0.93,16.1,23.9,85.0,REJECT,Borderline,Fail
C7623,ISRO-SCL-250512-19,Op-Amp IC,0,11.9,0.95,6.6,4.0,8.2,PASS,Safe,Pass
C7624,ISRO-SCL-250303-09,Voltage Regulator IC,0,13.4,1.08,8.7,3.8,9.6,PASS,Safe,Pass
C7625,ISRO-SCL-250106-01,MOSFET,0,8.8,0.7,12.9,23.9,13.5,PASS,Safe,Pass
C7626,ISRO-SCL-250127-04,Op-Amp IC,1,100.0,143.43,100.0,51.9,90.4,REJECT,Fail,Fail
C7627,ISRO-SCL-250303-09,Voltage Regulator IC,0,15.7,1.26,21.7,15.5,18.1,PASS,Safe,Pass
C7628,ISRO-SCL-250217-07,Op-Amp IC,1,27.2,2.18,31.8,30.0,85.0,REJECT,Borderline,Fail
C7629,ISRO-SCL-250127-04,Op-Amp IC,1,13.1,1.05,7.7,2.1,85.0,REJECT,Fail,Fail
C7630,ISRO-SCL-250127-04,Op-Amp IC,1,10.1,0.81,14.0,28.1,85.0,REJECT,Borderline,Fail
C7631,ISRO-SCL-250224-08,MOSFET,0,29.6,2.37,29.6,13.8,26.5,PASS,Safe,Pass
C7632,ISRO-SCL-250421-16,MOSFET,0,12.8,1.02,0.3,17.1,8.6,PASS,Borderline,Pass
C7633,ISRO-SCL-250310-10,Voltage Regulator IC,0,45.0,3.6,12.1,9.1,24.6,PASS,Safe,Pass
C7634,ISRO-SCL-250421-16,MOSFET,0,15.6,1.25,3.2,14.3,10.4,PASS,Borderline,Pass
C7635,ISRO-SCL-250127-04,Op-Amp IC,0,13.3,1.06,20.5,35.5,20.6,PASS,Fail,Pass
C7636,ISRO-SCL-250203-05,Digital Logic IC,0,10.1,0.81,5.7,4.4,7.2,PASS,Safe,Pass
C7637,ISRO-SCL-250224-08,MOSFET,0,13.0,1.04,19.4,10.5,15.1,PASS,Safe,Pass
C7638,ISRO-SCL-250203-05,Digital Logic IC,1,13.8,1.11,15.4,1.5,85.0,REJECT,Safe,Fail
C7639,ISRO-SCL-250505-18,Op-Amp IC,0,21.3,1.7,5.2,19.5,14.5,PASS,Borderline,Pass
C7640,ISRO-SCL-250224-08,MOSFET,0,16.8,1.34,31.0,6.2,20.3,PASS,Safe,Pass
C7641,ISRO-SCL-250120-03,Op-Amp IC,0,25.1,2.0,34.6,12.4,26.4,PASS,Fail,Pass
C7642,ISRO-SCL-250414-15,Digital Logic IC,1,41.9,3.35,57.1,35.5,85.0,REJECT,Fail,Fail
C7643,ISRO-SCL-250519-20,Voltage Regulator IC,0,13.3,1.07,2.1,7.6,7.7,PASS,Safe,Pass
C7644,ISRO-SCL-250414-15,Digital Logic IC,1,100.0,9.96,100.0,82.1,96.4,REJECT,Fail,Fail
C7645,ISRO-SCL-250421-16,MOSFET,0,13.7,1.09,8.5,8.6,10.6,PASS,Safe,Pass
C7646,ISRO-SCL-250414-15,Digital Logic IC,1,19.3,1.54,23.8,4.3,85.0,REJECT,Safe,Fail
C7647,ISRO-SCL-250203-05,Digital Logic IC,1,16.9,1.35,43.7,17.9,85.0,REJECT,Safe,Fail
C7648,ISRO-SCL-250317-11,Voltage Regulator IC,0,13.3,1.07,23.9,7.5,16.4,PASS,Safe,Pass
C7649,ISRO-SCL-250113-02,MOSFET,0,12.9,1.04,13.8,7.4,12.2,PASS,Safe,Pass
C7650,ISRO-SCL-250120-03,Op-Amp IC,0,10.6,0.84,1.0,9.9,6.6,PASS,Safe,Pass
C7651,ISRO-SCL-250217-07,Op-Amp IC,0,24.1,1.93,7.4,18.6,16.3,PASS,Borderline,Pass
C7652,ISRO-SCL-250310-10,Voltage Regulator IC,0,22.5,1.8,17.8,4.4,17.0,PASS,Safe,Pass
C7653,ISRO-SCL-250113-02,MOSFET,1,17.3,1.39,9.1,9.3,85.0,REJECT,Safe,Fail
C7654,ISRO-SCL-250414-15,Digital Logic IC,0,100.0,16.46,92.7,100.0,97.1,REJECT,Borderline,Pass
C7655,ISRO-SCL-250210-06,MOSFET,0,13.8,1.11,33.7,7.3,20.5,PASS,Safe,Pass
C7656,ISRO-SCL-250407-14,MOSFET,0,16.0,1.28,14.0,33.5,18.7,PASS,Borderline,Pass
C7657,ISRO-SCL-250203-05,Digital Logic IC,1,15.2,1.21,16.5,8.0,85.0,REJECT,Safe,Fail
C7658,ISRO-SCL-250310-10,Voltage Regulator IC,0,11.2,0.9,5.1,6.4,7.8,PASS,Safe,Pass
C7659,ISRO-SCL-250421-16,MOSFET,0,9.6,0.77,4.2,4.7,6.5,PASS,Safe,Pass
C7660,ISRO-SCL-250203-05,Digital Logic IC,0,14.0,1.12,13.1,9.3,12.7,PASS,Safe,Pass
C7661,ISRO-SCL-250310-10,Voltage Regulator IC,0,14.3,1.14,12.9,10.8,13.0,PASS,Safe,Pass
C7662,ISRO-SCL-250512-19,Op-Amp IC,0,30.1,2.4,20.2,8.2,21.7,PASS,Safe,Pass
C7663,ISRO-SCL-250106-01,MOSFET,0,16.3,1.3,14.2,7.8,13.7,PASS,Safe,Pass
C7664,ISRO-SCL-250310-10,Voltage Regulator IC,0,14.1,1.12,11.0,12.7,12.6,PASS,Safe,Pass
C7665,ISRO-SCL-250310-10,Voltage Regulator IC,0,11.8,0.95,7.7,3.9,8.6,PASS,Safe,Pass
C7666,ISRO-SCL-250317-11,Voltage Regulator IC,0,24.7,1.98,12.4,28.4,20.5,PASS,Borderline,Pass
C7667,ISRO-SCL-250106-01,MOSFET,0,18.8,1.51,13.6,19.7,16.9,PASS,Borderline,Pass
C7668,ISRO-SCL-250310-10,Voltage Regulator IC,0,15.9,1.27,7.8,9.2,11.3,PASS,Safe,Pass
C7669,ISRO-SCL-250217-07,Op-Amp IC,0,13.2,1.05,9.5,9.4,10.9,PASS,Safe,Pass
C7670,ISRO-SCL-250113-02,MOSFET,0,23.7,1.9,21.9,19.5,22.2,PASS,Borderline,Pass
C7671,ISRO-SCL-250324-12,Op-Amp IC,0,14.9,1.19,21.0,10.5,16.5,PASS,Safe,Pass
C7672,ISRO-SCL-250428-17,Voltage Regulator IC,0,15.6,1.25,23.5,9.7,17.6,PASS,Safe,Pass
C7673,ISRO-SCL-250310-10,Voltage Regulator IC,0,10.0,0.8,1.2,11.7,6.8,PASS,Safe,Pass
C7674,ISRO-SCL-250127-04,Op-Amp IC,0,15.8,1.26,22.7,29.3,21.3,PASS,Borderline,Pass
C7675,ISRO-SCL-250210-06,MOSFET,0,14.6,1.17,25.4,19.2,19.8,PASS,Borderline,Pass
C7676,ISRO-SCL-250127-04,Op-Amp IC,0,17.4,1.39,12.7,31.0,18.2,PASS,Borderline,Pass
C7677,ISRO-SCL-250217-07,Op-Amp IC,0,9.6,0.77,13.3,14.4,12.1,PASS,Safe,Pass
C7678,ISRO-SCL-250414-15,Digital Logic IC,0,15.9,1.27,27.2,22.9,21.8,PASS,Borderline,Pass
C7679,ISRO-SCL-250303-09,Voltage Regulator IC,0,13.9,1.11,10.3,16.8,13.1,PASS,Safe,Pass
C7680,ISRO-SCL-250217-07,Op-Amp IC,1,63.9,5.12,21.5,45.0,85.0,REJECT,Fail,Fail
C7681,ISRO-SCL-250414-15,Digital Logic IC,0,15.9,1.27,27.0,9.6,19.1,PASS,Safe,Pass
C7682,ISRO-SCL-250113-02,MOSFET,1,21.6,1.73,30.5,1.3,85.0,REJECT,Safe,Fail
C7683,ISRO-SCL-250113-02,MOSFET,0,14.2,1.14,20.9,33.1,20.7,PASS,Borderline,Pass
C7684,ISRO-SCL-250203-05,Digital Logic IC,1,25.3,2.02,7.3,3.6,85.0,REJECT,Fail,Fail
C7685,ISRO-SCL-250120-03,Op-Amp IC,1,13.9,1.11,19.4,3.4,85.0,REJECT,Safe,Fail
C7686,ISRO-SCL-250310-10,Voltage Regulator IC,0,16.9,1.35,27.2,37.0,25.0,PASS,Borderline,Pass
C7687,ISRO-SCL-250224-08,MOSFET,0,43.5,3.48,23.6,29.8,32.8,MONITOR,Borderline,Pass
C7688,ISRO-SCL-250310-10,Voltage Regulator IC,0,13.0,1.04,11.2,32.9,16.3,PASS,Safe,Pass
C7689,ISRO-SCL-250414-15,Digital Logic IC,1,100.0,10.74,94.9,70.6,92.1,REJECT,Fail,Fail
C7690,ISRO-SCL-250113-02,MOSFET,0,16.2,1.29,6.5,3.2,9.7,PASS,Safe,Pass
C7691,ISRO-SCL-250512-19,Op-Amp IC,0,11.5,0.92,5.9,4.6,7.9,PASS,Safe,Pass
C7692,ISRO-SCL-250407-14,MOSFET,0,18.7,1.5,21.5,23.7,20.8,PASS,Fail,Pass
C7693,ISRO-SCL-250113-02,MOSFET,0,32.5,2.6,19.3,12.4,23.2,PASS,Safe,Pass
C7694,ISRO-SCL-250310-10,Voltage Regulator IC,0,15.5,1.24,18.5,12.3,16.0,PASS,Safe,Pass
C7695,ISRO-SCL-250414-15,Digital Logic IC,0,13.1,1.05,9.6,10.0,11.1,PASS,Safe,Pass
C7696,ISRO-SCL-250414-15,Digital Logic IC,1,67.4,5.4,53.5,25.8,85.0,REJECT,Fail,Fail
C7697,ISRO-SCL-250331-13,Voltage Regulator IC,0,20.5,1.64,27.0,17.4,22.5,PASS,Fail,Pass
C7698,ISRO-SCL-250120-03,Op-Amp IC,1,24.7,1.98,22.3,35.1,85.0,REJECT,Fail,Fail
C7699,ISRO-SCL-250324-12,Op-Amp IC,0,24.3,1.94,33.3,28.9,28.8,PASS,Borderline,Pass
C7700,ISRO-SCL-250203-05,Digital Logic IC,0,12.9,1.03,17.2,21.8,16.4,PASS,Safe,Pass
C7701,ISRO-SCL-250113-02,MOSFET,0,12.6,1.01,1.5,11.8,8.0,PASS,Safe,Pass
C7702,ISRO-SCL-250407-14,MOSFET,1,15.3,1.23,29.9,2.1,85.0,REJECT,Safe,Fail
C7703,ISRO-SCL-250310-10,Voltage Regulator IC,0,21.1,1.69,1.9,15.0,12.2,PASS,Safe,Pass
C7704,ISRO-SCL-250331-13,Voltage Regulator IC,0,20.6,1.65,25.1,48.9,28.1,PASS,Fail,Pass
C7705,ISRO-SCL-250317-11,Voltage Regulator IC,0,14.3,1.15,14.3,13.1,14.1,PASS,Safe,Pass
C7706,ISRO-SCL-250512-19,Op-Amp IC,1,58.0,4.64,59.2,35.1,85.0,REJECT,Fail,Fail
C7707,ISRO-SCL-250324-12,Op-Amp IC,0,33.7,2.7,20.7,17.6,25.3,PASS,Fail,Pass
C7708,ISRO-SCL-250113-02,MOSFET,0,8.8,0.7,0.8,9.3,5.7,PASS,Safe,Pass
C7709,ISRO-SCL-250217-07,Op-Amp IC,0,36.7,2.93,13.3,27.2,25.4,PASS,Borderline,Pass
C7710,ISRO-SCL-250421-16,MOSFET,0,16.4,1.31,20.9,16.5,18.2,PASS,Safe,Pass
C7711,ISRO-SCL-250331-13,Voltage Regulator IC,0,41.7,3.34,32.6,21.9,34.1,MONITOR,Safe,Pass
C7712,ISRO-SCL-250113-02,MOSFET,0,17.1,1.37,20.1,0.3,14.9,PASS,Safe,Pass
C7713,ISRO-SCL-250407-14,MOSFET,0,9.4,0.76,6.5,8.1,8.0,PASS,Safe,Pass
C7714,ISRO-SCL-250224-08,MOSFET,0,21.4,1.71,53.4,21.1,34.1,MONITOR,Safe,Pass
C7715,ISRO-SCL-250407-14,MOSFET,0,26.5,2.12,22.1,31.9,25.8,PASS,Fail,Pass
C7716,ISRO-SCL-250310-10,Voltage Regulator IC,0,14.0,1.12,15.8,9.8,13.9,PASS,Safe,Pass
C7717,ISRO-SCL-250512-19,Op-Amp IC,1,34.5,2.76,36.2,75.4,85.0,REJECT,Fail,Fail
C7718,ISRO-SCL-250113-02,MOSFET,1,25.3,2.02,42.7,6.9,85.0,REJECT,Safe,Fail
C7719,ISRO-SCL-250210-06,MOSFET,0,13.3,1.06,14.0,31.0,17.1,PASS,Borderline,Pass
C7720,ISRO-SCL-250310-10,Voltage Regulator IC,1,87.1,6.97,64.4,51.3,85.0,REJECT,Fail,Fail
C7721,ISRO-SCL-250210-06,MOSFET,0,7.8,0.62,4.3,6.6,6.2,PASS,Safe,Pass
C7722,ISRO-SCL-250217-07,Op-Amp IC,0,8.4,0.67,7.7,19.0,10.2,PASS,Safe,Pass
C7723,ISRO-SCL-250324-12,Op-Amp IC,0,15.5,1.24,28.8,30.6,23.8,PASS,Fail,Pass
C7724,ISRO-SCL-250324-12,Op-Amp IC,0,15.7,1.26,26.0,3.8,17.5,PASS,Safe,Pass
C7725,ISRO-SCL-250127-04,Op-Amp IC,0,33.7,2.7,36.5,21.5,32.4,MONITOR,Fail,Pass
C7726,ISRO-SCL-250217-07,Op-Amp IC,0,29.1,2.33,28.7,52.8,33.7,MONITOR,Fail,Pass
C7727,ISRO-SCL-250324-12,Op-Amp IC,0,13.2,1.06,21.5,16.4,17.2,PASS,Safe,Pass
C7728,ISRO-SCL-250310-10,Voltage Regulator IC,0,15.3,1.22,10.3,31.3,16.5,PASS,Safe,Pass
C7729,ISRO-SCL-250512-19,Op-Amp IC,0,10.7,0.85,7.5,7.4,8.7,PASS,Safe,Pass
C7730,ISRO-SCL-250407-14,MOSFET,1,74.0,5.92,54.3,6.2,85.0,REJECT,Safe,Fail
C7731,ISRO-SCL-250414-15,Digital Logic IC,0,16.7,1.34,19.3,6.7,15.7,PASS,Safe,Pass
C7732,ISRO-SCL-250113-02,MOSFET,0,12.3,0.98,11.0,7.0,10.7,PASS,Safe,Pass
C7733,ISRO-SCL-250113-02,MOSFET,1,16.1,1.29,30.3,19.0,85.0,REJECT,Borderline,Fail
C7734,ISRO-SCL-250407-14,MOSFET,0,15.1,1.21,12.1,0.5,11.0,PASS,Safe,Pass
C7735,ISRO-SCL-250113-02,MOSFET,0,40.2,3.22,15.4,23.9,27.0,PASS,Borderline,Pass
C7736,ISRO-SCL-250113-02,MOSFET,0,11.2,0.9,1.6,6.0,6.3,PASS,Safe,Pass
C7737,ISRO-SCL-250421-16,MOSFET,0,100.0,21.01,75.9,100.0,90.3,REJECT,Safe,Pass
C7738,ISRO-SCL-250317-11,Voltage Regulator IC,0,23.2,1.86,26.1,27.9,25.3,PASS,Fail,Pass
C7739,ISRO-SCL-250203-05,Digital Logic IC,0,16.9,1.35,14.9,9.4,14.6,PASS,Safe,Pass
C7740,ISRO-SCL-250224-08,MOSFET,0,15.4,1.23,27.9,16.9,20.7,PASS,Safe,Pass
C7741,ISRO-SCL-250414-15,Digital Logic IC,0,16.9,1.35,17.8,14.7,16.8,PASS,Safe,Pass
C7742,ISRO-SCL-250120-03,Op-Amp IC,0,13.3,1.06,16.3,12.6,14.3,PASS,Safe,Pass
C7743,ISRO-SCL-250113-02,MOSFET,1,15.6,1.25,12.8,5.6,85.0,REJECT,Safe,Fail
C7744,ISRO-SCL-250303-09,Voltage Regulator IC,0,16.0,1.28,12.5,6.2,12.6,PASS,Safe,Pass
C7745,ISRO-SCL-250113-02,MOSFET,0,18.3,1.46,5.6,15.1,12.6,PASS,Safe,Pass
C7746,ISRO-SCL-250113-02,MOSFET,1,20.9,1.67,17.0,4.8,85.0,REJECT,Safe,Fail
C7747,ISRO-SCL-250421-16,MOSFET,0,25.6,2.05,21.3,37.4,26.2,PASS,Borderline,Pass
C7748,ISRO-SCL-250324-12,Op-Amp IC,0,10.5,0.84,3.2,9.8,7.4,PASS,Safe,Pass
C7749,ISRO-SCL-250113-02,MOSFET,0,15.2,1.22,20.3,8.2,15.8,PASS,Safe,Pass
C7750,ISRO-SCL-250203-05,Digital Logic IC,0,16.1,1.28,20.1,11.8,16.8,PASS,Safe,Pass
C7751,ISRO-SCL-250505-18,Op-Amp IC,0,15.9,1.27,26.7,21.6,21.3,PASS,Safe,Pass
C7752,ISRO-SCL-250414-15,Digital Logic IC,0,14.9,1.19,19.7,13.5,16.5,PASS,Borderline,Pass
C7753,ISRO-SCL-250407-14,MOSFET,1,16.5,1.32,30.1,28.8,85.0,REJECT,Borderline,Fail
C7754,ISRO-SCL-250127-04,Op-Amp IC,0,19.4,1.55,14.1,28.9,19.2,PASS,Borderline,Pass
C7755,ISRO-SCL-250224-08,MOSFET,0,14.2,1.14,22.5,3.8,15.4,PASS,Safe,Pass
C7756,ISRO-SCL-250203-05,Digital Logic IC,1,15.1,1.21,25.5,7.8,85.0,REJECT,Safe,Fail
C7757,ISRO-SCL-250303-09,Voltage Regulator IC,0,11.2,0.89,2.8,19.1,9.4,PASS,Safe,Pass
C7758,ISRO-SCL-250310-10,Voltage Regulator IC,0,17.1,1.37,5.4,7.1,10.4,PASS,Safe,Pass
C7759,ISRO-SCL-250505-18,Op-Amp IC,0,30.4,2.43,6.3,10.6,16.8,PASS,Safe,Pass
C7760,ISRO-SCL-250217-07,Op-Amp IC,0,74.7,5.97,42.2,25.7,51.9,MONITOR,Fail,Pass
C7761,ISRO-SCL-250324-12,Op-Amp IC,0,19.0,1.52,21.5,38.1,23.8,PASS,Borderline,Pass
C7762,ISRO-SCL-250210-06,MOSFET,0,13.1,1.05,6.7,8.2,9.6,PASS,Safe,Pass
C7763,ISRO-SCL-250407-14,MOSFET,1,77.9,6.23,59.7,66.1,85.0,REJECT,Fail,Fail
C7764,ISRO-SCL-250331-13,Voltage Regulator IC,0,21.5,1.72,16.5,28.1,20.8,PASS,Borderline,Pass
C7765,ISRO-SCL-250407-14,MOSFET,1,23.3,1.86,42.3,27.0,85.0,REJECT,Fail,Fail
C7766,ISRO-SCL-250512-19,Op-Amp IC,1,44.6,3.57,33.3,43.4,85.0,REJECT,Fail,Fail
C7767,ISRO-SCL-250317-11,Voltage Regulator IC,0,17.4,1.39,11.5,3.9,12.3,PASS,Safe,Pass
C7768,ISRO-SCL-250217-07,Op-Amp IC,1,34.9,2.79,25.7,5.5,85.0,REJECT,Safe,Fail
C7769,ISRO-SCL-250303-09,Voltage Regulator IC,1,52.5,4.2,39.5,35.6,85.0,REJECT,Fail,Fail
C7770,ISRO-SCL-250113-02,MOSFET,0,9.0,0.72,7.1,16.7,9.8,PASS,Safe,Pass
C7771,ISRO-SCL-250203-05,Digital Logic IC,0,100.0,216.66,93.9,51.9,87.9,REJECT,Safe,Pass
C7772,ISRO-SCL-250331-13,Voltage Regulator IC,1,12.0,0.96,11.8,15.2,85.0,REJECT,Safe,Fail
C7773,ISRO-SCL-250512-19,Op-Amp IC,0,60.9,4.87,46.7,15.6,46.2,MONITOR,Fail,Pass
C7774,ISRO-SCL-250127-04,Op-Amp IC,0,25.8,2.06,21.8,1.5,19.3,PASS,Safe,Pass
C7775,ISRO-SCL-250127-04,Op-Amp IC,0,17.9,1.43,11.8,13.8,14.6,PASS,Safe,Pass
C7776,ISRO-SCL-250303-09,Voltage Regulator IC,0,13.4,1.07,20.5,9.1,15.4,PASS,Safe,Pass
C7777,ISRO-SCL-250203-05,Digital Logic IC,0,12.1,0.96,11.9,2.7,10.1,PASS,Safe,Pass
C7778,ISRO-SCL-250113-02,MOSFET,0,36.9,2.95,3.3,20.3,20.1,PASS,Borderline,Pass
C7779,ISRO-SCL-250210-06,MOSFET,0,17.0,1.36,38.0,7.2,23.4,PASS,Safe,Pass
C7780,ISRO-SCL-250414-15,Digital Logic IC,0,12.6,1.0,13.6,11.0,12.7,PASS,Safe,Pass
C7781,ISRO-SCL-250505-18,Op-Amp IC,0,17.2,1.37,9.8,7.2,12.2,PASS,Safe,Pass
C7782,ISRO-SCL-250210-06,MOSFET,0,12.5,1.0,13.5,25.9,15.6,PASS,Borderline,Pass
C7783,ISRO-SCL-250421-16,MOSFET,0,18.3,1.46,13.5,5.2,13.7,PASS,Safe,Pass
C7784,ISRO-SCL-250421-16,MOSFET,0,20.0,1.6,41.7,13.8,27.4,PASS,Safe,Pass
C7785,ISRO-SCL-250113-02,MOSFET,0,24.3,1.95,20.6,12.4,20.5,PASS,Safe,Pass
C7786,ISRO-SCL-250120-03,Op-Amp IC,0,20.8,1.66,33.7,54.5,32.7,MONITOR,Fail,Pass
C7787,ISRO-SCL-250113-02,MOSFET,0,23.6,1.89,20.5,20.6,21.8,PASS,Borderline,Pass
C7788,ISRO-SCL-250421-16,MOSFET,0,15.5,1.24,9.4,6.7,11.3,PASS,Safe,Pass
C7789,ISRO-SCL-250421-16,MOSFET,0,14.3,1.15,12.0,0.6,10.7,PASS,Safe,Pass
C7790,ISRO-SCL-250407-14,MOSFET,1,14.8,1.18,16.8,7.4,85.0,REJECT,Safe,Fail
C7791,ISRO-SCL-250113-02,MOSFET,1,18.3,1.46,11.2,4.5,85.0,REJECT,Fail,Fail
C7792,ISRO-SCL-250407-14,MOSFET,1,14.7,1.18,26.0,5.7,85.0,REJECT,Fail,Fail
C7793,ISRO-SCL-250203-05,Digital Logic IC,0,14.3,1.14,19.4,8.4,15.1,PASS,Safe,Pass
C7794,ISRO-SCL-250407-14,MOSFET,0,22.0,1.76,35.1,33.7,29.6,PASS,Fail,Pass
C7795,ISRO-SCL-250512-19,Op-Amp IC,0,12.7,1.02,7.6,7.3,9.6,PASS,Safe,Pass
C7796,ISRO-SCL-250127-04,Op-Amp IC,0,52.4,4.19,42.0,36.8,45.1,MONITOR,Fail,Pass
C7797,ISRO-SCL-250224-08,MOSFET,0,19.7,1.57,6.4,6.9,11.8,PASS,Safe,Pass
C7798,ISRO-SCL-250120-03,Op-Amp IC,0,14.1,1.13,13.8,26.9,16.5,PASS,Borderline,Pass
C7799,ISRO-SCL-250512-19,Op-Amp IC,0,15.9,1.27,6.6,12.4,11.5,PASS,Safe,Pass
C7800,ISRO-SCL-250217-07,Op-Amp IC,0,15.7,1.25,4.7,17.8,11.7,PASS,Safe,Pass
C7801,ISRO-SCL-250414-15,Digital Logic IC,1,15.0,1.2,28.6,17.4,85.0,REJECT,Safe,Fail
C7802,ISRO-SCL-250303-09,Voltage Regulator IC,0,22.2,1.78,12.5,17.5,17.4,PASS,Borderline,Pass
C7803,ISRO-SCL-250113-02,MOSFET,0,10.7,0.85,2.1,11.7,7.4,PASS,Safe,Pass
C7804,ISRO-SCL-250217-07,Op-Amp IC,0,15.3,1.23,15.1,18.0,15.8,PASS,Safe,Pass
C7805,ISRO-SCL-250421-16,MOSFET,1,56.9,4.55,43.6,27.3,85.0,REJECT,Fail,Fail
C7806,ISRO-SCL-250120-03,Op-Amp IC,0,18.6,1.49,15.4,9.8,15.6,PASS,Safe,Pass
C7807,ISRO-SCL-250203-05,Digital Logic IC,0,17.1,1.37,9.4,6.3,11.8,PASS,Safe,Pass
C7808,ISRO-SCL-250217-07,Op-Amp IC,0,15.0,1.2,9.2,3.7,10.4,PASS,Safe,Pass
C7809,ISRO-SCL-250113-02,MOSFET,0,21.7,1.73,2.3,17.3,13.0,PASS,Safe,Pass
C7810,ISRO-SCL-250106-01,MOSFET,0,7.0,0.56,5.0,5.7,5.9,PASS,Safe,Pass
C7811,ISRO-SCL-250421-16,MOSFET,0,23.5,1.88,14.7,27.3,20.7,PASS,Safe,Pass
C7812,ISRO-SCL-250210-06,MOSFET,0,16.9,1.35,39.8,3.6,23.4,PASS,Safe,Pass
C7813,ISRO-SCL-250331-13,Voltage Regulator IC,0,27.7,2.22,38.6,49.4,36.4,MONITOR,Fail,Pass
C7814,ISRO-SCL-250224-08,MOSFET,0,28.1,2.25,15.8,17.1,21.0,PASS,Safe,Pass
C7815,ISRO-SCL-250421-16,MOSFET,0,49.5,3.96,42.4,24.4,41.6,MONITOR,Safe,Pass
C7816,ISRO-SCL-250331-13,Voltage Regulator IC,1,15.4,1.23,28.9,5.8,85.0,REJECT,Safe,Fail
C7817,ISRO-SCL-250203-05,Digital Logic IC,1,16.0,1.28,14.6,2.7,85.0,REJECT,Safe,Fail
C7818,ISRO-SCL-250217-07,Op-Amp IC,0,9.1,0.73,11.5,19.3,12.1,PASS,Borderline,Pass
C7819,ISRO-SCL-250317-11,Voltage Regulator IC,1,11.0,0.88,1.0,18.7,85.0,REJECT,Fail,Fail
C7820,ISRO-SCL-250407-14,MOSFET,0,20.0,1.6,10.5,22.7,16.8,PASS,Borderline,Pass
C7821,ISRO-SCL-250414-15,Digital Logic IC,0,15.2,1.22,7.5,0.2,9.1,PASS,Safe,Pass
C7822,ISRO-SCL-250317-11,Voltage Regulator IC,0,13.0,1.04,20.3,12.7,15.9,PASS,Safe,Pass
C7823,ISRO-SCL-250113-02,MOSFET,0,100.0,9.26,40.8,12.1,58.7,MONITOR,Safe,Pass
C7824,ISRO-SCL-250224-08,MOSFET,0,8.9,0.71,10.3,14.8,10.6,PASS,Safe,Pass
C7825,ISRO-SCL-250331-13,Voltage Regulator IC,0,30.8,2.46,14.7,23.5,22.9,PASS,Borderline,Pass
C7826,ISRO-SCL-250519-20,Voltage Regulator IC,0,16.9,1.35,10.4,28.2,16.5,PASS,Fail,Pass
C7827,ISRO-SCL-250324-12,Op-Amp IC,0,23.0,1.84,39.1,4.1,25.7,PASS,Safe,Pass
C7828,ISRO-SCL-250407-14,MOSFET,0,56.2,4.5,49.2,24.0,46.9,MONITOR,Fail,Pass
C7829,ISRO-SCL-250106-01,MOSFET,0,18.5,1.48,24.0,10.6,19.1,PASS,Safe,Pass
C7830,ISRO-SCL-250127-04,Op-Amp IC,0,18.6,1.49,19.0,23.5,19.7,PASS,Borderline,Pass
C7831,ISRO-SCL-250421-16,MOSFET,0,14.8,1.19,3.8,11.5,9.8,PASS,Safe,Pass
C7832,ISRO-SCL-250310-10,Voltage Regulator IC,0,99.7,7.97,23.9,7.6,51.0,MONITOR,Safe,Pass
C7833,ISRO-SCL-250217-07,Op-Amp IC,0,15.8,1.26,11.5,21.3,15.2,PASS,Safe,Pass
C7834,ISRO-SCL-250120-03,Op-Amp IC,1,38.4,3.07,56.3,36.7,85.0,REJECT,Fail,Fail
C7835,ISRO-SCL-250120-03,Op-Amp IC,0,25.1,2.01,16.9,27.2,22.2,PASS,Borderline,Pass
C7836,ISRO-SCL-250113-02,MOSFET,0,56.2,4.5,18.6,23.3,34.6,MONITOR,Fail,Pass
C7837,ISRO-SCL-250203-05,Digital Logic IC,0,10.1,0.81,9.2,10.5,9.8,PASS,Safe,Pass
C7838,ISRO-SCL-250106-01,MOSFET,0,16.0,1.28,14.0,12.1,14.4,PASS,Safe,Pass
C7839,ISRO-SCL-250120-03,Op-Amp IC,0,25.7,2.05,20.9,24.4,23.5,PASS,Borderline,Pass
C7840,ISRO-SCL-250203-05,Digital Logic IC,0,22.7,1.81,35.4,12.6,25.8,PASS,Safe,Pass
C7841,ISRO-SCL-250203-05,Digital Logic IC,0,18.4,1.47,24.4,5.7,18.2,PASS,Safe,Pass
C7842,ISRO-SCL-250331-13,Voltage Regulator IC,0,34.3,2.74,34.8,40.8,35.8,MONITOR,Borderline,Pass
C7843,ISRO-SCL-250120-03,Op-Amp IC,1,15.0,1.2,25.7,12.2,85.0,REJECT,Safe,Fail
C7844,ISRO-SCL-250210-06,MOSFET,0,18.4,1.47,13.9,0.9,13.1,PASS,Safe,Pass
C7845,ISRO-SCL-250203-05,Digital Logic IC,0,15.5,1.24,8.6,10.4,11.7,PASS,Safe,Pass
C7846,ISRO-SCL-250127-04,Op-Amp IC,1,17.5,1.4,13.3,13.8,85.0,REJECT,Fail,Fail
C7847,ISRO-SCL-250407-14,MOSFET,0,20.6,1.65,12.9,23.2,18.1,PASS,Fail,Pass
C7848,ISRO-SCL-250210-06,MOSFET,0,11.2,0.9,6.7,2.9,7.7,PASS,Safe,Pass
C7849,ISRO-SCL-250414-15,Digital Logic IC,0,8.4,0.67,3.9,13.9,7.7,PASS,Safe,Pass
C7850,ISRO-SCL-250310-10,Voltage Regulator IC,0,13.4,1.08,13.0,7.5,12.1,PASS,Safe,Pass
C7851,ISRO-SCL-250113-02,MOSFET,0,11.2,0.9,5.4,3.5,7.4,PASS,Safe,Pass
C7852,ISRO-SCL-250210-06,MOSFET,1,12.0,0.96,10.9,3.6,85.0,REJECT,Fail,Fail
C7853,ISRO-SCL-250421-16,MOSFET,0,21.5,1.72,5.9,10.4,13.1,PASS,Safe,Pass
C7854,ISRO-SCL-250428-17,Voltage Regulator IC,0,13.9,1.11,21.6,4.8,15.2,PASS,Safe,Pass
C7855,ISRO-SCL-250217-07,Op-Amp IC,0,20.5,1.64,9.4,8.8,13.7,PASS,Borderline,Pass
C7856,ISRO-SCL-250224-08,MOSFET,0,15.5,1.24,21.2,8.5,16.4,PASS,Safe,Pass
C7857,ISRO-SCL-250203-05,Digital Logic IC,0,23.4,1.88,17.0,14.2,19.0,PASS,Safe,Pass
C7858,ISRO-SCL-250414-15,Digital Logic IC,0,13.1,1.05,12.6,21.1,14.5,PASS,Safe,Pass
C7859,ISRO-SCL-250324-12,Op-Amp IC,0,19.0,1.52,32.9,2.2,21.2,PASS,Safe,Pass
C7860,ISRO-SCL-250519-20,Voltage Regulator IC,0,15.2,1.22,15.6,18.0,15.9,PASS,Safe,Pass
C7861,ISRO-SCL-250414-15,Digital Logic IC,0,23.2,1.85,24.0,12.7,21.4,PASS,Safe,Pass
C7862,ISRO-SCL-250414-15,Digital Logic IC,1,22.1,1.77,21.6,12.6,85.0,REJECT,Safe,Fail
C7863,ISRO-SCL-250224-08,MOSFET,0,100.0,10.68,39.9,13.0,58.6,MONITOR,Safe,Pass
C7864,ISRO-SCL-250310-10,Voltage Regulator IC,0,10.5,0.84,7.3,12.0,9.5,PASS,Safe,Pass
C7865,ISRO-SCL-250505-18,Op-Amp IC,0,15.2,1.21,11.4,4.8,11.6,PASS,Safe,Pass
C7866,ISRO-SCL-250310-10,Voltage Regulator IC,0,18.3,1.46,13.6,6.9,14.1,PASS,Safe,Pass
C7867,ISRO-SCL-250113-02,MOSFET,1,16.6,1.33,31.8,15.4,85.0,REJECT,Safe,Fail
C7868,ISRO-SCL-250414-15,Digital Logic IC,0,14.3,1.14,15.0,6.4,13.0,PASS,Safe,Pass
C7869,ISRO-SCL-250210-06,MOSFET,0,9.7,0.78,5.5,16.9,9.5,PASS,Safe,Pass
C7870,ISRO-SCL-250421-16,MOSFET,0,9.8,0.78,2.7,11.2,7.2,PASS,Safe,Pass
C7871,ISRO-SCL-250519-20,Voltage Regulator IC,1,63.6,5.09,34.2,45.0,85.0,REJECT,Fail,Fail
C7872,ISRO-SCL-250512-19,Op-Amp IC,1,89.1,7.13,56.1,54.5,85.0,REJECT,Fail,Fail
C7873,ISRO-SCL-250217-07,Op-Amp IC,1,14.5,1.16,29.4,8.0,85.0,REJECT,Fail,Fail
C7874,ISRO-SCL-250505-18,Op-Amp IC,0,23.6,1.89,26.8,6.5,21.5,PASS,Safe,Pass
C7875,ISRO-SCL-250414-15,Digital Logic IC,1,16.9,1.35,17.6,8.4,85.0,REJECT,Safe,Fail
C7876,ISRO-SCL-250113-02,MOSFET,0,100.0,10.73,37.2,10.6,57.0,MONITOR,Safe,Pass
C7877,ISRO-SCL-250113-02,MOSFET,0,13.8,1.1,3.3,7.9,8.4,PASS,Safe,Pass
C7878,ISRO-SCL-250224-08,MOSFET,0,9.8,0.78,6.0,5.0,7.3,PASS,Safe,Pass
C7879,ISRO-SCL-250310-10,Voltage Regulator IC,1,15.1,1.21,23.5,10.2,85.0,REJECT,Safe,Fail
C7880,ISRO-SCL-250310-10,Voltage Regulator IC,0,15.2,1.22,29.6,1.4,18.2,PASS,Safe,Pass
C7881,ISRO-SCL-250217-07,Op-Amp IC,0,15.9,1.27,8.3,20.9,13.9,PASS,Borderline,Pass
C7882,ISRO-SCL-250505-18,Op-Amp IC,0,16.9,1.35,13.6,6.5,13.5,PASS,Safe,Pass
C7883,ISRO-SCL-250407-14,MOSFET,1,19.7,1.57,30.5,13.1,85.0,REJECT,Safe,Fail
C7884,ISRO-SCL-250414-15,Digital Logic IC,0,16.1,1.28,12.2,9.4,13.2,PASS,Safe,Pass
C7885,ISRO-SCL-250113-02,MOSFET,0,91.1,7.28,18.8,28.3,49.6,MONITOR,Safe,Pass
C7886,ISRO-SCL-250210-06,MOSFET,0,11.1,0.89,1.8,11.3,7.4,PASS,Safe,Pass
C7887,ISRO-SCL-250310-10,Voltage Regulator IC,0,21.7,1.73,5.2,14.8,13.7,PASS,Safe,Pass
C7888,ISRO-SCL-250505-18,Op-Amp IC,0,16.1,1.29,5.3,5.2,9.6,PASS,Safe,Pass
C7889,ISRO-SCL-250224-08,MOSFET,0,12.4,0.99,24.6,55.6,25.9,PASS,Safe,Pass
C7890,ISRO-SCL-250127-04,Op-Amp IC,0,15.8,1.26,11.8,6.4,12.3,PASS,Safe,Pass
C7891,ISRO-SCL-250428-17,Voltage Regulator IC,0,14.5,1.16,5.3,24.0,12.7,PASS,Borderline,Pass
C7892,ISRO-SCL-250421-16,MOSFET,0,34.2,2.74,45.4,22.2,36.3,MONITOR,Fail,Pass
C7893,ISRO-SCL-250310-10,Voltage Regulator IC,1,27.6,2.21,14.3,33.4,85.0,REJECT,Fail,Fail
C7894,ISRO-SCL-250224-08,MOSFET,0,10.2,0.81,7.4,14.5,9.9,PASS,Safe,Pass
C7895,ISRO-SCL-250127-04,Op-Amp IC,1,16.3,1.31,31.8,12.7,85.0,REJECT,Safe,Fail
C7896,ISRO-SCL-250113-02,MOSFET,0,11.6,0.93,8.3,8.5,9.7,PASS,Safe,Pass
C7897,ISRO-SCL-250407-14,MOSFET,1,19.4,1.55,32.3,6.5,85.0,REJECT,Safe,Fail
C7898,ISRO-SCL-250210-06,MOSFET,0,100.0,205.14,100.0,51.9,90.4,REJECT,Safe,Pass
C7899,ISRO-SCL-250113-02,MOSFET,0,26.3,2.1,8.9,11.1,16.3,PASS,Safe,Pass
C7900,ISRO-SCL-250203-05,Digital Logic IC,0,15.1,1.21,9.7,3.6,10.6,PASS,Safe,Pass
C7901,ISRO-SCL-250310-10,Voltage Regulator IC,0,14.8,1.19,24.2,11.6,17.9,PASS,Safe,Pass
C7902,ISRO-SCL-250217-07,Op-Amp IC,0,32.7,2.61,17.5,28.9,25.8,PASS,Fail,Pass
C7903,ISRO-SCL-250106-01,MOSFET,0,25.1,2.01,17.7,16.9,20.5,PASS,Borderline,Pass
C7904,ISRO-SCL-250310-10,Voltage Regulator IC,0,12.5,1.0,9.1,3.8,9.4,PASS,Safe,Pass
C7905,ISRO-SCL-250421-16,MOSFET,0,100.0,9.11,61.5,19.6,68.5,HOLD,Borderline,Pass
C7906,ISRO-SCL-250113-02,MOSFET,0,14.9,1.19,16.9,13.3,15.4,PASS,Safe,Pass
C7907,ISRO-SCL-250127-04,Op-Amp IC,0,15.8,1.26,7.8,6.4,10.7,PASS,Safe,Pass
C7908,ISRO-SCL-250113-02,MOSFET,0,13.5,1.08,7.7,11.9,10.8,PASS,Safe,Pass
C7909,ISRO-SCL-250310-10,Voltage Regulator IC,0,11.4,0.92,9.5,5.6,9.5,PASS,Safe,Pass
C7910,ISRO-SCL-250407-14,MOSFET,1,42.5,3.4,43.0,38.9,85.0,REJECT,Fail,Fail
C7911,ISRO-SCL-250303-09,Voltage Regulator IC,0,15.4,1.23,10.3,7.0,11.6,PASS,Safe,Pass
C7912,ISRO-SCL-250324-12,Op-Amp IC,0,24.6,1.97,26.6,42.6,29.0,PASS,Fail,Pass
C7913,ISRO-SCL-250414-15,Digital Logic IC,0,8.9,0.71,2.3,5.2,5.5,PASS,Safe,Pass
C7914,ISRO-SCL-250310-10,Voltage Regulator IC,0,13.8,1.11,21.6,31.6,20.5,PASS,Borderline,Pass
C7915,ISRO-SCL-250414-15,Digital Logic IC,0,36.9,2.95,43.4,43.6,40.8,MONITOR,Fail,Pass
C7916,ISRO-SCL-250203-05,Digital Logic IC,0,100.0,208.57,100.0,52.0,90.4,REJECT,Safe,Pass
C7917,ISRO-SCL-250210-06,MOSFET,0,23.9,1.91,15.1,2.1,16.0,PASS,Safe,Pass
C7918,ISRO-SCL-250512-19,Op-Amp IC,0,10.2,0.82,1.1,11.1,6.7,PASS,Safe,Pass
C7919,ISRO-SCL-250512-19,Op-Amp IC,0,12.9,1.03,14.5,16.9,14.3,PASS,Safe,Pass
C7920,ISRO-SCL-250203-05,Digital Logic IC,0,100.0,8.09,38.7,10.4,57.6,MONITOR,Safe,Pass
C7921,ISRO-SCL-250113-02,MOSFET,0,18.8,1.5,14.9,0.5,13.6,PASS,Safe,Pass
C7922,ISRO-SCL-250127-04,Op-Amp IC,1,12.3,0.99,16.1,24.2,85.0,REJECT,Borderline,Fail
C7923,ISRO-SCL-250303-09,Voltage Regulator IC,0,15.2,1.21,10.3,15.8,13.3,PASS,Safe,Pass
C7924,ISRO-SCL-250317-11,Voltage Regulator IC,0,15.9,1.27,28.2,17.5,21.1,PASS,Borderline,Pass
C7925,ISRO-SCL-250113-02,MOSFET,1,18.5,1.48,24.4,6.2,85.0,REJECT,Safe,Fail
C7926,ISRO-SCL-250331-13,Voltage Regulator IC,0,21.7,1.73,10.3,5.3,13.8,PASS,Safe,Pass
C7927,ISRO-SCL-250113-02,MOSFET,1,16.4,1.31,20.1,5.6,85.0,REJECT,Safe,Fail
C7928,ISRO-SCL-250414-15,Digital Logic IC,0,15.0,1.2,15.5,15.1,15.2,PASS,Safe,Pass
C7929,ISRO-SCL-250407-14,MOSFET,1,15.2,1.22,14.4,7.9,85.0,REJECT,Safe,Fail
C7930,ISRO-SCL-250210-06,MOSFET,0,10.9,0.87,4.1,3.9,6.8,PASS,Fail,Pass
C7931,ISRO-SCL-250224-08,MOSFET,0,22.8,1.83,15.5,15.8,18.5,PASS,Borderline,Pass
C7932,ISRO-SCL-250127-04,Op-Amp IC,1,16.6,1.33,12.4,19.6,85.0,REJECT,Safe,Fail
C7933,ISRO-SCL-250224-08,MOSFET,0,21.1,1.69,11.8,19.3,17.0,PASS,Safe,Pass
C7934,ISRO-SCL-250310-10,Voltage Regulator IC,0,17.5,1.4,14.2,3.6,13.4,PASS,Safe,Pass
C7935,ISRO-SCL-250519-20,Voltage Regulator IC,0,33.5,2.68,25.4,45.2,32.6,MONITOR,Borderline,Pass
C7936,ISRO-SCL-250210-06,MOSFET,0,15.3,1.23,36.9,3.4,21.6,PASS,Safe,Pass
C7937,ISRO-SCL-250512-19,Op-Amp IC,0,45.0,3.6,32.8,28.7,36.9,MONITOR,Fail,Pass
C7938,ISRO-SCL-250331-13,Voltage Regulator IC,0,9.6,0.77,7.9,9.2,8.8,PASS,Safe,Pass
C7939,ISRO-SCL-250428-17,Voltage Regulator IC,0,14.3,1.14,21.3,8.4,15.9,PASS,Safe,Pass
C7940,ISRO-SCL-250217-07,Op-Amp IC,0,11.4,0.91,17.2,4.5,12.4,PASS,Safe,Pass
C7941,ISRO-SCL-250512-19,Op-Amp IC,1,17.7,1.42,41.2,15.2,85.0,REJECT,Safe,Fail
C7942,ISRO-SCL-250310-10,Voltage Regulator IC,0,21.1,1.69,15.1,17.5,18.0,PASS,Safe,Pass
C7943,ISRO-SCL-250310-10,Voltage Regulator IC,0,25.7,2.05,11.9,13.1,17.6,PASS,Safe,Pass
C7944,ISRO-SCL-250203-05,Digital Logic IC,0,15.2,1.21,11.2,16.8,13.9,PASS,Safe,Pass
C7945,ISRO-SCL-250414-15,Digital Logic IC,0,20.0,1.6,21.9,16.4,20.1,PASS,Safe,Pass
C7946,ISRO-SCL-250113-02,MOSFET,0,14.7,1.18,5.7,1.5,8.5,PASS,Safe,Pass
C7947,ISRO-SCL-250317-11,Voltage Regulator IC,0,15.1,1.21,21.4,11.4,16.9,PASS,Safe,Pass
C7948,ISRO-SCL-250120-03,Op-Amp IC,1,14.9,1.19,13.3,8.3,85.0,REJECT,Safe,Fail
C7949,ISRO-SCL-250120-03,Op-Amp IC,1,14.5,1.16,17.1,14.1,85.0,REJECT,Safe,Fail
C7950,ISRO-SCL-250127-04,Op-Amp IC,0,17.9,1.43,26.5,24.2,22.6,PASS,Borderline,Pass
C7951,ISRO-SCL-250324-12,Op-Amp IC,0,13.5,1.08,22.2,14.3,17.2,PASS,Safe,Pass
C7952,ISRO-SCL-250217-07,Op-Amp IC,0,100.0,11.51,54.9,5.2,63.0,HOLD,Safe,Pass
C7953,ISRO-SCL-250414-15,Digital Logic IC,0,17.4,1.39,26.7,16.0,20.8,PASS,Fail,Pass
C7954,ISRO-SCL-250120-03,Op-Amp IC,0,12.6,1.01,4.8,8.6,8.7,PASS,Safe,Pass
C7955,ISRO-SCL-250113-02,MOSFET,1,17.6,1.41,34.9,37.6,85.0,REJECT,Borderline,Fail
C7956,ISRO-SCL-250106-01,MOSFET,1,15.8,1.26,15.6,13.1,85.0,REJECT,Safe,Fail
C7957,ISRO-SCL-250310-10,Voltage Regulator IC,0,13.1,1.05,5.4,10.8,9.6,PASS,Safe,Pass
C7958,ISRO-SCL-250421-16,MOSFET,1,26.1,2.09,34.3,16.2,85.0,REJECT,Safe,Fail
C7959,ISRO-SCL-250310-10,Voltage Regulator IC,0,61.0,4.88,17.6,24.2,36.3,MONITOR,Borderline,Pass
C7960,ISRO-SCL-250217-07,Op-Amp IC,1,63.2,5.05,66.7,41.3,85.0,REJECT,Fail,Fail
C7961,ISRO-SCL-250127-04,Op-Amp IC,1,48.1,3.85,41.9,16.1,85.0,REJECT,Safe,Fail
C7962,ISRO-SCL-250203-05,Digital Logic IC,0,32.0,2.56,9.4,9.2,18.4,PASS,Safe,Pass
C7963,ISRO-SCL-250331-13,Voltage Regulator IC,0,10.8,0.87,3.7,12.6,8.3,PASS,Safe,Pass
C7964,ISRO-SCL-250512-19,Op-Amp IC,1,84.6,6.76,82.5,48.4,85.0,REJECT,Fail,Fail
C7965,ISRO-SCL-250217-07,Op-Amp IC,1,100.0,8.96,79.9,27.5,85.0,REJECT,Fail,Fail
C7966,ISRO-SCL-250203-05,Digital Logic IC,0,75.3,6.03,38.6,34.2,52.4,MONITOR,Borderline,Pass
C7967,ISRO-SCL-250505-18,Op-Amp IC,0,15.4,1.23,6.9,6.9,10.3,PASS,Safe,Pass
C7968,ISRO-SCL-250512-19,Op-Amp IC,0,17.8,1.42,17.0,1.4,14.2,PASS,Safe,Pass
C7969,ISRO-SCL-250120-03,Op-Amp IC,1,25.3,2.02,26.2,6.3,85.0,REJECT,Fail,Fail
C7970,ISRO-SCL-250217-07,Op-Amp IC,0,11.5,0.92,4.4,4.2,7.2,PASS,Safe,Pass
C7971,ISRO-SCL-250331-13,Voltage Regulator IC,0,57.5,4.6,25.0,32.6,39.5,MONITOR,Fail,Pass
C7972,ISRO-SCL-250414-15,Digital Logic IC,0,14.8,1.18,8.7,10.4,11.5,PASS,Safe,Pass
C7973,ISRO-SCL-250113-02,MOSFET,0,10.8,0.86,15.0,42.7,18.8,PASS,Fail,Pass
C7974,ISRO-SCL-250331-13,Voltage Regulator IC,0,10.1,0.8,3.1,20.5,9.4,PASS,Safe,Pass
C7975,ISRO-SCL-250414-15,Digital Logic IC,0,32.4,2.59,49.8,33.4,39.5,MONITOR,Borderline,Pass
C7976,ISRO-SCL-250113-02,MOSFET,1,15.2,1.22,8.1,10.9,85.0,REJECT,Fail,Fail
C7977,ISRO-SCL-250127-04,Op-Amp IC,0,6.8,0.54,0.8,18.1,6.6,PASS,Safe,Pass
C7978,ISRO-SCL-250407-14,MOSFET,0,14.1,1.12,25.5,27.8,21.4,PASS,Fail,Pass
C7979,ISRO-SCL-250512-19,Op-Amp IC,1,14.2,1.14,15.6,11.2,85.0,REJECT,Safe,Fail
C7980,ISRO-SCL-250407-14,MOSFET,1,13.6,1.09,10.7,8.5,85.0,REJECT,Safe,Fail
C7981,ISRO-SCL-250120-03,Op-Amp IC,0,9.2,0.74,6.7,9.5,8.2,PASS,Safe,Pass
C7982,ISRO-SCL-250113-02,MOSFET,1,19.9,1.6,7.3,11.1,85.0,REJECT,Fail,Fail
C7983,ISRO-SCL-250331-13,Voltage Regulator IC,0,34.9,2.79,24.9,19.8,27.9,PASS,Fail,Pass
C7984,ISRO-SCL-250310-10,Voltage Regulator IC,0,19.9,1.59,23.7,25.2,22.5,PASS,Safe,Pass
C7985,ISRO-SCL-250217-07,Op-Amp IC,0,13.5,1.08,6.1,7.9,9.4,PASS,Safe,Pass
C7986,ISRO-SCL-250421-16,MOSFET,0,15.5,1.24,9.9,12.4,12.6,PASS,Safe,Pass
C7987,ISRO-SCL-250331-13,Voltage Regulator IC,1,17.3,1.38,22.9,10.1,85.0,REJECT,Safe,Fail
C7988,ISRO-SCL-250113-02,MOSFET,0,12.6,1.01,4.2,15.6,9.9,PASS,Safe,Pass
C7989,ISRO-SCL-250407-14,MOSFET,0,11.7,0.93,6.4,16.4,10.5,PASS,Borderline,Pass
C7990,ISRO-SCL-250224-08,MOSFET,0,18.3,1.46,18.8,3.1,15.5,PASS,Safe,Pass
C7991,ISRO-SCL-250217-07,Op-Amp IC,0,14.9,1.19,15.3,14.1,14.9,PASS,Borderline,Pass
C7992,ISRO-SCL-250310-10,Voltage Regulator IC,0,19.7,1.57,8.0,18.2,14.7,PASS,Safe,Pass
C7993,ISRO-SCL-250113-02,MOSFET,0,50.8,4.07,11.0,17.4,28.2,PASS,Safe,Pass
C7994,ISRO-SCL-250217-07,Op-Amp IC,0,19.6,1.57,7.8,19.3,14.8,PASS,Safe,Pass
C7995,ISRO-SCL-250113-02,MOSFET,0,11.9,0.95,8.7,25.2,13.3,PASS,Safe,Pass
C7996,ISRO-SCL-250505-18,Op-Amp IC,1,23.6,1.89,23.7,2.5,85.0,REJECT,Safe,Fail
C7997,ISRO-SCL-250310-10,Voltage Regulator IC,1,81.5,6.52,70.6,46.6,85.0,REJECT,Fail,Fail
C7998,ISRO-SCL-250310-10,Voltage Regulator IC,0,82.2,6.58,44.8,2.3,51.3,MONITOR,Safe,Pass
C7999,ISRO-SCL-250113-02,MOSFET,1,16.7,1.33,18.3,5.2,85.0,REJECT,Safe,Fail
C8000,ISRO-SCL-250224-08,MOSFET,0,42.5,3.4,25.4,24.4,32.0,MONITOR,Borderline,Pass
C8001,ISRO-SCL-250331-13,Voltage Regulator IC,0,13.3,1.07,24.2,11.0,17.2,PASS,Safe,Pass
C8002,ISRO-SCL-250512-19,Op-Amp IC,0,37.7,3.02,30.8,24.0,32.2,MONITOR,Fail,Pass
C8003,ISRO-SCL-250210-06,MOSFET,0,19.4,1.55,12.2,12.2,15.1,PASS,Safe,Pass
C8004,ISRO-SCL-250106-01,MOSFET,1,13.9,1.11,16.2,5.6,85.0,REJECT,Safe,Fail
C8005,ISRO-SCL-250331-13,Voltage Regulator IC,0,14.5,1.16,27.9,3.7,17.7,PASS,Safe,Pass
C8006,ISRO-SCL-250113-02,MOSFET,0,39.7,3.18,19.9,18.6,27.6,PASS,Fail,Pass
C8007,ISRO-SCL-250519-20,Voltage Regulator IC,0,100.0,153.88,100.0,51.9,90.4,REJECT,Fail,Pass
C8008,ISRO-SCL-250310-10,Voltage Regulator IC,0,15.0,1.2,17.5,6.3,14.2,PASS,Safe,Pass
C8009,ISRO-SCL-250310-10,Voltage Regulator IC,0,15.4,1.24,10.7,16.3,13.7,PASS,Safe,Pass
C8010,ISRO-SCL-250505-18,Op-Amp IC,0,33.7,2.7,10.7,9.1,19.6,PASS,Safe,Pass
C8011,ISRO-SCL-250217-07,Op-Amp IC,1,50.6,4.05,51.7,39.0,85.0,REJECT,Fail,Fail
C8012,ISRO-SCL-250203-05,Digital Logic IC,0,19.0,1.52,38.8,3.8,23.9,PASS,Safe,Pass
C8013,ISRO-SCL-250127-04,Op-Amp IC,0,10.4,0.83,1.6,5.3,5.9,PASS,Safe,Pass
C8014,ISRO-SCL-250106-01,MOSFET,1,15.2,1.21,20.4,10.1,85.0,REJECT,Safe,Fail
C8015,ISRO-SCL-250203-05,Digital Logic IC,0,25.3,2.02,19.5,6.2,19.1,PASS,Safe,Pass
C8016,ISRO-SCL-250127-04,Op-Amp IC,0,21.1,1.69,21.5,11.4,19.3,PASS,Safe,Pass
C8017,ISRO-SCL-250210-06,MOSFET,0,12.5,1.0,14.3,4.5,11.6,PASS,Safe,Pass
C8018,ISRO-SCL-250120-03,Op-Amp IC,1,11.7,0.94,18.8,8.3,85.0,REJECT,Safe,Fail
C8019,ISRO-SCL-250203-05,Digital Logic IC,0,100.0,11.33,59.9,21.2,68.2,HOLD,Safe,Pass
C8020,ISRO-SCL-250512-19,Op-Amp IC,1,15.8,1.26,30.1,27.4,85.0,REJECT,Borderline,Fail
C8021,ISRO-SCL-250407-14,MOSFET,0,10.3,0.82,9.0,38.4,15.4,PASS,Fail,Pass
C8022,ISRO-SCL-250127-04,Op-Amp IC,0,12.6,1.01,12.7,11.5,12.4,PASS,Safe,Pass
C8023,ISRO-SCL-250224-08,MOSFET,0,18.2,1.45,59.1,2.9,31.5,MONITOR,Safe,Pass
C8024,ISRO-SCL-250407-14,MOSFET,0,17.6,1.41,14.8,11.4,15.3,PASS,Safe,Pass
C8025,ISRO-SCL-250512-19,Op-Amp IC,0,15.8,1.27,31.4,1.5,19.2,PASS,Safe,Pass
C8026,ISRO-SCL-250224-08,MOSFET,0,15.6,1.25,8.1,1.8,9.8,PASS,Safe,Pass
C8027,ISRO-SCL-250217-07,Op-Amp IC,0,16.7,1.33,3.6,22.3,12.6,PASS,Borderline,Pass
C8028,ISRO-SCL-250106-01,MOSFET,0,15.7,1.26,5.2,9.9,10.4,PASS,Safe,Pass
C8029,ISRO-SCL-250113-02,MOSFET,1,15.5,1.24,23.3,18.0,85.0,REJECT,Safe,Fail
C8030,ISRO-SCL-250331-13,Voltage Regulator IC,0,7.2,0.58,3.2,8.4,5.9,PASS,Safe,Pass
C8031,ISRO-SCL-250324-12,Op-Amp IC,0,19.5,1.56,56.5,21.3,34.7,MONITOR,Borderline,Pass
C8032,ISRO-SCL-250317-11,Voltage Regulator IC,0,13.6,1.09,12.0,30.9,16.4,PASS,Borderline,Pass
C8033,ISRO-SCL-250224-08,MOSFET,0,19.0,1.52,7.0,4.8,11.4,PASS,Safe,Pass
C8034,ISRO-SCL-250113-02,MOSFET,1,12.6,1.01,17.6,14.1,85.0,REJECT,Safe,Fail
C8035,ISRO-SCL-250217-07,Op-Amp IC,0,19.3,1.54,26.2,38.8,25.9,PASS,Borderline,Pass
C8036,ISRO-SCL-250113-02,MOSFET,0,22.5,1.8,11.9,12.7,16.3,PASS,Safe,Pass
C8037,ISRO-SCL-250414-15,Digital Logic IC,0,16.8,1.34,25.9,13.9,19.9,PASS,Safe,Pass
C8038,ISRO-SCL-250127-04,Op-Amp IC,1,14.1,1.13,29.6,21.6,85.0,REJECT,Borderline,Fail
C8039,ISRO-SCL-250331-13,Voltage Regulator IC,1,16.7,1.34,33.8,9.0,85.0,REJECT,Safe,Fail
C8040,ISRO-SCL-250331-13,Voltage Regulator IC,0,21.7,1.73,19.6,4.7,17.5,PASS,Safe,Pass
C8041,ISRO-SCL-250217-07,Op-Amp IC,0,17.6,1.41,34.8,10.8,23.1,PASS,Safe,Pass
C8042,ISRO-SCL-250317-11,Voltage Regulator IC,1,100.0,19.65,100.0,100.0,100.0,REJECT,Fail,Fail
C8043,ISRO-SCL-250210-06,MOSFET,0,14.1,1.12,15.4,21.9,16.2,PASS,Borderline,Pass
C8044,ISRO-SCL-250310-10,Voltage Regulator IC,1,84.3,6.74,29.8,24.8,85.0,REJECT,Fail,Fail
C8045,ISRO-SCL-250217-07,Op-Amp IC,1,16.2,1.3,23.1,5.2,85.0,REJECT,Safe,Fail
C8046,ISRO-SCL-250217-07,Op-Amp IC,0,21.1,1.69,5.3,27.5,16.1,PASS,Borderline,Pass
C8047,ISRO-SCL-250113-02,MOSFET,0,25.3,2.02,7.3,12.2,15.5,PASS,Safe,Pass
C8048,ISRO-SCL-250505-18,Op-Amp IC,0,14.9,1.19,19.0,16.1,16.8,PASS,Safe,Pass
C8049,ISRO-SCL-250203-05,Digital Logic IC,1,17.8,1.42,30.8,0.6,85.0,REJECT,Safe,Fail
C8050,ISRO-SCL-250317-11,Voltage Regulator IC,0,17.6,1.41,26.2,37.6,25.0,PASS,Borderline,Pass
C8051,ISRO-SCL-250331-13,Voltage Regulator IC,1,19.3,1.54,40.5,5.5,85.0,REJECT,Safe,Fail
C8052,ISRO-SCL-250113-02,MOSFET,1,23.6,1.89,13.2,12.6,85.0,REJECT,Safe,Fail
C8053,ISRO-SCL-250407-14,MOSFET,0,21.5,1.72,9.1,11.3,14.5,PASS,Safe,Pass
C8054,ISRO-SCL-250512-19,Op-Amp IC,1,84.7,6.78,50.9,3.0,85.0,REJECT,Safe,Fail
C8055,ISRO-SCL-250512-19,Op-Amp IC,1,28.3,2.27,40.7,36.7,85.0,REJECT,Borderline,Fail
C8056,ISRO-SCL-250120-03,Op-Amp IC,0,10.2,0.82,6.2,2.6,7.1,PASS,Safe,Pass
C8057,ISRO-SCL-250113-02,MOSFET,0,21.1,1.69,12.4,28.8,19.2,PASS,Safe,Pass
C8058,ISRO-SCL-250106-01,MOSFET,0,37.7,3.02,62.8,53.7,50.9,MONITOR,Fail,Pass
C8059,ISRO-SCL-250224-08,MOSFET,0,28.9,2.31,43.1,14.9,31.8,MONITOR,Safe,Pass
C8060,ISRO-SCL-250331-13,Voltage Regulator IC,1,11.3,0.9,4.4,14.8,85.0,REJECT,Fail,Fail
C8061,ISRO-SCL-250414-15,Digital Logic IC,1,71.8,5.74,64.2,50.3,85.0,REJECT,Fail,Fail
C8062,ISRO-SCL-250203-05,Digital Logic IC,0,13.7,1.1,8.0,10.6,10.8,PASS,Safe,Pass
C8063,ISRO-SCL-250224-08,MOSFET,0,16.3,1.31,30.5,8.5,20.4,PASS,Safe,Pass
C8064,ISRO-SCL-250120-03,Op-Amp IC,0,16.4,1.31,26.1,6.5,18.3,PASS,Safe,Pass
C8065,ISRO-SCL-250421-16,MOSFET,0,12.4,0.99,1.6,3.9,6.4,PASS,Safe,Pass
C8066,ISRO-SCL-250421-16,MOSFET,0,15.5,1.24,33.3,4.4,20.4,PASS,Safe,Pass
C8067,ISRO-SCL-250210-06,MOSFET,1,19.7,1.57,26.3,9.2,85.0,REJECT,Fail,Fail
C8068,ISRO-SCL-250428-17,Voltage Regulator IC,0,26.5,2.12,16.4,19.7,21.1,PASS,Borderline,Pass
C8069,ISRO-SCL-250113-02,MOSFET,0,19.0,1.52,10.3,6.0,12.9,PASS,Safe,Pass
C8070,ISRO-SCL-250512-19,Op-Amp IC,0,42.0,3.36,33.9,22.8,34.9,MONITOR,Fail,Pass
C8071,ISRO-SCL-250224-08,MOSFET,0,15.7,1.26,9.8,10.9,12.4,PASS,Safe,Pass
C8072,ISRO-SCL-250310-10,Voltage Regulator IC,0,14.1,1.12,14.8,4.9,12.5,PASS,Safe,Pass
C8073,ISRO-SCL-250505-18,Op-Amp IC,1,95.4,7.63,25.2,31.2,85.0,REJECT,Borderline,Fail
C8074,ISRO-SCL-250106-01,MOSFET,0,24.2,1.94,11.7,9.8,16.4,PASS,Borderline,Pass
C8075,ISRO-SCL-250217-07,Op-Amp IC,0,9.9,0.79,10.5,5.0,9.1,PASS,Safe,Pass
C8076,ISRO-SCL-250324-12,Op-Amp IC,0,10.8,0.87,24.1,13.9,16.8,PASS,Safe,Pass
C8077,ISRO-SCL-250512-19,Op-Amp IC,1,14.1,1.13,15.0,8.6,85.0,REJECT,Safe,Fail
C8078,ISRO-SCL-250106-01,MOSFET,0,17.9,1.43,11.2,16.6,15.0,PASS,Borderline,Pass
C8079,ISRO-SCL-250519-20,Voltage Regulator IC,0,39.0,3.12,23.9,31.9,31.5,MONITOR,Borderline,Pass
C8080,ISRO-SCL-250127-04,Op-Amp IC,1,14.5,1.16,31.4,19.4,85.0,REJECT,Safe,Fail
C8081,ISRO-SCL-250414-15,Digital Logic IC,1,52.2,4.18,59.0,36.6,85.0,REJECT,Borderline,Fail
C8082,ISRO-SCL-250407-14,MOSFET,1,100.0,9.02,97.2,100.0,98.9,REJECT,Fail,Fail
C8083,ISRO-SCL-250106-01,MOSFET,0,29.8,2.39,11.9,13.0,19.3,PASS,Borderline,Pass
C8084,ISRO-SCL-250519-20,Voltage Regulator IC,1,20.5,1.64,13.8,2.9,85.0,REJECT,Fail,Fail
C8085,ISRO-SCL-250421-16,MOSFET,0,10.3,0.82,2.8,2.4,5.7,PASS,Safe,Pass
C8086,ISRO-SCL-250120-03,Op-Amp IC,0,100.0,12.56,92.4,100.0,97.0,REJECT,Fail,Pass
C8087,ISRO-SCL-250303-09,Voltage Regulator IC,0,32.5,2.6,18.8,10.5,22.6,PASS,Safe,Pass
C8088,ISRO-SCL-250331-13,Voltage Regulator IC,0,13.3,1.06,12.1,11.8,12.5,PASS,Safe,Pass
C8089,ISRO-SCL-250505-18,Op-Amp IC,1,16.1,1.29,17.0,7.2,85.0,REJECT,Safe,Fail
C8090,ISRO-SCL-250414-15,Digital Logic IC,0,15.1,1.21,14.8,11.2,14.2,PASS,Safe,Pass
C8091,ISRO-SCL-250203-05,Digital Logic IC,1,18.3,1.46,43.3,3.8,85.0,REJECT,Safe,Fail
C8092,ISRO-SCL-250106-01,MOSFET,1,100.0,14.98,100.0,93.3,98.7,REJECT,Fail,Fail
C8093,ISRO-SCL-250414-15,Digital Logic IC,0,82.2,6.58,36.8,11.5,49.9,MONITOR,Safe,Pass
C8094,ISRO-SCL-250106-01,MOSFET,0,15.8,1.27,13.8,19.3,15.7,PASS,Borderline,Pass
C8095,ISRO-SCL-250512-19,Op-Amp IC,0,8.4,0.67,6.2,22.9,10.4,PASS,Borderline,Pass
C8096,ISRO-SCL-250331-13,Voltage Regulator IC,0,20.5,1.64,18.8,8.4,17.4,PASS,Safe,Pass
C8097,ISRO-SCL-250127-04,Op-Amp IC,0,13.6,1.09,12.1,12.0,12.7,PASS,Safe,Pass
C8098,ISRO-SCL-250120-03,Op-Amp IC,1,46.8,3.74,40.5,49.7,85.0,REJECT,Fail,Fail
C8099,ISRO-SCL-250421-16,MOSFET,0,18.3,1.46,23.0,1.7,16.9,PASS,Safe,Pass
C8100,ISRO-SCL-250414-15,Digital Logic IC,0,14.1,1.13,12.0,5.6,11.5,PASS,Safe,Pass
C8101,ISRO-SCL-250120-03,Op-Amp IC,0,34.7,2.77,31.7,33.5,33.3,MONITOR,Fail,Pass
C8102,ISRO-SCL-250414-15,Digital Logic IC,0,11.7,0.94,3.6,6.8,7.5,PASS,Safe,Pass
C8103,ISRO-SCL-250113-02,MOSFET,0,16.9,1.35,20.3,4.6,15.8,PASS,Safe,Pass
C8104,ISRO-SCL-250303-09,Voltage Regulator IC,0,11.4,0.91,10.4,6.8,10.1,PASS,Safe,Pass
C8105,ISRO-SCL-250505-18,Op-Amp IC,0,13.9,1.11,6.3,0.8,8.2,PASS,Safe,Pass
C8106,ISRO-SCL-250512-19,Op-Amp IC,1,16.3,1.3,24.7,16.7,85.0,REJECT,Borderline,Fail
C8107,ISRO-SCL-250407-14,MOSFET,0,15.6,1.25,15.6,16.8,15.9,PASS,Safe,Pass
C8108,ISRO-SCL-250421-16,MOSFET,0,15.9,1.27,25.5,5.0,17.5,PASS,Safe,Pass
C8109,ISRO-SCL-250331-13,Voltage Regulator IC,1,15.0,1.2,32.9,28.0,85.0,REJECT,Borderline,Fail
C8110,ISRO-SCL-250310-10,Voltage Regulator IC,0,18.3,1.46,14.8,13.0,15.8,PASS,Safe,Pass
C8111,ISRO-SCL-250120-03,Op-Amp IC,0,15.2,1.22,26.2,3.3,17.2,PASS,Safe,Pass
C8112,ISRO-SCL-250106-01,MOSFET,0,10.0,0.8,2.7,14.5,8.0,PASS,Safe,Pass
C8113,ISRO-SCL-250414-15,Digital Logic IC,0,12.0,0.96,9.3,13.4,11.2,PASS,Safe,Pass
C8114,ISRO-SCL-250217-07,Op-Amp IC,0,50.4,4.03,35.9,35.9,41.7,MONITOR,Fail,Pass
C8115,ISRO-SCL-250203-05,Digital Logic IC,0,24.0,1.92,19.3,11.9,19.7,PASS,Safe,Pass
C8116,ISRO-SCL-250407-14,MOSFET,1,68.7,5.49,75.0,58.4,85.0,REJECT,Fail,Fail
C8117,ISRO-SCL-250106-01,MOSFET,0,17.5,1.4,6.2,14.5,12.4,PASS,Safe,Pass
C8118,ISRO-SCL-250317-11,Voltage Regulator IC,0,10.3,0.82,7.7,6.7,8.5,PASS,Safe,Pass
C8119,ISRO-SCL-250519-20,Voltage Regulator IC,0,16.1,1.29,7.7,8.1,11.1,PASS,Safe,Pass
C8120,ISRO-SCL-250113-02,MOSFET,1,18.3,1.46,29.6,21.8,85.0,REJECT,Fail,Fail
C8121,ISRO-SCL-250428-17,Voltage Regulator IC,0,22.4,1.79,24.9,55.5,30.1,MONITOR,Safe,Pass
C8122,ISRO-SCL-250217-07,Op-Amp IC,0,9.5,0.76,3.1,10.5,7.1,PASS,Safe,Pass
C8123,ISRO-SCL-250113-02,MOSFET,1,100.0,243.83,100.0,95.2,99.0,REJECT,Safe,Fail
C8124,ISRO-SCL-250203-05,Digital Logic IC,0,20.6,1.64,27.4,6.1,20.4,PASS,Safe,Pass
C8125,ISRO-SCL-250113-02,MOSFET,0,11.8,0.94,12.7,27.3,15.2,PASS,Safe,Pass
C8126,ISRO-SCL-250217-07,Op-Amp IC,0,18.1,1.45,25.2,3.9,18.1,PASS,Safe,Pass
C8127,ISRO-SCL-250120-03,Op-Amp IC,1,100.0,16.59,100.0,100.0,100.0,REJECT,Fail,Fail
C8128,ISRO-SCL-250203-05,Digital Logic IC,0,16.0,1.28,27.0,23.6,21.9,PASS,Borderline,Pass
C8129,ISRO-SCL-250512-19,Op-Amp IC,0,100.0,16.2,77.5,100.0,91.0,REJECT,Safe,Pass
C8130,ISRO-SCL-250512-19,Op-Amp IC,0,12.2,0.98,4.5,3.5,7.4,PASS,Safe,Pass
C8131,ISRO-SCL-250203-05,Digital Logic IC,0,20.2,1.62,26.5,12.8,21.3,PASS,Safe,Pass
C8132,ISRO-SCL-250407-14,MOSFET,1,92.7,7.42,50.2,30.9,85.0,REJECT,Borderline,Fail
C8133,ISRO-SCL-250217-07,Op-Amp IC,0,11.2,0.89,4.4,11.7,8.6,PASS,Borderline,Pass
C8134,ISRO-SCL-250113-02,MOSFET,0,13.3,1.06,3.8,4.6,7.7,PASS,Safe,Pass
C8135,ISRO-SCL-250120-03,Op-Amp IC,0,13.8,1.11,26.4,43.3,24.8,PASS,Borderline,Pass
C8136,ISRO-SCL-250310-10,Voltage Regulator IC,0,12.8,1.03,11.4,6.9,11.1,PASS,Safe,Pass
C8137,ISRO-SCL-250106-01,MOSFET,0,16.4,1.31,15.9,9.9,14.9,PASS,Safe,Pass
C8138,ISRO-SCL-250106-01,MOSFET,1,21.1,1.69,18.6,5.0,85.0,REJECT,Safe,Fail
C8139,ISRO-SCL-250127-04,Op-Amp IC,0,16.7,1.34,13.9,16.8,15.6,PASS,Fail,Pass
C8140,ISRO-SCL-250203-05,Digital Logic IC,0,9.2,0.74,4.7,7.0,6.9,PASS,Safe,Pass
C8141,ISRO-SCL-250217-07,Op-Amp IC,0,20.9,1.67,17.3,45.2,24.3,PASS,Fail,Pass
C8142,ISRO-SCL-250324-12,Op-Amp IC,0,13.3,1.06,21.0,9.1,15.5,PASS,Safe,Pass
C8143,ISRO-SCL-250407-14,MOSFET,0,16.9,1.35,13.4,13.2,14.7,PASS,Safe,Pass
C8144,ISRO-SCL-250310-10,Voltage Regulator IC,0,16.5,1.32,17.7,38.6,21.4,PASS,Safe,Pass
C8145,ISRO-SCL-250428-17,Voltage Regulator IC,0,13.7,1.1,4.8,5.3,8.5,PASS,Safe,Pass
C8146,ISRO-SCL-250217-07,Op-Amp IC,0,15.9,1.28,4.5,5.9,9.4,PASS,Safe,Pass
C8147,ISRO-SCL-250127-04,Op-Amp IC,0,16.9,1.35,3.6,14.5,11.1,PASS,Safe,Pass
C8148,ISRO-SCL-250310-10,Voltage Regulator IC,0,17.2,1.38,14.7,2.3,13.2,PASS,Safe,Pass
C8149,ISRO-SCL-250203-05,Digital Logic IC,0,21.9,1.75,8.4,10.0,14.1,PASS,Borderline,Pass
C8150,ISRO-SCL-250203-05,Digital Logic IC,0,15.3,1.22,16.8,11.1,15.1,PASS,Safe,Pass
C8151,ISRO-SCL-250217-07,Op-Amp IC,0,16.9,1.35,24.9,17.4,20.2,PASS,Borderline,Pass
C8152,ISRO-SCL-250407-14,MOSFET,0,14.0,1.12,16.9,18.6,16.1,PASS,Borderline,Pass
C8153,ISRO-SCL-250519-20,Voltage Regulator IC,0,17.6,1.4,20.5,8.9,17.0,PASS,Safe,Pass
C8154,ISRO-SCL-250407-14,MOSFET,0,24.0,1.92,24.9,26.2,24.8,PASS,Fail,Pass
C8155,ISRO-SCL-250324-12,Op-Amp IC,0,19.0,1.52,28.4,15.5,22.0,PASS,Safe,Pass
C8156,ISRO-SCL-250407-14,MOSFET,0,17.5,1.4,15.2,2.0,13.5,PASS,Safe,Pass
C8157,ISRO-SCL-250428-17,Voltage Regulator IC,0,8.8,0.7,5.2,8.3,7.3,PASS,Safe,Pass
C8158,ISRO-SCL-250310-10,Voltage Regulator IC,0,20.9,1.67,25.5,1.5,18.9,PASS,Safe,Pass
C8159,ISRO-SCL-250224-08,MOSFET,0,100.0,194.34,100.0,51.9,90.4,REJECT,Safe,Pass
C8160,ISRO-SCL-250428-17,Voltage Regulator IC,0,19.3,1.54,18.1,15.8,18.1,PASS,Safe,Pass
C8161,ISRO-SCL-250217-07,Op-Amp IC,1,17.5,1.4,25.0,5.3,85.0,REJECT,Safe,Fail
C8162,ISRO-SCL-250113-02,MOSFET,1,15.4,1.24,27.6,6.5,85.0,REJECT,Safe,Fail
C8163,ISRO-SCL-250421-16,MOSFET,0,14.8,1.19,23.5,11.8,17.7,PASS,Safe,Pass
C8164,ISRO-SCL-250120-03,Op-Amp IC,0,24.4,1.95,17.3,22.2,21.1,PASS,Borderline,Pass
C8165,ISRO-SCL-250428-17,Voltage Regulator IC,0,20.5,1.64,8.2,20.1,15.5,PASS,Borderline,Pass
C8166,ISRO-SCL-250407-14,MOSFET,0,15.9,1.27,11.9,18.5,14.9,PASS,Borderline,Pass
C8167,ISRO-SCL-250519-20,Voltage Regulator IC,0,15.7,1.26,13.4,0.6,11.8,PASS,Safe,Pass
C8168,ISRO-SCL-250113-02,MOSFET,0,21.8,1.75,11.2,22.6,17.8,PASS,Safe,Pass
C8169,ISRO-SCL-250505-18,Op-Amp IC,0,17.1,1.37,0.0,13.3,9.5,PASS,Borderline,Pass
C8170,ISRO-SCL-250303-09,Voltage Regulator IC,0,27.3,2.18,14.6,19.1,20.6,PASS,Safe,Pass
C8171,ISRO-SCL-250317-11,Voltage Regulator IC,0,13.7,1.09,9.3,2.6,9.7,PASS,Safe,Pass
C8172,ISRO-SCL-250217-07,Op-Amp IC,0,16.9,1.35,4.9,7.4,10.2,PASS,Safe,Pass
C8173,ISRO-SCL-250414-15,Digital Logic IC,0,16.0,1.28,16.0,0.5,12.9,PASS,Safe,Pass
C8174,ISRO-SCL-250414-15,Digital Logic IC,0,14.4,1.15,20.7,23.0,18.7,PASS,Safe,Pass
C8175,ISRO-SCL-250217-07,Op-Amp IC,0,9.6,0.77,0.0,17.0,7.2,PASS,Borderline,Pass
C8176,ISRO-SCL-250113-02,MOSFET,0,11.4,0.91,24.1,33.4,20.9,PASS,Borderline,Pass
C8177,ISRO-SCL-250224-08,MOSFET,0,18.3,1.46,29.2,10.4,21.1,PASS,Safe,Pass
C8178,ISRO-SCL-250310-10,Voltage Regulator IC,0,8.4,0.67,4.5,13.5,7.9,PASS,Borderline,Pass
C8179,ISRO-SCL-250414-15,Digital Logic IC,0,14.9,1.19,10.4,14.9,13.1,PASS,Safe,Pass
C8180,ISRO-SCL-250505-18,Op-Amp IC,0,16.1,1.29,13.6,8.3,13.5,PASS,Safe,Pass
C8181,ISRO-SCL-250519-20,Voltage Regulator IC,0,10.9,0.88,5.6,12.9,9.2,PASS,Safe,Pass
C8182,ISRO-SCL-250210-06,MOSFET,0,24.3,1.94,4.0,21.6,15.6,PASS,Safe,Pass
C8183,ISRO-SCL-250113-02,MOSFET,0,9.9,0.79,1.2,4.9,5.4,PASS,Safe,Pass
C8184,ISRO-SCL-250407-14,MOSFET,0,16.9,1.35,12.4,17.7,15.2,PASS,Borderline,Pass
C8185,ISRO-SCL-250324-12,Op-Amp IC,1,25.3,2.02,29.6,17.1,85.0,REJECT,Borderline,Fail
C8186,ISRO-SCL-250407-14,MOSFET,0,15.0,1.2,9.3,28.7,15.5,PASS,Safe,Pass
C8187,ISRO-SCL-250113-02,MOSFET,1,15.9,1.27,14.2,8.7,85.0,REJECT,Safe,Fail
C8188,ISRO-SCL-250407-14,MOSFET,1,18.6,1.49,23.8,6.4,85.0,REJECT,Safe,Fail
C8189,ISRO-SCL-250428-17,Voltage Regulator IC,0,22.3,1.78,11.5,19.7,17.4,PASS,Safe,Pass
C8190,ISRO-SCL-250421-16,MOSFET,0,16.6,1.33,10.7,12.4,13.4,PASS,Safe,Pass
C8191,ISRO-SCL-250303-09,Voltage Regulator IC,0,8.1,0.65,0.1,5.0,4.3,PASS,Safe,Pass
C8192,ISRO-SCL-250217-07,Op-Amp IC,0,12.8,1.03,8.9,10.0,10.7,PASS,Safe,Pass
C8193,ISRO-SCL-250505-18,Op-Amp IC,0,15.6,1.25,19.0,11.6,16.2,PASS,Safe,Pass
C8194,ISRO-SCL-250317-11,Voltage Regulator IC,0,16.2,1.29,16.1,31.5,19.2,PASS,Safe,Pass
C8195,ISRO-SCL-250203-05,Digital Logic IC,0,27.0,2.16,12.2,7.2,17.1,PASS,Safe,Pass
C8196,ISRO-SCL-250519-20,Voltage Regulator IC,0,15.2,1.21,13.9,10.5,13.7,PASS,Safe,Pass
C8197,ISRO-SCL-250310-10,Voltage Regulator IC,0,100.0,11.97,35.1,12.8,56.6,MONITOR,Safe,Pass
C8198,ISRO-SCL-250310-10,Voltage Regulator IC,1,16.5,1.32,12.6,5.6,85.0,REJECT,Safe,Fail
C8199,ISRO-SCL-250428-17,Voltage Regulator IC,0,18.7,1.5,26.0,16.2,21.1,PASS,Safe,Pass
C8200,ISRO-SCL-250127-04,Op-Amp IC,0,12.8,1.02,9.3,1.1,9.1,PASS,Safe,Pass
C8201,ISRO-SCL-250106-01,MOSFET,0,16.4,1.31,19.7,13.1,17.0,PASS,Safe,Pass
C8202,ISRO-SCL-250217-07,Op-Amp IC,0,100.0,144.52,100.0,52.0,90.4,REJECT,Borderline,Pass
C8203,ISRO-SCL-250113-02,MOSFET,0,24.2,1.94,19.5,3.9,18.3,PASS,Safe,Pass
C8204,ISRO-SCL-250414-15,Digital Logic IC,0,12.6,1.01,7.4,19.6,11.9,PASS,Borderline,Pass
C8205,ISRO-SCL-250210-06,MOSFET,0,11.2,0.9,23.3,4.3,14.7,PASS,Safe,Pass
C8206,ISRO-SCL-250505-18,Op-Amp IC,0,14.4,1.15,15.0,34.0,18.6,PASS,Borderline,Pass
C8207,ISRO-SCL-250203-05,Digital Logic IC,0,30.4,2.43,21.3,17.4,24.1,PASS,Safe,Pass
C8208,ISRO-SCL-250113-02,MOSFET,1,100.0,249.79,100.0,93.3,98.7,REJECT,Safe,Fail
C8209,ISRO-SCL-250407-14,MOSFET,0,15.0,1.2,25.0,50.9,26.2,PASS,Fail,Pass
C8210,ISRO-SCL-250310-10,Voltage Regulator IC,0,30.5,2.44,16.5,18.4,22.5,PASS,Borderline,Pass
C8211,ISRO-SCL-250217-07,Op-Amp IC,0,24.9,1.99,20.3,16.4,21.4,PASS,Safe,Pass
C8212,ISRO-SCL-250303-09,Voltage Regulator IC,0,16.3,1.31,13.6,15.3,15.0,PASS,Safe,Pass
C8213,ISRO-SCL-250113-02,MOSFET,0,23.9,1.91,11.8,7.4,15.8,PASS,Safe,Pass
C8214,ISRO-SCL-250106-01,MOSFET,0,8.3,0.67,0.0,9.5,5.2,PASS,Safe,Pass
C8215,ISRO-SCL-250331-13,Voltage Regulator IC,0,13.8,1.11,19.6,19.1,17.2,PASS,Safe,Pass
C8216,ISRO-SCL-250120-03,Op-Amp IC,1,47.1,3.77,36.4,32.2,85.0,REJECT,Fail,Fail
C8217,ISRO-SCL-250217-07,Op-Amp IC,0,26.5,2.12,54.6,27.8,38.0,MONITOR,Borderline,Pass
C8218,ISRO-SCL-250310-10,Voltage Regulator IC,0,11.4,0.91,12.3,25.2,14.5,PASS,Safe,Pass
C8219,ISRO-SCL-250120-03,Op-Amp IC,1,48.7,3.9,36.2,37.6,85.0,REJECT,Fail,Fail
C8220,ISRO-SCL-250324-12,Op-Amp IC,0,39.8,3.19,41.9,41.9,41.1,MONITOR,Fail,Pass
C8221,ISRO-SCL-250512-19,Op-Amp IC,0,15.3,1.22,12.5,10.1,13.1,PASS,Fail,Pass
C8222,ISRO-SCL-250414-15,Digital Logic IC,0,16.3,1.3,25.5,10.1,18.7,PASS,Safe,Pass
C8223,ISRO-SCL-250113-02,MOSFET,0,19.0,1.52,24.2,35.8,24.4,PASS,Borderline,Pass
C8224,ISRO-SCL-250203-05,Digital Logic IC,0,12.7,1.02,7.6,7.2,9.6,PASS,Safe,Pass
C8225,ISRO-SCL-250407-14,MOSFET,0,24.4,1.95,20.0,23.5,22.5,PASS,Fail,Pass
C8226,ISRO-SCL-250331-13,Voltage Regulator IC,0,29.9,2.39,18.4,22.7,23.9,PASS,Safe,Pass
C8227,ISRO-SCL-250120-03,Op-Amp IC,0,13.7,1.09,4.2,27.9,12.7,PASS,Borderline,Pass
C8228,ISRO-SCL-250414-15,Digital Logic IC,0,16.9,1.35,22.6,15.4,18.9,PASS,Borderline,Pass
C8229,ISRO-SCL-250203-05,Digital Logic IC,0,27.4,2.19,12.9,13.3,18.7,PASS,Safe,Pass
C8230,ISRO-SCL-250203-05,Digital Logic IC,0,18.7,1.5,11.4,18.3,15.7,PASS,Safe,Pass
C8231,ISRO-SCL-250407-14,MOSFET,0,11.4,0.91,5.5,16.1,10.0,PASS,Safe,Pass
C8232,ISRO-SCL-250317-11,Voltage Regulator IC,0,75.9,6.07,63.6,66.4,69.1,HOLD,Fail,Pass
C8233,ISRO-SCL-250331-13,Voltage Regulator IC,0,14.5,1.16,18.2,7.6,14.6,PASS,Safe,Pass
C8234,ISRO-SCL-250324-12,Op-Amp IC,0,19.9,1.59,37.7,36.0,30.3,MONITOR,Borderline,Pass
C8235,ISRO-SCL-250113-02,MOSFET,0,18.5,1.48,6.4,12.2,12.4,PASS,Safe,Pass
C8236,ISRO-SCL-250310-10,Voltage Regulator IC,0,11.9,0.96,14.3,3.8,11.3,PASS,Safe,Pass
C8237,ISRO-SCL-250210-06,MOSFET,0,17.0,1.36,14.2,3.8,13.2,PASS,Safe,Pass
C8238,ISRO-SCL-250217-07,Op-Amp IC,0,12.0,0.96,13.1,35.5,17.2,PASS,Fail,Pass
C8239,ISRO-SCL-250127-04,Op-Amp IC,1,13.3,1.07,30.9,24.1,85.0,REJECT,Fail,Fail
C8240,ISRO-SCL-250217-07,Op-Amp IC,0,14.5,1.16,8.0,18.0,12.6,PASS,Safe,Pass
C8241,ISRO-SCL-250310-10,Voltage Regulator IC,0,43.9,3.52,25.3,18.3,31.3,MONITOR,Borderline,Pass
C8242,ISRO-SCL-250317-11,Voltage Regulator IC,0,43.1,3.45,40.9,33.8,40.3,MONITOR,Fail,Pass
C8243,ISRO-SCL-250210-06,MOSFET,0,12.7,1.02,13.2,7.0,11.8,PASS,Safe,Pass
C8244,ISRO-SCL-250310-10,Voltage Regulator IC,1,75.2,6.01,25.4,29.8,85.0,REJECT,Borderline,Fail
C8245,ISRO-SCL-250203-05,Digital Logic IC,0,60.9,4.87,22.8,12.3,35.9,MONITOR,Safe,Pass
C8246,ISRO-SCL-250331-13,Voltage Regulator IC,0,14.2,1.14,6.4,10.8,10.4,PASS,Safe,Pass
C8247,ISRO-SCL-250127-04,Op-Amp IC,1,13.8,1.11,30.1,17.7,85.0,REJECT,Safe,Fail
C8248,ISRO-SCL-250310-10,Voltage Regulator IC,0,9.9,0.79,7.8,3.3,7.7,PASS,Safe,Pass
C8249,ISRO-SCL-250519-20,Voltage Regulator IC,0,15.5,1.24,13.4,11.9,13.9,PASS,Safe,Pass
C8250,ISRO-SCL-250421-16,MOSFET,0,17.6,1.41,4.1,7.8,10.2,PASS,Safe,Pass
C8251,ISRO-SCL-250428-17,Voltage Regulator IC,1,18.9,1.51,36.9,16.8,85.0,REJECT,Safe,Fail
C8252,ISRO-SCL-250421-16,MOSFET,0,37.9,3.04,30.5,10.8,29.5,PASS,Safe,Pass
C8253,ISRO-SCL-250421-16,MOSFET,0,17.3,1.39,30.2,5.0,20.0,PASS,Safe,Pass
C8254,ISRO-SCL-250217-07,Op-Amp IC,1,18.1,1.45,16.3,20.3,85.0,REJECT,Fail,Fail
C8255,ISRO-SCL-250331-13,Voltage Regulator IC,1,100.0,8.26,60.5,53.0,85.0,REJECT,Fail,Fail
C8256,ISRO-SCL-250324-12,Op-Amp IC,0,12.0,0.96,25.0,13.5,17.5,PASS,Safe,Pass
C8257,ISRO-SCL-250203-05,Digital Logic IC,0,9.2,0.74,1.5,6.2,5.5,PASS,Safe,Pass
C8258,ISRO-SCL-250407-14,MOSFET,0,12.4,0.99,4.4,2.9,7.3,PASS,Safe,Pass
C8259,ISRO-SCL-250127-04,Op-Amp IC,0,10.9,0.87,2.5,10.8,7.5,PASS,Safe,Pass
C8260,ISRO-SCL-250331-13,Voltage Regulator IC,1,12.8,1.02,20.2,17.0,85.0,REJECT,Safe,Fail
C8261,ISRO-SCL-250414-15,Digital Logic IC,0,12.6,1.01,10.1,12.0,11.5,PASS,Safe,Pass
C8262,ISRO-SCL-250512-19,Op-Amp IC,0,29.6,2.37,23.2,22.6,25.7,PASS,Fail,Pass
C8263,ISRO-SCL-250127-04,Op-Amp IC,1,55.8,4.47,48.4,39.1,85.0,REJECT,Fail,Fail
C8264,ISRO-SCL-250127-04,Op-Amp IC,0,20.0,1.6,12.3,1.3,13.2,PASS,Safe,Pass
C8265,ISRO-SCL-250113-02,MOSFET,0,19.2,1.54,14.0,8.5,15.0,PASS,Safe,Pass
C8266,ISRO-SCL-250414-15,Digital Logic IC,0,12.0,0.96,9.0,19.3,12.2,PASS,Safe,Pass
C8267,ISRO-SCL-250505-18,Op-Amp IC,0,20.2,1.62,20.1,6.5,17.4,PASS,Safe,Pass
C8268,ISRO-SCL-250303-09,Voltage Regulator IC,0,16.9,1.35,15.7,1.4,13.3,PASS,Safe,Pass
C8269,ISRO-SCL-250210-06,MOSFET,0,14.2,1.14,29.1,11.5,19.6,PASS,Safe,Pass
C8270,ISRO-SCL-250120-03,Op-Amp IC,1,17.5,1.4,22.8,8.7,85.0,REJECT,Safe,Fail
C8271,ISRO-SCL-250505-18,Op-Amp IC,0,15.2,1.21,13.0,9.1,13.1,PASS,Safe,Pass
C8272,ISRO-SCL-250414-15,Digital Logic IC,0,43.2,3.46,50.0,37.0,44.7,MONITOR,Fail,Pass
C8273,ISRO-SCL-250210-06,MOSFET,0,12.1,0.97,14.4,1.7,10.9,PASS,Safe,Pass
C8274,ISRO-SCL-250113-02,MOSFET,0,12.4,0.99,10.4,7.9,10.7,PASS,Safe,Pass
C8275,ISRO-SCL-250414-15,Digital Logic IC,1,37.2,2.97,43.2,40.6,85.0,REJECT,Fail,Fail
C8276,ISRO-SCL-250224-08,MOSFET,0,14.7,1.18,21.3,16.0,17.6,PASS,Safe,Pass
C8277,ISRO-SCL-250414-15,Digital Logic IC,0,17.9,1.43,18.7,21.3,18.9,PASS,Borderline,Pass
C8278,ISRO-SCL-250303-09,Voltage Regulator IC,0,13.9,1.11,11.3,8.2,11.7,PASS,Safe,Pass
C8279,ISRO-SCL-250310-10,Voltage Regulator IC,0,21.1,1.69,14.5,7.8,15.8,PASS,Safe,Pass
C8280,ISRO-SCL-250519-20,Voltage Regulator IC,0,12.4,0.99,13.1,18.4,13.9,PASS,Borderline,Pass
C8281,ISRO-SCL-250203-05,Digital Logic IC,0,11.6,0.93,12.1,1.4,9.8,PASS,Safe,Pass
C8282,ISRO-SCL-250407-14,MOSFET,0,39.9,3.19,31.5,29.0,34.4,MONITOR,Fail,Pass
C8283,ISRO-SCL-250519-20,Voltage Regulator IC,0,13.2,1.06,3.5,5.5,7.8,PASS,Safe,Pass
C8284,ISRO-SCL-250407-14,MOSFET,1,74.0,5.92,60.8,62.5,85.0,REJECT,Fail,Fail
C8285,ISRO-SCL-250414-15,Digital Logic IC,0,28.6,2.28,27.4,43.1,31.0,MONITOR,Fail,Pass
C8286,ISRO-SCL-250203-05,Digital Logic IC,1,15.9,1.27,19.2,10.9,85.0,REJECT,Safe,Fail
C8287,ISRO-SCL-250407-14,MOSFET,1,50.6,4.05,45.6,29.0,85.0,REJECT,Fail,Fail
C8288,ISRO-SCL-250512-19,Op-Amp IC,0,14.8,1.19,10.5,8.6,11.9,PASS,Safe,Pass
C8289,ISRO-SCL-250407-14,MOSFET,0,10.6,0.85,1.2,3.9,5.5,PASS,Safe,Pass
C8290,ISRO-SCL-250512-19,Op-Amp IC,0,39.5,3.16,32.9,58.9,40.7,MONITOR,Fail,Pass
C8291,ISRO-SCL-250113-02,MOSFET,0,13.0,1.04,17.7,9.3,14.1,PASS,Safe,Pass
C8292,ISRO-SCL-250310-10,Voltage Regulator IC,0,56.1,4.49,27.1,23.8,38.1,MONITOR,Borderline,Pass
C8293,ISRO-SCL-250217-07,Op-Amp IC,1,13.8,1.1,20.3,7.1,85.0,REJECT,Fail,Fail
C8294,ISRO-SCL-250217-07,Op-Amp IC,0,13.2,1.06,13.9,6.1,12.1,PASS,Safe,Pass
C8295,ISRO-SCL-250331-13,Voltage Regulator IC,0,15.7,1.26,11.5,7.6,12.4,PASS,Safe,Pass
C8296,ISRO-SCL-250106-01,MOSFET,1,14.1,1.13,3.1,20.1,85.0,REJECT,Fail,Fail
C8297,ISRO-SCL-250224-08,MOSFET,0,18.3,1.46,6.3,9.1,11.6,PASS,Safe,Pass
C8298,ISRO-SCL-250303-09,Voltage Regulator IC,0,15.7,1.25,13.8,29.2,17.6,PASS,Borderline,Pass
C8299,ISRO-SCL-250505-18,Op-Amp IC,0,11.7,0.93,6.3,6.2,8.4,PASS,Safe,Pass
C8300,ISRO-SCL-250113-02,MOSFET,1,18.1,1.45,1.9,12.9,85.0,REJECT,Fail,Fail
C8301,ISRO-SCL-250203-05,Digital Logic IC,0,7.0,0.56,0.9,4.3,4.0,PASS,Safe,Pass
C8302,ISRO-SCL-250512-19,Op-Amp IC,1,15.1,1.21,26.5,5.4,85.0,REJECT,Safe,Fail
C8303,ISRO-SCL-250505-18,Op-Amp IC,0,18.6,1.49,18.9,12.2,17.4,PASS,Safe,Pass
C8304,ISRO-SCL-250113-02,MOSFET,0,35.4,2.83,7.8,27.6,22.8,PASS,Borderline,Pass
C8305,ISRO-SCL-250127-04,Op-Amp IC,1,100.0,11.47,53.3,21.7,85.0,REJECT,Safe,Fail
C8306,ISRO-SCL-250224-08,MOSFET,0,18.6,1.49,6.0,4.8,10.8,PASS,Safe,Pass
C8307,ISRO-SCL-250203-05,Digital Logic IC,0,17.8,1.42,21.0,2.6,16.0,PASS,Safe,Pass
C8308,ISRO-SCL-250303-09,Voltage Regulator IC,0,31.2,2.5,22.3,21.8,25.8,PASS,Safe,Pass
C8309,ISRO-SCL-250331-13,Voltage Regulator IC,0,14.6,1.17,10.3,16.8,13.3,PASS,Borderline,Pass
C8310,ISRO-SCL-250310-10,Voltage Regulator IC,0,17.6,1.41,3.8,11.9,10.9,PASS,Safe,Pass
C8311,ISRO-SCL-250414-15,Digital Logic IC,1,45.3,3.63,46.9,34.1,85.0,REJECT,Fail,Fail
C8312,ISRO-SCL-250203-05,Digital Logic IC,0,19.0,1.52,9.7,1.6,11.8,PASS,Safe,Pass
C8313,ISRO-SCL-250407-14,MOSFET,0,13.2,1.06,18.2,38.1,20.2,PASS,Borderline,Pass
C8314,ISRO-SCL-250203-05,Digital Logic IC,0,13.3,1.06,14.2,1.7,11.3,PASS,Safe,Pass
C8315,ISRO-SCL-250421-16,MOSFET,0,19.0,1.52,12.7,13.0,15.3,PASS,Fail,Pass
C8316,ISRO-SCL-250310-10,Voltage Regulator IC,0,71.7,5.73,43.8,41.2,54.4,MONITOR,Fail,Pass
C8317,ISRO-SCL-250407-14,MOSFET,0,11.5,0.92,6.2,9.6,9.0,PASS,Safe,Pass
C8318,ISRO-SCL-250127-04,Op-Amp IC,0,15.3,1.22,19.3,0.4,13.9,PASS,Borderline,Pass
C8319,ISRO-SCL-250324-12,Op-Amp IC,0,100.0,118.07,100.0,52.0,90.4,REJECT,Safe,Pass
C8320,ISRO-SCL-250113-02,MOSFET,0,15.9,1.27,0.2,16.5,9.8,PASS,Fail,Pass
C8321,ISRO-SCL-250310-10,Voltage Regulator IC,0,52.6,4.2,15.7,30.6,33.4,MONITOR,Borderline,Pass
C8322,ISRO-SCL-250407-14,MOSFET,1,17.6,1.4,30.1,11.5,85.0,REJECT,Safe,Fail
C8323,ISRO-SCL-250505-18,Op-Amp IC,0,24.9,1.99,23.4,12.2,21.8,PASS,Safe,Pass
C8324,ISRO-SCL-250421-16,MOSFET,0,15.5,1.24,6.3,8.8,10.4,PASS,Safe,Pass
C8325,ISRO-SCL-250519-20,Voltage Regulator IC,0,11.2,0.89,5.1,26.6,11.8,PASS,Borderline,Pass
C8326,ISRO-SCL-250317-11,Voltage Regulator IC,0,11.4,0.91,14.5,28.3,16.0,PASS,Safe,Pass
C8327,ISRO-SCL-250407-14,MOSFET,0,19.9,1.59,35.7,28.0,27.8,PASS,Borderline,Pass
C8328,ISRO-SCL-250512-19,Op-Amp IC,0,15.5,1.24,26.7,7.7,18.4,PASS,Safe,Pass
C8329,ISRO-SCL-250421-16,MOSFET,0,36.7,2.93,32.7,21.6,32.1,MONITOR,Borderline,Pass
C8330,ISRO-SCL-250310-10,Voltage Regulator IC,0,10.7,0.86,8.5,21.2,11.9,PASS,Borderline,Pass
C8331,ISRO-SCL-250310-10,Voltage Regulator IC,0,48.6,3.89,22.0,24.7,33.2,MONITOR,Borderline,Pass
C8332,ISRO-SCL-250421-16,MOSFET,0,13.7,1.09,8.8,7.2,10.4,PASS,Safe,Pass
C8333,ISRO-SCL-250224-08,MOSFET,0,16.6,1.33,13.4,11.4,14.3,PASS,Safe,Pass
C8334,ISRO-SCL-250217-07,Op-Amp IC,0,10.1,0.81,11.3,17.4,12.1,PASS,Safe,Pass
C8335,ISRO-SCL-250203-05,Digital Logic IC,0,13.8,1.11,6.6,8.6,9.9,PASS,Safe,Pass
C8336,ISRO-SCL-250421-16,MOSFET,0,23.3,1.87,19.2,16.7,20.4,PASS,Safe,Pass
C8337,ISRO-SCL-250106-01,MOSFET,0,14.9,1.19,10.1,10.5,12.1,PASS,Safe,Pass
C8338,ISRO-SCL-250224-08,MOSFET,0,37.5,3.0,26.7,43.3,34.3,MONITOR,Fail,Pass
C8339,ISRO-SCL-250120-03,Op-Amp IC,0,10.2,0.82,4.8,17.2,9.4,PASS,Safe,Pass
C8340,ISRO-SCL-250203-05,Digital Logic IC,0,43.7,3.5,25.1,1.6,27.8,PASS,Safe,Pass
C8341,ISRO-SCL-250113-02,MOSFET,0,12.2,0.98,7.5,20.6,12.0,PASS,Fail,Pass
C8342,ISRO-SCL-250113-02,MOSFET,0,12.5,1.0,14.3,15.9,13.9,PASS,Fail,Pass
C8343,ISRO-SCL-250505-18,Op-Amp IC,0,17.4,1.39,6.5,12.1,12.0,PASS,Safe,Pass
C8344,ISRO-SCL-250113-02,MOSFET,0,17.8,1.43,7.0,19.1,13.7,PASS,Safe,Pass
C8345,ISRO-SCL-250414-15,Digital Logic IC,0,11.2,0.9,16.0,6.1,12.1,PASS,Safe,Pass
C8346,ISRO-SCL-250113-02,MOSFET,0,61.4,4.91,15.2,20.9,34.8,MONITOR,Borderline,Pass
C8347,ISRO-SCL-250428-17,Voltage Regulator IC,0,19.5,1.56,31.2,12.7,22.8,PASS,Safe,Pass
C8348,ISRO-SCL-250127-04,Op-Amp IC,0,11.7,0.93,2.0,15.8,8.6,PASS,Safe,Pass
C8349,ISRO-SCL-250120-03,Op-Amp IC,1,100.0,20.37,100.0,100.0,100.0,REJECT,Fail,Fail
C8350,ISRO-SCL-250310-10,Voltage Regulator IC,1,32.3,2.59,39.9,40.1,85.0,REJECT,Fail,Fail
C8351,ISRO-SCL-250120-03,Op-Amp IC,0,16.4,1.31,28.9,43.2,26.7,PASS,Fail,Pass
C8352,ISRO-SCL-250317-11,Voltage Regulator IC,0,11.2,0.9,3.1,14.3,8.6,PASS,Safe,Pass
C8353,ISRO-SCL-250505-18,Op-Amp IC,0,56.6,4.53,38.5,90.5,56.1,MONITOR,Safe,Pass
C8354,ISRO-SCL-250113-02,MOSFET,1,56.3,4.5,21.4,9.8,85.0,REJECT,Fail,Fail
C8355,ISRO-SCL-250127-04,Op-Amp IC,0,18.6,1.49,6.6,24.6,15.0,PASS,Fail,Pass
C8356,ISRO-SCL-250127-04,Op-Amp IC,1,13.7,1.09,24.6,34.6,85.0,REJECT,Fail,Fail
C8357,ISRO-SCL-250512-19,Op-Amp IC,1,16.0,1.28,25.4,8.7,85.0,REJECT,Safe,Fail
C8358,ISRO-SCL-250519-20,Voltage Regulator IC,0,14.5,1.16,12.7,5.1,11.9,PASS,Safe,Pass
C8359,ISRO-SCL-250203-05,Digital Logic IC,0,15.4,1.23,11.2,4.2,11.5,PASS,Safe,Pass
C8360,ISRO-SCL-250224-08,MOSFET,0,23.5,1.88,13.0,26.3,19.9,PASS,Borderline,Pass
C8361,ISRO-SCL-250414-15,Digital Logic IC,0,13.7,1.1,14.8,10.8,13.6,PASS,Safe,Pass
C8362,ISRO-SCL-250217-07,Op-Amp IC,0,14.1,1.13,14.4,2.6,11.9,PASS,Safe,Pass
C8363,ISRO-SCL-250310-10,Voltage Regulator IC,0,21.5,1.72,3.2,16.3,13.1,PASS,Safe,Pass
C8364,ISRO-SCL-250421-16,MOSFET,1,18.8,1.51,9.8,16.3,85.0,REJECT,Fail,Fail
C8365,ISRO-SCL-250512-19,Op-Amp IC,0,16.5,1.32,14.8,1.1,12.7,PASS,Safe,Pass
C8366,ISRO-SCL-250113-02,MOSFET,1,18.3,1.47,22.1,4.3,85.0,REJECT,Safe,Fail
C8367,ISRO-SCL-250203-05,Digital Logic IC,0,15.8,1.26,13.0,6.2,12.8,PASS,Safe,Pass
C8368,ISRO-SCL-250120-03,Op-Amp IC,1,41.2,3.3,34.4,31.5,85.0,REJECT,Fail,Fail
C8369,ISRO-SCL-250303-09,Voltage Regulator IC,0,30.2,2.41,17.3,24.6,23.9,PASS,Safe,Pass
C8370,ISRO-SCL-250127-04,Op-Amp IC,0,9.5,0.76,4.1,12.8,8.0,PASS,Safe,Pass
C8371,ISRO-SCL-250210-06,MOSFET,0,9.3,0.75,7.1,6.2,7.8,PASS,Safe,Pass
C8372,ISRO-SCL-250505-18,Op-Amp IC,0,12.9,1.03,13.0,3.7,11.1,PASS,Safe,Pass
C8373,ISRO-SCL-250106-01,MOSFET,0,16.4,1.31,26.8,33.2,23.9,PASS,Borderline,Pass
C8374,ISRO-SCL-250203-05,Digital Logic IC,0,18.2,1.45,3.3,3.6,9.3,PASS,Safe,Pass
C8375,ISRO-SCL-250127-04,Op-Amp IC,0,15.6,1.25,13.6,4.1,12.5,PASS,Safe,Pass
C8376,ISRO-SCL-250310-10,Voltage Regulator IC,0,100.0,21.86,88.2,100.0,95.3,REJECT,Fail,Pass
C8377,ISRO-SCL-250414-15,Digital Logic IC,0,12.9,1.04,9.3,15.4,12.0,PASS,Safe,Pass
C8378,ISRO-SCL-250217-07,Op-Amp IC,0,12.8,1.03,12.3,9.9,12.0,PASS,Safe,Pass
C8379,ISRO-SCL-250106-01,MOSFET,0,17.9,1.43,15.6,10.5,15.5,PASS,Safe,Pass
C8380,ISRO-SCL-250331-13,Voltage Regulator IC,0,9.6,0.76,10.1,27.2,13.3,PASS,Borderline,Pass
C8381,ISRO-SCL-250217-07,Op-Amp IC,1,6.6,0.53,1.5,7.2,85.0,REJECT,Fail,Fail
C8382,ISRO-SCL-250106-01,MOSFET,0,13.6,1.09,9.6,8.9,11.0,PASS,Safe,Pass
C8383,ISRO-SCL-250324-12,Op-Amp IC,0,12.6,1.01,1.6,13.0,8.3,PASS,Safe,Pass
C8384,ISRO-SCL-250414-15,Digital Logic IC,0,6.8,0.54,4.1,10.4,6.5,PASS,Safe,Pass
C8385,ISRO-SCL-250414-15,Digital Logic IC,1,74.4,5.95,85.3,82.6,85.0,REJECT,Fail,Fail
C8386,ISRO-SCL-250421-16,MOSFET,0,13.8,1.1,4.7,1.2,7.6,PASS,Safe,Pass
C8387,ISRO-SCL-250303-09,Voltage Regulator IC,0,12.0,0.96,6.1,13.1,9.9,PASS,Safe,Pass
C8388,ISRO-SCL-250113-02,MOSFET,0,15.5,1.24,13.0,4.5,12.3,PASS,Safe,Pass
C8389,ISRO-SCL-250217-07,Op-Amp IC,0,15.0,1.2,20.3,7.7,15.6,PASS,Safe,Pass
C8390,ISRO-SCL-250421-16,MOSFET,0,14.1,1.12,3.7,7.9,8.7,PASS,Safe,Pass
C8391,ISRO-SCL-250217-07,Op-Amp IC,0,22.7,1.82,33.4,15.7,25.6,PASS,Fail,Pass
C8392,ISRO-SCL-250113-02,MOSFET,1,100.0,8.92,20.4,34.7,85.0,REJECT,Borderline,Fail
C8393,ISRO-SCL-250224-08,MOSFET,0,14.5,1.16,9.4,35.5,16.7,PASS,Safe,Pass
C8394,ISRO-SCL-250414-15,Digital Logic IC,0,16.9,1.35,21.1,3.7,15.9,PASS,Safe,Pass
C8395,ISRO-SCL-250210-06,MOSFET,0,42.2,3.37,36.7,21.5,35.8,MONITOR,Fail,Pass
C8396,ISRO-SCL-250217-07,Op-Amp IC,0,17.8,1.42,29.5,28.1,24.5,PASS,Borderline,Pass
C8397,ISRO-SCL-250519-20,Voltage Regulator IC,0,15.2,1.21,15.0,8.1,13.7,PASS,Safe,Pass
C8398,ISRO-SCL-250127-04,Op-Amp IC,1,15.2,1.22,35.2,1.0,85.0,REJECT,Safe,Fail
C8399,ISRO-SCL-250113-02,MOSFET,0,15.9,1.27,29.0,45.3,27.0,PASS,Borderline,Pass
C8400,ISRO-SCL-250224-08,MOSFET,0,22.0,1.76,20.8,16.9,20.5,PASS,Safe,Pass
C8401,ISRO-SCL-250407-14,MOSFET,0,49.7,3.97,44.9,47.7,47.4,MONITOR,Fail,Pass
C8402,ISRO-SCL-250324-12,Op-Amp IC,0,16.7,1.34,49.8,7.8,28.2,PASS,Safe,Pass
C8403,ISRO-SCL-250414-15,Digital Logic IC,0,17.8,1.42,24.4,13.5,19.6,PASS,Borderline,Pass
C8404,ISRO-SCL-250127-04,Op-Amp IC,0,15.2,1.22,24.5,1.5,16.2,PASS,Safe,Pass
C8405,ISRO-SCL-250210-06,MOSFET,0,20.7,1.66,17.0,11.9,17.5,PASS,Safe,Pass
C8406,ISRO-SCL-250519-20,Voltage Regulator IC,0,31.3,2.51,15.6,21.2,23.0,PASS,Borderline,Pass
C8407,ISRO-SCL-250224-08,MOSFET,0,14.1,1.13,24.9,5.1,16.6,PASS,Safe,Pass
C8408,ISRO-SCL-250303-09,Voltage Regulator IC,0,47.6,3.81,23.2,28.9,34.1,MONITOR,Fail,Pass
C8409,ISRO-SCL-250203-05,Digital Logic IC,0,16.6,1.33,28.5,11.8,20.4,PASS,Borderline,Pass
C8410,ISRO-SCL-250414-15,Digital Logic IC,1,18.3,1.46,19.9,9.9,85.0,REJECT,Safe,Fail
C8411,ISRO-SCL-250324-12,Op-Amp IC,0,17.3,1.39,13.1,35.5,19.2,PASS,Fail,Pass
C8412,ISRO-SCL-250203-05,Digital Logic IC,0,10.5,0.84,5.2,1.7,6.6,PASS,Safe,Pass
C8413,ISRO-SCL-250120-03,Op-Amp IC,0,19.7,1.57,19.8,26.3,21.0,PASS,Fail,Pass
C8414,ISRO-SCL-250113-02,MOSFET,1,17.1,1.37,22.1,7.1,85.0,REJECT,Safe,Fail
C8415,ISRO-SCL-250217-07,Op-Amp IC,0,10.9,0.87,15.5,8.2,12.2,PASS,Safe,Pass
C8416,ISRO-SCL-250505-18,Op-Amp IC,0,11.5,0.92,7.3,2.9,8.1,PASS,Safe,Pass
C8417,ISRO-SCL-250113-02,MOSFET,0,11.2,0.9,5.4,3.2,7.3,PASS,Safe,Pass
C8418,ISRO-SCL-250113-02,MOSFET,0,13.6,1.09,9.0,19.5,12.9,PASS,Safe,Pass
C8419,ISRO-SCL-250203-05,Digital Logic IC,0,42.2,3.37,29.0,28.5,34.2,MONITOR,Borderline,Pass
C8420,ISRO-SCL-250210-06,MOSFET,0,64.4,5.15,20.3,31.1,40.1,MONITOR,Borderline,Pass
C8421,ISRO-SCL-250217-07,Op-Amp IC,0,16.9,1.35,6.9,13.1,12.2,PASS,Safe,Pass
C8422,ISRO-SCL-250324-12,Op-Amp IC,0,17.5,1.4,21.6,3.6,16.4,PASS,Safe,Pass
C8423,ISRO-SCL-250505-18,Op-Amp IC,0,28.5,2.28,11.7,15.8,19.2,PASS,Safe,Pass
C8424,ISRO-SCL-250331-13,Voltage Regulator IC,0,16.7,1.34,18.0,4.0,14.7,PASS,Safe,Pass
C8425,ISRO-SCL-250331-13,Voltage Regulator IC,0,13.3,1.06,7.2,25.2,13.2,PASS,Fail,Pass
C8426,ISRO-SCL-250310-10,Voltage Regulator IC,0,18.3,1.46,13.1,9.2,14.4,PASS,Safe,Pass
C8427,ISRO-SCL-250331-13,Voltage Regulator IC,0,19.3,1.54,9.6,13.4,14.2,PASS,Safe,Pass
C8428,ISRO-SCL-250203-05,Digital Logic IC,0,33.7,2.7,38.7,21.3,33.2,MONITOR,Borderline,Pass
C8429,ISRO-SCL-250113-02,MOSFET,0,51.1,4.09,10.4,28.5,30.3,MONITOR,Borderline,Pass
C8430,ISRO-SCL-250217-07,Op-Amp IC,0,19.3,1.54,10.6,12.0,14.4,PASS,Safe,Pass
C8431,ISRO-SCL-250414-15,Digital Logic IC,0,22.1,1.77,46.1,16.3,30.5,MONITOR,Fail,Pass
C8432,ISRO-SCL-250428-17,Voltage Regulator IC,0,17.0,1.36,14.2,13.2,15.1,PASS,Safe,Pass
C8433,ISRO-SCL-250224-08,MOSFET,0,24.1,1.93,5.4,26.9,17.2,PASS,Borderline,Pass
C8434,ISRO-SCL-250127-04,Op-Amp IC,0,17.9,1.43,20.6,19.5,19.3,PASS,Fail,Pass
C8435,ISRO-SCL-250203-05,Digital Logic IC,0,13.5,1.08,12.8,1.7,10.9,PASS,Safe,Pass
C8436,ISRO-SCL-250407-14,MOSFET,0,100.0,180.09,100.0,87.7,97.5,REJECT,Safe,Pass
C8437,ISRO-SCL-250217-07,Op-Amp IC,0,15.3,1.22,4.2,6.4,9.1,PASS,Safe,Pass
C8438,ISRO-SCL-250203-05,Digital Logic IC,0,14.6,1.17,21.0,13.0,16.9,PASS,Safe,Pass
C8439,ISRO-SCL-250224-08,MOSFET,0,48.6,3.89,36.8,97.5,53.7,MONITOR,Borderline,Pass
C8440,ISRO-SCL-250421-16,MOSFET,0,9.3,0.74,9.1,5.4,8.4,PASS,Safe,Pass
C8441,ISRO-SCL-250331-13,Voltage Regulator IC,0,11.7,0.93,9.1,5.2,9.3,PASS,Safe,Pass
C8442,ISRO-SCL-250324-12,Op-Amp IC,0,14.8,1.18,7.2,9.3,10.7,PASS,Safe,Pass
C8443,ISRO-SCL-250519-20,Voltage Regulator IC,0,9.6,0.77,4.0,27.9,11.0,PASS,Borderline,Pass
C8444,ISRO-SCL-250407-14,MOSFET,0,11.2,0.9,1.4,23.0,9.7,PASS,Borderline,Pass
C8445,ISRO-SCL-250310-10,Voltage Regulator IC,0,14.2,1.13,5.4,11.2,10.1,PASS,Safe,Pass
C8446,ISRO-SCL-250210-06,MOSFET,0,21.1,1.69,11.3,6.8,14.3,PASS,Safe,Pass
C8447,ISRO-SCL-250203-05,Digital Logic IC,0,27.0,2.16,7.4,10.9,15.9,PASS,Safe,Pass
C8448,ISRO-SCL-250310-10,Voltage Regulator IC,0,13.1,1.05,8.8,9.0,10.5,PASS,Safe,Pass
C8449,ISRO-SCL-250505-18,Op-Amp IC,0,14.4,1.15,5.4,8.2,9.6,PASS,Safe,Pass
C8450,ISRO-SCL-250127-04,Op-Amp IC,0,12.9,1.03,32.6,42.2,26.6,PASS,Borderline,Pass
C8451,ISRO-SCL-250203-05,Digital Logic IC,0,15.7,1.25,19.0,6.1,15.1,PASS,Safe,Pass
C8452,ISRO-SCL-250331-13,Voltage Regulator IC,1,24.1,1.93,37.1,10.1,85.0,REJECT,Fail,Fail
C8453,ISRO-SCL-250106-01,MOSFET,0,19.4,1.55,21.2,20.5,20.4,PASS,Borderline,Pass
C8454,ISRO-SCL-250303-09,Voltage Regulator IC,0,17.5,1.4,7.2,18.4,13.5,PASS,Safe,Pass
C8455,ISRO-SCL-250414-15,Digital Logic IC,1,9.5,0.76,7.4,8.4,85.0,REJECT,Fail,Fail
C8456,ISRO-SCL-250512-19,Op-Amp IC,0,8.0,0.64,5.0,11.2,7.4,PASS,Safe,Pass
C8457,ISRO-SCL-250414-15,Digital Logic IC,0,15.5,1.24,13.4,15.2,14.6,PASS,Safe,Pass
C8458,ISRO-SCL-250331-13,Voltage Regulator IC,0,14.5,1.16,13.3,21.2,15.3,PASS,Borderline,Pass
C8459,ISRO-SCL-250210-06,MOSFET,0,15.5,1.24,24.9,0.5,16.3,PASS,Safe,Pass
C8460,ISRO-SCL-250331-13,Voltage Regulator IC,0,21.4,1.71,4.8,20.9,14.6,PASS,Borderline,Pass
C8461,ISRO-SCL-250317-11,Voltage Regulator IC,0,13.4,1.07,17.6,26.7,17.7,PASS,Borderline,Pass
C8462,ISRO-SCL-250217-07,Op-Amp IC,0,32.5,2.6,23.7,14.3,25.3,PASS,Safe,Pass
C8463,ISRO-SCL-250428-17,Voltage Regulator IC,0,14.5,1.16,6.6,0.3,8.5,PASS,Safe,Pass
C8464,ISRO-SCL-250407-14,MOSFET,0,16.6,1.33,27.5,8.8,19.4,PASS,Safe,Pass
C8465,ISRO-SCL-250310-10,Voltage Regulator IC,0,18.3,1.46,36.1,29.3,27.6,PASS,Safe,Pass
C8466,ISRO-SCL-250127-04,Op-Amp IC,0,12.6,1.01,6.1,3.8,8.3,PASS,Safe,Pass
C8467,ISRO-SCL-250203-05,Digital Logic IC,0,11.9,0.95,9.3,9.3,10.3,PASS,Safe,Pass
C8468,ISRO-SCL-250505-18,Op-Amp IC,0,11.5,0.92,7.1,10.0,9.4,PASS,Safe,Pass
C8469,ISRO-SCL-250224-08,MOSFET,0,100.0,235.4,100.0,98.1,99.6,REJECT,Safe,Pass
C8470,ISRO-SCL-250407-14,MOSFET,1,25.3,2.02,39.2,10.8,85.0,REJECT,Fail,Fail
C8471,ISRO-SCL-250414-15,Digital Logic IC,1,42.2,3.37,52.5,19.9,85.0,REJECT,Fail,Fail
C8472,ISRO-SCL-250106-01,MOSFET,1,13.8,1.1,14.0,11.3,85.0,REJECT,Safe,Fail
C8473,ISRO-SCL-250127-04,Op-Amp IC,0,16.9,1.35,26.1,9.5,19.1,PASS,Borderline,Pass
C8474,ISRO-SCL-250120-03,Op-Amp IC,0,44.0,3.52,40.0,30.5,39.7,MONITOR,Fail,Pass
C8475,ISRO-SCL-250120-03,Op-Amp IC,0,100.0,10.04,61.2,21.3,68.8,HOLD,Fail,Pass
C8476,ISRO-SCL-250217-07,Op-Amp IC,0,19.6,1.57,13.2,5.1,14.2,PASS,Safe,Pass
C8477,ISRO-SCL-250217-07,Op-Amp IC,0,25.3,2.02,21.2,19.4,22.5,PASS,Borderline,Pass
C8478,ISRO-SCL-250203-05,Digital Logic IC,0,17.6,1.41,23.5,9.8,18.4,PASS,Safe,Pass
C8479,ISRO-SCL-250505-18,Op-Amp IC,0,48.6,3.89,25.1,20.9,33.7,MONITOR,Safe,Pass
C8480,ISRO-SCL-250407-14,MOSFET,0,18.1,1.45,33.5,28.8,26.4,PASS,Borderline,Pass
C8481,ISRO-SCL-250113-02,MOSFET,0,19.7,1.57,16.2,7.7,15.9,PASS,Safe,Pass
C8482,ISRO-SCL-250224-08,MOSFET,0,16.1,1.29,7.8,11.6,11.9,PASS,Safe,Pass
C8483,ISRO-SCL-250127-04,Op-Amp IC,1,52.5,4.2,37.7,51.2,85.0,REJECT,Fail,Fail
C8484,ISRO-SCL-250310-10,Voltage Regulator IC,0,30.1,2.41,25.6,22.7,26.8,PASS,Borderline,Pass
C8485,ISRO-SCL-250217-07,Op-Amp IC,0,14.9,1.19,27.5,16.9,20.3,PASS,Safe,Pass
C8486,ISRO-SCL-250113-02,MOSFET,0,56.1,4.49,14.9,28.1,34.0,MONITOR,Borderline,Pass
C8487,ISRO-SCL-250127-04,Op-Amp IC,1,12.7,1.02,9.8,9.0,85.0,REJECT,Safe,Fail
C8488,ISRO-SCL-250310-10,Voltage Regulator IC,0,23.5,1.88,17.0,8.6,17.9,PASS,Safe,Pass
C8489,ISRO-SCL-250210-06,MOSFET,0,10.9,0.87,12.9,4.9,10.5,PASS,Safe,Pass
C8490,ISRO-SCL-250414-15,Digital Logic IC,0,58.0,4.64,80.5,96.9,74.8,HOLD,Fail,Pass
C8491,ISRO-SCL-250310-10,Voltage Regulator IC,0,13.9,1.11,9.4,9.4,11.2,PASS,Safe,Pass
C8492,ISRO-SCL-250113-02,MOSFET,0,18.3,1.46,18.2,18.2,18.2,PASS,Safe,Pass
C8493,ISRO-SCL-250519-20,Voltage Regulator IC,0,16.3,1.3,4.2,14.7,11.1,PASS,Safe,Pass
C8494,ISRO-SCL-250414-15,Digital Logic IC,0,14.4,1.15,18.7,14.3,16.1,PASS,Safe,Pass
C8495,ISRO-SCL-250421-16,MOSFET,0,14.6,1.17,6.0,17.9,11.8,PASS,Safe,Pass
C8496,ISRO-SCL-250113-02,MOSFET,0,13.4,1.07,6.5,13.0,10.5,PASS,Safe,Pass
C8497,ISRO-SCL-250519-20,Voltage Regulator IC,0,17.4,1.39,18.9,15.4,17.6,PASS,Borderline,Pass
C8498,ISRO-SCL-250310-10,Voltage Regulator IC,0,8.0,0.64,3.5,23.2,9.2,PASS,Safe,Pass
C8499,ISRO-SCL-250407-14,MOSFET,1,61.8,4.95,52.3,65.1,85.0,REJECT,Fail,Fail
C8500,ISRO-SCL-250421-16,MOSFET,0,31.1,2.48,24.1,17.2,25.5,PASS,Borderline,Pass
C8501,ISRO-SCL-250210-06,MOSFET,0,19.7,1.57,3.8,13.4,12.1,PASS,Safe,Pass
C8502,ISRO-SCL-250331-13,Voltage Regulator IC,0,16.1,1.29,8.8,11.3,12.2,PASS,Safe,Pass
C8503,ISRO-SCL-250428-17,Voltage Regulator IC,0,49.4,3.95,37.4,24.3,39.6,MONITOR,Fail,Pass
C8504,ISRO-SCL-250224-08,MOSFET,0,26.3,2.1,15.2,13.9,19.4,PASS,Safe,Pass
C8505,ISRO-SCL-250113-02,MOSFET,0,28.1,2.25,15.2,8.8,19.1,PASS,Safe,Pass
C8506,ISRO-SCL-250113-02,MOSFET,0,11.5,0.92,3.9,4.8,7.1,PASS,Safe,Pass
C8507,ISRO-SCL-250217-07,Op-Amp IC,0,100.0,9.92,42.1,11.5,59.2,MONITOR,Safe,Pass
C8508,ISRO-SCL-250203-05,Digital Logic IC,1,10.5,0.84,5.0,2.3,85.0,REJECT,Fail,Fail
C8509,ISRO-SCL-250414-15,Digital Logic IC,0,10.1,0.81,5.9,3.9,7.2,PASS,Safe,Pass
C8510,ISRO-SCL-250210-06,MOSFET,0,14.6,1.17,10.3,5.8,11.1,PASS,Safe,Pass
C8511,ISRO-SCL-250421-16,MOSFET,0,16.2,1.3,7.0,1.8,9.6,PASS,Safe,Pass
C8512,ISRO-SCL-250127-04,Op-Amp IC,0,8.5,0.68,8.2,10.7,8.8,PASS,Safe,Pass
C8513,ISRO-SCL-250512-19,Op-Amp IC,1,16.3,1.31,37.1,0.8,85.0,REJECT,Safe,Fail
C8514,ISRO-SCL-250421-16,MOSFET,0,40.2,3.22,32.8,29.4,35.1,MONITOR,Borderline,Pass
C8515,ISRO-SCL-250414-15,Digital Logic IC,0,16.8,1.34,15.1,17.0,16.2,PASS,Borderline,Pass
C8516,ISRO-SCL-250113-02,MOSFET,0,14.3,1.14,14.8,5.9,12.8,PASS,Safe,Pass
C8517,ISRO-SCL-250310-10,Voltage Regulator IC,0,10.5,0.84,12.0,2.9,9.6,PASS,Safe,Pass
C8518,ISRO-SCL-250210-06,MOSFET,0,16.4,1.31,1.8,6.3,8.5,PASS,Safe,Pass
C8519,ISRO-SCL-250407-14,MOSFET,0,24.3,1.94,20.5,27.6,23.5,PASS,Borderline,Pass
C8520,ISRO-SCL-250407-14,MOSFET,0,14.5,1.16,13.4,15.9,14.3,PASS,Borderline,Pass
C8521,ISRO-SCL-250310-10,Voltage Regulator IC,0,13.4,1.07,11.5,6.4,11.2,PASS,Safe,Pass
C8522,ISRO-SCL-250303-09,Voltage Regulator IC,0,20.8,1.66,33.4,9.8,23.6,PASS,Safe,Pass
C8523,ISRO-SCL-250317-11,Voltage Regulator IC,0,11.2,0.9,1.4,19.1,8.9,PASS,Borderline,Pass
C8524,ISRO-SCL-250106-01,MOSFET,1,15.8,1.26,22.7,4.8,85.0,REJECT,Safe,Fail
C8525,ISRO-SCL-250106-01,MOSFET,0,15.3,1.22,10.8,7.9,12.0,PASS,Safe,Pass
C8526,ISRO-SCL-250519-20,Voltage Regulator IC,0,12.5,1.0,10.8,12.1,11.7,PASS,Safe,Pass
C8527,ISRO-SCL-250519-20,Voltage Regulator IC,0,13.2,1.06,8.7,8.4,10.5,PASS,Safe,Pass
C8528,ISRO-SCL-250303-09,Voltage Regulator IC,0,12.9,1.04,2.7,6.7,7.6,PASS,Safe,Pass
C8529,ISRO-SCL-250505-18,Op-Amp IC,0,19.3,1.55,5.3,17.6,13.4,PASS,Safe,Pass
C8530,ISRO-SCL-250224-08,MOSFET,0,14.0,1.12,1.4,6.4,7.4,PASS,Safe,Pass
C8531,ISRO-SCL-250407-14,MOSFET,0,15.1,1.21,13.0,20.0,15.3,PASS,Borderline,Pass
C8532,ISRO-SCL-250113-02,MOSFET,1,100.0,30.29,75.2,100.0,90.1,REJECT,Safe,Fail
C8533,ISRO-SCL-250505-18,Op-Amp IC,0,18.4,1.47,10.8,7.2,13.1,PASS,Safe,Pass
C8534,ISRO-SCL-250324-12,Op-Amp IC,1,35.7,2.85,46.7,38.5,85.0,REJECT,Fail,Fail
C8535,ISRO-SCL-250113-02,MOSFET,0,25.3,2.02,16.4,16.9,20.0,PASS,Safe,Pass
C8536,ISRO-SCL-250421-16,MOSFET,0,14.4,1.15,3.7,19.8,11.2,PASS,Safe,Pass
C8537,ISRO-SCL-250113-02,MOSFET,0,52.0,4.16,22.1,29.1,35.5,MONITOR,Fail,Pass
C8538,ISRO-SCL-250310-10,Voltage Regulator IC,0,12.2,0.98,6.0,9.5,9.2,PASS,Safe,Pass
C8539,ISRO-SCL-250505-18,Op-Amp IC,0,61.0,4.88,15.8,21.8,35.1,MONITOR,Safe,Pass
C8540,ISRO-SCL-250127-04,Op-Amp IC,1,100.0,8.52,73.9,36.9,85.0,REJECT,Fail,Fail
C8541,ISRO-SCL-250113-02,MOSFET,0,15.3,1.23,24.8,19.7,20.0,PASS,Safe,Pass
C8542,ISRO-SCL-250203-05,Digital Logic IC,0,24.2,1.93,8.0,10.8,15.0,PASS,Safe,Pass
C8543,ISRO-SCL-250210-06,MOSFET,0,21.1,1.69,21.5,7.7,18.6,PASS,Safe,Pass
C8544,ISRO-SCL-250127-04,Op-Amp IC,0,16.1,1.29,17.2,28.5,19.0,PASS,Borderline,Pass
C8545,ISRO-SCL-250113-02,MOSFET,0,41.6,3.32,24.8,13.4,29.2,PASS,Borderline,Pass
C8546,ISRO-SCL-250421-16,MOSFET,0,16.7,1.34,11.5,0.8,11.5,PASS,Safe,Pass
C8547,ISRO-SCL-250310-10,Voltage Regulator IC,0,12.8,1.03,4.2,5.7,7.9,PASS,Safe,Pass
C8548,ISRO-SCL-250127-04,Op-Amp IC,0,16.9,1.35,18.3,16.3,17.3,PASS,Borderline,Pass
C8549,ISRO-SCL-250421-16,MOSFET,0,20.1,1.61,8.5,18.7,15.2,PASS,Safe,Pass
C8550,ISRO-SCL-250210-06,MOSFET,0,7.9,0.63,7.2,6.9,7.4,PASS,Safe,Pass
C8551,ISRO-SCL-250127-04,Op-Amp IC,0,17.7,1.42,22.3,16.0,19.2,PASS,Safe,Pass
C8552,ISRO-SCL-250407-14,MOSFET,0,100.0,8.62,52.2,22.3,65.4,HOLD,Borderline,Pass
C8553,ISRO-SCL-250407-14,MOSFET,0,28.4,2.27,17.9,35.7,25.6,PASS,Fail,Pass
C8554,ISRO-SCL-250421-16,MOSFET,0,14.0,1.12,23.3,5.0,15.9,PASS,Safe,Pass
C8555,ISRO-SCL-250331-13,Voltage Regulator IC,1,98.2,7.86,70.0,57.6,85.0,REJECT,Fail,Fail
C8556,ISRO-SCL-250203-05,Digital Logic IC,0,14.5,1.16,8.4,6.7,10.5,PASS,Safe,Pass
C8557,ISRO-SCL-250407-14,MOSFET,0,12.1,0.97,6.5,11.2,9.7,PASS,Safe,Pass
C8558,ISRO-SCL-250331-13,Voltage Regulator IC,0,14.0,1.12,3.1,12.3,9.3,PASS,Safe,Pass
C8559,ISRO-SCL-250331-13,Voltage Regulator IC,0,30.7,2.46,10.2,16.1,19.6,PASS,Safe,Pass
C8560,ISRO-SCL-250310-10,Voltage Regulator IC,0,100.0,231.24,100.0,99.8,100.0,REJECT,Safe,Pass
C8561,ISRO-SCL-250203-05,Digital Logic IC,0,14.5,1.16,6.2,1.5,8.6,PASS,Safe,Pass
C8562,ISRO-SCL-250519-20,Voltage Regulator IC,0,8.4,0.67,2.6,8.5,6.1,PASS,Fail,Pass
C8563,ISRO-SCL-250407-14,MOSFET,1,25.3,2.02,46.1,49.8,85.0,REJECT,Fail,Fail
C8564,ISRO-SCL-250203-05,Digital Logic IC,0,29.2,2.34,31.8,0.8,24.6,PASS,Safe,Pass
C8565,ISRO-SCL-250421-16,MOSFET,0,18.3,1.46,8.0,11.2,12.8,PASS,Safe,Pass
C8566,ISRO-SCL-250317-11,Voltage Regulator IC,0,16.9,1.35,9.7,10.7,12.8,PASS,Safe,Pass
C8567,ISRO-SCL-250120-03,Op-Amp IC,0,17.8,1.42,12.3,6.2,13.3,PASS,Safe,Pass
C8568,ISRO-SCL-250414-15,Digital Logic IC,1,100.0,9.61,88.2,42.2,85.0,REJECT,Fail,Fail
C8569,ISRO-SCL-250414-15,Digital Logic IC,0,80.9,6.47,35.6,4.7,47.6,MONITOR,Safe,Pass
C8570,ISRO-SCL-250210-06,MOSFET,0,27.8,2.23,14.2,17.8,20.4,PASS,Safe,Pass
C8571,ISRO-SCL-250414-15,Digital Logic IC,0,11.7,0.93,13.6,7.1,11.5,PASS,Safe,Pass
C8572,ISRO-SCL-250127-04,Op-Amp IC,1,62.1,4.97,55.3,40.1,85.0,REJECT,Fail,Fail
C8573,ISRO-SCL-250331-13,Voltage Regulator IC,0,16.3,1.3,22.8,14.1,18.5,PASS,Safe,Pass
C8574,ISRO-SCL-250505-18,Op-Amp IC,0,42.6,3.4,10.3,23.4,25.8,PASS,Borderline,Pass
C8575,ISRO-SCL-250113-02,MOSFET,0,12.2,0.97,15.9,21.1,15.5,PASS,Safe,Pass
C8576,ISRO-SCL-250407-14,MOSFET,1,19.3,1.54,15.5,14.7,85.0,REJECT,Fail,Fail
C8577,ISRO-SCL-250505-18,Op-Amp IC,0,18.5,1.48,21.4,2.8,16.5,PASS,Safe,Pass
C8578,ISRO-SCL-250203-05,Digital Logic IC,0,100.0,8.26,33.4,9.9,55.3,MONITOR,Safe,Pass
C8579,ISRO-SCL-250113-02,MOSFET,0,19.7,1.57,12.2,17.5,16.2,PASS,Safe,Pass
C8580,ISRO-SCL-250421-16,MOSFET,0,16.2,1.3,18.9,11.4,16.3,PASS,Safe,Pass
C8581,ISRO-SCL-250217-07,Op-Amp IC,1,17.2,1.38,35.7,10.2,85.0,REJECT,Safe,Fail
C8582,ISRO-SCL-250113-02,MOSFET,1,18.3,1.46,17.7,15.8,85.0,REJECT,Safe,Fail
C8583,ISRO-SCL-250505-18,Op-Amp IC,0,21.9,1.75,15.5,7.2,16.4,PASS,Safe,Pass
C8584,ISRO-SCL-250113-02,MOSFET,0,20.2,1.61,13.7,12.1,16.0,PASS,Safe,Pass
C8585,ISRO-SCL-250414-15,Digital Logic IC,0,14.6,1.17,9.2,7.3,11.0,PASS,Safe,Pass
C8586,ISRO-SCL-250331-13,Voltage Regulator IC,0,15.8,1.26,10.0,12.4,12.8,PASS,Safe,Pass
C8587,ISRO-SCL-250203-05,Digital Logic IC,0,12.6,1.01,17.3,5.2,13.0,PASS,Fail,Pass
C8588,ISRO-SCL-250113-02,MOSFET,0,12.8,1.02,13.7,1.2,10.8,PASS,Safe,Pass
C8589,ISRO-SCL-250407-14,MOSFET,0,11.9,0.95,9.1,4.7,9.3,PASS,Safe,Pass
C8590,ISRO-SCL-250407-14,MOSFET,0,24.4,1.95,36.1,21.0,28.4,PASS,Fail,Pass
C8591,ISRO-SCL-250414-15,Digital Logic IC,0,9.2,0.74,6.6,12.1,8.7,PASS,Safe,Pass
C8592,ISRO-SCL-250224-08,MOSFET,0,29.8,2.38,30.5,24.7,29.1,PASS,Borderline,Pass
C8593,ISRO-SCL-250120-03,Op-Amp IC,0,37.8,3.02,30.7,27.3,32.9,MONITOR,Borderline,Pass
C8594,ISRO-SCL-250324-12,Op-Amp IC,0,100.0,129.71,100.0,51.9,90.4,REJECT,Borderline,Pass
C8595,ISRO-SCL-250217-07,Op-Amp IC,0,11.5,0.92,15.2,9.3,12.5,PASS,Safe,Pass
C8596,ISRO-SCL-250512-19,Op-Amp IC,1,51.2,4.1,25.0,35.2,85.0,REJECT,Borderline,Fail
C8597,ISRO-SCL-250505-18,Op-Amp IC,1,15.8,1.27,7.1,2.7,85.0,REJECT,Safe,Fail
C8598,ISRO-SCL-250317-11,Voltage Regulator IC,0,100.0,12.74,70.7,100.0,88.3,REJECT,Safe,Pass
C8599,ISRO-SCL-250505-18,Op-Amp IC,0,100.0,18.23,53.5,7.6,62.9,HOLD,Safe,Pass
C8600,ISRO-SCL-250310-10,Voltage Regulator IC,0,29.2,2.34,11.6,15.1,19.3,PASS,Borderline,Pass
C8601,ISRO-SCL-250331-13,Voltage Regulator IC,0,9.6,0.77,1.3,5.4,5.4,PASS,Safe,Pass
C8602,ISRO-SCL-250106-01,MOSFET,1,77.0,6.16,77.8,62.0,85.0,REJECT,Fail,Fail
C8603,ISRO-SCL-250324-12,Op-Amp IC,1,34.9,2.79,37.0,40.7,85.0,REJECT,Fail,Fail
C8604,ISRO-SCL-250113-02,MOSFET,0,14.1,1.12,14.7,1.2,11.8,PASS,Safe,Pass
C8605,ISRO-SCL-250224-08,MOSFET,0,82.9,6.63,32.3,16.6,49.4,MONITOR,Safe,Pass
C8606,ISRO-SCL-250127-04,Op-Amp IC,1,15.5,1.24,20.1,7.5,85.0,REJECT,Safe,Fail
C8607,ISRO-SCL-250224-08,MOSFET,0,15.4,1.23,19.8,0.7,14.2,PASS,Safe,Pass
C8608,ISRO-SCL-250217-07,Op-Amp IC,0,14.7,1.18,14.8,7.7,13.4,PASS,Safe,Pass
C8609,ISRO-SCL-250217-07,Op-Amp IC,0,13.3,1.07,20.0,13.5,16.0,PASS,Safe,Pass
C8610,ISRO-SCL-250428-17,Voltage Regulator IC,0,13.3,1.07,9.7,24.5,14.1,PASS,Borderline,Pass
C8611,ISRO-SCL-250421-16,MOSFET,0,18.1,1.44,22.5,2.2,16.7,PASS,Safe,Pass
C8612,ISRO-SCL-250210-06,MOSFET,0,14.7,1.18,31.9,7.3,20.1,PASS,Safe,Pass
C8613,ISRO-SCL-250310-10,Voltage Regulator IC,0,13.2,1.06,3.8,6.5,8.1,PASS,Safe,Pass
C8614,ISRO-SCL-250113-02,MOSFET,0,10.0,0.8,1.4,8.2,6.2,PASS,Safe,Pass
C8615,ISRO-SCL-250317-11,Voltage Regulator IC,0,75.5,6.04,38.5,12.8,48.1,MONITOR,Safe,Pass
C8616,ISRO-SCL-250512-19,Op-Amp IC,0,17.1,1.37,6.7,25.9,14.7,PASS,Fail,Pass
C8617,ISRO-SCL-250428-17,Voltage Regulator IC,0,12.1,0.97,6.2,13.5,10.0,PASS,Safe,Pass
C8618,ISRO-SCL-250414-15,Digital Logic IC,1,9.1,0.73,6.2,11.9,85.0,REJECT,Fail,Fail
C8619,ISRO-SCL-250217-07,Op-Amp IC,1,14.2,1.13,14.6,14.8,85.0,REJECT,Safe,Fail
C8620,ISRO-SCL-250407-14,MOSFET,0,15.4,1.23,11.3,15.0,13.7,PASS,Safe,Pass
C8621,ISRO-SCL-250317-11,Voltage Regulator IC,0,20.8,1.67,31.0,46.5,30.0,MONITOR,Borderline,Pass
C8622,ISRO-SCL-250106-01,MOSFET,1,100.0,10.79,91.6,76.8,92.0,REJECT,Fail,Fail
C8623,ISRO-SCL-250505-18,Op-Amp IC,0,17.8,1.43,39.1,5.1,23.8,PASS,Safe,Pass
C8624,ISRO-SCL-250324-12,Op-Amp IC,0,15.4,1.23,6.1,33.6,15.3,PASS,Borderline,Pass
C8625,ISRO-SCL-250512-19,Op-Amp IC,1,11.9,0.96,11.0,5.5,85.0,REJECT,Safe,Fail
C8626,ISRO-SCL-250106-01,MOSFET,0,20.5,1.64,14.3,17.1,17.3,PASS,Safe,Pass
C8627,ISRO-SCL-250512-19,Op-Amp IC,0,32.2,2.57,25.7,14.7,26.1,PASS,Fail,Pass
C8628,ISRO-SCL-250203-05,Digital Logic IC,0,17.8,1.42,10.3,9.8,13.2,PASS,Safe,Pass
C8629,ISRO-SCL-250113-02,MOSFET,1,14.8,1.18,13.3,4.1,85.0,REJECT,Safe,Fail
C8630,ISRO-SCL-250331-13,Voltage Regulator IC,1,17.2,1.38,31.9,3.6,85.0,REJECT,Safe,Fail
C8631,ISRO-SCL-250127-04,Op-Amp IC,1,67.9,5.43,36.9,54.7,85.0,REJECT,Fail,Fail
C8632,ISRO-SCL-250428-17,Voltage Regulator IC,0,54.2,4.34,25.1,15.6,34.8,MONITOR,Fail,Pass
C8633,ISRO-SCL-250407-14,MOSFET,1,15.4,1.23,38.2,29.8,85.0,REJECT,Borderline,Fail
C8634,ISRO-SCL-250324-12,Op-Amp IC,1,19.1,1.53,18.5,27.4,85.0,REJECT,Fail,Fail
C8635,ISRO-SCL-250217-07,Op-Amp IC,0,15.9,1.27,11.1,9.6,12.7,PASS,Safe,Pass
C8636,ISRO-SCL-250217-07,Op-Amp IC,0,15.6,1.25,28.4,1.3,17.9,PASS,Safe,Pass
C8637,ISRO-SCL-250113-02,MOSFET,0,21.4,1.72,14.9,11.8,16.9,PASS,Safe,Pass
C8638,ISRO-SCL-250203-05,Digital Logic IC,0,21.9,1.75,29.7,3.3,21.3,PASS,Safe,Pass
C8639,ISRO-SCL-250414-15,Digital Logic IC,0,21.0,1.68,24.1,20.0,22.0,PASS,Safe,Pass
C8640,ISRO-SCL-250127-04,Op-Amp IC,1,15.4,1.23,34.6,12.2,85.0,REJECT,Safe,Fail
C8641,ISRO-SCL-250224-08,MOSFET,0,15.0,1.2,7.5,5.7,10.1,PASS,Safe,Pass
C8642,ISRO-SCL-250428-17,Voltage Regulator IC,0,16.7,1.34,22.2,38.7,23.3,PASS,Fail,Pass
C8643,ISRO-SCL-250217-07,Op-Amp IC,0,18.1,1.45,24.7,8.4,18.8,PASS,Safe,Pass
C8644,ISRO-SCL-250421-16,MOSFET,0,18.4,1.47,12.9,10.4,14.6,PASS,Safe,Pass
C8645,ISRO-SCL-250210-06,MOSFET,0,10.9,0.87,0.5,13.7,7.3,PASS,Safe,Pass
C8646,ISRO-SCL-250127-04,Op-Amp IC,1,14.6,1.17,19.0,16.6,85.0,REJECT,Safe,Fail
C8647,ISRO-SCL-250120-03,Op-Amp IC,0,15.0,1.2,9.7,15.5,13.0,PASS,Safe,Pass
C8648,ISRO-SCL-250310-10,Voltage Regulator IC,1,17.9,1.43,11.8,7.1,85.0,REJECT,Fail,Fail
C8649,ISRO-SCL-250421-16,MOSFET,1,61.1,4.89,47.0,22.5,85.0,REJECT,Fail,Fail
C8650,ISRO-SCL-250224-08,MOSFET,0,14.5,1.16,1.7,10.0,8.5,PASS,Safe,Pass
C8651,ISRO-SCL-250127-04,Op-Amp IC,0,23.8,1.9,30.1,18.2,25.2,PASS,Borderline,Pass
C8652,ISRO-SCL-250519-20,Voltage Regulator IC,0,20.5,1.64,12.1,1.6,13.4,PASS,Safe,Pass
C8653,ISRO-SCL-250428-17,Voltage Regulator IC,1,63.8,5.11,55.5,52.4,85.0,REJECT,Fail,Fail
C8654,ISRO-SCL-250217-07,Op-Amp IC,0,15.7,1.25,8.2,7.9,11.1,PASS,Safe,Pass
C8655,ISRO-SCL-250317-11,Voltage Regulator IC,0,13.9,1.12,7.4,13.3,11.2,PASS,Safe,Pass
C8656,ISRO-SCL-250324-12,Op-Amp IC,1,59.6,4.77,64.7,75.9,85.0,REJECT,Fail,Fail
C8657,ISRO-SCL-250127-04,Op-Amp IC,0,36.9,2.95,46.2,43.1,41.8,MONITOR,Fail,Pass
C8658,ISRO-SCL-250217-07,Op-Amp IC,0,37.3,2.99,14.4,29.1,26.5,PASS,Fail,Pass
C8659,ISRO-SCL-250113-02,MOSFET,0,15.1,1.21,12.7,23.6,15.9,PASS,Borderline,Pass
C8660,ISRO-SCL-250127-04,Op-Amp IC,0,13.9,1.11,2.4,8.3,8.2,PASS,Safe,Pass
C8661,ISRO-SCL-250414-15,Digital Logic IC,0,19.0,1.52,17.2,3.5,15.2,PASS,Safe,Pass
C8662,ISRO-SCL-250303-09,Voltage Regulator IC,0,25.3,2.02,18.6,29.0,23.4,PASS,Borderline,Pass
C8663,ISRO-SCL-250407-14,MOSFET,0,14.7,1.18,8.8,8.6,11.1,PASS,Safe,Pass
C8664,ISRO-SCL-250120-03,Op-Amp IC,0,11.2,0.9,7.9,10.3,9.7,PASS,Safe,Pass
C8665,ISRO-SCL-250407-14,MOSFET,0,16.6,1.33,6.3,15.2,12.2,PASS,Borderline,Pass
C8666,ISRO-SCL-250414-15,Digital Logic IC,0,16.7,1.34,22.5,23.1,20.3,PASS,Borderline,Pass
C8667,ISRO-SCL-250217-07,Op-Amp IC,0,30.1,2.41,35.9,12.2,28.8,PASS,Safe,Pass
C8668,ISRO-SCL-250414-15,Digital Logic IC,1,66.7,5.33,64.2,44.5,85.0,REJECT,Fail,Fail
C8669,ISRO-SCL-250106-01,MOSFET,0,25.4,2.03,19.4,51.0,28.1,PASS,Safe,Pass
C8670,ISRO-SCL-250203-05,Digital Logic IC,1,20.2,1.62,12.2,10.8,85.0,REJECT,Safe,Fail
C8671,ISRO-SCL-250303-09,Voltage Regulator IC,0,13.0,1.04,22.2,12.5,16.6,PASS,Safe,Pass
C8672,ISRO-SCL-250217-07,Op-Amp IC,0,12.1,0.97,6.4,13.8,10.2,PASS,Safe,Pass
C8673,ISRO-SCL-250310-10,Voltage Regulator IC,0,16.4,1.32,18.6,7.5,15.5,PASS,Safe,Pass
C8674,ISRO-SCL-250210-06,MOSFET,0,10.8,0.86,8.3,3.4,8.3,PASS,Safe,Pass
C8675,ISRO-SCL-250127-04,Op-Amp IC,0,31.6,2.53,26.7,32.8,29.9,PASS,Fail,Pass
C8676,ISRO-SCL-250421-16,MOSFET,0,17.1,1.37,15.3,23.1,17.6,PASS,Borderline,Pass
C8677,ISRO-SCL-250421-16,MOSFET,0,33.7,2.7,9.3,12.4,19.7,PASS,Borderline,Pass
C8678,ISRO-SCL-250310-10,Voltage Regulator IC,0,13.7,1.09,22.5,13.6,17.2,PASS,Safe,Pass
C8679,ISRO-SCL-250512-19,Op-Amp IC,0,26.3,2.1,20.5,18.5,22.4,PASS,Borderline,Pass
C8680,ISRO-SCL-250106-01,MOSFET,0,17.3,1.38,34.3,26.2,25.9,PASS,Safe,Pass
C8681,ISRO-SCL-250120-03,Op-Amp IC,0,12.6,1.01,15.2,11.6,13.5,PASS,Safe,Pass
C8682,ISRO-SCL-250421-16,MOSFET,0,18.0,1.44,27.3,9.8,20.1,PASS,Safe,Pass
C8683,ISRO-SCL-250127-04,Op-Amp IC,1,20.0,1.6,22.2,3.9,85.0,REJECT,Safe,Fail
C8684,ISRO-SCL-250113-02,MOSFET,0,33.7,2.7,7.3,16.2,19.6,PASS,Borderline,Pass
C8685,ISRO-SCL-250407-14,MOSFET,0,13.1,1.05,9.2,6.7,10.3,PASS,Safe,Pass
C8686,ISRO-SCL-250210-06,MOSFET,0,14.3,1.15,11.2,0.4,10.3,PASS,Safe,Pass
C8687,ISRO-SCL-250113-02,MOSFET,1,19.7,1.57,17.2,19.2,85.0,REJECT,Safe,Fail
C8688,ISRO-SCL-250421-16,MOSFET,1,21.5,1.72,47.4,1.7,85.0,REJECT,Safe,Fail
C8689,ISRO-SCL-250310-10,Voltage Regulator IC,0,10.3,0.83,8.2,4.1,8.2,PASS,Safe,Pass
C8690,ISRO-SCL-250120-03,Op-Amp IC,0,15.1,1.21,17.4,8.1,14.6,PASS,Safe,Pass
C8691,ISRO-SCL-250414-15,Digital Logic IC,0,13.3,1.06,16.3,7.6,13.4,PASS,Safe,Pass
C8692,ISRO-SCL-250512-19,Op-Amp IC,0,13.3,1.07,24.4,18.9,18.9,PASS,Safe,Pass
C8693,ISRO-SCL-250127-04,Op-Amp IC,0,13.6,1.09,6.1,8.9,9.7,PASS,Safe,Pass
C8694,ISRO-SCL-250421-16,MOSFET,0,16.9,1.35,7.0,2.7,10.1,PASS,Safe,Pass
C8695,ISRO-SCL-250217-07,Op-Amp IC,0,41.0,3.28,28.3,26.9,33.1,MONITOR,Fail,Pass
C8696,ISRO-SCL-250512-19,Op-Amp IC,1,30.5,2.44,21.1,21.7,85.0,REJECT,Fail,Fail
C8697,ISRO-SCL-250331-13,Voltage Regulator IC,0,15.8,1.27,9.1,7.9,11.5,PASS,Safe,Pass
C8698,ISRO-SCL-250407-14,MOSFET,1,16.4,1.31,33.8,19.2,85.0,REJECT,Borderline,Fail
C8699,ISRO-SCL-250217-07,Op-Amp IC,0,11.2,0.9,1.7,9.5,7.1,PASS,Safe,Pass
C8700,ISRO-SCL-250106-01,MOSFET,0,7.6,0.61,5.6,14.7,8.2,PASS,Safe,Pass
C8701,ISRO-SCL-250414-15,Digital Logic IC,0,22.1,1.77,21.2,1.5,17.7,PASS,Safe,Pass
C8702,ISRO-SCL-250310-10,Voltage Regulator IC,0,12.6,1.01,20.8,24.2,18.2,PASS,Borderline,Pass
C8703,ISRO-SCL-250310-10,Voltage Regulator IC,0,16.7,1.33,6.8,7.3,10.9,PASS,Safe,Pass
C8704,ISRO-SCL-250210-06,MOSFET,0,14.1,1.12,22.5,16.1,17.8,PASS,Safe,Pass
C8705,ISRO-SCL-250512-19,Op-Amp IC,1,100.0,8.58,90.0,66.1,89.2,REJECT,Fail,Fail
C8706,ISRO-SCL-250224-08,MOSFET,0,16.9,1.35,5.2,9.5,10.7,PASS,Safe,Pass
C8707,ISRO-SCL-250407-14,MOSFET,1,20.4,1.63,25.1,2.2,85.0,REJECT,Safe,Fail
C8708,ISRO-SCL-250113-02,MOSFET,1,14.8,1.19,11.7,6.7,85.0,REJECT,Safe,Fail
C8709,ISRO-SCL-250414-15,Digital Logic IC,0,9.8,0.79,4.9,9.3,7.8,PASS,Safe,Pass
C8710,ISRO-SCL-250203-05,Digital Logic IC,0,14.2,1.14,10.8,14.2,12.9,PASS,Safe,Pass
C8711,ISRO-SCL-250120-03,Op-Amp IC,0,15.1,1.21,20.8,3.5,15.1,PASS,Safe,Pass
C8712,ISRO-SCL-250324-12,Op-Amp IC,0,22.4,1.79,29.8,11.7,23.2,PASS,Safe,Pass
C8713,ISRO-SCL-250512-19,Op-Amp IC,0,13.1,1.05,5.1,2.4,7.8,PASS,Safe,Pass
C8714,ISRO-SCL-250407-14,MOSFET,0,14.7,1.18,11.6,11.8,12.9,PASS,Safe,Pass
C8715,ISRO-SCL-250217-07,Op-Amp IC,0,17.0,1.36,1.4,13.4,10.1,PASS,Safe,Pass
C8716,ISRO-SCL-250224-08,MOSFET,0,25.3,2.02,17.8,10.2,19.3,PASS,Safe,Pass
C8717,ISRO-SCL-250210-06,MOSFET,0,18.3,1.46,3.9,5.9,10.0,PASS,Safe,Pass
C8718,ISRO-SCL-250203-05,Digital Logic IC,0,18.7,1.5,18.0,4.1,15.5,PASS,Safe,Pass
C8719,ISRO-SCL-250407-14,MOSFET,1,64.6,5.17,55.2,56.2,85.0,REJECT,Fail,Fail
C8720,ISRO-SCL-250519-20,Voltage Regulator IC,0,13.7,1.09,7.4,13.5,11.1,PASS,Safe,Pass
C8721,ISRO-SCL-250127-04,Op-Amp IC,0,100.0,196.02,100.0,89.9,98.0,REJECT,Safe,Pass
C8722,ISRO-SCL-250331-13,Voltage Regulator IC,0,16.9,1.35,8.2,34.2,16.9,PASS,Borderline,Pass
C8723,ISRO-SCL-250331-13,Voltage Regulator IC,1,16.8,1.34,34.3,21.8,85.0,REJECT,Safe,Fail
C8724,ISRO-SCL-250203-05,Digital Logic IC,0,10.1,0.81,8.5,3.4,8.1,PASS,Safe,Pass
C8725,ISRO-SCL-250217-07,Op-Amp IC,1,40.6,3.25,34.9,30.4,85.0,REJECT,Fail,Fail
C8726,ISRO-SCL-250224-08,MOSFET,0,21.0,1.68,12.7,13.4,16.2,PASS,Borderline,Pass
C8727,ISRO-SCL-250519-20,Voltage Regulator IC,0,13.2,1.06,7.9,21.3,12.7,PASS,Safe,Pass
C8728,ISRO-SCL-250113-02,MOSFET,0,13.5,1.08,6.3,10.2,10.0,PASS,Safe,Pass
C8729,ISRO-SCL-250407-14,MOSFET,0,9.3,0.74,3.4,24.1,9.9,PASS,Borderline,Pass
C8730,ISRO-SCL-250519-20,Voltage Regulator IC,0,12.0,0.96,4.7,7.1,8.1,PASS,Safe,Pass
C8731,ISRO-SCL-250407-14,MOSFET,0,10.0,0.8,1.7,7.0,6.1,PASS,Safe,Pass
C8732,ISRO-SCL-250310-10,Voltage Regulator IC,0,13.2,1.05,15.8,3.8,12.3,PASS,Safe,Pass
C8733,ISRO-SCL-250512-19,Op-Amp IC,0,44.1,3.53,26.0,26.8,33.4,MONITOR,Borderline,Pass
C8734,ISRO-SCL-250127-04,Op-Amp IC,0,15.1,1.2,2.9,12.1,9.6,PASS,Safe,Pass
C8735,ISRO-SCL-250217-07,Op-Amp IC,0,62.6,5.01,40.6,26.9,46.7,MONITOR,Fail,Pass
C8736,ISRO-SCL-250217-07,Op-Amp IC,0,10.9,0.87,6.1,13.4,9.5,PASS,Safe,Pass
C8737,ISRO-SCL-250217-07,Op-Amp IC,0,30.6,2.45,12.3,24.8,22.1,PASS,Fail,Pass
C8738,ISRO-SCL-250113-02,MOSFET,0,13.1,1.04,10.6,30.0,15.5,PASS,Borderline,Pass
C8739,ISRO-SCL-250519-20,Voltage Regulator IC,1,16.7,1.34,15.8,17.6,85.0,REJECT,Safe,Fail
C8740,ISRO-SCL-250127-04,Op-Amp IC,1,65.3,5.23,64.6,14.7,85.0,REJECT,Fail,Fail
C8741,ISRO-SCL-250217-07,Op-Amp IC,0,15.7,1.25,10.3,11.5,12.7,PASS,Safe,Pass
C8742,ISRO-SCL-250217-07,Op-Amp IC,1,67.8,5.43,35.6,68.1,85.0,REJECT,Fail,Fail
C8743,ISRO-SCL-250113-02,MOSFET,0,100.0,15.38,41.9,4.8,57.7,MONITOR,Safe,Pass
C8744,ISRO-SCL-250331-13,Voltage Regulator IC,0,18.2,1.45,18.1,14.3,17.4,PASS,Safe,Pass
C8745,ISRO-SCL-250407-14,MOSFET,1,24.0,1.92,31.0,25.9,85.0,REJECT,Borderline,Fail
C8746,ISRO-SCL-250113-02,MOSFET,0,15.1,1.21,29.7,20.0,21.9,PASS,Safe,Pass
C8747,ISRO-SCL-250519-20,Voltage Regulator IC,0,37.4,2.99,20.8,23.1,27.9,PASS,Borderline,Pass
C8748,ISRO-SCL-250127-04,Op-Amp IC,0,10.9,0.87,3.6,13.5,8.5,PASS,Borderline,Pass
C8749,ISRO-SCL-250512-19,Op-Amp IC,0,13.4,1.07,18.2,22.6,17.2,PASS,Safe,Pass
C8750,ISRO-SCL-250414-15,Digital Logic IC,1,18.8,1.5,20.4,12.1,85.0,REJECT,Safe,Fail
C8751,ISRO-SCL-250407-14,MOSFET,1,18.1,1.45,32.0,1.7,85.0,REJECT,Safe,Fail
C8752,ISRO-SCL-250324-12,Op-Amp IC,0,16.9,1.35,14.5,9.1,14.4,PASS,Safe,Pass
C8753,ISRO-SCL-250317-11,Voltage Regulator IC,0,13.6,1.09,1.7,16.2,9.3,PASS,Borderline,Pass
C8754,ISRO-SCL-250512-19,Op-Amp IC,0,12.8,1.02,13.0,17.0,13.7,PASS,Safe,Pass
C8755,ISRO-SCL-250203-05,Digital Logic IC,1,17.2,1.38,18.8,3.2,85.0,REJECT,Safe,Fail
C8756,ISRO-SCL-250210-06,MOSFET,0,100.0,11.33,43.6,5.3,58.5,MONITOR,Safe,Pass
C8757,ISRO-SCL-250224-08,MOSFET,0,22.5,1.8,10.9,27.0,18.7,PASS,Safe,Pass
C8758,ISRO-SCL-250421-16,MOSFET,0,17.3,1.38,21.9,13.4,18.3,PASS,Safe,Pass
C8759,ISRO-SCL-250421-16,MOSFET,0,15.6,1.25,12.1,3.7,11.8,PASS,Safe,Pass
C8760,ISRO-SCL-250203-05,Digital Logic IC,0,16.9,1.35,19.7,6.0,15.8,PASS,Safe,Pass
C8761,ISRO-SCL-250421-16,MOSFET,0,34.7,2.78,26.7,18.8,28.3,PASS,Safe,Pass
C8762,ISRO-SCL-250407-14,MOSFET,0,10.8,0.87,10.5,38.1,16.2,PASS,Borderline,Pass
C8763,ISRO-SCL-250217-07,Op-Amp IC,0,15.2,1.21,9.8,34.9,17.0,PASS,Fail,Pass
C8764,ISRO-SCL-250127-04,Op-Amp IC,0,12.7,1.02,7.8,6.9,9.6,PASS,Safe,Pass
C8765,ISRO-SCL-250113-02,MOSFET,0,28.1,2.25,35.6,13.3,28.2,PASS,Borderline,Pass
C8766,ISRO-SCL-250310-10,Voltage Regulator IC,0,17.4,1.39,29.1,5.6,19.7,PASS,Safe,Pass
C8767,ISRO-SCL-250407-14,MOSFET,0,19.7,1.57,33.2,20.4,25.2,PASS,Fail,Pass
C8768,ISRO-SCL-250407-14,MOSFET,1,16.4,1.31,17.0,6.2,85.0,REJECT,Safe,Fail
C8769,ISRO-SCL-250113-02,MOSFET,1,52.2,4.18,16.4,17.7,85.0,REJECT,Fail,Fail
C8770,ISRO-SCL-250310-10,Voltage Regulator IC,0,39.6,3.17,18.1,19.1,26.9,PASS,Borderline,Pass
C8771,ISRO-SCL-250203-05,Digital Logic IC,0,13.5,1.08,14.1,1.1,11.3,PASS,Safe,Pass
C8772,ISRO-SCL-250106-01,MOSFET,1,56.2,4.49,43.8,32.0,85.0,REJECT,Borderline,Fail
C8773,ISRO-SCL-250113-02,MOSFET,0,19.5,1.56,14.9,5.9,14.9,PASS,Safe,Pass
C8774,ISRO-SCL-250310-10,Voltage Regulator IC,1,14.0,1.12,19.8,4.7,85.0,REJECT,Fail,Fail
C8775,ISRO-SCL-250407-14,MOSFET,0,18.7,1.5,16.0,13.3,16.6,PASS,Safe,Pass
C8776,ISRO-SCL-250331-13,Voltage Regulator IC,1,16.6,1.32,26.2,8.0,85.0,REJECT,Safe,Fail
C8777,ISRO-SCL-250414-15,Digital Logic IC,1,21.1,1.69,31.5,2.7,85.0,REJECT,Safe,Fail
C8778,ISRO-SCL-250421-16,MOSFET,1,29.5,2.36,31.9,5.1,85.0,REJECT,Safe,Fail
C8779,ISRO-SCL-250120-03,Op-Amp IC,0,100.0,15.04,72.4,100.0,89.0,REJECT,Safe,Pass
C8780,ISRO-SCL-250106-01,MOSFET,0,12.6,1.01,4.5,16.8,10.2,PASS,Borderline,Pass
C8781,ISRO-SCL-250414-15,Digital Logic IC,1,18.5,1.48,18.1,12.9,85.0,REJECT,Safe,Fail
C8782,ISRO-SCL-250428-17,Voltage Regulator IC,0,12.9,1.04,14.5,30.7,17.1,PASS,Borderline,Pass
C8783,ISRO-SCL-250414-15,Digital Logic IC,0,14.0,1.12,10.1,7.8,11.2,PASS,Safe,Pass
C8784,ISRO-SCL-250127-04,Op-Amp IC,0,8.4,0.67,5.2,11.3,7.7,PASS,Safe,Pass
C8785,ISRO-SCL-250224-08,MOSFET,1,25.5,2.04,9.6,13.8,85.0,REJECT,Fail,Fail
C8786,ISRO-SCL-250310-10,Voltage Regulator IC,0,14.0,1.12,10.8,4.2,10.8,PASS,Safe,Pass
C8787,ISRO-SCL-250210-06,MOSFET,0,12.9,1.04,18.1,9.2,14.3,PASS,Safe,Pass
C8788,ISRO-SCL-250324-12,Op-Amp IC,0,16.2,1.3,8.6,16.9,13.3,PASS,Safe,Pass
C8789,ISRO-SCL-250407-14,MOSFET,0,32.1,2.57,49.5,32.8,39.2,MONITOR,Fail,Pass
C8790,ISRO-SCL-250217-07,Op-Amp IC,1,16.6,1.33,27.4,2.7,85.0,REJECT,Safe,Fail
C8791,ISRO-SCL-250421-16,MOSFET,0,12.9,1.03,26.6,3.2,16.4,PASS,Safe,Pass
C8792,ISRO-SCL-250113-02,MOSFET,1,24.5,1.96,2.9,14.1,85.0,REJECT,Fail,Fail
C8793,ISRO-SCL-250324-12,Op-Amp IC,0,17.9,1.43,22.4,10.2,18.1,PASS,Safe,Pass
C8794,ISRO-SCL-250310-10,Voltage Regulator IC,0,100.0,9.74,44.2,2.6,58.2,MONITOR,Safe,Pass
C8795,ISRO-SCL-250120-03,Op-Amp IC,0,20.4,1.63,23.3,25.0,22.5,PASS,Fail,Pass
C8796,ISRO-SCL-250203-05,Digital Logic IC,1,16.9,1.35,16.7,0.5,85.0,REJECT,Safe,Fail
C8797,ISRO-SCL-250210-06,MOSFET,1,100.0,8.28,37.2,42.7,85.0,REJECT,Fail,Fail
C8798,ISRO-SCL-250127-04,Op-Amp IC,0,13.8,1.1,16.3,26.7,17.4,PASS,Borderline,Pass
C8799,ISRO-SCL-250407-14,MOSFET,0,13.6,1.09,12.8,31.4,16.8,PASS,Borderline,Pass
C8800,ISRO-SCL-250414-15,Digital Logic IC,0,18.5,1.48,23.4,16.5,20.1,PASS,Safe,Pass
C8801,ISRO-SCL-250310-10,Voltage Regulator IC,0,21.3,1.7,13.7,12.3,16.4,PASS,Safe,Pass
C8802,ISRO-SCL-250217-07,Op-Amp IC,0,24.1,1.93,15.4,26.1,21.0,PASS,Borderline,Pass
C8803,ISRO-SCL-250407-14,MOSFET,0,9.2,0.73,8.7,25.8,12.3,PASS,Borderline,Pass
C8804,ISRO-SCL-250512-19,Op-Amp IC,1,100.0,8.97,64.1,61.1,85.0,REJECT,Fail,Fail
C8805,ISRO-SCL-250203-05,Digital Logic IC,0,21.9,1.75,29.6,5.1,21.6,PASS,Safe,Pass
C8806,ISRO-SCL-250317-11,Voltage Regulator IC,0,11.8,0.95,5.7,27.8,12.6,PASS,Borderline,Pass
C8807,ISRO-SCL-250217-07,Op-Amp IC,0,17.8,1.42,38.7,15.3,25.7,PASS,Safe,Pass
C8808,ISRO-SCL-250127-04,Op-Amp IC,0,17.7,1.42,15.2,26.1,18.4,PASS,Fail,Pass
C8809,ISRO-SCL-250106-01,MOSFET,0,18.7,1.5,8.4,8.5,12.6,PASS,Safe,Pass
C8810,ISRO-SCL-250421-16,MOSFET,0,14.6,1.17,13.2,9.3,13.0,PASS,Safe,Pass
C8811,ISRO-SCL-250317-11,Voltage Regulator IC,0,31.1,2.49,34.3,96.3,45.4,MONITOR,Borderline,Pass
C8812,ISRO-SCL-250310-10,Voltage Regulator IC,0,19.4,1.55,23.2,11.5,19.3,PASS,Safe,Pass
C8813,ISRO-SCL-250127-04,Op-Amp IC,0,38.0,3.04,18.6,24.7,27.6,PASS,Fail,Pass
C8814,ISRO-SCL-250428-17,Voltage Regulator IC,0,15.7,1.25,2.7,6.4,8.6,PASS,Safe,Pass
C8815,ISRO-SCL-250310-10,Voltage Regulator IC,0,13.9,1.11,19.9,50.0,23.5,PASS,Fail,Pass
C8816,ISRO-SCL-250217-07,Op-Amp IC,0,18.1,1.45,9.8,7.1,12.6,PASS,Safe,Pass
C8817,ISRO-SCL-250120-03,Op-Amp IC,1,48.5,3.88,34.8,47.6,85.0,REJECT,Fail,Fail
C8818,ISRO-SCL-250331-13,Voltage Regulator IC,0,11.8,0.94,8.3,8.4,9.7,PASS,Safe,Pass
C8819,ISRO-SCL-250519-20,Voltage Regulator IC,0,19.3,1.54,11.8,0.9,12.6,PASS,Safe,Pass
C8820,ISRO-SCL-250512-19,Op-Amp IC,1,51.1,4.09,32.3,30.3,85.0,REJECT,Fail,Fail
C8821,ISRO-SCL-250217-07,Op-Amp IC,0,17.2,1.38,35.3,17.3,24.5,PASS,Borderline,Pass
C8822,ISRO-SCL-250106-01,MOSFET,0,12.4,0.99,7.9,26.0,13.3,PASS,Borderline,Pass
C8823,ISRO-SCL-250407-14,MOSFET,0,11.6,0.93,10.2,5.9,9.9,PASS,Safe,Pass
C8824,ISRO-SCL-250120-03,Op-Amp IC,0,15.1,1.21,5.8,16.2,11.6,PASS,Safe,Pass
C8825,ISRO-SCL-250407-14,MOSFET,0,25.3,2.02,24.4,15.8,23.0,PASS,Borderline,Pass
C8826,ISRO-SCL-250120-03,Op-Amp IC,0,18.6,1.49,21.7,18.8,19.9,PASS,Safe,Pass
C8827,ISRO-SCL-250203-05,Digital Logic IC,0,13.5,1.08,7.8,8.6,10.3,PASS,Safe,Pass
C8828,ISRO-SCL-250106-01,MOSFET,1,14.3,1.15,17.2,6.5,85.0,REJECT,Fail,Fail
C8829,ISRO-SCL-250303-09,Voltage Regulator IC,0,16.9,1.35,11.3,17.1,14.7,PASS,Safe,Pass
C8830,ISRO-SCL-250414-15,Digital Logic IC,0,16.3,1.3,20.8,9.4,16.7,PASS,Safe,Pass
C8831,ISRO-SCL-250217-07,Op-Amp IC,0,15.7,1.25,14.5,2.7,12.6,PASS,Safe,Pass
C8832,ISRO-SCL-250106-01,MOSFET,0,11.8,0.94,3.8,14.8,9.2,PASS,Safe,Pass
C8833,ISRO-SCL-250210-06,MOSFET,0,12.4,0.99,3.7,3.8,7.2,PASS,Safe,Pass
C8834,ISRO-SCL-250210-06,MOSFET,0,15.2,1.22,6.8,18.3,12.5,PASS,Safe,Pass
C8835,ISRO-SCL-250113-02,MOSFET,0,9.8,0.79,2.4,5.6,6.0,PASS,Safe,Pass
C8836,ISRO-SCL-250106-01,MOSFET,1,14.8,1.18,9.2,8.6,85.0,REJECT,Safe,Fail
C8837,ISRO-SCL-250421-16,MOSFET,0,16.2,1.3,24.2,10.0,18.2,PASS,Safe,Pass
C8838,ISRO-SCL-250113-02,MOSFET,0,10.6,0.85,0.0,11.7,6.6,PASS,Safe,Pass
C8839,ISRO-SCL-250414-15,Digital Logic IC,0,12.2,0.98,13.1,20.2,14.2,PASS,Borderline,Pass
C8840,ISRO-SCL-250310-10,Voltage Regulator IC,0,22.5,1.8,2.3,13.3,12.6,PASS,Safe,Pass
C8841,ISRO-SCL-250113-02,MOSFET,0,8.4,0.67,0.1,6.0,4.6,PASS,Safe,Pass
C8842,ISRO-SCL-250407-14,MOSFET,0,17.4,1.39,7.4,30.9,16.1,PASS,Borderline,Pass
C8843,ISRO-SCL-250324-12,Op-Amp IC,1,8.4,0.67,1.6,19.3,85.0,REJECT,Fail,Fail
C8844,ISRO-SCL-250203-05,Digital Logic IC,0,17.8,1.42,10.1,7.9,12.7,PASS,Safe,Pass
C8845,ISRO-SCL-250217-07,Op-Amp IC,0,20.5,1.64,37.3,2.4,23.6,PASS,Safe,Pass
C8846,ISRO-SCL-250317-11,Voltage Regulator IC,0,13.2,1.05,31.3,7.7,19.3,PASS,Safe,Pass
C8847,ISRO-SCL-250127-04,Op-Amp IC,0,14.8,1.18,17.0,9.3,14.6,PASS,Safe,Pass
C8848,ISRO-SCL-250310-10,Voltage Regulator IC,0,43.1,3.44,28.2,10.5,30.6,MONITOR,Safe,Pass
C8849,ISRO-SCL-250203-05,Digital Logic IC,0,9.7,0.78,1.9,9.8,6.6,PASS,Safe,Pass
C8850,ISRO-SCL-250519-20,Voltage Regulator IC,0,11.0,0.88,2.7,12.2,7.9,PASS,Safe,Pass
C8851,ISRO-SCL-250203-05,Digital Logic IC,0,9.2,0.73,4.3,11.1,7.6,PASS,Safe,Pass
C8852,ISRO-SCL-250414-15,Digital Logic IC,0,5.5,0.44,2.4,7.5,4.6,PASS,Safe,Pass
C8853,ISRO-SCL-250505-18,Op-Amp IC,0,10.7,0.85,3.2,13.8,8.3,PASS,Safe,Pass
C8854,ISRO-SCL-250512-19,Op-Amp IC,0,28.4,2.27,48.6,37.5,38.3,MONITOR,Fail,Pass
C8855,ISRO-SCL-250407-14,MOSFET,0,14.1,1.12,4.0,2.5,7.7,PASS,Safe,Pass
C8856,ISRO-SCL-250203-05,Digital Logic IC,0,16.3,1.31,8.0,4.9,10.7,PASS,Safe,Pass
C8857,ISRO-SCL-250120-03,Op-Amp IC,1,71.3,5.7,56.1,59.7,85.0,REJECT,Fail,Fail
C8858,ISRO-SCL-250203-05,Digital Logic IC,0,16.1,1.29,2.2,10.9,9.5,PASS,Safe,Pass
C8859,ISRO-SCL-250519-20,Voltage Regulator IC,0,4.1,0.33,0.0,11.2,3.9,PASS,Safe,Pass
C8860,ISRO-SCL-250407-14,MOSFET,0,14.7,1.18,10.0,10.7,12.0,PASS,Safe,Pass
C8861,ISRO-SCL-250106-01,MOSFET,0,10.5,0.84,5.0,2.1,6.6,PASS,Safe,Pass
C8862,ISRO-SCL-250331-13,Voltage Regulator IC,0,12.9,1.03,10.6,5.4,10.5,PASS,Safe,Pass
C8863,ISRO-SCL-250127-04,Op-Amp IC,0,73.8,5.9,52.5,40.6,58.6,MONITOR,Fail,Pass
C8864,ISRO-SCL-250203-05,Digital Logic IC,0,23.4,1.87,22.3,11.4,20.6,PASS,Safe,Pass
C8865,ISRO-SCL-250127-04,Op-Amp IC,0,28.7,2.3,10.3,25.7,20.7,PASS,Borderline,Pass
C8866,ISRO-SCL-250421-16,MOSFET,0,14.1,1.12,14.0,8.5,12.9,PASS,Safe,Pass
C8867,ISRO-SCL-250324-12,Op-Amp IC,0,18.9,1.51,47.5,31.6,32.9,MONITOR,Borderline,Pass
C8868,ISRO-SCL-250519-20,Voltage Regulator IC,0,12.5,1.0,7.4,3.0,8.5,PASS,Safe,Pass
C8869,ISRO-SCL-250127-04,Op-Amp IC,0,21.1,1.69,21.9,18.9,21.0,PASS,Safe,Pass
C8870,ISRO-SCL-250414-15,Digital Logic IC,0,19.2,1.54,33.8,23.1,25.8,PASS,Borderline,Pass
C8871,ISRO-SCL-250113-02,MOSFET,1,22.1,1.77,37.4,21.3,85.0,REJECT,Borderline,Fail
C8872,ISRO-SCL-250519-20,Voltage Regulator IC,0,65.2,5.22,22.0,34.8,41.8,MONITOR,Borderline,Pass
C8873,ISRO-SCL-250519-20,Voltage Regulator IC,0,16.9,1.35,15.8,4.2,13.9,PASS,Safe,Pass
C8874,ISRO-SCL-250331-13,Voltage Regulator IC,0,13.4,1.07,2.8,8.8,8.3,PASS,Safe,Pass
C8875,ISRO-SCL-250113-02,MOSFET,0,15.9,1.27,10.8,3.2,11.3,PASS,Safe,Pass
C8876,ISRO-SCL-250210-06,MOSFET,0,12.6,1.01,3.7,7.2,8.0,PASS,Safe,Pass
C8877,ISRO-SCL-250113-02,MOSFET,0,11.4,0.91,7.8,6.7,9.0,PASS,Safe,Pass
C8878,ISRO-SCL-250407-14,MOSFET,0,44.9,3.59,49.5,57.2,49.2,MONITOR,Fail,Pass
C8879,ISRO-SCL-250310-10,Voltage Regulator IC,0,11.8,0.95,3.2,7.1,7.4,PASS,Safe,Pass
C8880,ISRO-SCL-250414-15,Digital Logic IC,0,12.7,1.02,7.8,16.7,11.6,PASS,Safe,Pass
C8881,ISRO-SCL-250505-18,Op-Amp IC,0,13.1,1.05,8.3,5.3,9.6,PASS,Safe,Pass
C8882,ISRO-SCL-250303-09,Voltage Regulator IC,1,42.4,3.39,25.3,45.2,85.0,REJECT,Fail,Fail
C8883,ISRO-SCL-250407-14,MOSFET,0,13.6,1.09,11.6,25.2,15.1,PASS,Borderline,Pass
C8884,ISRO-SCL-250421-16,MOSFET,0,19.9,1.59,19.1,4.1,16.4,PASS,Safe,Pass
C8885,ISRO-SCL-250303-09,Voltage Regulator IC,0,22.2,1.78,17.8,30.0,22.0,PASS,Borderline,Pass
C8886,ISRO-SCL-250428-17,Voltage Regulator IC,0,20.3,1.63,19.6,42.4,24.5,PASS,Fail,Pass
C8887,ISRO-SCL-250414-15,Digital Logic IC,1,11.1,0.89,5.0,4.2,85.0,REJECT,Fail,Fail
C8888,ISRO-SCL-250512-19,Op-Amp IC,0,14.5,1.16,16.4,26.2,17.6,PASS,Borderline,Pass
C8889,ISRO-SCL-250407-14,MOSFET,0,24.9,1.99,45.9,40.6,36.4,MONITOR,Fail,Pass
C8890,ISRO-SCL-250505-18,Op-Amp IC,0,15.2,1.22,7.4,13.8,11.8,PASS,Safe,Pass
C8891,ISRO-SCL-250421-16,MOSFET,0,12.6,1.01,10.2,2.7,9.7,PASS,Safe,Pass
C8892,ISRO-SCL-250512-19,Op-Amp IC,0,16.9,1.35,9.0,16.8,13.7,PASS,Safe,Pass
C8893,ISRO-SCL-250331-13,Voltage Regulator IC,0,18.1,1.45,7.9,16.6,13.7,PASS,Safe,Pass
C8894,ISRO-SCL-250127-04,Op-Amp IC,0,13.5,1.08,6.9,24.6,13.1,PASS,Fail,Pass
C8895,ISRO-SCL-250512-19,Op-Amp IC,1,18.7,1.5,35.7,2.8,85.0,REJECT,Safe,Fail
C8896,ISRO-SCL-250317-11,Voltage Regulator IC,0,14.9,1.2,7.4,14.1,11.8,PASS,Safe,Pass
C8897,ISRO-SCL-250414-15,Digital Logic IC,1,21.0,1.68,23.7,16.5,85.0,REJECT,Fail,Fail
C8898,ISRO-SCL-250217-07,Op-Amp IC,0,23.8,1.91,32.4,6.6,23.8,PASS,Safe,Pass
C8899,ISRO-SCL-250217-07,Op-Amp IC,0,13.6,1.09,7.5,17.4,11.9,PASS,Safe,Pass
C8900,ISRO-SCL-250310-10,Voltage Regulator IC,1,38.3,3.07,28.4,47.8,85.0,REJECT,Fail,Fail
C8901,ISRO-SCL-250414-15,Digital Logic IC,0,17.8,1.42,5.6,7.0,10.7,PASS,Safe,Pass
C8902,ISRO-SCL-250421-16,MOSFET,0,17.1,1.37,33.0,2.9,20.6,PASS,Safe,Pass
C8903,ISRO-SCL-250421-16,MOSFET,0,34.4,2.75,11.3,26.7,23.6,PASS,Borderline,Pass
C8904,ISRO-SCL-250120-03,Op-Amp IC,0,15.6,1.24,7.1,33.5,15.8,PASS,Safe,Pass
C8905,ISRO-SCL-250331-13,Voltage Regulator IC,1,44.6,3.57,45.5,18.4,85.0,REJECT,Borderline,Fail
C8906,ISRO-SCL-250421-16,MOSFET,0,19.0,1.52,24.5,8.6,19.1,PASS,Safe,Pass
C8907,ISRO-SCL-250217-07,Op-Amp IC,0,14.7,1.17,6.7,14.6,11.5,PASS,Safe,Pass
C8908,ISRO-SCL-250310-10,Voltage Regulator IC,0,14.1,1.12,10.2,5.4,10.8,PASS,Safe,Pass
C8909,ISRO-SCL-250428-17,Voltage Regulator IC,0,14.5,1.16,18.6,25.2,18.3,PASS,Borderline,Pass
C8910,ISRO-SCL-250106-01,MOSFET,0,100.0,9.27,46.3,20.9,62.7,HOLD,Borderline,Pass
C8911,ISRO-SCL-250324-12,Op-Amp IC,0,12.7,1.01,8.2,13.9,11.1,PASS,Safe,Pass
C8912,ISRO-SCL-250331-13,Voltage Regulator IC,0,45.3,3.63,29.0,30.2,35.8,MONITOR,Borderline,Pass
C8913,ISRO-SCL-250217-07,Op-Amp IC,0,65.0,5.2,25.0,14.5,38.9,MONITOR,Fail,Pass
C8914,ISRO-SCL-250414-15,Digital Logic IC,0,8.8,0.71,0.2,6.1,4.8,PASS,Safe,Pass
C8915,ISRO-SCL-250407-14,MOSFET,1,26.2,2.1,49.3,23.9,85.0,REJECT,Borderline,Fail
C8916,ISRO-SCL-250120-03,Op-Amp IC,0,13.9,1.11,9.8,5.3,10.5,PASS,Safe,Pass
C8917,ISRO-SCL-250414-15,Digital Logic IC,0,12.7,1.01,9.3,5.9,10.0,PASS,Safe,Pass
C8918,ISRO-SCL-250127-04,Op-Amp IC,0,16.4,1.31,13.2,16.6,15.2,PASS,Fail,Pass
C8919,ISRO-SCL-250113-02,MOSFET,0,23.0,1.84,11.0,13.0,16.2,PASS,Safe,Pass
C8920,ISRO-SCL-250407-14,MOSFET,0,17.8,1.42,12.5,9.9,14.1,PASS,Borderline,Pass
C8921,ISRO-SCL-250331-13,Voltage Regulator IC,0,8.7,0.7,10.8,13.0,10.4,PASS,Safe,Pass
C8922,ISRO-SCL-250310-10,Voltage Regulator IC,0,62.6,5.01,19.4,25.2,37.9,MONITOR,Borderline,Pass
C8923,ISRO-SCL-250407-14,MOSFET,1,45.6,3.65,61.1,46.9,85.0,REJECT,Fail,Fail
C8924,ISRO-SCL-250414-15,Digital Logic IC,0,8.6,0.69,9.0,8.1,8.7,PASS,Safe,Pass
C8925,ISRO-SCL-250224-08,MOSFET,0,23.1,1.85,15.4,21.5,19.7,PASS,Safe,Pass
C8926,ISRO-SCL-250210-06,MOSFET,1,11.7,0.94,8.9,7.4,85.0,REJECT,Fail,Fail
C8927,ISRO-SCL-250106-01,MOSFET,0,14.3,1.14,14.8,5.6,12.8,PASS,Safe,Pass
C8928,ISRO-SCL-250407-14,MOSFET,0,14.2,1.14,12.8,7.6,12.3,PASS,Safe,Pass
C8929,ISRO-SCL-250113-02,MOSFET,1,14.7,1.18,24.6,22.6,85.0,REJECT,Borderline,Fail
C8930,ISRO-SCL-250428-17,Voltage Regulator IC,0,9.6,0.76,1.4,6.7,5.7,PASS,Safe,Pass
C8931,ISRO-SCL-250210-06,MOSFET,0,24.3,1.94,19.6,16.7,20.9,PASS,Safe,Pass
C8932,ISRO-SCL-250127-04,Op-Amp IC,1,16.1,1.29,23.8,3.2,85.0,REJECT,Safe,Fail
C8933,ISRO-SCL-250512-19,Op-Amp IC,1,100.0,19.37,83.8,100.0,93.5,REJECT,Safe,Fail
C8934,ISRO-SCL-250317-11,Voltage Regulator IC,0,12.6,1.0,0.8,13.8,8.1,PASS,Safe,Pass
C8935,ISRO-SCL-250414-15,Digital Logic IC,0,12.8,1.03,8.9,12.0,11.1,PASS,Safe,Pass
C8936,ISRO-SCL-250414-15,Digital Logic IC,0,12.6,1.01,4.9,7.1,8.4,PASS,Safe,Pass
C8937,ISRO-SCL-250310-10,Voltage Regulator IC,0,16.1,1.28,13.7,37.9,19.5,PASS,Borderline,Pass
C8938,ISRO-SCL-250127-04,Op-Amp IC,0,12.5,1.0,14.4,6.7,12.1,PASS,Safe,Pass
C8939,ISRO-SCL-250106-01,MOSFET,0,21.1,1.69,12.5,2.6,14.0,PASS,Safe,Pass
C8940,ISRO-SCL-250120-03,Op-Amp IC,0,14.1,1.12,5.5,22.2,12.3,PASS,Borderline,Pass
C8941,ISRO-SCL-250217-07,Op-Amp IC,0,13.3,1.06,9.9,11.3,11.5,PASS,Safe,Pass
C8942,ISRO-SCL-250407-14,MOSFET,0,16.9,1.35,3.1,10.5,10.1,PASS,Safe,Pass
C8943,ISRO-SCL-250414-15,Digital Logic IC,0,14.1,1.13,5.7,12.7,10.5,PASS,Safe,Pass
C8944,ISRO-SCL-250127-04,Op-Amp IC,0,15.6,1.25,16.3,9.6,14.6,PASS,Safe,Pass
C8945,ISRO-SCL-250310-10,Voltage Regulator IC,0,14.7,1.18,16.7,3.1,13.2,PASS,Safe,Pass
C8946,ISRO-SCL-250331-13,Voltage Regulator IC,1,15.8,1.27,29.5,7.7,85.0,REJECT,Safe,Fail
C8947,ISRO-SCL-250127-04,Op-Amp IC,0,15.8,1.27,5.1,20.6,12.5,PASS,Safe,Pass
C8948,ISRO-SCL-250203-05,Digital Logic IC,0,13.5,1.08,7.8,3.7,9.2,PASS,Safe,Pass
C8949,ISRO-SCL-250310-10,Voltage Regulator IC,0,10.7,0.85,8.6,12.7,10.2,PASS,Safe,Pass
C8950,ISRO-SCL-250414-15,Digital Logic IC,0,19.0,1.52,21.4,17.8,19.7,PASS,Safe,Pass
C8951,ISRO-SCL-250324-12,Op-Amp IC,0,16.4,1.31,30.2,1.8,19.0,PASS,Safe,Pass
C8952,ISRO-SCL-250120-03,Op-Amp IC,1,16.8,1.34,22.6,14.1,85.0,REJECT,Safe,Fail
C8953,ISRO-SCL-250414-15,Digital Logic IC,0,15.6,1.25,5.7,2.1,9.0,PASS,Safe,Pass
C8954,ISRO-SCL-250310-10,Voltage Regulator IC,0,14.1,1.13,20.2,13.9,16.5,PASS,Borderline,Pass
C8955,ISRO-SCL-250324-12,Op-Amp IC,0,17.6,1.41,17.8,41.0,22.3,PASS,Fail,Pass
C8956,ISRO-SCL-250210-06,MOSFET,1,15.9,1.27,23.2,0.2,85.0,REJECT,Safe,Fail
C8957,ISRO-SCL-250324-12,Op-Amp IC,1,13.7,1.1,28.3,9.8,85.0,REJECT,Fail,Fail
C8958,ISRO-SCL-250127-04,Op-Amp IC,0,15.9,1.27,9.9,25.2,15.4,PASS,Borderline,Pass
C8959,ISRO-SCL-250127-04,Op-Amp IC,0,12.6,1.01,3.2,8.6,8.1,PASS,Safe,Pass
C8960,ISRO-SCL-250127-04,Op-Amp IC,0,14.5,1.16,12.3,13.4,13.4,PASS,Safe,Pass
C8961,ISRO-SCL-250421-16,MOSFET,0,16.4,1.31,37.6,8.9,23.3,PASS,Safe,Pass
C8962,ISRO-SCL-250512-19,Op-Amp IC,0,35.6,2.85,32.0,26.5,32.3,MONITOR,Fail,Pass
C8963,ISRO-SCL-250106-01,MOSFET,0,31.6,2.53,20.6,30.3,27.0,PASS,Fail,Pass
C8964,ISRO-SCL-250512-19,Op-Amp IC,0,15.2,1.22,14.3,3.5,12.5,PASS,Safe,Pass
C8965,ISRO-SCL-250210-06,MOSFET,0,29.5,2.36,22.7,12.3,23.4,PASS,Safe,Pass
C8966,ISRO-SCL-250317-11,Voltage Regulator IC,0,36.3,2.9,40.3,25.1,35.7,MONITOR,Borderline,Pass
C8967,ISRO-SCL-250113-02,MOSFET,0,11.2,0.9,3.6,4.6,6.8,PASS,Safe,Pass
C8968,ISRO-SCL-250224-08,MOSFET,0,21.1,1.69,5.3,13.6,13.3,PASS,Safe,Pass
C8969,ISRO-SCL-250106-01,MOSFET,0,11.0,0.88,5.8,13.0,9.3,PASS,Safe,Pass
C8970,ISRO-SCL-250127-04,Op-Amp IC,1,14.2,1.13,27.8,17.7,85.0,REJECT,Safe,Fail
C8971,ISRO-SCL-250203-05,Digital Logic IC,0,28.7,2.29,5.8,5.3,14.9,PASS,Safe,Pass
C8972,ISRO-SCL-250120-03,Op-Amp IC,0,11.6,0.93,11.0,17.1,12.5,PASS,Borderline,Pass
C8973,ISRO-SCL-250414-15,Digital Logic IC,0,10.2,0.81,8.2,11.9,9.7,PASS,Safe,Pass
C8974,ISRO-SCL-250519-20,Voltage Regulator IC,0,12.0,0.96,11.6,13.6,12.2,PASS,Safe,Pass
C8975,ISRO-SCL-250217-07,Op-Amp IC,0,26.0,2.08,26.8,36.9,28.5,PASS,Fail,Pass
C8976,ISRO-SCL-250113-02,MOSFET,0,16.5,1.32,32.9,43.2,28.4,PASS,Borderline,Pass
C8977,ISRO-SCL-250303-09,Voltage Regulator IC,1,52.7,4.22,34.6,31.6,85.0,REJECT,Borderline,Fail
C8978,ISRO-SCL-250106-01,MOSFET,0,14.7,1.17,17.0,19.2,16.5,PASS,Safe,Pass
C8979,ISRO-SCL-250331-13,Voltage Regulator IC,0,12.1,0.97,4.5,21.9,11.0,PASS,Safe,Pass
C8980,ISRO-SCL-250106-01,MOSFET,0,27.0,2.16,32.8,27.9,29.5,PASS,Fail,Pass
C8981,ISRO-SCL-250303-09,Voltage Regulator IC,0,15.4,1.24,10.5,10.7,12.5,PASS,Safe,Pass
C8982,ISRO-SCL-250519-20,Voltage Regulator IC,0,22.9,1.83,16.5,2.5,16.3,PASS,Safe,Pass
C8983,ISRO-SCL-250224-08,MOSFET,0,19.7,1.57,1.8,17.4,12.1,PASS,Borderline,Pass
C8984,ISRO-SCL-250217-07,Op-Amp IC,0,11.7,0.94,0.5,9.1,6.7,PASS,Safe,Pass
C8985,ISRO-SCL-250421-16,MOSFET,0,15.7,1.26,29.6,7.3,19.6,PASS,Safe,Pass
C8986,ISRO-SCL-250203-05,Digital Logic IC,0,15.0,1.2,13.1,10.0,13.3,PASS,Safe,Pass
C8987,ISRO-SCL-250120-03,Op-Amp IC,1,10.4,0.84,12.9,7.8,85.0,REJECT,Safe,Fail
C8988,ISRO-SCL-250120-03,Op-Amp IC,0,7.7,0.62,4.6,14.1,7.8,PASS,Safe,Pass
C8989,ISRO-SCL-250217-07,Op-Amp IC,0,9.5,0.76,0.8,5.3,5.2,PASS,Safe,Pass
C8990,ISRO-SCL-250310-10,Voltage Regulator IC,0,15.4,1.23,6.6,11.3,11.1,PASS,Safe,Pass
C8991,ISRO-SCL-250414-15,Digital Logic IC,1,67.4,5.4,76.0,58.9,85.0,REJECT,Fail,Fail
C8992,ISRO-SCL-250310-10,Voltage Regulator IC,0,16.3,1.31,19.3,12.9,16.8,PASS,Safe,Pass
C8993,ISRO-SCL-250113-02,MOSFET,0,15.2,1.22,11.9,7.6,12.4,PASS,Safe,Pass
C8994,ISRO-SCL-250428-17,Voltage Regulator IC,0,22.9,1.83,7.6,19.6,16.1,PASS,Borderline,Pass
C8995,ISRO-SCL-250217-07,Op-Amp IC,1,17.4,1.39,24.5,20.2,85.0,REJECT,Safe,Fail
C8996,ISRO-SCL-250127-04,Op-Amp IC,0,14.7,1.18,12.5,6.2,12.2,PASS,Borderline,Pass
C8997,ISRO-SCL-250310-10,Voltage Regulator IC,0,14.9,1.19,19.9,18.5,17.6,PASS,Safe,Pass
C8998,ISRO-SCL-250210-06,MOSFET,0,28.1,2.25,11.7,1.0,16.1,PASS,Safe,Pass
C8999,ISRO-SCL-250505-18,Op-Amp IC,1,15.6,1.25,20.7,10.2,85.0,REJECT,Safe,Fail
C9000,ISRO-SCL-250414-15,Digital Logic IC,1,17.2,1.37,21.8,13.7,85.0,REJECT,Safe,Fail
C9001,ISRO-SCL-250217-07,Op-Amp IC,1,16.9,1.35,11.8,3.2,85.0,REJECT,Fail,Fail
C9002,ISRO-SCL-250203-05,Digital Logic IC,0,14.8,1.18,7.1,2.9,9.3,PASS,Safe,Pass
C9003,ISRO-SCL-250217-07,Op-Amp IC,0,15.7,1.25,3.0,6.9,8.8,PASS,Safe,Pass
C9004,ISRO-SCL-250120-03,Op-Amp IC,0,22.0,1.76,32.2,21.9,26.1,PASS,Safe,Pass
C9005,ISRO-SCL-250120-03,Op-Amp IC,0,12.2,0.97,10.2,16.4,12.2,PASS,Safe,Pass
C9006,ISRO-SCL-250127-04,Op-Amp IC,0,23.8,1.9,20.5,21.2,21.9,PASS,Safe,Pass
C9007,ISRO-SCL-250113-02,MOSFET,0,14.1,1.13,3.5,9.6,8.9,PASS,Safe,Pass
C9008,ISRO-SCL-250407-14,MOSFET,0,14.9,1.19,14.8,17.7,15.4,PASS,Borderline,Pass
C9009,ISRO-SCL-250224-08,MOSFET,0,11.4,0.91,14.9,8.9,12.3,PASS,Safe,Pass
C9010,ISRO-SCL-250421-16,MOSFET,0,33.9,2.71,24.4,18.7,27.1,PASS,Safe,Pass
C9011,ISRO-SCL-250203-05,Digital Logic IC,0,14.5,1.16,18.1,12.0,15.5,PASS,Safe,Pass
C9012,ISRO-SCL-250210-06,MOSFET,0,9.9,0.79,2.6,7.0,6.4,PASS,Safe,Pass
C9013,ISRO-SCL-250505-18,Op-Amp IC,0,28.5,2.28,22.4,10.5,22.5,PASS,Safe,Pass
C9014,ISRO-SCL-250331-13,Voltage Regulator IC,1,17.0,1.36,35.1,11.0,85.0,REJECT,Safe,Fail
C9015,ISRO-SCL-250224-08,MOSFET,0,19.2,1.54,9.4,3.3,12.1,PASS,Safe,Pass
C9016,ISRO-SCL-250217-07,Op-Amp IC,0,21.1,1.69,24.8,45.2,27.4,PASS,Borderline,Pass
C9017,ISRO-SCL-250303-09,Voltage Regulator IC,0,19.3,1.54,23.0,11.0,19.1,PASS,Safe,Pass
C9018,ISRO-SCL-250127-04,Op-Amp IC,0,43.1,3.45,47.1,44.8,45.1,MONITOR,Borderline,Pass
C9019,ISRO-SCL-250113-02,MOSFET,0,22.3,1.79,21.2,16.6,20.7,PASS,Safe,Pass
C9020,ISRO-SCL-250407-14,MOSFET,0,18.1,1.45,23.9,3.8,17.6,PASS,Safe,Pass
C9021,ISRO-SCL-250127-04,Op-Amp IC,0,55.4,4.43,41.4,32.3,45.2,MONITOR,Fail,Pass
C9022,ISRO-SCL-250303-09,Voltage Regulator IC,0,14.8,1.18,8.0,16.9,12.5,PASS,Safe,Pass
C9023,ISRO-SCL-250224-08,MOSFET,0,15.4,1.23,1.8,17.0,10.3,PASS,Safe,Pass
C9024,ISRO-SCL-250421-16,MOSFET,0,18.3,1.46,1.9,8.0,9.7,PASS,Safe,Pass
C9025,ISRO-SCL-250127-04,Op-Amp IC,0,27.1,2.16,22.9,31.5,26.3,PASS,Borderline,Pass
C9026,ISRO-SCL-250414-15,Digital Logic IC,0,24.2,1.94,9.8,8.2,15.3,PASS,Safe,Pass
C9027,ISRO-SCL-250224-08,MOSFET,0,18.3,1.46,13.9,22.2,17.3,PASS,Safe,Pass
C9028,ISRO-SCL-250224-08,MOSFET,0,9.9,0.8,0.8,9.2,6.1,PASS,Safe,Pass
C9029,ISRO-SCL-250203-05,Digital Logic IC,0,6.7,0.54,0.0,3.8,3.5,PASS,Safe,Pass
C9030,ISRO-SCL-250407-14,MOSFET,0,49.4,3.95,44.6,36.8,45.0,MONITOR,Borderline,Pass
C9031,ISRO-SCL-250224-08,MOSFET,0,9.8,0.79,0.5,5.4,5.2,PASS,Safe,Pass
C9032,ISRO-SCL-250331-13,Voltage Regulator IC,1,16.7,1.33,35.4,4.9,85.0,REJECT,Safe,Fail
C9033,ISRO-SCL-250505-18,Op-Amp IC,0,16.1,1.28,2.7,15.6,10.6,PASS,Safe,Pass
C9034,ISRO-SCL-250310-10,Voltage Regulator IC,0,49.7,3.98,12.7,23.5,29.6,PASS,Borderline,Pass
C9035,ISRO-SCL-250217-07,Op-Amp IC,0,7.2,0.58,6.9,8.8,7.4,PASS,Safe,Pass
C9036,ISRO-SCL-250203-05,Digital Logic IC,0,69.7,5.58,39.6,78.3,59.4,MONITOR,Safe,Pass
C9037,ISRO-SCL-250407-14,MOSFET,1,19.1,1.53,38.8,44.0,85.0,REJECT,Fail,Fail
C9038,ISRO-SCL-250224-08,MOSFET,0,14.3,1.14,33.0,6.4,20.2,PASS,Safe,Pass
C9039,ISRO-SCL-250210-06,MOSFET,0,31.9,2.55,11.8,28.9,23.2,PASS,Borderline,Pass
C9040,ISRO-SCL-250203-05,Digital Logic IC,0,46.5,3.72,25.3,21.8,33.1,MONITOR,Safe,Pass
C9041,ISRO-SCL-250428-17,Voltage Regulator IC,0,16.9,1.35,20.7,18.4,18.7,PASS,Borderline,Pass
C9042,ISRO-SCL-250217-07,Op-Amp IC,0,16.0,1.28,12.3,12.6,13.9,PASS,Safe,Pass
C9043,ISRO-SCL-250217-07,Op-Amp IC,0,11.3,0.91,17.5,5.2,12.6,PASS,Safe,Pass
C9044,ISRO-SCL-250407-14,MOSFET,0,18.7,1.5,19.7,14.2,18.2,PASS,Safe,Pass
C9045,ISRO-SCL-250217-07,Op-Amp IC,0,14.5,1.16,5.8,17.6,11.6,PASS,Safe,Pass
C9046,ISRO-SCL-250210-06,MOSFET,0,7.3,0.58,2.8,8.8,5.8,PASS,Safe,Pass
C9047,ISRO-SCL-250421-16,MOSFET,0,17.9,1.43,6.6,2.6,10.3,PASS,Safe,Pass
C9048,ISRO-SCL-250421-16,MOSFET,0,17.2,1.37,14.0,3.7,13.2,PASS,Safe,Pass
C9049,ISRO-SCL-250331-13,Voltage Regulator IC,0,22.1,1.77,16.0,14.4,18.1,PASS,Safe,Pass
C9050,ISRO-SCL-250331-13,Voltage Regulator IC,0,13.9,1.11,25.5,14.7,18.7,PASS,Safe,Pass
C9051,ISRO-SCL-250210-06,MOSFET,0,14.5,1.16,26.7,8.9,18.3,PASS,Safe,Pass
C9052,ISRO-SCL-250120-03,Op-Amp IC,0,17.1,1.36,16.4,9.3,15.3,PASS,Safe,Pass
C9053,ISRO-SCL-250331-13,Voltage Regulator IC,0,31.3,2.51,15.7,26.8,24.2,PASS,Fail,Pass
C9054,ISRO-SCL-250203-05,Digital Logic IC,0,16.9,1.35,6.0,16.3,12.4,PASS,Borderline,Pass
C9055,ISRO-SCL-250331-13,Voltage Regulator IC,1,17.7,1.41,37.3,20.1,85.0,REJECT,Safe,Fail
C9056,ISRO-SCL-250505-18,Op-Amp IC,0,51.6,4.13,31.1,18.6,36.8,MONITOR,Safe,Pass
C9057,ISRO-SCL-250217-07,Op-Amp IC,0,25.3,2.02,16.3,5.7,17.8,PASS,Safe,Pass
C9058,ISRO-SCL-250407-14,MOSFET,1,63.4,5.08,46.0,44.2,85.0,REJECT,Fail,Fail
C9059,ISRO-SCL-250512-19,Op-Amp IC,1,16.5,1.32,19.9,24.8,85.0,REJECT,Borderline,Fail
C9060,ISRO-SCL-250217-07,Op-Amp IC,0,36.7,2.93,19.7,31.3,28.8,PASS,Fail,Pass
C9061,ISRO-SCL-250317-11,Voltage Regulator IC,0,14.4,1.16,27.9,45.8,26.1,PASS,Borderline,Pass
C9062,ISRO-SCL-250303-09,Voltage Regulator IC,0,18.1,1.45,21.2,5.2,16.7,PASS,Safe,Pass
C9063,ISRO-SCL-250317-11,Voltage Regulator IC,0,37.6,3.01,19.0,26.6,28.0,PASS,Borderline,Pass
C9064,ISRO-SCL-250331-13,Voltage Regulator IC,0,10.0,0.8,9.4,5.1,8.8,PASS,Safe,Pass
C9065,ISRO-SCL-250210-06,MOSFET,0,9.9,0.79,5.0,13.9,8.7,PASS,Safe,Pass
C9066,ISRO-SCL-250210-06,MOSFET,0,65.0,5.2,39.7,19.4,45.7,MONITOR,Borderline,Pass
C9067,ISRO-SCL-250106-01,MOSFET,0,16.5,1.32,20.9,31.4,21.2,PASS,Fail,Pass
C9068,ISRO-SCL-250224-08,MOSFET,0,100.0,17.42,87.2,100.0,94.9,REJECT,Fail,Pass
C9069,ISRO-SCL-250310-10,Voltage Regulator IC,0,8.5,0.68,3.3,11.8,7.1,PASS,Safe,Pass
C9070,ISRO-SCL-250217-07,Op-Amp IC,0,16.3,1.31,2.0,23.4,12.0,PASS,Borderline,Pass
C9071,ISRO-SCL-250310-10,Voltage Regulator IC,0,15.2,1.22,14.1,8.6,13.5,PASS,Safe,Pass
C9072,ISRO-SCL-250106-01,MOSFET,0,16.6,1.33,17.5,18.4,17.3,PASS,Safe,Pass
C9073,ISRO-SCL-250210-06,MOSFET,0,32.5,2.6,26.5,25.9,28.8,PASS,Borderline,Pass
C9074,ISRO-SCL-250512-19,Op-Amp IC,0,9.7,0.78,1.7,12.5,7.1,PASS,Safe,Pass
C9075,ISRO-SCL-250414-15,Digital Logic IC,0,100.0,13.32,76.4,100.0,90.6,REJECT,Safe,Pass
C9076,ISRO-SCL-250317-11,Voltage Regulator IC,0,22.5,1.8,50.6,42.2,37.7,MONITOR,Fail,Pass
C9077,ISRO-SCL-250505-18,Op-Amp IC,0,9.0,0.72,5.7,5.6,7.0,PASS,Safe,Pass
C9078,ISRO-SCL-250505-18,Op-Amp IC,0,26.5,2.12,12.9,13.0,18.4,PASS,Safe,Pass
C9079,ISRO-SCL-250421-16,MOSFET,0,14.2,1.14,13.6,18.0,14.8,PASS,Safe,Pass
C9080,ISRO-SCL-250310-10,Voltage Regulator IC,0,17.4,1.39,23.5,1.6,16.7,PASS,Safe,Pass
C9081,ISRO-SCL-250505-18,Op-Amp IC,1,18.6,1.49,15.4,7.7,85.0,REJECT,Fail,Fail
C9082,ISRO-SCL-250414-15,Digital Logic IC,0,13.6,1.09,21.6,5.0,15.1,PASS,Safe,Pass
C9083,ISRO-SCL-250414-15,Digital Logic IC,0,14.1,1.12,9.7,5.4,10.6,PASS,Safe,Pass
C9084,ISRO-SCL-250120-03,Op-Amp IC,0,16.9,1.35,15.8,10.0,15.1,PASS,Safe,Pass
C9085,ISRO-SCL-250317-11,Voltage Regulator IC,0,12.4,0.99,17.6,10.8,14.2,PASS,Safe,Pass
C9086,ISRO-SCL-250113-02,MOSFET,0,12.8,1.03,7.6,3.6,8.9,PASS,Safe,Pass
C9087,ISRO-SCL-250324-12,Op-Amp IC,0,17.1,1.37,28.7,64.3,31.2,MONITOR,Fail,Pass
C9088,ISRO-SCL-250407-14,MOSFET,0,12.6,1.01,0.0,9.8,7.0,PASS,Safe,Pass
C9089,ISRO-SCL-250428-17,Voltage Regulator IC,0,14.7,1.18,22.4,21.2,19.1,PASS,Borderline,Pass
C9090,ISRO-SCL-250113-02,MOSFET,1,17.6,1.41,19.5,7.2,85.0,REJECT,Safe,Fail
C9091,ISRO-SCL-250106-01,MOSFET,0,63.9,5.11,46.3,47.3,53.6,MONITOR,Fail,Pass
C9092,ISRO-SCL-250512-19,Op-Amp IC,0,14.7,1.18,25.3,21.6,20.3,PASS,Safe,Pass
C9093,ISRO-SCL-250414-15,Digital Logic IC,1,28.1,2.25,46.3,21.5,85.0,REJECT,Fail,Fail
C9094,ISRO-SCL-250113-02,MOSFET,0,17.3,1.39,12.2,4.5,12.7,PASS,Safe,Pass
C9095,ISRO-SCL-250505-18,Op-Amp IC,0,17.4,1.39,16.8,7.0,15.0,PASS,Safe,Pass
C9096,ISRO-SCL-250421-16,MOSFET,0,21.1,1.69,21.0,1.9,17.2,PASS,Safe,Pass
C9097,ISRO-SCL-250421-16,MOSFET,0,16.1,1.28,15.7,8.3,14.3,PASS,Safe,Pass
C9098,ISRO-SCL-250303-09,Voltage Regulator IC,0,12.4,0.99,7.7,12.7,10.6,PASS,Safe,Pass
C9099,ISRO-SCL-250113-02,MOSFET,1,21.1,1.69,20.3,2.4,85.0,REJECT,Safe,Fail
C9100,ISRO-SCL-250310-10,Voltage Regulator IC,0,18.7,1.49,16.9,14.2,17.1,PASS,Safe,Pass
C9101,ISRO-SCL-250120-03,Op-Amp IC,0,55.7,4.46,34.5,16.8,39.5,MONITOR,Safe,Pass
C9102,ISRO-SCL-250512-19,Op-Amp IC,0,11.6,0.93,2.4,14.8,8.6,PASS,Borderline,Pass
C9103,ISRO-SCL-250120-03,Op-Amp IC,0,38.9,3.11,35.6,45.4,38.9,MONITOR,Fail,Pass
C9104,ISRO-SCL-250203-05,Digital Logic IC,0,58.8,4.71,31.7,18.7,40.0,MONITOR,Safe,Pass
C9105,ISRO-SCL-250324-12,Op-Amp IC,0,13.3,1.07,13.6,15.9,14.0,PASS,Safe,Pass
C9106,ISRO-SCL-250120-03,Op-Amp IC,0,25.0,2.0,18.7,35.9,24.7,PASS,Fail,Pass
C9107,ISRO-SCL-250407-14,MOSFET,0,21.5,1.72,19.1,0.4,16.3,PASS,Safe,Pass
C9108,ISRO-SCL-250113-02,MOSFET,0,15.7,1.25,23.0,7.2,16.9,PASS,Safe,Pass
C9109,ISRO-SCL-250127-04,Op-Amp IC,0,16.9,1.35,9.5,13.2,13.2,PASS,Safe,Pass
C9110,ISRO-SCL-250203-05,Digital Logic IC,0,30.4,2.43,20.6,12.4,22.9,PASS,Safe,Pass
C9111,ISRO-SCL-250414-15,Digital Logic IC,0,9.5,0.76,4.9,16.1,9.0,PASS,Safe,Pass
C9112,ISRO-SCL-250421-16,MOSFET,0,19.7,1.57,20.0,12.7,18.4,PASS,Safe,Pass
C9113,ISRO-SCL-250414-15,Digital Logic IC,0,12.9,1.03,9.8,6.2,10.3,PASS,Safe,Pass
C9114,ISRO-SCL-250421-16,MOSFET,0,10.0,0.8,3.8,11.7,7.9,PASS,Safe,Pass
C9115,ISRO-SCL-250127-04,Op-Amp IC,0,14.0,1.12,16.6,21.2,16.5,PASS,Safe,Pass
C9116,ISRO-SCL-250127-04,Op-Amp IC,1,16.9,1.35,30.1,36.0,85.0,REJECT,Borderline,Fail
C9117,ISRO-SCL-250210-06,MOSFET,0,15.5,1.24,14.8,5.3,13.2,PASS,Safe,Pass
C9118,ISRO-SCL-250113-02,MOSFET,1,16.8,1.34,15.4,8.5,85.0,REJECT,Safe,Fail
C9119,ISRO-SCL-250414-15,Digital Logic IC,0,11.6,0.93,6.5,13.4,9.9,PASS,Safe,Pass
C9120,ISRO-SCL-250106-01,MOSFET,1,100.0,9.1,67.6,66.7,85.0,REJECT,Fail,Fail
C9121,ISRO-SCL-250505-18,Op-Amp IC,0,16.9,1.35,6.4,4.4,10.2,PASS,Safe,Pass
C9122,ISRO-SCL-250106-01,MOSFET,0,10.5,0.84,4.3,8.1,7.6,PASS,Safe,Pass
C9123,ISRO-SCL-250331-13,Voltage Regulator IC,0,28.1,2.25,15.6,16.5,20.8,PASS,Safe,Pass
C9124,ISRO-SCL-250113-02,MOSFET,0,15.0,1.2,11.9,19.5,14.6,PASS,Borderline,Pass
C9125,ISRO-SCL-250113-02,MOSFET,0,23.0,1.84,16.6,14.9,18.8,PASS,Safe,Pass
C9126,ISRO-SCL-250310-10,Voltage Regulator IC,0,15.5,1.24,11.4,3.0,11.3,PASS,Safe,Pass
C9127,ISRO-SCL-250210-06,MOSFET,0,16.4,1.31,24.1,5.9,17.4,PASS,Safe,Pass
C9128,ISRO-SCL-250217-07,Op-Amp IC,0,16.3,1.3,21.4,12.1,17.5,PASS,Safe,Pass
C9129,ISRO-SCL-250512-19,Op-Amp IC,0,12.4,0.99,4.7,18.9,10.6,PASS,Safe,Pass
C9130,ISRO-SCL-250317-11,Voltage Regulator IC,0,14.1,1.12,27.3,11.3,18.8,PASS,Borderline,Pass
C9131,ISRO-SCL-250310-10,Voltage Regulator IC,0,100.0,11.17,40.4,7.2,57.6,MONITOR,Safe,Pass
C9132,ISRO-SCL-250127-04,Op-Amp IC,0,23.3,1.86,17.0,30.6,22.2,PASS,Borderline,Pass
C9133,ISRO-SCL-250421-16,MOSFET,0,29.5,2.36,16.1,17.8,21.8,PASS,Safe,Pass
C9134,ISRO-SCL-250407-14,MOSFET,0,10.0,0.8,6.9,26.0,12.0,PASS,Safe,Pass
C9135,ISRO-SCL-250127-04,Op-Amp IC,0,34.8,2.78,19.7,15.6,24.9,PASS,Borderline,Pass
C9136,ISRO-SCL-250210-06,MOSFET,0,21.8,1.75,10.6,7.6,14.5,PASS,Safe,Pass
C9137,ISRO-SCL-250113-02,MOSFET,0,12.3,0.99,8.9,19.0,12.3,PASS,Borderline,Pass
C9138,ISRO-SCL-250217-07,Op-Amp IC,0,15.6,1.25,6.3,18.8,12.5,PASS,Borderline,Pass
C9139,ISRO-SCL-250303-09,Voltage Regulator IC,0,15.4,1.23,18.2,6.6,14.7,PASS,Safe,Pass
C9140,ISRO-SCL-250113-02,MOSFET,1,17.8,1.42,34.3,50.4,85.0,REJECT,Borderline,Fail
C9141,ISRO-SCL-250324-12,Op-Amp IC,0,9.1,0.73,11.7,12.0,10.7,PASS,Safe,Pass
C9142,ISRO-SCL-250113-02,MOSFET,1,32.3,2.59,55.2,57.6,85.0,REJECT,Fail,Fail
C9143,ISRO-SCL-250421-16,MOSFET,0,19.7,1.57,19.9,2.4,16.3,PASS,Safe,Pass
C9144,ISRO-SCL-250106-01,MOSFET,0,10.6,0.85,14.5,14.3,12.9,PASS,Borderline,Pass
C9145,ISRO-SCL-250113-02,MOSFET,1,31.1,2.49,24.6,19.3,85.0,REJECT,Safe,Fail
C9146,ISRO-SCL-250113-02,MOSFET,1,17.2,1.38,27.0,9.8,85.0,REJECT,Safe,Fail
C9147,ISRO-SCL-250310-10,Voltage Regulator IC,0,19.7,1.57,25.5,10.5,20.2,PASS,Safe,Pass
C9148,ISRO-SCL-250407-14,MOSFET,0,11.1,0.89,12.2,7.9,10.9,PASS,Safe,Pass
C9149,ISRO-SCL-250217-07,Op-Amp IC,0,17.7,1.41,14.2,15.4,15.8,PASS,Safe,Pass
C9150,ISRO-SCL-250414-15,Digital Logic IC,0,14.1,1.13,14.4,11.2,13.7,PASS,Safe,Pass
C9151,ISRO-SCL-250407-14,MOSFET,0,16.9,1.35,9.4,19.1,14.3,PASS,Safe,Pass
C9152,ISRO-SCL-250210-06,MOSFET,0,13.2,1.05,21.8,12.0,16.4,PASS,Safe,Pass
C9153,ISRO-SCL-250303-09,Voltage Regulator IC,0,16.4,1.31,30.3,39.1,26.5,PASS,Fail,Pass
C9154,ISRO-SCL-250106-01,MOSFET,0,25.9,2.07,17.2,19.3,21.1,PASS,Fail,Pass
C9155,ISRO-SCL-250203-05,Digital Logic IC,0,16.6,1.33,25.1,9.9,18.7,PASS,Safe,Pass
C9156,ISRO-SCL-250127-04,Op-Amp IC,1,71.7,5.73,31.2,11.7,85.0,REJECT,Safe,Fail
C9157,ISRO-SCL-250120-03,Op-Amp IC,1,90.1,7.21,77.1,63.2,85.0,REJECT,Fail,Fail
C9158,ISRO-SCL-250106-01,MOSFET,0,11.0,0.88,2.7,8.8,7.2,PASS,Safe,Pass
C9159,ISRO-SCL-250203-05,Digital Logic IC,0,91.8,7.34,55.6,35.9,66.1,HOLD,Fail,Pass
C9160,ISRO-SCL-250127-04,Op-Amp IC,0,10.3,0.83,7.6,22.0,11.6,PASS,Borderline,Pass
C9161,ISRO-SCL-250310-10,Voltage Regulator IC,0,11.8,0.95,15.4,26.7,16.3,PASS,Borderline,Pass
C9162,ISRO-SCL-250414-15,Digital Logic IC,0,15.0,1.2,10.8,9.2,12.2,PASS,Safe,Pass
C9163,ISRO-SCL-250127-04,Op-Amp IC,0,39.3,3.15,47.6,43.9,43.6,MONITOR,Fail,Pass
C9164,ISRO-SCL-250331-13,Voltage Regulator IC,0,18.8,1.51,12.8,21.0,16.9,PASS,Borderline,Pass
C9165,ISRO-SCL-250210-06,MOSFET,0,31.4,2.51,8.7,18.1,19.6,PASS,Safe,Pass
C9166,ISRO-SCL-250407-14,MOSFET,0,19.7,1.57,15.0,9.6,15.8,PASS,Safe,Pass
C9167,ISRO-SCL-250519-20,Voltage Regulator IC,0,13.6,1.08,15.2,8.1,13.1,PASS,Safe,Pass
C9168,ISRO-SCL-250224-08,MOSFET,0,14.2,1.14,20.2,2.7,14.3,PASS,Safe,Pass
C9169,ISRO-SCL-250217-07,Op-Amp IC,0,11.9,0.95,17.0,13.3,14.2,PASS,Safe,Pass
C9170,ISRO-SCL-250331-13,Voltage Regulator IC,0,7.8,0.63,1.6,16.0,7.0,PASS,Borderline,Pass
C9171,ISRO-SCL-250324-12,Op-Amp IC,0,22.3,1.78,19.6,29.3,22.6,PASS,Borderline,Pass
C9172,ISRO-SCL-250421-16,MOSFET,0,21.8,1.74,8.9,2.1,12.7,PASS,Fail,Pass
C9173,ISRO-SCL-250407-14,MOSFET,1,12.7,1.01,32.8,47.9,85.0,REJECT,Fail,Fail
C9174,ISRO-SCL-250120-03,Op-Amp IC,1,100.0,8.89,74.3,74.6,85.0,REJECT,Fail,Fail
C9175,ISRO-SCL-250414-15,Digital Logic IC,0,15.0,1.2,10.6,5.4,11.3,PASS,Safe,Pass
C9176,ISRO-SCL-250217-07,Op-Amp IC,0,10.3,0.82,1.4,7.6,6.2,PASS,Safe,Pass
C9177,ISRO-SCL-250203-05,Digital Logic IC,0,14.6,1.17,17.8,1.8,13.3,PASS,Safe,Pass
C9178,ISRO-SCL-250407-14,MOSFET,0,14.1,1.12,5.2,10.6,9.8,PASS,Safe,Pass
C9179,ISRO-SCL-250224-08,MOSFET,0,12.2,0.98,24.5,4.0,15.5,PASS,Safe,Pass
C9180,ISRO-SCL-250421-16,MOSFET,0,22.0,1.76,28.6,6.2,21.5,PASS,Safe,Pass
C9181,ISRO-SCL-250310-10,Voltage Regulator IC,0,13.9,1.11,17.5,3.9,13.3,PASS,Safe,Pass
C9182,ISRO-SCL-250421-16,MOSFET,0,18.5,1.48,14.7,19.9,17.3,PASS,Borderline,Pass
C9183,ISRO-SCL-250414-15,Digital Logic IC,0,16.8,1.34,24.3,15.0,19.4,PASS,Safe,Pass
C9184,ISRO-SCL-250217-07,Op-Amp IC,0,20.5,1.64,16.6,2.5,15.3,PASS,Safe,Pass
C9185,ISRO-SCL-250120-03,Op-Amp IC,0,20.6,1.65,17.7,9.5,17.2,PASS,Safe,Pass
C9186,ISRO-SCL-250127-04,Op-Amp IC,0,15.0,1.2,9.9,17.5,13.5,PASS,Safe,Pass
C9187,ISRO-SCL-250421-16,MOSFET,0,17.1,1.37,3.6,15.1,11.3,PASS,Safe,Pass
C9188,ISRO-SCL-250303-09,Voltage Regulator IC,0,25.4,2.03,12.1,46.9,24.4,PASS,Fail,Pass
C9189,ISRO-SCL-250217-07,Op-Amp IC,0,15.7,1.25,11.0,3.8,11.4,PASS,Safe,Pass
C9190,ISRO-SCL-250127-04,Op-Amp IC,0,22.3,1.79,38.3,19.8,28.2,PASS,Safe,Pass
C9191,ISRO-SCL-250505-18,Op-Amp IC,0,37.1,2.97,8.0,15.6,21.2,PASS,Borderline,Pass
C9192,ISRO-SCL-250317-11,Voltage Regulator IC,1,100.0,9.44,93.6,80.2,93.5,REJECT,Fail,Fail
C9193,ISRO-SCL-250113-02,MOSFET,0,11.8,0.94,7.9,14.3,10.7,PASS,Safe,Pass
C9194,ISRO-SCL-250428-17,Voltage Regulator IC,1,57.8,4.62,42.9,37.5,85.0,REJECT,Fail,Fail
C9195,ISRO-SCL-250127-04,Op-Amp IC,1,12.1,0.97,16.0,8.3,85.0,REJECT,Safe,Fail
C9196,ISRO-SCL-250106-01,MOSFET,0,14.7,1.17,7.5,6.7,10.2,PASS,Safe,Pass
C9197,ISRO-SCL-250414-15,Digital Logic IC,0,13.3,1.06,12.7,7.0,11.8,PASS,Safe,Pass
C9198,ISRO-SCL-250113-02,MOSFET,0,14.2,1.14,15.9,7.7,13.6,PASS,Safe,Pass
C9199,ISRO-SCL-250127-04,Op-Amp IC,0,32.6,2.61,28.6,31.0,30.7,MONITOR,Fail,Pass
C9200,ISRO-SCL-250421-16,MOSFET,0,12.6,1.01,4.1,26.7,12.0,PASS,Borderline,Pass
C9201,ISRO-SCL-250421-16,MOSFET,0,15.5,1.24,20.0,9.1,16.0,PASS,Safe,Pass
C9202,ISRO-SCL-250120-03,Op-Amp IC,0,14.9,1.19,13.9,20.9,15.7,PASS,Borderline,Pass
C9203,ISRO-SCL-250310-10,Voltage Regulator IC,0,13.2,1.05,22.9,5.4,15.5,PASS,Safe,Pass
C9204,ISRO-SCL-250414-15,Digital Logic IC,0,19.4,1.56,8.8,28.1,16.9,PASS,Borderline,Pass
C9205,ISRO-SCL-250519-20,Voltage Regulator IC,0,7.6,0.6,0.3,10.0,5.1,PASS,Safe,Pass
C9206,ISRO-SCL-250203-05,Digital Logic IC,0,17.7,1.42,19.2,5.9,15.9,PASS,Safe,Pass
C9207,ISRO-SCL-250512-19,Op-Amp IC,0,19.2,1.53,16.9,18.4,18.1,PASS,Borderline,Pass
C9208,ISRO-SCL-250421-16,MOSFET,0,12.7,1.02,5.8,4.9,8.4,PASS,Safe,Pass
C9209,ISRO-SCL-250106-01,MOSFET,1,73.3,5.86,79.4,45.2,85.0,REJECT,Fail,Fail
C9210,ISRO-SCL-250505-18,Op-Amp IC,0,15.0,1.2,4.2,10.6,9.8,PASS,Safe,Pass
C9211,ISRO-SCL-250113-02,MOSFET,0,14.1,1.12,5.1,11.4,9.9,PASS,Safe,Pass
C9212,ISRO-SCL-250310-10,Voltage Regulator IC,0,14.7,1.18,4.8,9.2,9.7,PASS,Safe,Pass
C9213,ISRO-SCL-250324-12,Op-Amp IC,0,13.8,1.1,4.0,16.9,10.5,PASS,Borderline,Pass
C9214,ISRO-SCL-250421-16,MOSFET,0,23.4,1.87,10.1,33.9,20.2,PASS,Borderline,Pass
C9215,ISRO-SCL-250217-07,Op-Amp IC,0,16.3,1.31,14.4,15.1,15.3,PASS,Safe,Pass
C9216,ISRO-SCL-250512-19,Op-Amp IC,0,4.8,0.38,0.4,13.7,4.8,PASS,Safe,Pass
C9217,ISRO-SCL-250428-17,Voltage Regulator IC,0,7.7,0.61,0.0,11.0,5.3,PASS,Safe,Pass
C9218,ISRO-SCL-250421-16,MOSFET,0,100.0,245.06,100.0,94.8,99.0,REJECT,Safe,Pass
C9219,ISRO-SCL-250331-13,Voltage Regulator IC,1,75.3,6.03,54.3,53.6,85.0,REJECT,Fail,Fail
C9220,ISRO-SCL-250203-05,Digital Logic IC,0,14.1,1.13,8.3,7.2,10.4,PASS,Safe,Pass
C9221,ISRO-SCL-250127-04,Op-Amp IC,1,12.2,0.97,12.5,6.4,85.0,REJECT,Safe,Fail
C9222,ISRO-SCL-250224-08,MOSFET,0,29.5,2.36,48.8,4.0,32.1,MONITOR,Safe,Pass
C9223,ISRO-SCL-250127-04,Op-Amp IC,0,13.9,1.11,16.2,32.9,18.6,PASS,Borderline,Pass
C9224,ISRO-SCL-250203-05,Digital Logic IC,0,14.4,1.15,13.6,8.1,12.8,PASS,Safe,Pass
C9225,ISRO-SCL-250203-05,Digital Logic IC,0,27.0,2.16,15.8,10.0,19.1,PASS,Safe,Pass
C9226,ISRO-SCL-250414-15,Digital Logic IC,0,12.2,0.97,13.6,9.1,12.1,PASS,Safe,Pass
C9227,ISRO-SCL-250127-04,Op-Amp IC,0,19.8,1.58,14.5,21.2,17.9,PASS,Safe,Pass
C9228,ISRO-SCL-250331-13,Voltage Regulator IC,1,14.0,1.12,24.8,13.1,85.0,REJECT,Safe,Fail
C9229,ISRO-SCL-250120-03,Op-Amp IC,1,56.6,4.53,61.8,68.7,85.0,REJECT,Fail,Fail
C9230,ISRO-SCL-250303-09,Voltage Regulator IC,0,13.2,1.06,7.0,8.8,9.9,PASS,Safe,Pass
C9231,ISRO-SCL-250120-03,Op-Amp IC,0,22.7,1.81,17.1,23.3,20.6,PASS,Fail,Pass
C9232,ISRO-SCL-250224-08,MOSFET,0,33.5,2.68,14.1,22.8,23.6,PASS,Fail,Pass
C9233,ISRO-SCL-250428-17,Voltage Regulator IC,0,18.3,1.47,13.7,21.1,17.0,PASS,Safe,Pass
C9234,ISRO-SCL-250113-02,MOSFET,0,25.9,2.07,15.6,6.7,17.9,PASS,Safe,Pass
C9235,ISRO-SCL-250324-12,Op-Amp IC,1,25.6,2.05,35.5,26.0,85.0,REJECT,Borderline,Fail
C9236,ISRO-SCL-250324-12,Op-Amp IC,1,25.0,2.0,20.5,27.4,85.0,REJECT,Fail,Fail
C9237,ISRO-SCL-250331-13,Voltage Regulator IC,0,18.1,1.45,11.6,9.6,13.8,PASS,Safe,Pass
C9238,ISRO-SCL-250210-06,MOSFET,0,35.7,2.86,18.9,15.1,24.8,PASS,Safe,Pass
C9239,ISRO-SCL-250407-14,MOSFET,0,39.2,3.13,30.8,23.9,32.7,MONITOR,Fail,Pass
C9240,ISRO-SCL-250505-18,Op-Amp IC,0,15.4,1.23,17.3,4.1,13.9,PASS,Safe,Pass
C9241,ISRO-SCL-250310-10,Voltage Regulator IC,0,24.9,1.99,4.3,18.6,15.4,PASS,Borderline,Pass
C9242,ISRO-SCL-250203-05,Digital Logic IC,0,10.5,0.84,10.1,8.7,10.0,PASS,Safe,Pass
C9243,ISRO-SCL-250310-10,Voltage Regulator IC,0,10.6,0.85,0.0,11.8,6.6,PASS,Safe,Pass
C9244,ISRO-SCL-250113-02,MOSFET,0,16.6,1.33,4.0,13.9,11.0,PASS,Safe,Pass
C9245,ISRO-SCL-250421-16,MOSFET,0,66.5,5.32,22.0,11.7,37.8,MONITOR,Safe,Pass
C9246,ISRO-SCL-250113-02,MOSFET,1,100.0,9.33,43.6,9.1,85.0,REJECT,Fail,Fail
C9247,ISRO-SCL-250303-09,Voltage Regulator IC,0,26.4,2.11,16.7,22.8,21.8,PASS,Safe,Pass
C9248,ISRO-SCL-250113-02,MOSFET,0,66.5,5.32,15.1,28.7,38.4,MONITOR,Borderline,Pass
C9249,ISRO-SCL-250407-14,MOSFET,0,8.6,0.69,5.3,13.0,8.2,PASS,Safe,Pass
C9250,ISRO-SCL-250106-01,MOSFET,0,12.5,1.0,8.1,16.8,11.6,PASS,Safe,Pass
C9251,ISRO-SCL-250331-13,Voltage Regulator IC,0,15.7,1.25,10.6,16.8,13.9,PASS,Safe,Pass
C9252,ISRO-SCL-250331-13,Voltage Regulator IC,0,17.0,1.36,4.0,15.0,11.4,PASS,Safe,Pass
C9253,ISRO-SCL-250421-16,MOSFET,0,12.2,0.98,8.3,11.9,10.6,PASS,Safe,Pass
C9254,ISRO-SCL-250113-02,MOSFET,0,51.8,4.14,11.3,16.6,28.5,PASS,Safe,Pass
C9255,ISRO-SCL-250324-12,Op-Amp IC,0,16.9,1.35,19.0,12.4,16.8,PASS,Safe,Pass
C9256,ISRO-SCL-250428-17,Voltage Regulator IC,0,10.8,0.87,7.3,10.1,9.3,PASS,Safe,Pass
C9257,ISRO-SCL-250421-16,MOSFET,0,11.2,0.9,6.9,5.3,8.3,PASS,Safe,Pass
C9258,ISRO-SCL-250331-13,Voltage Regulator IC,0,29.4,2.35,13.4,32.6,23.7,PASS,Borderline,Pass
C9259,ISRO-SCL-250519-20,Voltage Regulator IC,0,31.8,2.55,18.0,18.1,23.5,PASS,Safe,Pass
C9260,ISRO-SCL-250407-14,MOSFET,0,11.4,0.91,12.1,29.2,15.2,PASS,Fail,Pass
C9261,ISRO-SCL-250414-15,Digital Logic IC,0,7.8,0.62,2.6,13.1,6.8,PASS,Safe,Pass
C9262,ISRO-SCL-250519-20,Voltage Regulator IC,1,59.5,4.76,49.6,28.9,85.0,REJECT,Borderline,Fail
C9263,ISRO-SCL-250217-07,Op-Amp IC,0,15.1,1.21,22.6,3.6,15.8,PASS,Safe,Pass
C9264,ISRO-SCL-250414-15,Digital Logic IC,0,17.9,1.43,23.6,18.2,20.3,PASS,Borderline,Pass
C9265,ISRO-SCL-250317-11,Voltage Regulator IC,0,53.5,4.28,49.0,34.4,47.9,MONITOR,Borderline,Pass
C9266,ISRO-SCL-250310-10,Voltage Regulator IC,0,9.8,0.79,8.2,9.1,9.1,PASS,Safe,Pass
C9267,ISRO-SCL-250407-14,MOSFET,0,12.2,0.97,11.5,20.2,13.5,PASS,Borderline,Pass
C9268,ISRO-SCL-250407-14,MOSFET,0,18.7,1.5,7.3,20.0,14.4,PASS,Borderline,Pass
C9269,ISRO-SCL-250428-17,Voltage Regulator IC,1,14.3,1.15,14.5,26.4,85.0,REJECT,Fail,Fail
C9270,ISRO-SCL-250217-07,Op-Amp IC,0,22.0,1.76,28.1,4.9,21.0,PASS,Safe,Pass
C9271,ISRO-SCL-250113-02,MOSFET,0,23.9,1.91,11.1,12.8,16.6,PASS,Borderline,Pass
C9272,ISRO-SCL-250113-02,MOSFET,0,12.8,1.02,5.3,2.4,7.7,PASS,Safe,Pass
C9273,ISRO-SCL-250310-10,Voltage Regulator IC,0,15.1,1.21,26.3,1.6,16.9,PASS,Safe,Pass
C9274,ISRO-SCL-250203-05,Digital Logic IC,0,13.7,1.09,13.7,8.3,12.6,PASS,Safe,Pass
C9275,ISRO-SCL-250127-04,Op-Amp IC,0,14.8,1.18,3.5,4.7,8.3,PASS,Safe,Pass
C9276,ISRO-SCL-250414-15,Digital Logic IC,0,35.8,2.87,41.7,18.9,34.8,MONITOR,Fail,Pass
C9277,ISRO-SCL-250414-15,Digital Logic IC,0,41.2,3.29,67.8,58.9,55.4,MONITOR,Fail,Pass
C9278,ISRO-SCL-250414-15,Digital Logic IC,0,12.7,1.01,6.0,12.9,10.1,PASS,Safe,Pass
C9279,ISRO-SCL-250317-11,Voltage Regulator IC,0,9.8,0.78,7.9,10.3,9.1,PASS,Safe,Pass
C9280,ISRO-SCL-250505-18,Op-Amp IC,1,14.9,1.19,14.0,7.6,85.0,REJECT,Safe,Fail
C9281,ISRO-SCL-250519-20,Voltage Regulator IC,0,10.2,0.81,4.9,7.6,7.5,PASS,Safe,Pass
C9282,ISRO-SCL-250127-04,Op-Amp IC,0,16.9,1.35,14.5,11.3,14.8,PASS,Safe,Pass
C9283,ISRO-SCL-250331-13,Voltage Regulator IC,1,15.6,1.25,24.7,18.5,85.0,REJECT,Borderline,Fail
C9284,ISRO-SCL-250505-18,Op-Amp IC,0,13.6,1.09,7.0,4.4,9.1,PASS,Safe,Pass
C9285,ISRO-SCL-250113-02,MOSFET,0,8.0,0.64,0.7,5.8,4.6,PASS,Safe,Pass
C9286,ISRO-SCL-250217-07,Op-Amp IC,1,19.1,1.52,29.5,11.0,85.0,REJECT,Safe,Fail
C9287,ISRO-SCL-250310-10,Voltage Regulator IC,0,15.2,1.22,9.6,13.9,12.7,PASS,Safe,Pass
C9288,ISRO-SCL-250210-06,MOSFET,0,15.1,1.21,30.0,11.3,20.3,PASS,Safe,Pass
C9289,ISRO-SCL-250106-01,MOSFET,1,15.1,1.21,31.4,38.1,85.0,REJECT,Borderline,Fail
C9290,ISRO-SCL-250224-08,MOSFET,0,16.5,1.32,9.5,4.1,11.2,PASS,Safe,Pass
C9291,ISRO-SCL-250210-06,MOSFET,0,15.0,1.2,16.1,17.0,15.9,PASS,Safe,Pass
C9292,ISRO-SCL-250106-01,MOSFET,0,14.5,1.16,14.0,21.6,15.7,PASS,Safe,Pass
C9293,ISRO-SCL-250414-15,Digital Logic IC,0,33.3,2.66,51.9,18.3,37.7,MONITOR,Fail,Pass
C9294,ISRO-SCL-250505-18,Op-Amp IC,0,13.0,1.04,11.6,6.6,11.2,PASS,Safe,Pass
C9295,ISRO-SCL-250331-13,Voltage Regulator IC,1,14.2,1.13,22.3,11.8,85.0,REJECT,Safe,Fail
C9296,ISRO-SCL-250113-02,MOSFET,0,16.9,1.35,25.5,3.6,17.6,PASS,Safe,Pass
C9297,ISRO-SCL-250217-07,Op-Amp IC,1,54.2,4.34,35.1,34.4,85.0,REJECT,Fail,Fail
C9298,ISRO-SCL-250310-10,Voltage Regulator IC,0,15.1,1.21,9.2,12.2,12.1,PASS,Safe,Pass
C9299,ISRO-SCL-250210-06,MOSFET,0,42.2,3.37,25.9,1.0,27.4,PASS,Safe,Pass
C9300,ISRO-SCL-250310-10,Voltage Regulator IC,0,13.7,1.09,7.9,5.7,9.8,PASS,Safe,Pass
C9301,ISRO-SCL-250210-06,MOSFET,0,16.9,1.35,14.6,8.9,14.4,PASS,Safe,Pass
C9302,ISRO-SCL-250317-11,Voltage Regulator IC,0,13.1,1.05,5.3,6.5,8.7,PASS,Safe,Pass
C9303,ISRO-SCL-250120-03,Op-Amp IC,1,23.0,1.84,23.0,5.1,85.0,REJECT,Fail,Fail
C9304,ISRO-SCL-250414-15,Digital Logic IC,0,14.6,1.17,17.0,10.2,14.7,PASS,Safe,Pass
C9305,ISRO-SCL-250106-01,MOSFET,0,5.0,0.4,3.1,7.3,4.7,PASS,Safe,Pass
C9306,ISRO-SCL-250331-13,Voltage Regulator IC,0,12.5,1.0,4.0,4.3,7.5,PASS,Safe,Pass
C9307,ISRO-SCL-250317-11,Voltage Regulator IC,0,11.4,0.91,3.0,20.1,9.8,PASS,Borderline,Pass
C9308,ISRO-SCL-250127-04,Op-Amp IC,0,17.0,1.36,13.1,13.1,14.6,PASS,Safe,Pass
C9309,ISRO-SCL-250428-17,Voltage Regulator IC,0,14.7,1.18,13.3,10.6,13.3,PASS,Safe,Pass
C9310,ISRO-SCL-250113-02,MOSFET,1,17.1,1.37,32.9,0.1,85.0,REJECT,Safe,Fail
C9311,ISRO-SCL-250414-15,Digital Logic IC,0,20.0,1.6,15.5,8.9,16.0,PASS,Safe,Pass
C9312,ISRO-SCL-250224-08,MOSFET,0,41.1,3.29,29.8,42.2,36.8,MONITOR,Fail,Pass
C9313,ISRO-SCL-250303-09,Voltage Regulator IC,0,14.5,1.16,15.9,7.4,13.6,PASS,Safe,Pass
C9314,ISRO-SCL-250113-02,MOSFET,0,21.6,1.73,7.2,11.1,13.7,PASS,Safe,Pass
C9315,ISRO-SCL-250331-13,Voltage Regulator IC,0,24.1,1.93,15.3,8.9,17.6,PASS,Safe,Pass
C9316,ISRO-SCL-250512-19,Op-Amp IC,0,28.5,2.28,27.3,56.2,33.5,MONITOR,Fail,Pass
C9317,ISRO-SCL-250224-08,MOSFET,0,16.0,1.28,16.4,8.7,14.7,PASS,Safe,Pass
C9318,ISRO-SCL-250324-12,Op-Amp IC,0,9.3,0.74,20.4,8.2,13.5,PASS,Safe,Pass
C9319,ISRO-SCL-250407-14,MOSFET,1,85.6,6.85,73.5,100.0,85.0,REJECT,Fail,Fail
C9320,ISRO-SCL-250217-07,Op-Amp IC,0,29.9,2.39,22.7,12.7,23.5,PASS,Borderline,Pass
C9321,ISRO-SCL-250512-19,Op-Amp IC,0,9.7,0.78,14.6,10.3,11.8,PASS,Safe,Pass
C9322,ISRO-SCL-250224-08,MOSFET,0,15.2,1.22,7.2,6.0,10.2,PASS,Safe,Pass
C9323,ISRO-SCL-250414-15,Digital Logic IC,0,13.7,1.09,19.5,11.8,15.6,PASS,Safe,Pass
C9324,ISRO-SCL-250414-15,Digital Logic IC,1,14.4,1.15,22.3,11.2,85.0,REJECT,Fail,Fail
C9325,ISRO-SCL-250421-16,MOSFET,0,14.8,1.18,19.6,14.7,16.7,PASS,Safe,Pass
C9326,ISRO-SCL-250331-13,Voltage Regulator IC,1,21.4,1.71,33.2,14.9,85.0,REJECT,Borderline,Fail
C9327,ISRO-SCL-250113-02,MOSFET,0,8.9,0.71,2.5,14.5,7.5,PASS,Borderline,Pass
C9328,ISRO-SCL-250512-19,Op-Amp IC,0,14.1,1.13,22.6,31.9,21.1,PASS,Borderline,Pass
C9329,ISRO-SCL-250421-16,MOSFET,0,14.1,1.12,19.6,9.3,15.3,PASS,Safe,Pass
C9330,ISRO-SCL-250203-05,Digital Logic IC,0,37.1,2.97,24.0,16.8,27.8,PASS,Borderline,Pass
C9331,ISRO-SCL-250224-08,MOSFET,0,9.8,0.79,1.6,3.4,5.3,PASS,Safe,Pass
C9332,ISRO-SCL-250331-13,Voltage Regulator IC,1,17.3,1.39,23.2,3.6,85.0,REJECT,Safe,Fail
C9333,ISRO-SCL-250127-04,Op-Amp IC,0,16.9,1.35,14.7,6.4,13.9,PASS,Safe,Pass
C9334,ISRO-SCL-250217-07,Op-Amp IC,0,15.7,1.25,21.4,15.4,17.9,PASS,Borderline,Pass
C9335,ISRO-SCL-250106-01,MOSFET,0,15.8,1.26,17.2,28.9,19.0,PASS,Fail,Pass
C9336,ISRO-SCL-250414-15,Digital Logic IC,0,21.7,1.73,32.2,30.2,27.6,PASS,Borderline,Pass
C9337,ISRO-SCL-250421-16,MOSFET,1,16.7,1.34,28.5,4.5,85.0,REJECT,Safe,Fail
C9338,ISRO-SCL-250127-04,Op-Amp IC,0,11.7,0.94,10.0,22.3,13.2,PASS,Safe,Pass
C9339,ISRO-SCL-250310-10,Voltage Regulator IC,0,35.7,2.86,8.5,21.4,22.0,PASS,Borderline,Pass
C9340,ISRO-SCL-250310-10,Voltage Regulator IC,0,15.1,1.2,11.0,6.4,11.7,PASS,Safe,Pass
C9341,ISRO-SCL-250317-11,Voltage Regulator IC,1,15.0,1.2,27.8,25.7,85.0,REJECT,Fail,Fail
C9342,ISRO-SCL-250303-09,Voltage Regulator IC,0,18.1,1.45,11.5,4.5,12.7,PASS,Safe,Pass
C9343,ISRO-SCL-250120-03,Op-Amp IC,0,13.4,1.07,15.9,16.4,15.0,PASS,Safe,Pass
C9344,ISRO-SCL-250505-18,Op-Amp IC,0,13.5,1.08,6.2,5.2,8.9,PASS,Safe,Pass
C9345,ISRO-SCL-250217-07,Op-Amp IC,0,50.2,4.02,48.6,19.8,43.5,MONITOR,Fail,Pass
C9346,ISRO-SCL-250512-19,Op-Amp IC,0,14.0,1.12,6.2,8.9,9.9,PASS,Safe,Pass
C9347,ISRO-SCL-250303-09,Voltage Regulator IC,0,11.0,0.88,0.0,11.5,6.7,PASS,Safe,Pass
C9348,ISRO-SCL-250120-03,Op-Amp IC,0,15.0,1.2,12.8,22.2,15.6,PASS,Borderline,Pass
C9349,ISRO-SCL-250512-19,Op-Amp IC,1,16.0,1.28,29.1,8.2,85.0,REJECT,Safe,Fail
C9350,ISRO-SCL-250331-13,Voltage Regulator IC,0,12.0,0.96,4.6,13.6,9.4,PASS,Safe,Pass
C9351,ISRO-SCL-250414-15,Digital Logic IC,0,14.2,1.13,9.4,17.1,12.9,PASS,Safe,Pass
C9352,ISRO-SCL-250414-15,Digital Logic IC,0,14.7,1.18,18.8,2.6,13.9,PASS,Safe,Pass
C9353,ISRO-SCL-250407-14,MOSFET,0,9.9,0.79,2.1,20.4,8.9,PASS,Borderline,Pass
C9354,ISRO-SCL-250106-01,MOSFET,0,15.8,1.26,21.2,12.3,17.3,PASS,Safe,Pass
C9355,ISRO-SCL-250519-20,Voltage Regulator IC,0,13.9,1.11,8.7,8.1,10.7,PASS,Safe,Pass
C9356,ISRO-SCL-250414-15,Digital Logic IC,0,14.4,1.16,13.0,4.5,11.9,PASS,Safe,Pass
C9357,ISRO-SCL-250331-13,Voltage Regulator IC,0,12.5,1.0,10.0,14.8,12.0,PASS,Safe,Pass
C9358,ISRO-SCL-250414-15,Digital Logic IC,0,12.1,0.97,5.0,10.1,8.9,PASS,Safe,Pass
C9359,ISRO-SCL-250113-02,MOSFET,0,21.1,1.69,10.6,11.9,15.0,PASS,Safe,Pass
C9360,ISRO-SCL-250407-14,MOSFET,0,8.0,0.64,7.2,29.1,11.9,PASS,Fail,Pass
C9361,ISRO-SCL-250310-10,Voltage Regulator IC,1,76.1,6.08,29.6,38.1,85.0,REJECT,Fail,Fail
C9362,ISRO-SCL-250310-10,Voltage Regulator IC,0,19.7,1.57,25.5,1.6,18.4,PASS,Safe,Pass
C9363,ISRO-SCL-250519-20,Voltage Regulator IC,0,17.6,1.41,6.1,12.0,11.9,PASS,Safe,Pass
C9364,ISRO-SCL-250120-03,Op-Amp IC,0,8.7,0.7,2.4,7.4,5.9,PASS,Safe,Pass
C9365,ISRO-SCL-250127-04,Op-Amp IC,0,14.9,1.19,20.5,28.6,19.9,PASS,Borderline,Pass
C9366,ISRO-SCL-250310-10,Voltage Regulator IC,0,12.8,1.03,6.5,9.3,9.6,PASS,Safe,Pass
C9367,ISRO-SCL-250310-10,Voltage Regulator IC,0,9.8,0.79,2.6,7.6,6.5,PASS,Safe,Pass
C9368,ISRO-SCL-250421-16,MOSFET,0,16.4,1.31,11.2,18.4,14.7,PASS,Safe,Pass
C9369,ISRO-SCL-250113-02,MOSFET,0,16.9,1.35,9.6,11.6,12.9,PASS,Safe,Pass
C9370,ISRO-SCL-250519-20,Voltage Regulator IC,0,13.2,1.05,16.7,33.0,18.5,PASS,Fail,Pass
C9371,ISRO-SCL-250331-13,Voltage Regulator IC,0,16.2,1.29,3.6,13.2,10.5,PASS,Safe,Pass
C9372,ISRO-SCL-250310-10,Voltage Regulator IC,0,13.5,1.08,12.8,17.0,13.9,PASS,Safe,Pass
C9373,ISRO-SCL-250407-14,MOSFET,1,35.6,2.85,36.4,32.8,85.0,REJECT,Fail,Fail
C9374,ISRO-SCL-250210-06,MOSFET,1,17.1,1.37,49.1,8.8,85.0,REJECT,Safe,Fail
C9375,ISRO-SCL-250505-18,Op-Amp IC,0,23.3,1.86,16.3,3.5,16.5,PASS,Safe,Pass
C9376,ISRO-SCL-250127-04,Op-Amp IC,0,11.9,0.95,5.6,20.0,11.0,PASS,Borderline,Pass
C9377,ISRO-SCL-250127-04,Op-Amp IC,0,11.9,0.96,7.1,5.9,8.8,PASS,Safe,Pass
C9378,ISRO-SCL-250127-04,Op-Amp IC,0,24.6,1.97,16.3,4.3,17.2,PASS,Safe,Pass
C9379,ISRO-SCL-250203-05,Digital Logic IC,1,100.0,18.21,70.9,16.9,85.0,REJECT,Safe,Fail
C9380,ISRO-SCL-250331-13,Voltage Regulator IC,1,13.8,1.1,24.2,23.4,85.0,REJECT,Borderline,Fail
C9381,ISRO-SCL-250217-07,Op-Amp IC,0,14.8,1.19,16.3,5.3,13.5,PASS,Safe,Pass
C9382,ISRO-SCL-250217-07,Op-Amp IC,1,16.5,1.32,17.6,6.2,85.0,REJECT,Safe,Fail
C9383,ISRO-SCL-250519-20,Voltage Regulator IC,0,24.1,1.93,11.4,20.0,18.2,PASS,Safe,Pass
C9384,ISRO-SCL-250210-06,MOSFET,0,14.6,1.17,5.1,8.2,9.5,PASS,Safe,Pass
C9385,ISRO-SCL-250127-04,Op-Amp IC,1,15.7,1.25,14.4,4.1,85.0,REJECT,Safe,Fail
C9386,ISRO-SCL-250512-19,Op-Amp IC,1,17.6,1.41,21.2,12.2,85.0,REJECT,Safe,Fail
C9387,ISRO-SCL-250421-16,MOSFET,0,13.8,1.1,22.9,4.4,15.5,PASS,Safe,Pass
C9388,ISRO-SCL-250113-02,MOSFET,0,15.0,1.2,16.5,5.7,13.7,PASS,Safe,Pass
C9389,ISRO-SCL-250421-16,MOSFET,0,15.9,1.27,3.5,3.1,8.4,PASS,Safe,Pass
C9390,ISRO-SCL-250331-13,Voltage Regulator IC,0,13.3,1.07,9.2,20.4,13.1,PASS,Safe,Pass
C9391,ISRO-SCL-250310-10,Voltage Regulator IC,1,10.4,0.84,2.7,7.3,85.0,REJECT,Fail,Fail
C9392,ISRO-SCL-250407-14,MOSFET,0,15.3,1.22,29.1,1.5,18.1,PASS,Safe,Pass
C9393,ISRO-SCL-250324-12,Op-Amp IC,1,66.5,5.32,70.6,52.8,85.0,REJECT,Fail,Fail
C9394,ISRO-SCL-250217-07,Op-Amp IC,0,18.3,1.47,16.5,32.0,20.3,PASS,Borderline,Pass
C9395,ISRO-SCL-250414-15,Digital Logic IC,0,14.5,1.16,34.2,26.3,24.8,PASS,Borderline,Pass
C9396,ISRO-SCL-250310-10,Voltage Regulator IC,0,45.0,3.6,17.9,23.9,30.0,MONITOR,Safe,Pass
C9397,ISRO-SCL-250407-14,MOSFET,1,20.6,1.65,24.6,16.4,85.0,REJECT,Fail,Fail
C9398,ISRO-SCL-250113-02,MOSFET,0,14.9,1.19,24.5,5.1,16.8,PASS,Safe,Pass
C9399,ISRO-SCL-250414-15,Digital Logic IC,0,40.0,3.2,23.6,7.8,27.0,PASS,Safe,Pass
C9400,ISRO-SCL-250217-07,Op-Amp IC,0,19.3,1.54,10.7,6.8,13.3,PASS,Safe,Pass
C9401,ISRO-SCL-250310-10,Voltage Regulator IC,0,13.2,1.06,3.7,5.0,7.8,PASS,Safe,Pass
C9402,ISRO-SCL-250113-02,MOSFET,0,22.5,1.8,35.8,59.2,35.2,MONITOR,Borderline,Pass
C9403,ISRO-SCL-250505-18,Op-Amp IC,1,17.9,1.43,32.3,17.0,85.0,REJECT,Safe,Fail
C9404,ISRO-SCL-250203-05,Digital Logic IC,0,14.4,1.15,0.0,13.3,8.4,PASS,Safe,Pass
C9405,ISRO-SCL-250310-10,Voltage Regulator IC,0,12.5,1.0,4.6,13.9,9.6,PASS,Safe,Pass
C9406,ISRO-SCL-250203-05,Digital Logic IC,0,21.9,1.75,18.0,19.3,19.8,PASS,Safe,Pass
C9407,ISRO-SCL-250113-02,MOSFET,0,100.0,182.7,100.0,52.0,90.4,REJECT,Borderline,Pass
C9408,ISRO-SCL-250310-10,Voltage Regulator IC,0,32.5,2.6,34.7,35.9,34.1,MONITOR,Borderline,Pass
C9409,ISRO-SCL-250331-13,Voltage Regulator IC,0,15.7,1.26,14.4,15.3,15.1,PASS,Borderline,Pass
C9410,ISRO-SCL-250317-11,Voltage Regulator IC,0,17.8,1.42,35.5,51.4,31.6,MONITOR,Borderline,Pass
C9411,ISRO-SCL-250505-18,Op-Amp IC,0,19.9,1.59,9.3,12.6,14.2,PASS,Safe,Pass
C9412,ISRO-SCL-250421-16,MOSFET,0,13.2,1.06,12.9,8.2,12.1,PASS,Safe,Pass
C9413,ISRO-SCL-250317-11,Voltage Regulator IC,0,14.8,1.19,3.6,5.5,8.5,PASS,Safe,Pass
C9414,ISRO-SCL-250428-17,Voltage Regulator IC,0,16.0,1.28,24.6,12.1,18.7,PASS,Safe,Pass
C9415,ISRO-SCL-250203-05,Digital Logic IC,1,20.2,1.62,11.6,3.9,85.0,REJECT,Fail,Fail
C9416,ISRO-SCL-250210-06,MOSFET,0,16.9,1.35,15.4,0.4,13.0,PASS,Safe,Pass
C9417,ISRO-SCL-250331-13,Voltage Regulator IC,0,100.0,13.92,68.2,100.0,87.3,REJECT,Borderline,Pass
C9418,ISRO-SCL-250203-05,Digital Logic IC,0,13.5,1.08,10.3,9.2,11.4,PASS,Safe,Pass
C9419,ISRO-SCL-250519-20,Voltage Regulator IC,1,75.4,6.03,30.6,40.9,85.0,REJECT,Fail,Fail
C9420,ISRO-SCL-250310-10,Voltage Regulator IC,0,11.3,0.91,12.2,6.4,10.7,PASS,Safe,Pass
C9421,ISRO-SCL-250310-10,Voltage Regulator IC,0,21.1,1.69,10.8,9.3,14.6,PASS,Safe,Pass
C9422,ISRO-SCL-250414-15,Digital Logic IC,0,8.6,0.69,2.5,8.3,6.1,PASS,Safe,Pass
C9423,ISRO-SCL-250106-01,MOSFET,0,11.0,0.88,5.8,15.4,9.8,PASS,Safe,Pass
C9424,ISRO-SCL-250421-16,MOSFET,0,25.3,2.02,34.6,11.3,26.2,PASS,Safe,Pass
C9425,ISRO-SCL-250203-05,Digital Logic IC,0,11.4,0.91,7.1,7.4,8.9,PASS,Safe,Pass
C9426,ISRO-SCL-250106-01,MOSFET,1,13.9,1.11,14.3,11.5,85.0,REJECT,Safe,Fail
C9427,ISRO-SCL-250519-20,Voltage Regulator IC,0,27.7,2.22,18.1,33.1,24.9,PASS,Fail,Pass
C9428,ISRO-SCL-250127-04,Op-Amp IC,0,15.0,1.2,21.8,12.0,17.1,PASS,Safe,Pass
C9429,ISRO-SCL-250317-11,Voltage Regulator IC,0,9.0,0.72,1.1,14.2,6.9,PASS,Safe,Pass
C9430,ISRO-SCL-250414-15,Digital Logic IC,0,40.8,3.27,30.5,12.0,30.9,MONITOR,Safe,Pass
C9431,ISRO-SCL-250303-09,Voltage Regulator IC,0,14.1,1.13,29.9,5.3,18.7,PASS,Safe,Pass
C9432,ISRO-SCL-250113-02,MOSFET,0,13.5,1.08,14.0,4.2,11.8,PASS,Safe,Pass
C9433,ISRO-SCL-250203-05,Digital Logic IC,1,16.4,1.31,27.1,5.5,85.0,REJECT,Safe,Fail
C9434,ISRO-SCL-250303-09,Voltage Regulator IC,0,100.0,151.63,100.0,52.0,90.4,REJECT,Borderline,Pass
C9435,ISRO-SCL-250310-10,Voltage Regulator IC,0,23.2,1.85,7.0,8.7,13.8,PASS,Safe,Pass
C9436,ISRO-SCL-250203-05,Digital Logic IC,0,12.0,0.96,4.1,10.7,8.6,PASS,Safe,Pass
C9437,ISRO-SCL-250120-03,Op-Amp IC,0,100.0,10.68,80.6,100.0,92.3,REJECT,Borderline,Pass
C9438,ISRO-SCL-250414-15,Digital Logic IC,0,14.8,1.18,10.9,12.1,12.7,PASS,Safe,Pass
C9439,ISRO-SCL-250217-07,Op-Amp IC,1,98.3,7.87,62.0,72.0,85.0,REJECT,Fail,Fail
C9440,ISRO-SCL-250421-16,MOSFET,0,16.6,1.33,36.6,1.8,21.7,PASS,Safe,Pass
C9441,ISRO-SCL-250324-12,Op-Amp IC,0,29.8,2.38,28.4,48.4,33.0,MONITOR,Fail,Pass
C9442,ISRO-SCL-250203-05,Digital Logic IC,1,20.2,1.62,6.0,3.9,85.0,REJECT,Fail,Fail
C9443,ISRO-SCL-250127-04,Op-Amp IC,1,22.5,1.8,29.3,17.3,85.0,REJECT,Safe,Fail
C9444,ISRO-SCL-250331-13,Voltage Regulator IC,1,20.5,1.64,25.5,4.6,85.0,REJECT,Safe,Fail
C9445,ISRO-SCL-250127-04,Op-Amp IC,1,100.0,11.8,83.5,45.6,85.0,REJECT,Fail,Fail
C9446,ISRO-SCL-250113-02,MOSFET,0,28.0,2.24,13.9,7.8,18.3,PASS,Safe,Pass
C9447,ISRO-SCL-250324-12,Op-Amp IC,0,14.1,1.13,22.0,14.4,17.3,PASS,Safe,Pass
C9448,ISRO-SCL-250519-20,Voltage Regulator IC,0,20.5,1.64,17.9,16.0,18.5,PASS,Safe,Pass
C9449,ISRO-SCL-250210-06,MOSFET,1,13.9,1.11,21.2,3.6,85.0,REJECT,Fail,Fail
C9450,ISRO-SCL-250331-13,Voltage Regulator IC,0,12.3,0.98,0.4,15.1,8.1,PASS,Safe,Pass
C9451,ISRO-SCL-250113-02,MOSFET,0,24.9,1.99,8.5,7.6,14.9,PASS,Safe,Pass
C9452,ISRO-SCL-250317-11,Voltage Regulator IC,1,51.5,4.12,51.8,35.6,85.0,REJECT,Fail,Fail
C9453,ISRO-SCL-250113-02,MOSFET,1,15.3,1.23,20.7,5.3,85.0,REJECT,Safe,Fail
C9454,ISRO-SCL-250414-15,Digital Logic IC,0,12.0,0.96,19.5,6.1,13.8,PASS,Safe,Pass
C9455,ISRO-SCL-250512-19,Op-Amp IC,0,12.5,1.0,15.7,15.5,14.4,PASS,Safe,Pass
C9456,ISRO-SCL-250310-10,Voltage Regulator IC,0,15.5,1.24,5.5,6.5,9.7,PASS,Safe,Pass
C9457,ISRO-SCL-250203-05,Digital Logic IC,0,12.1,0.97,4.6,9.1,8.5,PASS,Safe,Pass
C9458,ISRO-SCL-250127-04,Op-Amp IC,0,29.5,2.36,24.3,25.8,26.7,PASS,Fail,Pass
C9459,ISRO-SCL-250303-09,Voltage Regulator IC,0,16.0,1.28,15.9,22.6,17.3,PASS,Borderline,Pass
C9460,ISRO-SCL-250331-13,Voltage Regulator IC,0,12.0,0.96,8.9,2.7,8.9,PASS,Safe,Pass
C9461,ISRO-SCL-250331-13,Voltage Regulator IC,0,15.7,1.25,21.2,9.1,16.5,PASS,Safe,Pass
C9462,ISRO-SCL-250407-14,MOSFET,0,100.0,10.34,80.6,46.0,81.5,REJECT,Fail,Pass
C9463,ISRO-SCL-250324-12,Op-Amp IC,0,20.4,1.63,34.0,18.5,25.4,PASS,Fail,Pass
C9464,ISRO-SCL-250519-20,Voltage Regulator IC,0,100.0,15.34,72.3,100.0,88.9,REJECT,Borderline,Pass
C9465,ISRO-SCL-250331-13,Voltage Regulator IC,0,9.5,0.76,1.6,10.0,6.5,PASS,Safe,Pass
C9466,ISRO-SCL-250113-02,MOSFET,0,24.6,1.97,9.1,12.9,16.0,PASS,Safe,Pass
C9467,ISRO-SCL-250120-03,Op-Amp IC,0,92.7,7.41,72.5,66.4,79.4,HOLD,Fail,Pass
C9468,ISRO-SCL-250217-07,Op-Amp IC,0,75.5,6.04,43.1,28.6,53.2,MONITOR,Fail,Pass
C9469,ISRO-SCL-250120-03,Op-Amp IC,1,34.4,2.75,18.8,34.0,85.0,REJECT,Fail,Fail
C9470,ISRO-SCL-250113-02,MOSFET,0,12.6,1.01,2.8,6.1,7.4,PASS,Safe,Pass
C9471,ISRO-SCL-250317-11,Voltage Regulator IC,0,12.5,1.0,16.1,7.0,12.9,PASS,Safe,Pass
C9472,ISRO-SCL-250414-15,Digital Logic IC,1,15.7,1.26,11.6,8.2,85.0,REJECT,Safe,Fail
C9473,ISRO-SCL-250120-03,Op-Amp IC,0,11.2,0.9,6.2,15.6,10.1,PASS,Safe,Pass
C9474,ISRO-SCL-250505-18,Op-Amp IC,0,16.6,1.33,26.8,5.3,18.4,PASS,Safe,Pass
C9475,ISRO-SCL-250310-10,Voltage Regulator IC,0,22.5,1.8,33.7,4.5,23.4,PASS,Safe,Pass
C9476,ISRO-SCL-250512-19,Op-Amp IC,0,39.1,3.13,29.5,38.7,35.2,MONITOR,Borderline,Pass
C9477,ISRO-SCL-250407-14,MOSFET,0,17.1,1.37,19.4,20.2,18.6,PASS,Borderline,Pass
C9478,ISRO-SCL-250203-05,Digital Logic IC,0,11.9,0.95,7.9,2.3,8.4,PASS,Safe,Pass
C9479,ISRO-SCL-250407-14,MOSFET,0,16.1,1.29,22.1,34.5,22.2,PASS,Borderline,Pass
C9480,ISRO-SCL-250203-05,Digital Logic IC,1,18.2,1.45,32.7,24.3,85.0,REJECT,Borderline,Fail
C9481,ISRO-SCL-250303-09,Voltage Regulator IC,0,4.9,0.39,0.0,18.2,5.6,PASS,Safe,Pass
C9482,ISRO-SCL-250414-15,Digital Logic IC,1,15.2,1.22,20.2,13.1,85.0,REJECT,Safe,Fail
C9483,ISRO-SCL-250127-04,Op-Amp IC,0,8.1,0.65,6.9,17.5,9.5,PASS,Borderline,Pass
C9484,ISRO-SCL-250203-05,Digital Logic IC,1,17.0,1.36,26.9,6.3,85.0,REJECT,Safe,Fail
C9485,ISRO-SCL-250317-11,Voltage Regulator IC,0,17.4,1.39,18.1,0.2,14.2,PASS,Safe,Pass
C9486,ISRO-SCL-250120-03,Op-Amp IC,1,54.7,4.37,40.6,29.2,85.0,REJECT,Fail,Fail
C9487,ISRO-SCL-250512-19,Op-Amp IC,1,100.0,8.48,87.4,54.2,85.8,REJECT,Fail,Fail
C9488,ISRO-SCL-250120-03,Op-Amp IC,0,11.5,0.92,6.4,6.0,8.4,PASS,Safe,Pass
C9489,ISRO-SCL-250217-07,Op-Amp IC,0,11.4,0.91,7.2,8.0,9.0,PASS,Safe,Pass
C9490,ISRO-SCL-250512-19,Op-Amp IC,0,34.1,2.73,27.8,48.5,34.5,MONITOR,Fail,Pass
C9491,ISRO-SCL-250127-04,Op-Amp IC,0,12.6,1.01,6.6,13.9,10.5,PASS,Safe,Pass
C9492,ISRO-SCL-250407-14,MOSFET,0,10.3,0.82,3.4,6.0,6.7,PASS,Safe,Pass
C9493,ISRO-SCL-250310-10,Voltage Regulator IC,0,17.1,1.37,26.5,9.5,19.3,PASS,Safe,Pass
C9494,ISRO-SCL-250317-11,Voltage Regulator IC,0,11.7,0.94,12.1,21.1,13.8,PASS,Safe,Pass
C9495,ISRO-SCL-250210-06,MOSFET,0,18.3,1.46,10.1,5.0,12.4,PASS,Safe,Pass
C9496,ISRO-SCL-250421-16,MOSFET,0,12.9,1.03,9.4,11.5,11.2,PASS,Safe,Pass
C9497,ISRO-SCL-250505-18,Op-Amp IC,0,12.5,1.0,11.9,18.2,13.4,PASS,Safe,Pass
C9498,ISRO-SCL-250217-07,Op-Amp IC,0,10.9,0.87,3.1,5.7,6.7,PASS,Safe,Pass
C9499,ISRO-SCL-250310-10,Voltage Regulator IC,0,13.2,1.06,7.3,7.3,9.7,PASS,Safe,Pass
C9500,ISRO-SCL-250217-07,Op-Amp IC,0,14.8,1.18,4.6,10.3,9.8,PASS,Safe,Pass
C9501,ISRO-SCL-250127-04,Op-Amp IC,0,19.1,1.53,17.8,21.3,19.0,PASS,Borderline,Pass
C9502,ISRO-SCL-250120-03,Op-Amp IC,1,27.5,2.2,21.2,33.5,85.0,REJECT,Fail,Fail
C9503,ISRO-SCL-250414-15,Digital Logic IC,0,28.1,2.25,32.4,22.3,28.7,PASS,Borderline,Pass
C9504,ISRO-SCL-250428-17,Voltage Regulator IC,0,10.8,0.87,2.9,8.1,7.1,PASS,Safe,Pass
C9505,ISRO-SCL-250120-03,Op-Amp IC,0,21.8,1.75,17.1,21.6,19.9,PASS,Borderline,Pass
C9506,ISRO-SCL-250203-05,Digital Logic IC,0,33.7,2.7,18.6,11.0,23.2,PASS,Safe,Pass
C9507,ISRO-SCL-250203-05,Digital Logic IC,0,68.0,5.44,35.3,19.1,45.1,MONITOR,Safe,Pass
C9508,ISRO-SCL-250127-04,Op-Amp IC,0,100.0,12.14,49.5,6.0,61.0,HOLD,Safe,Pass
C9509,ISRO-SCL-250203-05,Digital Logic IC,0,33.7,2.7,10.4,10.2,19.7,PASS,Safe,Pass
C9510,ISRO-SCL-250127-04,Op-Amp IC,0,16.5,1.32,35.9,35.0,28.0,PASS,Fail,Pass
C9511,ISRO-SCL-250407-14,MOSFET,0,8.4,0.67,3.1,12.0,7.0,PASS,Safe,Pass
C9512,ISRO-SCL-250224-08,MOSFET,0,15.5,1.24,2.3,3.8,7.9,PASS,Safe,Pass
C9513,ISRO-SCL-250421-16,MOSFET,0,100.0,13.23,57.1,7.2,64.3,HOLD,Safe,Pass
C9514,ISRO-SCL-250414-15,Digital Logic IC,0,27.4,2.19,42.5,28.9,33.7,MONITOR,Fail,Pass
C9515,ISRO-SCL-250224-08,MOSFET,0,26.5,2.12,25.5,26.8,26.2,PASS,Borderline,Pass
C9516,ISRO-SCL-250512-19,Op-Amp IC,0,15.9,1.27,8.2,11.4,11.9,PASS,Safe,Pass
C9517,ISRO-SCL-250120-03,Op-Amp IC,1,40.4,3.23,37.1,48.6,85.0,REJECT,Fail,Fail
C9518,ISRO-SCL-250421-16,MOSFET,0,19.7,1.57,15.7,15.9,17.3,PASS,Borderline,Pass
C9519,ISRO-SCL-250421-16,MOSFET,0,37.4,2.99,29.5,18.7,30.5,MONITOR,Safe,Pass
C9520,ISRO-SCL-250505-18,Op-Amp IC,0,13.9,1.11,4.6,6.4,8.7,PASS,Safe,Pass
C9521,ISRO-SCL-250210-06,MOSFET,0,28.0,2.24,21.9,4.8,20.9,PASS,Safe,Pass
C9522,ISRO-SCL-250331-13,Voltage Regulator IC,0,14.4,1.15,23.8,11.4,17.5,PASS,Safe,Pass
C9523,ISRO-SCL-250317-11,Voltage Regulator IC,0,7.5,0.6,3.9,6.9,5.9,PASS,Safe,Pass
C9524,ISRO-SCL-250113-02,MOSFET,1,18.3,1.46,14.8,4.6,85.0,REJECT,Safe,Fail
C9525,ISRO-SCL-250203-05,Digital Logic IC,0,15.8,1.26,17.6,6.2,14.6,PASS,Safe,Pass
C9526,ISRO-SCL-250120-03,Op-Amp IC,1,75.3,6.02,50.3,60.9,85.0,REJECT,Fail,Fail
C9527,ISRO-SCL-250127-04,Op-Amp IC,0,100.0,11.8,58.4,24.2,68.2,HOLD,Borderline,Pass
C9528,ISRO-SCL-250317-11,Voltage Regulator IC,0,39.3,3.15,32.2,18.5,32.3,MONITOR,Fail,Pass
C9529,ISRO-SCL-250127-04,Op-Amp IC,0,20.2,1.61,20.0,4.5,17.0,PASS,Safe,Pass
C9530,ISRO-SCL-250217-07,Op-Amp IC,0,14.5,1.16,3.6,14.8,10.2,PASS,Safe,Pass
C9531,ISRO-SCL-250203-05,Digital Logic IC,1,26.6,2.13,19.5,16.5,85.0,REJECT,Safe,Fail
C9532,ISRO-SCL-250224-08,MOSFET,0,29.5,2.36,13.5,0.5,17.3,PASS,Safe,Pass
C9533,ISRO-SCL-250407-14,MOSFET,0,17.7,1.42,37.1,44.4,30.8,MONITOR,Fail,Pass
C9534,ISRO-SCL-250331-13,Voltage Regulator IC,1,15.8,1.27,20.1,5.1,85.0,REJECT,Safe,Fail
C9535,ISRO-SCL-250428-17,Voltage Regulator IC,0,34.9,2.79,31.7,47.2,36.1,MONITOR,Fail,Pass
C9536,ISRO-SCL-250127-04,Op-Amp IC,0,18.7,1.5,8.9,5.5,12.1,PASS,Safe,Pass
C9537,ISRO-SCL-250324-12,Op-Amp IC,0,30.6,2.45,25.2,7.4,23.8,PASS,Safe,Pass
C9538,ISRO-SCL-250113-02,MOSFET,1,21.1,1.69,9.9,28.3,85.0,REJECT,Fail,Fail
C9539,ISRO-SCL-250210-06,MOSFET,0,49.2,3.93,22.1,2.9,29.1,PASS,Safe,Pass
C9540,ISRO-SCL-250106-01,MOSFET,1,57.8,4.62,58.8,66.8,85.0,REJECT,Fail,Fail
C9541,ISRO-SCL-250519-20,Voltage Regulator IC,1,100.0,14.14,84.2,76.7,89.0,REJECT,Fail,Fail
C9542,ISRO-SCL-250203-05,Digital Logic IC,0,15.8,1.26,10.2,2.5,10.9,PASS,Safe,Pass
C9543,ISRO-SCL-250331-13,Voltage Regulator IC,0,7.2,0.58,0.4,8.3,4.7,PASS,Safe,Pass
C9544,ISRO-SCL-250407-14,MOSFET,1,60.5,4.84,44.7,44.5,85.0,REJECT,Fail,Fail
C9545,ISRO-SCL-250310-10,Voltage Regulator IC,0,14.1,1.12,20.3,2.3,14.2,PASS,Safe,Pass
C9546,ISRO-SCL-250421-16,MOSFET,0,10.7,0.86,11.9,7.5,10.6,PASS,Safe,Pass
C9547,ISRO-SCL-250210-06,MOSFET,0,24.6,1.97,6.0,20.1,16.3,PASS,Safe,Pass
C9548,ISRO-SCL-250120-03,Op-Amp IC,0,14.2,1.14,21.4,4.1,15.1,PASS,Safe,Pass
C9549,ISRO-SCL-250310-10,Voltage Regulator IC,0,14.2,1.13,7.7,6.2,10.0,PASS,Safe,Pass
C9550,ISRO-SCL-250203-05,Digital Logic IC,0,11.8,0.94,6.3,5.1,8.3,PASS,Safe,Pass
C9551,ISRO-SCL-250414-15,Digital Logic IC,0,10.5,0.84,8.6,11.7,10.0,PASS,Safe,Pass
C9552,ISRO-SCL-250310-10,Voltage Regulator IC,0,11.6,0.93,11.6,7.0,10.7,PASS,Safe,Pass
C9553,ISRO-SCL-250512-19,Op-Amp IC,1,17.2,1.38,43.8,12.3,85.0,REJECT,Borderline,Fail
C9554,ISRO-SCL-250113-02,MOSFET,0,14.3,1.15,2.8,4.2,7.7,PASS,Safe,Pass
C9555,ISRO-SCL-250331-13,Voltage Regulator IC,0,15.0,1.2,11.6,5.3,11.7,PASS,Safe,Pass
C9556,ISRO-SCL-250331-13,Voltage Regulator IC,1,18.1,1.45,24.2,3.2,85.0,REJECT,Safe,Fail
C9557,ISRO-SCL-250414-15,Digital Logic IC,0,20.0,1.6,11.2,15.0,15.5,PASS,Safe,Pass
C9558,ISRO-SCL-250127-04,Op-Amp IC,0,23.4,1.87,17.7,36.8,23.8,PASS,Borderline,Pass
C9559,ISRO-SCL-250414-15,Digital Logic IC,0,12.4,0.99,12.2,14.7,12.8,PASS,Safe,Pass
C9560,ISRO-SCL-250113-02,MOSFET,1,13.9,1.11,25.9,13.9,85.0,REJECT,Safe,Fail
C9561,ISRO-SCL-250421-16,MOSFET,0,14.7,1.18,20.0,6.6,15.2,PASS,Safe,Pass
C9562,ISRO-SCL-250120-03,Op-Amp IC,0,16.5,1.32,14.6,3.7,13.2,PASS,Safe,Pass
C9563,ISRO-SCL-250310-10,Voltage Regulator IC,0,6.7,0.54,0.1,10.2,4.7,PASS,Safe,Pass
C9564,ISRO-SCL-250224-08,MOSFET,0,20.5,1.64,18.9,0.9,16.0,PASS,Safe,Pass
C9565,ISRO-SCL-250505-18,Op-Amp IC,0,15.6,1.25,27.6,17.5,20.8,PASS,Safe,Pass
C9566,ISRO-SCL-250512-19,Op-Amp IC,0,23.4,1.87,19.1,4.4,17.9,PASS,Safe,Pass
C9567,ISRO-SCL-250414-15,Digital Logic IC,0,11.3,0.9,6.8,12.2,9.7,PASS,Safe,Pass
C9568,ISRO-SCL-250519-20,Voltage Regulator IC,0,15.2,1.22,19.4,7.4,15.3,PASS,Safe,Pass
C9569,ISRO-SCL-250113-02,MOSFET,0,10.7,0.85,5.3,6.6,7.7,PASS,Safe,Pass
C9570,ISRO-SCL-250127-04,Op-Amp IC,0,18.6,1.49,21.7,23.2,20.8,PASS,Borderline,Pass
C9571,ISRO-SCL-250120-03,Op-Amp IC,0,8.4,0.67,0.2,4.8,4.4,PASS,Safe,Pass
C9572,ISRO-SCL-250421-16,MOSFET,0,18.3,1.46,22.2,3.4,16.9,PASS,Safe,Pass
C9573,ISRO-SCL-250324-12,Op-Amp IC,0,12.3,0.98,28.7,14.1,19.2,PASS,Safe,Pass
C9574,ISRO-SCL-250113-02,MOSFET,0,13.2,1.06,8.0,3.3,9.1,PASS,Safe,Pass
C9575,ISRO-SCL-250407-14,MOSFET,0,17.9,1.43,16.7,8.6,15.5,PASS,Safe,Pass
C9576,ISRO-SCL-250224-08,MOSFET,0,17.4,1.39,16.9,0.4,13.8,PASS,Safe,Pass
C9577,ISRO-SCL-250217-07,Op-Amp IC,0,18.1,1.45,22.9,16.8,19.8,PASS,Borderline,Pass
C9578,ISRO-SCL-250414-15,Digital Logic IC,1,52.8,4.22,41.9,40.3,85.0,REJECT,Borderline,Fail
C9579,ISRO-SCL-250127-04,Op-Amp IC,0,14.8,1.18,7.3,16.4,12.1,PASS,Safe,Pass
C9580,ISRO-SCL-250303-09,Voltage Regulator IC,0,34.3,2.74,16.8,23.0,25.1,PASS,Borderline,Pass
C9581,ISRO-SCL-250113-02,MOSFET,0,8.4,0.67,4.8,17.3,8.7,PASS,Borderline,Pass
C9582,ISRO-SCL-250505-18,Op-Amp IC,0,28.0,2.24,10.8,29.0,21.3,PASS,Borderline,Pass
C9583,ISRO-SCL-250203-05,Digital Logic IC,0,14.6,1.17,15.1,3.6,12.6,PASS,Safe,Pass
C9584,ISRO-SCL-250505-18,Op-Amp IC,0,100.0,197.41,100.0,52.0,90.4,REJECT,Safe,Pass
C9585,ISRO-SCL-250407-14,MOSFET,0,14.1,1.12,4.6,11.7,9.8,PASS,Safe,Pass
C9586,ISRO-SCL-250224-08,MOSFET,0,39.1,3.13,47.7,28.8,40.5,MONITOR,Borderline,Pass
C9587,ISRO-SCL-250310-10,Voltage Regulator IC,0,14.5,1.16,8.9,7.0,10.8,PASS,Safe,Pass
C9588,ISRO-SCL-250106-01,MOSFET,0,50.4,4.03,58.8,50.9,53.9,MONITOR,Fail,Pass
C9589,ISRO-SCL-250407-14,MOSFET,0,17.0,1.36,10.0,9.0,12.6,PASS,Safe,Pass
C9590,ISRO-SCL-250505-18,Op-Amp IC,0,12.2,0.97,4.5,9.1,8.5,PASS,Safe,Pass
C9591,ISRO-SCL-250407-14,MOSFET,1,37.7,3.02,41.6,29.9,85.0,REJECT,Borderline,Fail
C9592,ISRO-SCL-250210-06,MOSFET,0,12.2,0.98,15.1,8.2,12.6,PASS,Safe,Pass
C9593,ISRO-SCL-250106-01,MOSFET,0,17.0,1.36,16.5,6.2,14.7,PASS,Safe,Pass
C9594,ISRO-SCL-250113-02,MOSFET,0,25.3,2.02,9.7,14.9,17.0,PASS,Safe,Pass
C9595,ISRO-SCL-250210-06,MOSFET,0,12.6,1.01,14.1,2.5,11.2,PASS,Safe,Pass
C9596,ISRO-SCL-250331-13,Voltage Regulator IC,1,27.7,2.21,29.7,23.6,85.0,REJECT,Borderline,Fail
C9597,ISRO-SCL-250414-15,Digital Logic IC,0,6.2,0.5,0.0,10.5,4.6,PASS,Safe,Pass
C9598,ISRO-SCL-250113-02,MOSFET,0,78.8,6.3,51.3,100.0,72.0,HOLD,Borderline,Pass
C9599,ISRO-SCL-250519-20,Voltage Regulator IC,0,34.2,2.74,15.8,23.4,24.7,PASS,Borderline,Pass
C9600,ISRO-SCL-250407-14,MOSFET,0,44.0,3.52,44.9,38.0,43.2,MONITOR,Fail,Pass
C9601,ISRO-SCL-250217-07,Op-Amp IC,0,15.6,1.25,28.0,3.9,18.2,PASS,Safe,Pass
C9602,ISRO-SCL-250106-01,MOSFET,0,46.4,3.71,31.0,30.1,37.0,MONITOR,Fail,Pass
C9603,ISRO-SCL-250120-03,Op-Amp IC,1,15.9,1.27,20.9,13.2,85.0,REJECT,Safe,Fail
C9604,ISRO-SCL-250421-16,MOSFET,0,16.9,1.35,8.3,12.1,12.5,PASS,Safe,Pass
C9605,ISRO-SCL-250407-14,MOSFET,0,41.4,3.32,75.0,100.0,66.6,HOLD,Fail,Pass
C9606,ISRO-SCL-250113-02,MOSFET,0,40.5,3.24,25.6,14.5,29.3,PASS,Safe,Pass
C9607,ISRO-SCL-250203-05,Digital Logic IC,0,7.2,0.58,0.0,7.7,4.4,PASS,Safe,Pass
C9608,ISRO-SCL-250407-14,MOSFET,1,55.5,4.44,54.0,74.8,85.0,REJECT,Fail,Fail
C9609,ISRO-SCL-250224-08,MOSFET,1,46.6,3.73,25.4,47.1,85.0,REJECT,Fail,Fail
C9610,ISRO-SCL-250303-09,Voltage Regulator IC,0,15.7,1.25,12.0,9.3,12.9,PASS,Safe,Pass
C9611,ISRO-SCL-250310-10,Voltage Regulator IC,0,53.3,4.26,18.8,36.2,36.1,MONITOR,Borderline,Pass
C9612,ISRO-SCL-250113-02,MOSFET,0,48.9,3.91,11.6,18.8,28.0,PASS,Safe,Pass
C9613,ISRO-SCL-250428-17,Voltage Regulator IC,0,17.6,1.41,20.0,24.7,20.0,PASS,Borderline,Pass
C9614,ISRO-SCL-250127-04,Op-Amp IC,0,62.2,4.97,32.6,2.7,38.5,MONITOR,Safe,Pass
C9615,ISRO-SCL-250421-16,MOSFET,0,18.3,1.46,10.2,7.3,12.8,PASS,Borderline,Pass
C9616,ISRO-SCL-250414-15,Digital Logic IC,0,16.9,1.35,26.3,16.0,20.5,PASS,Safe,Pass
C9617,ISRO-SCL-250324-12,Op-Amp IC,0,14.7,1.17,39.2,19.7,25.5,PASS,Safe,Pass
C9618,ISRO-SCL-250224-08,MOSFET,0,13.8,1.11,5.7,17.2,11.3,PASS,Safe,Pass
C9619,ISRO-SCL-250203-05,Digital Logic IC,1,80.6,6.45,27.8,30.2,85.0,REJECT,Borderline,Fail
C9620,ISRO-SCL-250519-20,Voltage Regulator IC,0,14.9,1.19,12.6,22.6,15.5,PASS,Borderline,Pass
C9621,ISRO-SCL-250331-13,Voltage Regulator IC,0,14.4,1.15,18.7,14.7,16.2,PASS,Safe,Pass
C9622,ISRO-SCL-250331-13,Voltage Regulator IC,0,13.0,1.04,15.8,7.5,13.0,PASS,Safe,Pass
C9623,ISRO-SCL-250210-06,MOSFET,0,15.7,1.25,12.6,9.0,13.1,PASS,Safe,Pass
C9624,ISRO-SCL-250310-10,Voltage Regulator IC,0,27.1,2.17,25.0,5.1,21.9,PASS,Safe,Pass
C9625,ISRO-SCL-250414-15,Digital Logic IC,0,11.4,0.92,13.1,31.1,16.1,PASS,Borderline,Pass
C9626,ISRO-SCL-250407-14,MOSFET,0,13.4,1.08,18.0,6.7,13.9,PASS,Safe,Pass
C9627,ISRO-SCL-250310-10,Voltage Regulator IC,0,11.4,0.92,16.5,32.9,17.7,PASS,Fail,Pass
C9628,ISRO-SCL-250203-05,Digital Logic IC,0,13.2,1.05,18.4,1.1,12.9,PASS,Safe,Pass
C9629,ISRO-SCL-250407-14,MOSFET,0,17.6,1.41,17.9,13.5,16.9,PASS,Safe,Pass
C9630,ISRO-SCL-250303-09,Voltage Regulator IC,1,18.2,1.46,21.8,12.5,85.0,REJECT,Safe,Fail
C9631,ISRO-SCL-250120-03,Op-Amp IC,1,77.9,6.23,57.7,50.9,85.0,REJECT,Fail,Fail
C9632,ISRO-SCL-250512-19,Op-Amp IC,0,12.6,1.01,6.3,3.8,8.3,PASS,Safe,Pass
C9633,ISRO-SCL-250113-02,MOSFET,1,15.4,1.23,9.8,6.5,85.0,REJECT,Safe,Fail
C9634,ISRO-SCL-250310-10,Voltage Regulator IC,1,67.4,5.4,52.9,19.1,85.0,REJECT,Fail,Fail
C9635,ISRO-SCL-250127-04,Op-Amp IC,1,9.4,0.75,10.1,4.4,85.0,REJECT,Safe,Fail
C9636,ISRO-SCL-250324-12,Op-Amp IC,0,30.6,2.45,39.1,45.8,37.0,MONITOR,Fail,Pass
C9637,ISRO-SCL-250113-02,MOSFET,1,18.3,1.46,36.1,40.1,85.0,REJECT,Borderline,Fail
C9638,ISRO-SCL-250407-14,MOSFET,1,16.3,1.31,30.5,22.2,85.0,REJECT,Borderline,Fail
C9639,ISRO-SCL-250310-10,Voltage Regulator IC,0,8.9,0.71,8.4,6.4,8.2,PASS,Safe,Pass
C9640,ISRO-SCL-250127-04,Op-Amp IC,1,17.5,1.4,14.6,12.5,85.0,REJECT,Safe,Fail
C9641,ISRO-SCL-250512-19,Op-Amp IC,0,7.4,0.59,1.2,13.0,6.0,PASS,Safe,Pass
C9642,ISRO-SCL-250407-14,MOSFET,1,100.0,13.11,100.0,74.1,94.8,REJECT,Fail,Fail
C9643,ISRO-SCL-250512-19,Op-Amp IC,1,60.9,4.87,74.8,100.0,85.0,REJECT,Fail,Fail
C9644,ISRO-SCL-250127-04,Op-Amp IC,0,38.5,3.08,32.8,46.0,37.7,MONITOR,Borderline,Pass
C9645,ISRO-SCL-250210-06,MOSFET,0,14.0,1.12,15.1,21.6,16.0,PASS,Borderline,Pass
C9646,ISRO-SCL-250421-16,MOSFET,0,16.5,1.32,33.5,13.5,22.7,PASS,Safe,Pass
C9647,ISRO-SCL-250113-02,MOSFET,0,16.4,1.31,12.2,9.3,13.3,PASS,Safe,Pass
C9648,ISRO-SCL-250217-07,Op-Amp IC,0,14.8,1.18,24.2,20.9,19.8,PASS,Safe,Pass
C9649,ISRO-SCL-250203-05,Digital Logic IC,0,12.4,0.99,9.0,2.1,9.0,PASS,Safe,Pass
C9650,ISRO-SCL-250428-17,Voltage Regulator IC,0,15.4,1.23,4.7,20.7,12.2,PASS,Borderline,Pass
C9651,ISRO-SCL-250505-18,Op-Amp IC,1,15.4,1.23,20.4,30.3,85.0,REJECT,Borderline,Fail
C9652,ISRO-SCL-250303-09,Voltage Regulator IC,0,12.4,0.99,13.7,13.5,13.2,PASS,Safe,Pass
C9653,ISRO-SCL-250113-02,MOSFET,0,17.1,1.37,14.4,8.2,14.2,PASS,Safe,Pass
C9654,ISRO-SCL-250120-03,Op-Amp IC,0,10.2,0.82,0.0,7.6,5.6,PASS,Safe,Pass
C9655,ISRO-SCL-250310-10,Voltage Regulator IC,0,43.9,3.52,9.5,21.2,25.6,PASS,Safe,Pass
C9656,ISRO-SCL-250505-18,Op-Amp IC,0,32.0,2.56,9.1,10.8,18.6,PASS,Safe,Pass
C9657,ISRO-SCL-250324-12,Op-Amp IC,0,11.3,0.91,32.3,14.8,20.4,PASS,Safe,Pass
C9658,ISRO-SCL-250421-16,MOSFET,0,22.0,1.76,9.9,2.3,13.2,PASS,Safe,Pass
C9659,ISRO-SCL-250317-11,Voltage Regulator IC,0,10.0,0.8,1.4,7.5,6.0,PASS,Safe,Pass
C9660,ISRO-SCL-250428-17,Voltage Regulator IC,0,12.0,0.96,8.6,4.5,9.2,PASS,Safe,Pass
C9661,ISRO-SCL-250210-06,MOSFET,0,15.8,1.26,12.7,9.6,13.3,PASS,Safe,Pass
C9662,ISRO-SCL-250519-20,Voltage Regulator IC,0,12.6,1.01,11.9,2.9,10.4,PASS,Safe,Pass
C9663,ISRO-SCL-250505-18,Op-Amp IC,0,21.3,1.71,14.5,11.5,16.6,PASS,Safe,Pass
C9664,ISRO-SCL-250407-14,MOSFET,0,70.3,5.62,51.3,57.1,60.0,HOLD,Fail,Pass
C9665,ISRO-SCL-250324-12,Op-Amp IC,0,16.4,1.31,36.8,22.5,25.8,PASS,Borderline,Pass
C9666,ISRO-SCL-250217-07,Op-Amp IC,0,24.1,1.93,35.7,24.2,28.8,PASS,Borderline,Pass
C9667,ISRO-SCL-250310-10,Voltage Regulator IC,0,12.9,1.03,14.6,7.9,12.6,PASS,Safe,Pass
C9668,ISRO-SCL-250519-20,Voltage Regulator IC,0,32.5,2.6,11.9,6.2,19.0,PASS,Safe,Pass
C9669,ISRO-SCL-250113-02,MOSFET,0,100.0,11.26,38.1,12.9,57.8,MONITOR,Safe,Pass
C9670,ISRO-SCL-250421-16,MOSFET,0,15.9,1.27,21.9,8.8,16.9,PASS,Safe,Pass
C9671,ISRO-SCL-250120-03,Op-Amp IC,1,59.9,4.79,51.7,66.1,85.0,REJECT,Fail,Fail
C9672,ISRO-SCL-250203-05,Digital Logic IC,0,15.0,1.2,17.3,10.4,15.0,PASS,Safe,Pass
C9673,ISRO-SCL-250217-07,Op-Amp IC,0,17.1,1.37,14.6,5.0,13.7,PASS,Safe,Pass
C9674,ISRO-SCL-250421-16,MOSFET,0,25.3,2.02,9.3,13.5,16.6,PASS,Safe,Pass
C9675,ISRO-SCL-250303-09,Voltage Regulator IC,0,12.9,1.03,21.8,8.7,15.6,PASS,Safe,Pass
C9676,ISRO-SCL-250317-11,Voltage Regulator IC,0,13.6,1.09,6.3,20.0,11.9,PASS,Safe,Pass
C9677,ISRO-SCL-250303-09,Voltage Regulator IC,0,12.0,0.96,0.8,6.0,6.3,PASS,Safe,Pass
C9678,ISRO-SCL-250407-14,MOSFET,1,30.2,2.42,29.5,61.4,85.0,REJECT,Fail,Fail
C9679,ISRO-SCL-250127-04,Op-Amp IC,0,10.1,0.81,2.1,17.7,8.4,PASS,Safe,Pass
C9680,ISRO-SCL-250331-13,Voltage Regulator IC,0,10.1,0.81,5.3,7.3,7.6,PASS,Safe,Pass
C9681,ISRO-SCL-250414-15,Digital Logic IC,0,17.4,1.39,23.9,33.6,23.3,PASS,Fail,Pass
C9682,ISRO-SCL-250512-19,Op-Amp IC,0,100.0,16.27,75.1,100.0,90.0,REJECT,Safe,Pass
C9683,ISRO-SCL-250428-17,Voltage Regulator IC,0,19.4,1.55,12.5,18.8,16.5,PASS,Fail,Pass
C9684,ISRO-SCL-250113-02,MOSFET,1,100.0,174.06,100.0,52.0,90.4,REJECT,Safe,Fail
C9685,ISRO-SCL-250310-10,Voltage Regulator IC,0,26.7,2.14,13.8,7.0,17.6,PASS,Safe,Pass
C9686,ISRO-SCL-250127-04,Op-Amp IC,1,15.8,1.27,26.4,4.5,85.0,REJECT,Fail,Fail
C9687,ISRO-SCL-250217-07,Op-Amp IC,0,67.4,5.4,34.2,15.9,43.8,MONITOR,Borderline,Pass
C9688,ISRO-SCL-250210-06,MOSFET,0,32.0,2.56,10.5,20.3,21.1,PASS,Safe,Pass
C9689,ISRO-SCL-250224-08,MOSFET,0,12.4,0.99,0.8,10.7,7.4,PASS,Safe,Pass
C9690,ISRO-SCL-250113-02,MOSFET,0,12.1,0.97,5.4,3.6,7.7,PASS,Safe,Pass
C9691,ISRO-SCL-250224-08,MOSFET,0,93.7,7.5,36.4,6.0,53.2,MONITOR,Safe,Pass
C9692,ISRO-SCL-250324-12,Op-Amp IC,0,14.8,1.18,25.1,4.8,16.9,PASS,Safe,Pass
C9693,ISRO-SCL-250331-13,Voltage Regulator IC,1,27.3,2.18,7.5,18.8,85.0,REJECT,Fail,Fail
C9694,ISRO-SCL-250127-04,Op-Amp IC,0,30.3,2.42,43.3,55.5,40.5,MONITOR,Fail,Pass
C9695,ISRO-SCL-250407-14,MOSFET,0,14.3,1.14,8.6,19.5,13.1,PASS,Safe,Pass
C9696,ISRO-SCL-250512-19,Op-Amp IC,0,15.0,1.2,8.9,22.3,14.0,PASS,Borderline,Pass
C9697,ISRO-SCL-250317-11,Voltage Regulator IC,0,12.2,0.98,4.9,10.9,9.0,PASS,Safe,Pass
C9698,ISRO-SCL-250519-20,Voltage Regulator IC,0,22.3,1.78,20.8,39.2,25.1,PASS,Fail,Pass
C9699,ISRO-SCL-250106-01,MOSFET,0,16.2,1.3,9.3,10.8,12.4,PASS,Safe,Pass
C9700,ISRO-SCL-250106-01,MOSFET,1,13.3,1.06,19.7,13.9,85.0,REJECT,Safe,Fail
C9701,ISRO-SCL-250310-10,Voltage Regulator IC,0,11.2,0.9,13.7,3.8,10.7,PASS,Safe,Pass
C9702,ISRO-SCL-250331-13,Voltage Regulator IC,0,13.4,1.08,8.1,11.4,10.9,PASS,Safe,Pass
C9703,ISRO-SCL-250407-14,MOSFET,0,14.5,1.16,8.7,14.4,12.2,PASS,Safe,Pass
C9704,ISRO-SCL-250310-10,Voltage Regulator IC,0,16.9,1.35,19.7,26.7,20.0,PASS,Borderline,Pass
C9705,ISRO-SCL-250324-12,Op-Amp IC,1,51.2,4.1,58.4,54.2,85.0,REJECT,Fail,Fail
C9706,ISRO-SCL-250331-13,Voltage Regulator IC,0,13.2,1.06,0.0,8.3,7.0,PASS,Safe,Pass
C9707,ISRO-SCL-250421-16,MOSFET,0,11.2,0.9,7.2,4.0,8.2,PASS,Safe,Pass
C9708,ISRO-SCL-250414-15,Digital Logic IC,0,11.5,0.92,7.4,5.1,8.6,PASS,Safe,Pass
C9709,ISRO-SCL-250217-07,Op-Amp IC,0,15.7,1.25,8.9,20.1,13.9,PASS,Borderline,Pass
C9710,ISRO-SCL-250421-16,MOSFET,0,19.7,1.57,18.8,1.8,15.7,PASS,Safe,Pass
C9711,ISRO-SCL-250512-19,Op-Amp IC,0,7.5,0.6,5.7,13.0,7.9,PASS,Safe,Pass
C9712,ISRO-SCL-250428-17,Voltage Regulator IC,0,11.2,0.9,2.4,18.7,9.2,PASS,Safe,Pass
C9713,ISRO-SCL-250303-09,Voltage Regulator IC,0,14.4,1.15,12.9,14.4,13.8,PASS,Borderline,Pass
C9714,ISRO-SCL-250127-04,Op-Amp IC,0,28.5,2.28,11.9,14.9,19.1,PASS,Safe,Pass
C9715,ISRO-SCL-250217-07,Op-Amp IC,0,11.6,0.93,6.4,6.4,8.5,PASS,Safe,Pass
C9716,ISRO-SCL-250303-09,Voltage Regulator IC,0,85.5,6.84,25.8,10.2,46.5,MONITOR,Safe,Pass
C9717,ISRO-SCL-250303-09,Voltage Regulator IC,0,21.2,1.69,19.9,36.7,23.8,PASS,Borderline,Pass
C9718,ISRO-SCL-250203-05,Digital Logic IC,0,77.6,6.21,37.1,17.8,49.4,MONITOR,Fail,Pass
C9719,ISRO-SCL-250505-18,Op-Amp IC,1,16.9,1.35,25.1,2.3,85.0,REJECT,Safe,Fail
C9720,ISRO-SCL-250421-16,MOSFET,1,61.1,4.89,30.7,31.1,85.0,REJECT,Borderline,Fail
C9721,ISRO-SCL-250113-02,MOSFET,0,14.1,1.13,15.7,4.3,12.8,PASS,Safe,Pass
C9722,ISRO-SCL-250512-19,Op-Amp IC,1,78.4,6.28,69.5,60.1,85.0,REJECT,Fail,Fail
C9723,ISRO-SCL-250331-13,Voltage Regulator IC,0,9.6,0.77,3.6,16.3,8.6,PASS,Borderline,Pass
C9724,ISRO-SCL-250303-09,Voltage Regulator IC,0,17.3,1.38,16.9,3.9,14.4,PASS,Safe,Pass
C9725,ISRO-SCL-250127-04,Op-Amp IC,0,19.0,1.52,11.9,13.7,15.1,PASS,Safe,Pass
C9726,ISRO-SCL-250331-13,Voltage Regulator IC,0,14.6,1.17,10.2,9.2,11.7,PASS,Safe,Pass
C9727,ISRO-SCL-250414-15,Digital Logic IC,0,19.0,1.52,16.0,3.0,14.6,PASS,Safe,Pass
C9728,ISRO-SCL-250414-15,Digital Logic IC,0,11.9,0.95,6.8,7.9,9.1,PASS,Safe,Pass
C9729,ISRO-SCL-250217-07,Op-Amp IC,0,56.7,4.53,40.1,27.7,44.2,MONITOR,Borderline,Pass
C9730,ISRO-SCL-250127-04,Op-Amp IC,0,11.9,0.95,9.9,5.5,9.8,PASS,Safe,Pass
C9731,ISRO-SCL-250310-10,Voltage Regulator IC,0,20.7,1.65,9.5,11.3,14.3,PASS,Safe,Pass
C9732,ISRO-SCL-250512-19,Op-Amp IC,1,16.5,1.32,20.2,7.9,85.0,REJECT,Safe,Fail
C9733,ISRO-SCL-250120-03,Op-Amp IC,0,28.1,2.25,35.0,16.3,28.5,PASS,Fail,Pass
C9734,ISRO-SCL-250120-03,Op-Amp IC,0,8.0,0.64,0.8,9.4,5.4,PASS,Safe,Pass
C9735,ISRO-SCL-250310-10,Voltage Regulator IC,0,38.9,3.12,14.8,18.0,25.1,PASS,Borderline,Pass
C9736,ISRO-SCL-250127-04,Op-Amp IC,0,10.9,0.87,6.7,11.5,9.4,PASS,Safe,Pass
C9737,ISRO-SCL-250414-15,Digital Logic IC,1,59.2,4.74,59.2,58.1,85.0,REJECT,Fail,Fail
C9738,ISRO-SCL-250127-04,Op-Amp IC,0,12.9,1.03,13.8,13.8,13.4,PASS,Safe,Pass
C9739,ISRO-SCL-250210-06,MOSFET,0,14.1,1.13,13.0,4.0,11.7,PASS,Safe,Pass
C9740,ISRO-SCL-250331-13,Voltage Regulator IC,0,17.6,1.41,7.6,0.1,10.1,PASS,Safe,Pass
C9741,ISRO-SCL-250203-05,Digital Logic IC,0,24.0,1.92,18.6,11.9,19.4,PASS,Safe,Pass
C9742,ISRO-SCL-250113-02,MOSFET,0,7.5,0.6,2.6,18.2,7.7,PASS,Safe,Pass
C9743,ISRO-SCL-250106-01,MOSFET,0,29.8,2.38,30.5,41.8,32.5,MONITOR,Fail,Pass
C9744,ISRO-SCL-250331-13,Voltage Regulator IC,1,14.9,1.19,24.5,12.7,85.0,REJECT,Safe,Fail
C9745,ISRO-SCL-250414-15,Digital Logic IC,1,18.8,1.51,29.3,11.0,85.0,REJECT,Safe,Fail
C9746,ISRO-SCL-250310-10,Voltage Regulator IC,0,35.7,2.86,15.5,17.1,23.9,PASS,Borderline,Pass
C9747,ISRO-SCL-250210-06,MOSFET,0,14.3,1.15,14.2,13.6,14.1,PASS,Safe,Pass
C9748,ISRO-SCL-250127-04,Op-Amp IC,1,14.3,1.14,33.0,18.0,85.0,REJECT,Borderline,Fail
C9749,ISRO-SCL-250310-10,Voltage Regulator IC,0,12.6,1.01,26.2,46.8,24.9,PASS,Borderline,Pass
C9750,ISRO-SCL-250331-13,Voltage Regulator IC,0,13.1,1.05,6.2,7.6,9.3,PASS,Safe,Pass
C9751,ISRO-SCL-250407-14,MOSFET,1,100.0,10.43,67.3,24.2,85.0,REJECT,Borderline,Fail
C9752,ISRO-SCL-250113-02,MOSFET,0,14.1,1.13,8.3,6.3,10.2,PASS,Safe,Pass
C9753,ISRO-SCL-250407-14,MOSFET,0,17.8,1.42,15.3,5.7,14.4,PASS,Safe,Pass
C9754,ISRO-SCL-250120-03,Op-Amp IC,0,12.2,0.97,5.0,3.9,7.7,PASS,Safe,Pass
C9755,ISRO-SCL-250113-02,MOSFET,0,28.1,2.25,27.0,3.6,22.7,PASS,Safe,Pass
C9756,ISRO-SCL-250310-10,Voltage Regulator IC,0,17.9,1.43,7.9,6.0,11.5,PASS,Safe,Pass
C9757,ISRO-SCL-250217-07,Op-Amp IC,0,40.9,3.27,58.6,32.1,46.2,MONITOR,Borderline,Pass
C9758,ISRO-SCL-250106-01,MOSFET,1,42.7,3.41,31.5,38.4,85.0,REJECT,Fail,Fail
C9759,ISRO-SCL-250331-13,Voltage Regulator IC,0,31.7,2.53,16.9,40.6,27.5,PASS,Fail,Pass
C9760,ISRO-SCL-250224-08,MOSFET,0,10.6,0.84,29.1,25.0,20.9,PASS,Borderline,Pass
C9761,ISRO-SCL-250331-13,Voltage Regulator IC,1,100.0,151.33,100.0,52.0,90.4,REJECT,Safe,Fail
C9762,ISRO-SCL-250203-05,Digital Logic IC,1,100.0,8.15,33.6,54.6,85.0,REJECT,Fail,Fail
C9763,ISRO-SCL-250505-18,Op-Amp IC,0,13.6,1.09,22.5,21.5,18.7,PASS,Safe,Pass
C9764,ISRO-SCL-250512-19,Op-Amp IC,0,13.0,1.04,20.5,9.4,15.3,PASS,Fail,Pass
C9765,ISRO-SCL-250217-07,Op-Amp IC,1,18.7,1.5,41.8,1.7,85.0,REJECT,Safe,Fail
C9766,ISRO-SCL-250310-10,Voltage Regulator IC,0,14.1,1.12,13.2,8.6,12.6,PASS,Safe,Pass
C9767,ISRO-SCL-250224-08,MOSFET,0,22.5,1.8,7.8,9.6,14.1,PASS,Safe,Pass
C9768,ISRO-SCL-250113-02,MOSFET,1,11.7,0.94,7.4,2.5,85.0,REJECT,Fail,Fail
C9769,ISRO-SCL-250303-09,Voltage Regulator IC,0,14.1,1.13,15.8,9.3,13.8,PASS,Safe,Pass
C9770,ISRO-SCL-250421-16,MOSFET,0,28.1,2.25,44.9,0.7,29.3,PASS,Safe,Pass
C9771,ISRO-SCL-250421-16,MOSFET,0,100.0,244.05,100.0,95.1,99.0,REJECT,Safe,Pass
C9772,ISRO-SCL-250106-01,MOSFET,0,17.2,1.38,28.4,23.5,22.9,PASS,Safe,Pass
C9773,ISRO-SCL-250224-08,MOSFET,0,21.7,1.73,47.7,14.6,30.7,MONITOR,Safe,Pass
C9774,ISRO-SCL-250407-14,MOSFET,0,15.1,1.21,14.9,4.0,12.8,PASS,Safe,Pass
C9775,ISRO-SCL-250407-14,MOSFET,0,14.4,1.15,9.5,11.9,12.0,PASS,Safe,Pass
C9776,ISRO-SCL-250512-19,Op-Amp IC,1,17.7,1.42,27.7,11.0,85.0,REJECT,Safe,Fail
C9777,ISRO-SCL-250414-15,Digital Logic IC,0,29.4,2.35,24.5,11.3,23.8,PASS,Safe,Pass
C9778,ISRO-SCL-250428-17,Voltage Regulator IC,0,11.8,0.94,5.1,20.2,10.8,PASS,Borderline,Pass
C9779,ISRO-SCL-250113-02,MOSFET,0,78.3,6.26,29.5,28.9,48.9,MONITOR,Borderline,Pass
C9780,ISRO-SCL-250324-12,Op-Amp IC,0,16.9,1.35,18.3,26.1,19.3,PASS,Fail,Pass
C9781,ISRO-SCL-250224-08,MOSFET,1,100.0,8.03,41.3,45.6,85.0,REJECT,Fail,Fail
C9782,ISRO-SCL-250407-14,MOSFET,0,30.0,2.4,37.3,36.8,34.3,MONITOR,Fail,Pass
C9783,ISRO-SCL-250421-16,MOSFET,0,26.4,2.11,29.6,15.3,25.5,PASS,Safe,Pass
C9784,ISRO-SCL-250210-06,MOSFET,0,18.6,1.49,21.1,10.5,18.0,PASS,Safe,Pass
C9785,ISRO-SCL-250113-02,MOSFET,0,25.3,2.02,16.6,28.8,22.5,PASS,Borderline,Pass
C9786,ISRO-SCL-250519-20,Voltage Regulator IC,1,100.0,8.27,40.9,47.5,85.0,REJECT,Fail,Fail
C9787,ISRO-SCL-250331-13,Voltage Regulator IC,1,39.3,3.15,20.1,31.2,85.0,REJECT,Fail,Fail
C9788,ISRO-SCL-250414-15,Digital Logic IC,0,11.2,0.89,12.2,20.3,13.4,PASS,Borderline,Pass
C9789,ISRO-SCL-250407-14,MOSFET,0,17.1,1.37,19.3,8.6,16.3,PASS,Borderline,Pass
C9790,ISRO-SCL-250217-07,Op-Amp IC,0,14.2,1.13,38.8,6.1,22.4,PASS,Safe,Pass
C9791,ISRO-SCL-250421-16,MOSFET,0,14.3,1.14,9.2,4.0,10.2,PASS,Safe,Pass
C9792,ISRO-SCL-250106-01,MOSFET,0,22.4,1.79,17.5,9.7,17.9,PASS,Safe,Pass
C9793,ISRO-SCL-250331-13,Voltage Regulator IC,0,29.5,2.36,35.8,20.7,30.3,MONITOR,Fail,Pass
C9794,ISRO-SCL-250217-07,Op-Amp IC,0,14.3,1.14,9.8,10.8,11.8,PASS,Safe,Pass
C9795,ISRO-SCL-250106-01,MOSFET,0,44.3,3.54,19.2,16.5,28.7,PASS,Safe,Pass
C9796,ISRO-SCL-250203-05,Digital Logic IC,0,11.8,0.94,2.1,7.2,7.0,PASS,Safe,Pass
C9797,ISRO-SCL-250127-04,Op-Amp IC,0,13.8,1.11,9.9,8.1,11.1,PASS,Safe,Pass
C9798,ISRO-SCL-250106-01,MOSFET,1,61.5,4.92,39.2,49.9,85.0,REJECT,Fail,Fail
C9799,ISRO-SCL-250210-06,MOSFET,0,29.5,2.36,18.6,10.8,21.4,PASS,Fail,Pass
C9800,ISRO-SCL-250310-10,Voltage Regulator IC,0,25.1,2.01,11.1,11.8,16.8,PASS,Safe,Pass
C9801,ISRO-SCL-250512-19,Op-Amp IC,1,100.0,160.83,100.0,95.8,99.2,REJECT,Safe,Fail
C9802,ISRO-SCL-250210-06,MOSFET,0,12.6,1.01,5.1,4.4,8.0,PASS,Safe,Pass
C9803,ISRO-SCL-250414-15,Digital Logic IC,0,12.8,1.02,10.2,14.0,12.0,PASS,Safe,Pass
C9804,ISRO-SCL-250505-18,Op-Amp IC,0,34.7,2.78,25.8,13.8,27.0,PASS,Fail,Pass
C9805,ISRO-SCL-250127-04,Op-Amp IC,1,18.5,1.48,19.7,10.4,85.0,REJECT,Safe,Fail
C9806,ISRO-SCL-250310-10,Voltage Regulator IC,0,15.4,1.23,4.9,12.9,10.7,PASS,Safe,Pass
C9807,ISRO-SCL-250428-17,Voltage Regulator IC,0,13.6,1.09,21.9,16.9,17.6,PASS,Safe,Pass
C9808,ISRO-SCL-250217-07,Op-Amp IC,0,20.5,1.64,27.9,12.8,21.9,PASS,Safe,Pass
C9809,ISRO-SCL-250203-05,Digital Logic IC,0,15.2,1.21,7.6,11.9,11.5,PASS,Safe,Pass
C9810,ISRO-SCL-250324-12,Op-Amp IC,0,14.8,1.18,13.5,7.0,12.7,PASS,Safe,Pass
C9811,ISRO-SCL-250127-04,Op-Amp IC,0,38.5,3.08,15.8,30.6,27.9,PASS,Borderline,Pass
C9812,ISRO-SCL-250324-12,Op-Amp IC,0,21.4,1.71,25.0,23.0,23.1,PASS,Borderline,Pass
C9813,ISRO-SCL-250331-13,Voltage Regulator IC,0,16.0,1.28,10.9,12.3,13.2,PASS,Safe,Pass
C9814,ISRO-SCL-250127-04,Op-Amp IC,0,11.4,0.91,2.8,11.6,8.0,PASS,Safe,Pass
C9815,ISRO-SCL-250421-16,MOSFET,0,12.9,1.03,17.0,3.5,12.6,PASS,Safe,Pass
C9816,ISRO-SCL-250310-10,Voltage Regulator IC,0,36.5,2.92,18.6,2.0,22.4,PASS,Safe,Pass
C9817,ISRO-SCL-250113-02,MOSFET,0,33.7,2.7,10.3,19.1,21.4,PASS,Safe,Pass
C9818,ISRO-SCL-250407-14,MOSFET,1,14.8,1.19,23.7,6.1,85.0,REJECT,Safe,Fail
C9819,ISRO-SCL-250421-16,MOSFET,0,13.8,1.1,10.1,3.5,10.2,PASS,Safe,Pass
C9820,ISRO-SCL-250106-01,MOSFET,1,16.0,1.28,20.5,7.5,85.0,REJECT,Safe,Fail
C9821,ISRO-SCL-250421-16,MOSFET,0,15.5,1.24,16.6,9.5,14.7,PASS,Safe,Pass
C9822,ISRO-SCL-250113-02,MOSFET,0,14.6,1.17,19.3,11.5,15.8,PASS,Safe,Pass
C9823,ISRO-SCL-250407-14,MOSFET,1,46.2,3.69,30.3,54.1,85.0,REJECT,Fail,Fail
C9824,ISRO-SCL-250210-06,MOSFET,0,23.6,1.89,3.5,14.9,13.8,PASS,Safe,Pass
C9825,ISRO-SCL-250106-01,MOSFET,1,15.8,1.26,22.7,19.8,85.0,REJECT,Borderline,Fail
C9826,ISRO-SCL-250407-14,MOSFET,0,17.8,1.42,3.3,12.4,10.9,PASS,Safe,Pass
C9827,ISRO-SCL-250113-02,MOSFET,1,15.2,1.22,16.6,5.5,85.0,REJECT,Safe,Fail
C9828,ISRO-SCL-250310-10,Voltage Regulator IC,1,100.0,9.07,56.6,49.6,85.0,REJECT,Fail,Fail
C9829,ISRO-SCL-250324-12,Op-Amp IC,0,15.8,1.27,28.2,5.5,18.7,PASS,Safe,Pass
C9830,ISRO-SCL-250421-16,MOSFET,0,20.1,1.61,12.6,15.9,16.3,PASS,Safe,Pass
C9831,ISRO-SCL-250224-08,MOSFET,0,17.0,1.36,13.4,19.1,16.0,PASS,Fail,Pass
C9832,ISRO-SCL-250407-14,MOSFET,0,14.5,1.16,19.5,15.9,16.8,PASS,Fail,Pass
C9833,ISRO-SCL-250106-01,MOSFET,1,100.0,12.52,44.1,4.9,85.0,REJECT,Fail,Fail
C9834,ISRO-SCL-250407-14,MOSFET,0,10.6,0.85,4.9,13.3,8.9,PASS,Safe,Pass
C9835,ISRO-SCL-250421-16,MOSFET,0,5.6,0.45,1.5,4.7,3.8,PASS,Safe,Pass
C9836,ISRO-SCL-250203-05,Digital Logic IC,0,17.4,1.39,23.5,7.7,17.9,PASS,Safe,Pass
C9837,ISRO-SCL-250210-06,MOSFET,0,22.1,1.77,34.6,11.1,24.9,PASS,Safe,Pass
C9838,ISRO-SCL-250331-13,Voltage Regulator IC,0,37.0,2.96,38.6,19.8,34.2,MONITOR,Safe,Pass
C9839,ISRO-SCL-250414-15,Digital Logic IC,0,17.9,1.43,8.3,18.6,14.2,PASS,Safe,Pass
C9840,ISRO-SCL-250120-03,Op-Amp IC,0,21.5,1.72,14.1,6.4,15.5,PASS,Safe,Pass
C9841,ISRO-SCL-250303-09,Voltage Regulator IC,0,9.5,0.76,0.0,17.7,7.4,PASS,Safe,Pass
C9842,ISRO-SCL-250106-01,MOSFET,0,15.8,1.26,9.8,5.6,11.4,PASS,Safe,Pass
C9843,ISRO-SCL-250414-15,Digital Logic IC,0,36.5,2.92,44.3,37.4,39.8,MONITOR,Fail,Pass
C9844,ISRO-SCL-250113-02,MOSFET,1,15.0,1.2,20.9,25.2,85.0,REJECT,Safe,Fail
C9845,ISRO-SCL-250127-04,Op-Amp IC,0,16.4,1.31,24.2,12.5,18.8,PASS,Safe,Pass
C9846,ISRO-SCL-250203-05,Digital Logic IC,0,15.0,1.2,4.1,10.0,9.6,PASS,Safe,Pass
C9847,ISRO-SCL-250428-17,Voltage Regulator IC,0,7.9,0.63,7.0,4.1,6.8,PASS,Safe,Pass
C9848,ISRO-SCL-250106-01,MOSFET,0,100.0,197.96,100.0,89.3,97.9,REJECT,Fail,Pass
C9849,ISRO-SCL-250113-02,MOSFET,1,10.2,0.81,1.1,5.1,85.0,REJECT,Borderline,Fail
C9850,ISRO-SCL-250331-13,Voltage Regulator IC,0,9.6,0.76,2.3,13.1,7.3,PASS,Safe,Pass
C9851,ISRO-SCL-250217-07,Op-Amp IC,0,14.4,1.15,5.5,18.8,11.7,PASS,Borderline,Pass
C9852,ISRO-SCL-250217-07,Op-Amp IC,0,17.2,1.38,36.4,1.2,21.7,PASS,Safe,Pass
C9853,ISRO-SCL-250113-02,MOSFET,0,60.0,4.8,15.7,40.1,38.3,MONITOR,Fail,Pass
C9854,ISRO-SCL-250414-15,Digital Logic IC,1,17.2,1.37,12.5,5.2,85.0,REJECT,Safe,Fail
C9855,ISRO-SCL-250407-14,MOSFET,0,13.7,1.09,6.2,12.1,10.4,PASS,Safe,Pass
C9856,ISRO-SCL-250331-13,Voltage Regulator IC,0,24.5,1.96,9.4,32.0,19.9,PASS,Borderline,Pass
C9857,ISRO-SCL-250310-10,Voltage Regulator IC,0,14.2,1.14,10.7,3.2,10.6,PASS,Safe,Pass
C9858,ISRO-SCL-250113-02,MOSFET,0,20.0,1.6,13.8,11.6,15.8,PASS,Safe,Pass
C9859,ISRO-SCL-250127-04,Op-Amp IC,0,15.8,1.26,11.1,26.7,16.1,PASS,Fail,Pass
C9860,ISRO-SCL-250303-09,Voltage Regulator IC,0,15.8,1.26,23.1,19.0,19.4,PASS,Borderline,Pass
C9861,ISRO-SCL-250512-19,Op-Amp IC,0,15.1,1.2,14.1,15.4,14.8,PASS,Safe,Pass
C9862,ISRO-SCL-250414-15,Digital Logic IC,0,23.2,1.85,29.1,22.7,25.4,PASS,Borderline,Pass
C9863,ISRO-SCL-250407-14,MOSFET,1,49.3,3.94,54.7,57.8,85.0,REJECT,Fail,Fail
C9864,ISRO-SCL-250414-15,Digital Logic IC,0,19.0,1.52,24.1,17.1,20.6,PASS,Borderline,Pass
C9865,ISRO-SCL-250224-08,MOSFET,0,13.0,1.04,3.7,15.1,9.7,PASS,Safe,Pass
C9866,ISRO-SCL-250407-14,MOSFET,0,15.6,1.25,11.0,15.3,13.7,PASS,Borderline,Pass
C9867,ISRO-SCL-250310-10,Voltage Regulator IC,0,24.8,1.98,10.3,13.0,16.6,PASS,Safe,Pass
C9868,ISRO-SCL-250127-04,Op-Amp IC,1,12.5,1.0,24.2,25.5,85.0,REJECT,Borderline,Fail
C9869,ISRO-SCL-250407-14,MOSFET,1,28.0,2.24,21.3,31.3,85.0,REJECT,Fail,Fail
C9870,ISRO-SCL-250127-04,Op-Amp IC,1,58.3,4.66,37.5,56.5,85.0,REJECT,Fail,Fail
C9871,ISRO-SCL-250414-15,Digital Logic IC,1,46.3,3.7,44.6,31.9,85.0,REJECT,Fail,Fail
C9872,ISRO-SCL-250414-15,Digital Logic IC,0,19.6,1.57,37.6,16.5,26.2,PASS,Borderline,Pass
C9873,ISRO-SCL-250113-02,MOSFET,0,12.6,1.01,5.3,6.0,8.4,PASS,Safe,Pass
C9874,ISRO-SCL-250331-13,Voltage Regulator IC,1,18.8,1.51,35.4,1.1,85.0,REJECT,Safe,Fail
C9875,ISRO-SCL-250106-01,MOSFET,1,12.8,1.02,25.7,28.1,85.0,REJECT,Borderline,Fail
C9876,ISRO-SCL-250407-14,MOSFET,0,15.9,1.27,28.8,15.0,20.9,PASS,Borderline,Pass
C9877,ISRO-SCL-250203-05,Digital Logic IC,0,11.4,0.91,7.4,3.8,8.3,PASS,Safe,Pass
C9878,ISRO-SCL-250331-13,Voltage Regulator IC,0,35.3,2.82,17.1,30.2,27.0,PASS,Borderline,Pass
C9879,ISRO-SCL-250303-09,Voltage Regulator IC,0,30.2,2.42,24.9,46.3,31.3,MONITOR,Fail,Pass
C9880,ISRO-SCL-250203-05,Digital Logic IC,0,14.7,1.18,9.1,5.1,10.6,PASS,Safe,Pass
C9881,ISRO-SCL-250331-13,Voltage Regulator IC,0,19.3,1.54,11.5,7.6,13.8,PASS,Borderline,Pass
C9882,ISRO-SCL-250113-02,MOSFET,1,15.0,1.2,19.0,2.8,85.0,REJECT,Safe,Fail
C9883,ISRO-SCL-250519-20,Voltage Regulator IC,0,51.8,4.14,39.4,65.7,49.6,MONITOR,Fail,Pass
C9884,ISRO-SCL-250106-01,MOSFET,0,19.2,1.53,21.4,13.9,19.0,PASS,Safe,Pass
C9885,ISRO-SCL-250113-02,MOSFET,1,11.3,0.91,16.1,11.1,85.0,REJECT,Fail,Fail
C9886,ISRO-SCL-250106-01,MOSFET,1,62.2,4.98,62.3,82.9,85.0,REJECT,Fail,Fail
C9887,ISRO-SCL-250407-14,MOSFET,0,20.5,1.64,9.0,28.7,17.5,PASS,Borderline,Pass
C9888,ISRO-SCL-250127-04,Op-Amp IC,0,12.6,1.01,16.9,26.4,17.1,PASS,Borderline,Pass
C9889,ISRO-SCL-250324-12,Op-Amp IC,0,20.0,1.6,15.0,27.6,19.5,PASS,Borderline,Pass
C9890,ISRO-SCL-250414-15,Digital Logic IC,0,22.1,1.77,14.6,1.9,15.1,PASS,Safe,Pass
C9891,ISRO-SCL-250127-04,Op-Amp IC,0,21.5,1.72,17.6,15.1,18.6,PASS,Safe,Pass
C9892,ISRO-SCL-250407-14,MOSFET,0,15.0,1.2,11.2,18.0,14.1,PASS,Safe,Pass
C9893,ISRO-SCL-250217-07,Op-Amp IC,0,41.6,3.33,24.4,32.6,32.9,MONITOR,Borderline,Pass
C9894,ISRO-SCL-250519-20,Voltage Regulator IC,0,16.9,1.35,5.2,10.4,10.9,PASS,Safe,Pass
C9895,ISRO-SCL-250210-06,MOSFET,0,12.6,1.01,20.1,4.4,14.0,PASS,Safe,Pass
C9896,ISRO-SCL-250414-15,Digital Logic IC,0,16.7,1.33,32.5,1.8,20.0,PASS,Safe,Pass
C9897,ISRO-SCL-250303-09,Voltage Regulator IC,0,21.2,1.69,6.6,6.6,12.4,PASS,Safe,Pass
C9898,ISRO-SCL-250414-15,Digital Logic IC,0,14.4,1.15,17.5,10.8,14.9,PASS,Safe,Pass
C9899,ISRO-SCL-250519-20,Voltage Regulator IC,0,39.7,3.18,33.1,35.1,36.1,MONITOR,Fail,Pass
C9900,ISRO-SCL-250106-01,MOSFET,0,38.1,3.05,38.5,58.9,42.4,MONITOR,Fail,Pass
C9901,ISRO-SCL-250113-02,MOSFET,0,15.9,1.27,28.2,2.6,18.2,PASS,Safe,Pass
C9902,ISRO-SCL-250210-06,MOSFET,0,14.7,1.18,10.4,2.7,10.6,PASS,Safe,Pass
C9903,ISRO-SCL-250127-04,Op-Amp IC,0,15.1,1.21,12.2,30.9,17.1,PASS,Borderline,Pass
C9904,ISRO-SCL-250113-02,MOSFET,1,37.1,2.97,16.6,15.6,85.0,REJECT,Safe,Fail
C9905,ISRO-SCL-250407-14,MOSFET,0,11.5,0.92,22.3,51.4,23.8,PASS,Fail,Pass
C9906,ISRO-SCL-250113-02,MOSFET,0,21.6,1.73,25.5,19.1,22.7,PASS,Safe,Pass
C9907,ISRO-SCL-250310-10,Voltage Regulator IC,0,40.2,3.21,21.4,50.8,34.8,MONITOR,Fail,Pass
C9908,ISRO-SCL-250120-03,Op-Amp IC,0,14.4,1.15,23.5,13.9,17.9,PASS,Safe,Pass
C9909,ISRO-SCL-250224-08,MOSFET,0,24.3,1.94,22.4,36.2,25.9,PASS,Safe,Pass
C9910,ISRO-SCL-250224-08,MOSFET,0,19.7,1.57,5.9,15.8,13.4,PASS,Safe,Pass
C9911,ISRO-SCL-250203-05,Digital Logic IC,0,10.9,0.87,4.9,11.9,8.7,PASS,Safe,Pass
C9912,ISRO-SCL-250210-06,MOSFET,0,23.3,1.86,2.1,16.5,13.5,PASS,Safe,Pass
C9913,ISRO-SCL-250210-06,MOSFET,0,42.2,3.37,14.5,18.4,26.3,PASS,Borderline,Pass
C9914,ISRO-SCL-250421-16,MOSFET,0,16.0,1.28,21.4,5.8,16.1,PASS,Safe,Pass
C9915,ISRO-SCL-250324-12,Op-Amp IC,0,20.0,1.6,10.6,9.6,14.2,PASS,Safe,Pass
C9916,ISRO-SCL-250414-15,Digital Logic IC,0,32.0,2.56,36.3,47.1,36.7,MONITOR,Fail,Pass
C9917,ISRO-SCL-250303-09,Voltage Regulator IC,0,13.5,1.08,6.5,11.6,10.3,PASS,Safe,Pass
C9918,ISRO-SCL-250512-19,Op-Amp IC,1,16.3,1.31,20.1,14.5,85.0,REJECT,Safe,Fail
C9919,ISRO-SCL-250331-13,Voltage Regulator IC,0,28.9,2.31,23.6,22.7,25.6,PASS,Fail,Pass
C9920,ISRO-SCL-250224-08,MOSFET,0,21.6,1.73,36.6,9.4,25.2,PASS,Safe,Pass
C9921,ISRO-SCL-250505-18,Op-Amp IC,0,23.6,1.89,45.1,31.1,33.7,MONITOR,Safe,Pass
C9922,ISRO-SCL-250331-13,Voltage Regulator IC,1,33.6,2.69,22.6,30.5,85.0,REJECT,Fail,Fail
C9923,ISRO-SCL-250303-09,Voltage Regulator IC,0,10.4,0.83,9.3,2.8,8.4,PASS,Safe,Pass
C9924,ISRO-SCL-250127-04,Op-Amp IC,0,24.2,1.94,25.5,23.2,24.5,PASS,Safe,Pass
C9925,ISRO-SCL-250505-18,Op-Amp IC,1,18.8,1.51,31.4,2.5,85.0,REJECT,Safe,Fail
C9926,ISRO-SCL-250505-18,Op-Amp IC,0,21.9,1.75,18.6,1.6,16.5,PASS,Safe,Pass
C9927,ISRO-SCL-250120-03,Op-Amp IC,1,18.8,1.5,26.0,3.6,85.0,REJECT,Safe,Fail
C9928,ISRO-SCL-250317-11,Voltage Regulator IC,0,15.2,1.22,30.0,46.8,27.4,PASS,Borderline,Pass
C9929,ISRO-SCL-250113-02,MOSFET,1,18.5,1.48,22.8,5.2,85.0,REJECT,Safe,Fail
C9930,ISRO-SCL-250106-01,MOSFET,0,52.4,4.2,41.6,27.7,43.1,MONITOR,Fail,Pass
C9931,ISRO-SCL-250519-20,Voltage Regulator IC,0,14.1,1.13,10.8,16.0,13.1,PASS,Borderline,Pass
C9932,ISRO-SCL-250421-16,MOSFET,0,14.2,1.14,16.4,6.6,13.6,PASS,Safe,Pass
C9933,ISRO-SCL-250303-09,Voltage Regulator IC,0,15.6,1.25,14.0,18.4,15.5,PASS,Borderline,Pass
C9934,ISRO-SCL-250224-08,MOSFET,0,21.1,1.69,46.2,8.6,28.6,PASS,Safe,Pass
C9935,ISRO-SCL-250324-12,Op-Amp IC,0,13.8,1.11,24.7,6.1,16.6,PASS,Safe,Pass
C9936,ISRO-SCL-250414-15,Digital Logic IC,0,16.0,1.28,15.5,10.3,14.7,PASS,Safe,Pass
C9937,ISRO-SCL-250106-01,MOSFET,0,45.7,3.66,43.4,46.6,45.0,MONITOR,Fail,Pass
C9938,ISRO-SCL-250407-14,MOSFET,0,9.5,0.76,5.2,14.5,8.8,PASS,Safe,Pass
C9939,ISRO-SCL-250217-07,Op-Amp IC,1,50.4,4.03,64.5,55.9,85.0,REJECT,Fail,Fail
C9940,ISRO-SCL-250224-08,MOSFET,0,13.2,1.06,25.9,4.9,16.6,PASS,Safe,Pass
C9941,ISRO-SCL-250421-16,MOSFET,1,19.7,1.57,66.5,5.4,85.0,REJECT,Safe,Fail
C9942,ISRO-SCL-250428-17,Voltage Regulator IC,1,100.0,8.13,66.7,55.5,85.0,REJECT,Fail,Fail
C9943,ISRO-SCL-250113-02,MOSFET,0,12.8,1.02,9.3,11.8,11.2,PASS,Borderline,Pass
C9944,ISRO-SCL-250414-15,Digital Logic IC,1,26.0,2.08,20.6,26.5,85.0,REJECT,Borderline,Fail
C9945,ISRO-SCL-250106-01,MOSFET,0,14.1,1.13,5.9,7.3,9.5,PASS,Safe,Pass
C9946,ISRO-SCL-250421-16,MOSFET,0,14.5,1.16,11.7,14.7,13.4,PASS,Safe,Pass
C9947,ISRO-SCL-250324-12,Op-Amp IC,0,12.6,1.01,22.8,24.7,19.1,PASS,Safe,Pass
C9948,ISRO-SCL-250414-15,Digital Logic IC,0,35.4,2.83,29.6,24.4,30.9,MONITOR,Fail,Pass
C9949,ISRO-SCL-250113-02,MOSFET,0,12.6,1.01,4.3,4.7,7.7,PASS,Safe,Pass
C9950,ISRO-SCL-250407-14,MOSFET,0,11.6,0.93,14.1,25.0,15.3,PASS,Safe,Pass
C9951,ISRO-SCL-250310-10,Voltage Regulator IC,0,19.1,1.53,33.4,0.9,21.2,PASS,Safe,Pass
C9952,ISRO-SCL-250127-04,Op-Amp IC,0,15.8,1.26,17.4,20.6,17.4,PASS,Borderline,Pass
C9953,ISRO-SCL-250331-13,Voltage Regulator IC,0,16.4,1.31,6.4,10.1,11.1,PASS,Safe,Pass
C9954,ISRO-SCL-250203-05,Digital Logic IC,0,24.5,1.96,19.7,17.5,21.2,PASS,Safe,Pass
C9955,ISRO-SCL-250414-15,Digital Logic IC,0,31.6,2.53,71.6,47.3,50.7,MONITOR,Fail,Pass
C9956,ISRO-SCL-250331-13,Voltage Regulator IC,0,10.2,0.81,7.1,5.1,8.0,PASS,Safe,Pass
C9957,ISRO-SCL-250217-07,Op-Amp IC,1,21.6,1.73,27.2,0.3,85.0,REJECT,Safe,Fail
C9958,ISRO-SCL-250113-02,MOSFET,0,15.1,1.21,12.4,7.1,12.4,PASS,Safe,Pass
C9959,ISRO-SCL-250203-05,Digital Logic IC,0,46.7,3.73,22.8,17.5,31.3,MONITOR,Safe,Pass
C9960,ISRO-SCL-250512-19,Op-Amp IC,0,11.2,0.9,5.1,8.1,8.2,PASS,Safe,Pass
C9961,ISRO-SCL-250505-18,Op-Amp IC,0,16.3,1.3,31.2,12.7,21.5,PASS,Safe,Pass
C9962,ISRO-SCL-250505-18,Op-Amp IC,0,15.6,1.25,7.6,4.8,10.3,PASS,Safe,Pass
C9963,ISRO-SCL-250106-01,MOSFET,0,23.2,1.85,22.1,19.8,22.1,PASS,Borderline,Pass
C9964,ISRO-SCL-250310-10,Voltage Regulator IC,0,14.1,1.13,15.7,13.4,14.6,PASS,Safe,Pass
C9965,ISRO-SCL-250113-02,MOSFET,1,45.8,3.66,28.3,22.3,85.0,REJECT,Borderline,Fail
C9966,ISRO-SCL-250421-16,MOSFET,0,16.7,1.34,10.0,0.7,10.8,PASS,Safe,Pass
C9967,ISRO-SCL-250519-20,Voltage Regulator IC,0,26.6,2.13,25.3,51.6,31.1,MONITOR,Fail,Pass
C9968,ISRO-SCL-250414-15,Digital Logic IC,0,10.0,0.8,6.5,14.4,9.5,PASS,Safe,Pass
C9969,ISRO-SCL-250127-04,Op-Amp IC,0,39.0,3.12,27.5,20.5,30.7,MONITOR,Fail,Pass
C9970,ISRO-SCL-250324-12,Op-Amp IC,0,14.5,1.16,42.2,11.6,25.0,PASS,Safe,Pass
C9971,ISRO-SCL-250106-01,MOSFET,0,35.3,2.83,30.9,27.5,32.0,MONITOR,Borderline,Pass
C9972,ISRO-SCL-250324-12,Op-Amp IC,0,17.4,1.39,50.1,28.1,32.6,MONITOR,Borderline,Pass
C9973,ISRO-SCL-250428-17,Voltage Regulator IC,0,17.2,1.38,5.5,9.1,10.9,PASS,Safe,Pass
C9974,ISRO-SCL-250203-05,Digital Logic IC,0,15.0,1.2,15.6,7.8,13.8,PASS,Safe,Pass
C9975,ISRO-SCL-250203-05,Digital Logic IC,0,12.1,0.97,11.1,7.7,10.8,PASS,Safe,Pass
C9976,ISRO-SCL-250317-11,Voltage Regulator IC,0,22.5,1.8,12.0,8.1,15.4,PASS,Safe,Pass
C9977,ISRO-SCL-250414-15,Digital Logic IC,0,23.2,1.86,36.5,24.8,28.9,PASS,Borderline,Pass
C9978,ISRO-SCL-250303-09,Voltage Regulator IC,0,42.2,3.38,19.1,29.8,30.5,MONITOR,Borderline,Pass
C9979,ISRO-SCL-250505-18,Op-Amp IC,0,14.5,1.16,3.4,10.1,9.2,PASS,Safe,Pass
C9980,ISRO-SCL-250203-05,Digital Logic IC,0,15.1,1.21,14.3,7.5,13.3,PASS,Safe,Pass
C9981,ISRO-SCL-250310-10,Voltage Regulator IC,0,12.7,1.02,5.0,13.3,9.7,PASS,Safe,Pass
C9982,ISRO-SCL-250113-02,MOSFET,0,15.7,1.25,19.1,16.5,17.2,PASS,Safe,Pass
C9983,ISRO-SCL-250421-16,MOSFET,0,11.9,0.95,3.8,3.0,6.9,PASS,Safe,Pass
C9984,ISRO-SCL-250324-12,Op-Amp IC,0,20.1,1.6,16.9,2.3,15.3,PASS,Safe,Pass
C9985,ISRO-SCL-250217-07,Op-Amp IC,0,16.4,1.32,9.6,8.3,12.1,PASS,Safe,Pass
C9986,ISRO-SCL-250217-07,Op-Amp IC,1,13.6,1.09,5.5,1.6,85.0,REJECT,Fail,Fail
C9987,ISRO-SCL-250331-13,Voltage Regulator IC,1,15.8,1.27,29.6,19.1,85.0,REJECT,Safe,Fail
C9988,ISRO-SCL-250407-14,MOSFET,0,19.7,1.58,33.9,58.1,33.1,MONITOR,Fail,Pass
C9989,ISRO-SCL-250203-05,Digital Logic IC,1,23.6,1.89,23.5,5.3,85.0,REJECT,Safe,Fail
C9990,ISRO-SCL-250505-18,Op-Amp IC,0,65.4,5.24,31.1,30.7,44.7,MONITOR,Borderline,Pass
C9991,ISRO-SCL-250120-03,Op-Amp IC,0,10.3,0.83,5.1,7.5,7.7,PASS,Safe,Pass
C9992,ISRO-SCL-250106-01,MOSFET,0,35.8,2.87,23.7,25.2,28.9,PASS,Fail,Pass
C9993,ISRO-SCL-250407-14,MOSFET,1,16.5,1.32,20.3,12.8,85.0,REJECT,Safe,Fail
C9994,ISRO-SCL-250414-15,Digital Logic IC,0,26.1,2.08,14.3,26.6,21.5,PASS,Borderline,Pass
C9995,ISRO-SCL-250203-05,Digital Logic IC,0,13.5,1.08,12.8,11.3,12.8,PASS,Safe,Pass
C9996,ISRO-SCL-250203-05,Digital Logic IC,1,17.0,1.36,13.2,11.5,85.0,REJECT,Fail,Fail
C9997,ISRO-SCL-250217-07,Op-Amp IC,0,15.3,1.23,8.1,6.2,10.6,PASS,Safe,Pass
C9998,ISRO-SCL-250324-12,Op-Amp IC,0,8.3,0.66,0.0,13.2,6.0,PASS,Safe,Pass
C9999,ISRO-SCL-250407-14,MOSFET,1,45.3,3.63,52.6,35.3,85.0,REJECT,Fail,Fail
C10000,ISRO-SCL-250428-17,Voltage Regulator IC,0,61.4,4.91,24.8,12.0,36.9,MONITOR,Safe,Pass
C10001,ISRO-SCL-250421-16,MOSFET,0,18.3,1.46,19.2,4.4,15.9,PASS,Safe,Pass
C10002,ISRO-SCL-250331-13,Voltage Regulator IC,0,14.7,1.17,8.9,12.4,11.9,PASS,Borderline,Pass
C10003,ISRO-SCL-250505-18,Op-Amp IC,0,16.9,1.35,3.9,5.6,9.4,PASS,Safe,Pass
C10004,ISRO-SCL-250324-12,Op-Amp IC,0,17.3,1.39,15.2,17.4,16.5,PASS,Borderline,Pass
C10005,ISRO-SCL-250512-19,Op-Amp IC,0,32.7,2.62,57.0,43.9,44.7,MONITOR,Fail,Pass
C10006,ISRO-SCL-250106-01,MOSFET,0,17.9,1.43,18.9,11.3,17.0,PASS,Safe,Pass
C10007,ISRO-SCL-250310-10,Voltage Regulator IC,0,14.3,1.14,16.7,11.9,14.8,PASS,Safe,Pass
C10008,ISRO-SCL-250331-13,Voltage Regulator IC,0,13.1,1.05,2.5,12.2,8.7,PASS,Safe,Pass
C10009,ISRO-SCL-250505-18,Op-Amp IC,0,10.9,0.87,4.8,5.8,7.4,PASS,Safe,Pass
C10010,ISRO-SCL-250203-05,Digital Logic IC,0,14.5,1.16,13.8,5.0,12.3,PASS,Safe,Pass
C10011,ISRO-SCL-250127-04,Op-Amp IC,0,13.3,1.07,20.2,35.0,20.4,PASS,Borderline,Pass
C10012,ISRO-SCL-250421-16,MOSFET,0,13.3,1.07,0.0,15.0,8.4,PASS,Safe,Pass
C10013,ISRO-SCL-250317-11,Voltage Regulator IC,0,16.5,1.32,7.6,16.1,12.9,PASS,Safe,Pass
C10014,ISRO-SCL-250106-01,MOSFET,1,15.8,1.27,28.5,8.9,85.0,REJECT,Safe,Fail
C10015,ISRO-SCL-250331-13,Voltage Regulator IC,0,14.0,1.12,7.4,18.3,12.2,PASS,Safe,Pass
C10016,ISRO-SCL-250310-10,Voltage Regulator IC,0,15.5,1.24,15.6,12.7,14.9,PASS,Safe,Pass
C10017,ISRO-SCL-250217-07,Op-Amp IC,0,21.8,1.74,25.0,15.2,21.8,PASS,Borderline,Pass
C10018,ISRO-SCL-250414-15,Digital Logic IC,0,10.0,0.8,3.9,4.2,6.4,PASS,Safe,Pass
C10019,ISRO-SCL-250113-02,MOSFET,1,16.6,1.33,21.5,15.2,85.0,REJECT,Safe,Fail
C10020,ISRO-SCL-250217-07,Op-Amp IC,1,33.9,2.71,41.1,46.3,85.0,REJECT,Fail,Fail
C10021,ISRO-SCL-250512-19,Op-Amp IC,0,10.0,0.8,4.5,5.2,6.8,PASS,Safe,Pass
C10022,ISRO-SCL-250127-04,Op-Amp IC,0,14.1,1.12,16.0,26.2,17.3,PASS,Borderline,Pass
C10023,ISRO-SCL-250512-19,Op-Amp IC,0,25.5,2.04,19.1,29.3,23.7,PASS,Fail,Pass
C10024,ISRO-SCL-250217-07,Op-Amp IC,0,22.8,1.83,18.3,20.5,20.5,PASS,Borderline,Pass
C10025,ISRO-SCL-250414-15,Digital Logic IC,0,15.3,1.23,11.9,21.4,15.2,PASS,Safe,Pass
C10026,ISRO-SCL-250113-02,MOSFET,0,11.7,0.94,17.9,15.9,15.0,PASS,Safe,Pass
C10027,ISRO-SCL-250505-18,Op-Amp IC,1,28.7,2.29,10.4,13.7,85.0,REJECT,Fail,Fail
C10028,ISRO-SCL-250421-16,MOSFET,0,100.0,10.47,36.6,10.0,56.6,MONITOR,Safe,Pass
C10029,ISRO-SCL-250303-09,Voltage Regulator IC,0,31.3,2.51,15.0,13.3,21.2,PASS,Borderline,Pass
C10030,ISRO-SCL-250210-06,MOSFET,0,15.4,1.23,7.1,3.3,9.6,PASS,Safe,Pass
C10031,ISRO-SCL-250421-16,MOSFET,0,17.3,1.39,15.4,10.7,15.2,PASS,Safe,Pass
C10032,ISRO-SCL-250217-07,Op-Amp IC,0,7.8,0.62,0.0,11.7,5.5,PASS,Safe,Pass
C10033,ISRO-SCL-250203-05,Digital Logic IC,0,17.8,1.42,19.3,5.8,16.0,PASS,Safe,Pass
C10034,ISRO-SCL-250127-04,Op-Amp IC,0,19.0,1.52,24.7,45.0,26.5,PASS,Fail,Pass
C10035,ISRO-SCL-250303-09,Voltage Regulator IC,0,14.9,1.19,8.9,11.8,11.9,PASS,Safe,Pass
C10036,ISRO-SCL-250203-05,Digital Logic IC,0,12.0,0.96,11.2,3.4,10.0,PASS,Safe,Pass
C10037,ISRO-SCL-250421-16,MOSFET,0,39.8,3.18,18.1,24.1,28.0,PASS,Fail,Pass
C10038,ISRO-SCL-250310-10,Voltage Regulator IC,1,16.9,1.35,15.3,23.6,85.0,REJECT,Fail,Fail
C10039,ISRO-SCL-250414-15,Digital Logic IC,0,25.5,2.04,44.8,51.9,38.5,MONITOR,Fail,Pass
C10040,ISRO-SCL-250203-05,Digital Logic IC,0,14.5,1.16,17.1,5.0,13.6,PASS,Safe,Pass
C10041,ISRO-SCL-250224-08,MOSFET,0,28.3,2.26,8.2,25.0,19.6,PASS,Borderline,Pass
C10042,ISRO-SCL-250310-10,Voltage Regulator IC,0,9.6,0.77,1.3,8.7,6.1,PASS,Safe,Pass
C10043,ISRO-SCL-250120-03,Op-Amp IC,1,12.3,0.98,9.2,5.1,85.0,REJECT,Safe,Fail
C10044,ISRO-SCL-250512-19,Op-Amp IC,1,16.9,1.35,21.3,10.7,85.0,REJECT,Safe,Fail
C10045,ISRO-SCL-250127-04,Op-Amp IC,0,13.6,1.08,7.8,18.4,12.2,PASS,Safe,Pass
C10046,ISRO-SCL-250106-01,MOSFET,1,100.0,9.61,74.2,75.0,85.0,REJECT,Fail,Fail
C10047,ISRO-SCL-250317-11,Voltage Regulator IC,0,14.4,1.15,28.6,17.8,20.8,PASS,Borderline,Pass
C10048,ISRO-SCL-250407-14,MOSFET,1,19.4,1.55,39.3,15.2,85.0,REJECT,Safe,Fail
C10049,ISRO-SCL-250210-06,MOSFET,0,43.6,3.49,26.3,51.8,38.3,MONITOR,Safe,Pass
C10050,ISRO-SCL-250224-08,MOSFET,0,16.9,1.35,17.2,0.2,13.7,PASS,Safe,Pass
C10051,ISRO-SCL-250310-10,Voltage Regulator IC,0,10.7,0.86,14.3,3.3,10.7,PASS,Safe,Pass
C10052,ISRO-SCL-250519-20,Voltage Regulator IC,0,50.0,4.0,28.5,23.6,36.1,MONITOR,Safe,Pass
C10053,ISRO-SCL-250428-17,Voltage Regulator IC,0,38.1,3.05,61.4,25.6,44.9,MONITOR,Borderline,Pass
C10054,ISRO-SCL-250203-05,Digital Logic IC,0,22.9,1.83,8.2,19.4,16.3,PASS,Safe,Pass
C10055,ISRO-SCL-250217-07,Op-Amp IC,0,24.2,1.94,16.0,17.1,19.5,PASS,Safe,Pass
C10056,ISRO-SCL-250331-13,Voltage Regulator IC,1,17.8,1.42,20.7,12.5,85.0,REJECT,Safe,Fail
C10057,ISRO-SCL-250324-12,Op-Amp IC,0,17.4,1.39,36.8,22.0,26.1,PASS,Borderline,Pass
C10058,ISRO-SCL-250505-18,Op-Amp IC,0,20.2,1.62,22.0,3.8,17.7,PASS,Safe,Pass
C10059,ISRO-SCL-250217-07,Op-Amp IC,1,48.4,3.87,37.2,18.9,85.0,REJECT,Fail,Fail
C10060,ISRO-SCL-250120-03,Op-Amp IC,0,47.9,3.83,29.5,39.1,38.8,MONITOR,Borderline,Pass
C10061,ISRO-SCL-250217-07,Op-Amp IC,0,15.1,1.21,12.7,18.0,14.7,PASS,Safe,Pass
C10062,ISRO-SCL-250113-02,MOSFET,0,17.8,1.43,6.2,9.7,11.5,PASS,Safe,Pass
C10063,ISRO-SCL-250519-20,Voltage Regulator IC,1,25.3,2.02,19.7,29.3,85.0,REJECT,Fail,Fail
C10064,ISRO-SCL-250106-01,MOSFET,0,21.1,1.69,23.8,16.5,21.3,PASS,Safe,Pass
C10065,ISRO-SCL-250512-19,Op-Amp IC,1,16.9,1.35,32.2,6.9,85.0,REJECT,Safe,Fail
C10066,ISRO-SCL-250113-02,MOSFET,0,18.3,1.46,15.4,5.4,14.5,PASS,Safe,Pass
C10067,ISRO-SCL-250217-07,Op-Amp IC,0,13.2,1.06,12.5,20.8,14.5,PASS,Borderline,Pass
C10068,ISRO-SCL-250106-01,MOSFET,0,21.1,1.69,2.6,8.0,11.1,PASS,Safe,Pass
C10069,ISRO-SCL-250127-04,Op-Amp IC,0,49.5,3.96,29.4,32.8,38.1,MONITOR,Borderline,Pass
C10070,ISRO-SCL-250331-13,Voltage Regulator IC,1,21.2,1.69,32.2,16.3,85.0,REJECT,Safe,Fail
C10071,ISRO-SCL-250407-14,MOSFET,0,19.7,1.57,20.9,14.0,19.0,PASS,Safe,Pass
C10072,ISRO-SCL-250310-10,Voltage Regulator IC,0,15.5,1.24,10.3,8.7,12.1,PASS,Safe,Pass
C10073,ISRO-SCL-250324-12,Op-Amp IC,0,12.9,1.03,26.4,17.4,19.2,PASS,Fail,Pass
C10074,ISRO-SCL-250127-04,Op-Amp IC,0,20.0,1.6,16.5,6.9,16.0,PASS,Safe,Pass
C10075,ISRO-SCL-250421-16,MOSFET,0,43.8,3.51,15.8,34.2,30.7,MONITOR,Fail,Pass
C10076,ISRO-SCL-250407-14,MOSFET,0,2.4,0.19,0.0,15.8,4.1,PASS,Safe,Pass
C10077,ISRO-SCL-250303-09,Voltage Regulator IC,0,22.4,1.79,17.4,21.2,20.2,PASS,Fail,Pass
C10078,ISRO-SCL-250217-07,Op-Amp IC,0,17.3,1.38,11.0,11.9,13.7,PASS,Safe,Pass
C10079,ISRO-SCL-250127-04,Op-Amp IC,1,55.9,4.47,39.8,36.1,85.0,REJECT,Fail,Fail
C10080,ISRO-SCL-250421-16,MOSFET,0,11.0,0.88,14.2,5.8,11.2,PASS,Safe,Pass
C10081,ISRO-SCL-250113-02,MOSFET,0,12.9,1.04,11.8,13.9,12.7,PASS,Safe,Pass
C10082,ISRO-SCL-250414-15,Digital Logic IC,1,15.3,1.23,17.9,17.3,85.0,REJECT,Fail,Fail
C10083,ISRO-SCL-250113-02,MOSFET,0,11.3,0.91,15.3,7.3,12.1,PASS,Safe,Pass
C10084,ISRO-SCL-250203-05,Digital Logic IC,0,11.8,0.95,5.0,14.4,9.6,PASS,Safe,Pass
C10085,ISRO-SCL-250414-15,Digital Logic IC,1,6.7,0.53,1.1,10.1,85.0,REJECT,Fail,Fail
C10086,ISRO-SCL-250407-14,MOSFET,1,15.3,1.23,37.2,16.4,85.0,REJECT,Borderline,Fail
C10087,ISRO-SCL-250127-04,Op-Amp IC,0,12.6,1.01,8.1,17.1,11.7,PASS,Borderline,Pass
C10088,ISRO-SCL-250310-10,Voltage Regulator IC,0,13.4,1.08,23.4,5.3,15.8,PASS,Safe,Pass
C10089,ISRO-SCL-250113-02,MOSFET,0,11.6,0.93,9.6,5.3,9.5,PASS,Safe,Pass
C10090,ISRO-SCL-250210-06,MOSFET,0,100.0,16.49,66.2,11.7,68.8,HOLD,Safe,Pass
C10091,ISRO-SCL-250203-05,Digital Logic IC,1,16.3,1.3,35.6,22.1,85.0,REJECT,Fail,Fail
C10092,ISRO-SCL-250127-04,Op-Amp IC,0,18.6,1.49,6.2,18.0,13.5,PASS,Borderline,Pass
C10093,ISRO-SCL-250106-01,MOSFET,0,21.4,1.72,19.8,23.0,21.1,PASS,Borderline,Pass
C10094,ISRO-SCL-250224-08,MOSFET,0,47.3,3.79,51.9,55.5,50.8,MONITOR,Fail,Pass
C10095,ISRO-SCL-250127-04,Op-Amp IC,0,19.7,1.57,18.7,25.2,20.4,PASS,Fail,Pass
C10096,ISRO-SCL-250210-06,MOSFET,0,46.5,3.72,30.0,19.7,34.5,MONITOR,Borderline,Pass
C10097,ISRO-SCL-250414-15,Digital Logic IC,0,12.6,1.01,6.8,6.4,9.0,PASS,Safe,Pass
C10098,ISRO-SCL-250512-19,Op-Amp IC,0,12.2,0.97,11.1,7.1,10.7,PASS,Safe,Pass
C10099,ISRO-SCL-250505-18,Op-Amp IC,0,10.9,0.87,2.7,8.7,7.2,PASS,Safe,Pass
C10100,ISRO-SCL-250210-06,MOSFET,0,16.9,1.35,3.9,12.1,10.7,PASS,Safe,Pass
C10101,ISRO-SCL-250310-10,Voltage Regulator IC,0,18.3,1.46,20.4,3.2,16.1,PASS,Safe,Pass
C10102,ISRO-SCL-250113-02,MOSFET,0,13.3,1.06,24.0,20.6,19.0,PASS,Safe,Pass
C10103,ISRO-SCL-250407-14,MOSFET,0,8.7,0.7,10.9,35.3,14.9,PASS,Borderline,Pass
C10104,ISRO-SCL-250224-08,MOSFET,0,100.0,11.24,65.5,8.6,67.9,HOLD,Safe,Pass
C10105,ISRO-SCL-250203-05,Digital Logic IC,1,13.3,1.06,11.2,5.6,85.0,REJECT,Safe,Fail
C10106,ISRO-SCL-250113-02,MOSFET,0,19.2,1.54,7.9,10.3,12.9,PASS,Safe,Pass
C10107,ISRO-SCL-250127-04,Op-Amp IC,0,13.7,1.1,8.8,22.0,13.4,PASS,Borderline,Pass
C10108,ISRO-SCL-250203-05,Digital Logic IC,0,19.5,1.56,10.6,9.3,13.9,PASS,Safe,Pass
C10109,ISRO-SCL-250310-10,Voltage Regulator IC,0,12.6,1.01,2.6,25.0,11.1,PASS,Borderline,Pass
C10110,ISRO-SCL-250324-12,Op-Amp IC,0,10.4,0.83,21.7,13.8,15.6,PASS,Safe,Pass
C10111,ISRO-SCL-250421-16,MOSFET,0,12.2,0.98,23.1,5.6,15.3,PASS,Safe,Pass
C10112,ISRO-SCL-250407-14,MOSFET,0,7.4,0.59,0.5,13.7,5.9,PASS,Safe,Pass
C10113,ISRO-SCL-250203-05,Digital Logic IC,0,16.9,1.35,36.4,14.6,24.2,PASS,Safe,Pass
C10114,ISRO-SCL-250303-09,Voltage Regulator IC,0,15.4,1.23,10.8,24.3,15.4,PASS,Borderline,Pass
C10115,ISRO-SCL-250203-05,Digital Logic IC,0,11.9,0.95,19.2,13.7,15.2,PASS,Safe,Pass
C10116,ISRO-SCL-250224-08,MOSFET,0,14.2,1.14,11.9,9.3,12.3,PASS,Safe,Pass
C10117,ISRO-SCL-250203-05,Digital Logic IC,0,33.7,2.7,15.6,1.8,20.1,PASS,Safe,Pass
C10118,ISRO-SCL-250210-06,MOSFET,0,8.7,0.69,0.0,12.3,5.9,PASS,Safe,Pass
C10119,ISRO-SCL-250324-12,Op-Amp IC,0,19.1,1.53,6.8,8.0,12.0,PASS,Safe,Pass
C10120,ISRO-SCL-250113-02,MOSFET,0,15.3,1.23,17.2,10.0,15.0,PASS,Safe,Pass
C10121,ISRO-SCL-250407-14,MOSFET,0,14.2,1.14,28.3,44.9,26.0,PASS,Fail,Pass
C10122,ISRO-SCL-250331-13,Voltage Regulator IC,0,28.9,2.32,24.5,22.3,25.8,PASS,Safe,Pass
C10123,ISRO-SCL-250127-04,Op-Amp IC,0,17.9,1.43,21.7,34.1,22.7,PASS,Borderline,Pass
C10124,ISRO-SCL-250519-20,Voltage Regulator IC,0,11.0,0.88,5.8,7.9,8.3,PASS,Safe,Pass
C10125,ISRO-SCL-250519-20,Voltage Regulator IC,0,100.0,15.03,41.9,15.7,59.9,MONITOR,Safe,Pass
C10126,ISRO-SCL-250317-11,Voltage Regulator IC,0,30.4,2.43,32.4,22.0,29.5,PASS,Borderline,Pass
C10127,ISRO-SCL-250203-05,Digital Logic IC,1,18.5,1.48,38.8,4.1,85.0,REJECT,Fail,Fail
C10128,ISRO-SCL-250414-15,Digital Logic IC,0,20.2,1.62,28.8,51.7,30.0,MONITOR,Fail,Pass
C10129,ISRO-SCL-250428-17,Voltage Regulator IC,0,22.5,1.8,8.1,24.5,17.1,PASS,Borderline,Pass
C10130,ISRO-SCL-250217-07,Op-Amp IC,0,14.5,1.16,15.4,6.1,13.2,PASS,Safe,Pass
C10131,ISRO-SCL-250203-05,Digital Logic IC,0,3.4,0.28,0.0,6.2,2.6,PASS,Safe,Pass
C10132,ISRO-SCL-250210-06,MOSFET,0,14.9,1.19,2.8,14.7,10.0,PASS,Safe,Pass
C10133,ISRO-SCL-250324-12,Op-Amp IC,1,25.7,2.06,41.9,33.2,85.0,REJECT,Fail,Fail
C10134,ISRO-SCL-250331-13,Voltage Regulator IC,0,35.3,2.82,33.3,25.4,32.5,MONITOR,Fail,Pass
C10135,ISRO-SCL-250505-18,Op-Amp IC,1,19.7,1.58,36.2,31.4,85.0,REJECT,Fail,Fail
C10136,ISRO-SCL-250203-05,Digital Logic IC,0,19.0,1.52,18.6,9.1,16.9,PASS,Safe,Pass
C10137,ISRO-SCL-250310-10,Voltage Regulator IC,0,53.8,4.31,36.9,94.1,55.1,MONITOR,Safe,Pass
C10138,ISRO-SCL-250407-14,MOSFET,0,17.1,1.37,18.8,2.9,14.9,PASS,Safe,Pass
C10139,ISRO-SCL-250113-02,MOSFET,1,19.0,1.52,20.6,3.7,85.0,REJECT,Safe,Fail
C10140,ISRO-SCL-250113-02,MOSFET,0,14.7,1.18,6.9,17.5,12.1,PASS,Borderline,Pass
C10141,ISRO-SCL-250512-19,Op-Amp IC,0,100.0,17.68,75.6,100.0,90.2,REJECT,Safe,Pass
C10142,ISRO-SCL-250217-07,Op-Amp IC,0,17.2,1.38,12.1,6.9,13.1,PASS,Safe,Pass
C10143,ISRO-SCL-250512-19,Op-Amp IC,0,39.3,3.15,48.4,52.8,45.7,MONITOR,Fail,Pass
C10144,ISRO-SCL-250310-10,Voltage Regulator IC,0,26.2,2.1,35.0,32.7,31.0,MONITOR,Safe,Pass
C10145,ISRO-SCL-250317-11,Voltage Regulator IC,0,13.1,1.05,4.0,5.1,7.8,PASS,Safe,Pass
C10146,ISRO-SCL-250106-01,MOSFET,0,33.5,2.68,20.2,21.9,25.9,PASS,Fail,Pass
C10147,ISRO-SCL-250428-17,Voltage Regulator IC,0,15.0,1.2,11.6,14.5,13.5,PASS,Safe,Pass
C10148,ISRO-SCL-250303-09,Voltage Regulator IC,0,20.8,1.66,28.1,12.8,22.1,PASS,Safe,Pass
C10149,ISRO-SCL-250505-18,Op-Amp IC,0,10.2,0.81,7.6,8.1,8.7,PASS,Safe,Pass
C10150,ISRO-SCL-250217-07,Op-Amp IC,0,16.9,1.35,21.0,12.2,17.6,PASS,Safe,Pass
C10151,ISRO-SCL-250407-14,MOSFET,1,18.7,1.5,39.0,16.3,85.0,REJECT,Safe,Fail
C10152,ISRO-SCL-250224-08,MOSFET,0,11.2,0.9,6.0,4.9,7.9,PASS,Safe,Pass
C10153,ISRO-SCL-250310-10,Voltage Regulator IC,0,22.5,1.8,21.0,1.8,17.7,PASS,Safe,Pass
C10154,ISRO-SCL-250127-04,Op-Amp IC,1,45.5,3.64,39.3,37.0,85.0,REJECT,Fail,Fail
C10155,ISRO-SCL-250512-19,Op-Amp IC,0,25.9,2.07,14.0,48.0,25.6,PASS,Fail,Pass
C10156,ISRO-SCL-250113-02,MOSFET,0,12.1,0.97,7.5,22.1,12.3,PASS,Safe,Pass
C10157,ISRO-SCL-250331-13,Voltage Regulator IC,0,16.7,1.34,20.1,0.4,14.8,PASS,Borderline,Pass
C10158,ISRO-SCL-250421-16,MOSFET,0,19.7,1.57,23.0,16.4,20.3,PASS,Safe,Pass
C10159,ISRO-SCL-250407-14,MOSFET,1,19.7,1.57,27.6,20.1,85.0,REJECT,Safe,Fail
C10160,ISRO-SCL-250421-16,MOSFET,0,12.8,1.02,15.9,6.5,12.8,PASS,Safe,Pass
C10161,ISRO-SCL-250106-01,MOSFET,1,15.9,1.27,30.6,59.1,85.0,REJECT,Fail,Fail
C10162,ISRO-SCL-250106-01,MOSFET,0,20.0,1.6,20.5,18.8,20.0,PASS,Borderline,Pass
C10163,ISRO-SCL-250317-11,Voltage Regulator IC,0,13.6,1.09,7.3,13.6,11.1,PASS,Borderline,Pass
C10164,ISRO-SCL-250203-05,Digital Logic IC,0,25.0,2.0,34.7,41.8,32.3,MONITOR,Borderline,Pass
C10165,ISRO-SCL-250512-19,Op-Amp IC,0,18.3,1.47,6.8,26.1,15.2,PASS,Borderline,Pass
C10166,ISRO-SCL-250310-10,Voltage Regulator IC,0,9.4,0.75,8.7,10.6,9.3,PASS,Safe,Pass
C10167,ISRO-SCL-250519-20,Voltage Regulator IC,0,28.8,2.3,18.6,16.6,22.3,PASS,Borderline,Pass
C10168,ISRO-SCL-250303-09,Voltage Regulator IC,0,10.5,0.84,14.7,4.6,11.0,PASS,Safe,Pass
C10169,ISRO-SCL-250113-02,MOSFET,0,11.4,0.91,7.2,12.8,10.0,PASS,Safe,Pass
C10170,ISRO-SCL-250303-09,Voltage Regulator IC,0,23.8,1.9,33.2,16.7,26.1,PASS,Borderline,Pass
C10171,ISRO-SCL-250310-10,Voltage Regulator IC,1,15.1,1.21,20.2,1.0,85.0,REJECT,Fail,Fail
C10172,ISRO-SCL-250331-13,Voltage Regulator IC,1,13.2,1.06,6.4,26.5,85.0,REJECT,Fail,Fail
C10173,ISRO-SCL-250519-20,Voltage Regulator IC,0,11.3,0.9,8.3,17.8,11.4,PASS,Safe,Pass
C10174,ISRO-SCL-250519-20,Voltage Regulator IC,1,12.3,0.98,4.7,14.5,85.0,REJECT,Fail,Fail
C10175,ISRO-SCL-250203-05,Digital Logic IC,1,74.6,5.97,45.5,15.0,85.0,REJECT,Safe,Fail
C10176,ISRO-SCL-250217-07,Op-Amp IC,0,13.1,1.05,7.4,11.4,10.5,PASS,Safe,Pass
C10177,ISRO-SCL-250303-09,Voltage Regulator IC,0,14.7,1.18,17.4,0.6,12.9,PASS,Safe,Pass
C10178,ISRO-SCL-250310-10,Voltage Regulator IC,0,12.4,1.0,16.8,39.5,19.6,PASS,Borderline,Pass
C10179,ISRO-SCL-250303-09,Voltage Regulator IC,0,15.9,1.27,14.1,15.5,15.1,PASS,Safe,Pass
C10180,ISRO-SCL-250505-18,Op-Amp IC,0,35.4,2.83,11.6,15.5,21.9,PASS,Borderline,Pass
C10181,ISRO-SCL-250120-03,Op-Amp IC,0,14.7,1.18,14.5,26.9,17.1,PASS,Borderline,Pass
C10182,ISRO-SCL-250127-04,Op-Amp IC,0,100.0,187.51,100.0,93.1,98.6,REJECT,Safe,Pass
C10183,ISRO-SCL-250217-07,Op-Amp IC,0,17.5,1.4,7.8,6.6,11.5,PASS,Fail,Pass
C10184,ISRO-SCL-250106-01,MOSFET,1,15.8,1.26,17.3,7.4,85.0,REJECT,Safe,Fail
C10185,ISRO-SCL-250310-10,Voltage Regulator IC,0,11.8,0.94,13.1,6.0,11.2,PASS,Safe,Pass
C10186,ISRO-SCL-250331-13,Voltage Regulator IC,1,13.8,1.11,25.0,12.4,85.0,REJECT,Safe,Fail
C10187,ISRO-SCL-250310-10,Voltage Regulator IC,0,13.8,1.1,24.8,37.0,22.8,PASS,Borderline,Pass
C10188,ISRO-SCL-250331-13,Voltage Regulator IC,0,25.3,2.02,13.0,15.9,18.5,PASS,Safe,Pass
C10189,ISRO-SCL-250421-16,MOSFET,0,13.6,1.09,32.8,5.0,19.6,PASS,Safe,Pass
C10190,ISRO-SCL-250127-04,Op-Amp IC,1,14.3,1.14,19.8,18.5,85.0,REJECT,Safe,Fail
C10191,ISRO-SCL-250127-04,Op-Amp IC,1,13.6,1.09,24.5,30.3,85.0,REJECT,Fail,Fail
C10192,ISRO-SCL-250310-10,Voltage Regulator IC,0,11.1,0.89,11.0,3.1,9.5,PASS,Safe,Pass
C10193,ISRO-SCL-250113-02,MOSFET,0,16.9,1.35,9.9,7.0,12.1,PASS,Borderline,Pass
C10194,ISRO-SCL-250203-05,Digital Logic IC,0,20.3,1.62,5.3,3.2,10.9,PASS,Safe,Pass
C10195,ISRO-SCL-250106-01,MOSFET,1,100.0,10.62,53.5,14.4,85.0,REJECT,Borderline,Fail
C10196,ISRO-SCL-250127-04,Op-Amp IC,0,15.1,1.21,16.4,24.6,17.5,PASS,Safe,Pass
C10197,ISRO-SCL-250127-04,Op-Amp IC,0,47.6,3.81,61.5,41.1,51.9,MONITOR,Fail,Pass
C10198,ISRO-SCL-250210-06,MOSFET,0,19.8,1.59,28.3,22.4,23.7,PASS,Borderline,Pass
C10199,ISRO-SCL-250331-13,Voltage Regulator IC,0,16.2,1.29,5.2,22.9,13.1,PASS,Borderline,Pass
C10200,ISRO-SCL-250210-06,MOSFET,0,14.0,1.12,25.0,12.3,18.1,PASS,Safe,Pass
C10201,ISRO-SCL-250217-07,Op-Amp IC,0,16.6,1.33,19.4,0.2,14.4,PASS,Safe,Pass
C10202,ISRO-SCL-250519-20,Voltage Regulator IC,0,100.0,139.35,100.0,52.0,90.4,REJECT,Fail,Pass
C10203,ISRO-SCL-250324-12,Op-Amp IC,0,15.8,1.26,8.3,18.9,13.4,PASS,Borderline,Pass
C10204,ISRO-SCL-250324-12,Op-Amp IC,0,6.4,0.51,5.5,10.8,6.9,PASS,Borderline,Pass
C10205,ISRO-SCL-250519-20,Voltage Regulator IC,0,13.2,1.06,5.4,4.6,8.4,PASS,Safe,Pass
C10206,ISRO-SCL-250310-10,Voltage Regulator IC,0,15.1,1.21,7.1,13.6,11.6,PASS,Safe,Pass
C10207,ISRO-SCL-250512-19,Op-Amp IC,0,7.5,0.6,4.2,18.1,8.3,PASS,Safe,Pass
C10208,ISRO-SCL-250303-09,Voltage Regulator IC,0,14.7,1.18,2.7,10.7,9.1,PASS,Safe,Pass
C10209,ISRO-SCL-250203-05,Digital Logic IC,0,10.9,0.87,12.5,3.3,10.0,PASS,Safe,Pass
C10210,ISRO-SCL-250113-02,MOSFET,0,22.5,1.8,8.9,8.0,14.2,PASS,Safe,Pass
C10211,ISRO-SCL-250106-01,MOSFET,0,17.7,1.42,29.7,20.9,23.1,PASS,Safe,Pass
C10212,ISRO-SCL-250519-20,Voltage Regulator IC,0,95.2,7.61,44.8,17.4,59.5,MONITOR,Safe,Pass
C10213,ISRO-SCL-250106-01,MOSFET,0,16.0,1.28,17.8,14.8,16.5,PASS,Safe,Pass
C10214,ISRO-SCL-250519-20,Voltage Regulator IC,0,13.7,1.1,10.1,13.2,12.1,PASS,Safe,Pass
C10215,ISRO-SCL-250113-02,MOSFET,0,25.4,2.03,30.4,2.6,22.8,PASS,Safe,Pass
C10216,ISRO-SCL-250414-15,Digital Logic IC,0,15.6,1.25,7.0,19.9,13.0,PASS,Borderline,Pass
C10217,ISRO-SCL-250303-09,Voltage Regulator IC,0,20.5,1.64,6.4,14.6,13.7,PASS,Borderline,Pass
C10218,ISRO-SCL-250106-01,MOSFET,0,38.6,3.08,27.4,28.2,32.0,MONITOR,Fail,Pass
C10219,ISRO-SCL-250421-16,MOSFET,0,17.6,1.41,17.7,7.4,15.6,PASS,Safe,Pass
C10220,ISRO-SCL-250203-05,Digital Logic IC,0,16.9,1.35,23.0,3.9,16.7,PASS,Safe,Pass
C10221,ISRO-SCL-250421-16,MOSFET,0,33.7,2.7,19.2,30.4,27.3,PASS,Borderline,Pass
C10222,ISRO-SCL-250203-05,Digital Logic IC,0,37.1,2.97,11.7,13.1,22.2,PASS,Safe,Pass
C10223,ISRO-SCL-250512-19,Op-Amp IC,0,8.3,0.67,9.8,5.7,8.4,PASS,Safe,Pass
C10224,ISRO-SCL-250203-05,Digital Logic IC,1,25.3,2.02,22.7,8.1,85.0,REJECT,Safe,Fail
C10225,ISRO-SCL-250407-14,MOSFET,0,13.8,1.1,15.0,28.3,17.2,PASS,Fail,Pass
C10226,ISRO-SCL-250303-09,Voltage Regulator IC,0,13.2,1.06,2.2,19.7,10.1,PASS,Safe,Pass
C10227,ISRO-SCL-250331-13,Voltage Regulator IC,0,8.4,0.67,0.0,6.2,4.6,PASS,Safe,Pass
C10228,ISRO-SCL-250421-16,MOSFET,0,12.4,0.99,3.2,2.4,6.7,PASS,Safe,Pass
C10229,ISRO-SCL-250414-15,Digital Logic IC,0,28.0,2.24,22.1,22.6,24.5,PASS,Safe,Pass
C10230,ISRO-SCL-250414-15,Digital Logic IC,0,15.3,1.22,18.8,13.0,16.2,PASS,Safe,Pass
C10231,ISRO-SCL-250331-13,Voltage Regulator IC,0,19.3,1.54,8.0,24.1,15.7,PASS,Borderline,Pass
C10232,ISRO-SCL-250407-14,MOSFET,0,12.2,0.98,5.3,31.0,13.2,PASS,Borderline,Pass
C10233,ISRO-SCL-250414-15,Digital Logic IC,0,9.9,0.79,4.5,14.3,8.6,PASS,Safe,Pass
C10234,ISRO-SCL-250324-12,Op-Amp IC,0,14.1,1.13,5.9,16.3,11.3,PASS,Safe,Pass
C10235,ISRO-SCL-250203-05,Digital Logic IC,0,29.8,2.38,8.8,21.0,19.6,PASS,Fail,Pass
C10236,ISRO-SCL-250324-12,Op-Amp IC,0,26.4,2.11,29.3,31.8,28.7,PASS,Borderline,Pass
C10237,ISRO-SCL-250407-14,MOSFET,0,9.4,0.75,5.8,17.1,9.5,PASS,Safe,Pass
C10238,ISRO-SCL-250519-20,Voltage Regulator IC,1,54.2,4.34,59.3,100.0,85.0,REJECT,Fail,Fail
C10239,ISRO-SCL-250317-11,Voltage Regulator IC,0,31.5,2.52,28.6,29.0,29.9,PASS,Borderline,Pass
C10240,ISRO-SCL-250331-13,Voltage Regulator IC,1,69.9,5.59,54.6,24.2,85.0,REJECT,Fail,Fail
C10241,ISRO-SCL-250113-02,MOSFET,0,17.3,1.38,24.1,12.9,19.1,PASS,Safe,Pass
C10242,ISRO-SCL-250120-03,Op-Amp IC,0,10.5,0.84,7.4,12.8,9.7,PASS,Borderline,Pass
C10243,ISRO-SCL-250203-05,Digital Logic IC,0,60.1,4.81,46.4,24.0,47.4,MONITOR,Borderline,Pass
C10244,ISRO-SCL-250210-06,MOSFET,0,15.9,1.27,6.4,3.5,9.6,PASS,Safe,Pass
C10245,ISRO-SCL-250106-01,MOSFET,0,18.1,1.45,6.4,18.8,13.6,PASS,Borderline,Pass
C10246,ISRO-SCL-250505-18,Op-Amp IC,0,100.0,13.69,60.6,7.6,65.7,HOLD,Safe,Pass
C10247,ISRO-SCL-250120-03,Op-Amp IC,0,19.7,1.57,40.4,42.7,32.6,MONITOR,Fail,Pass
C10248,ISRO-SCL-250203-05,Digital Logic IC,1,20.2,1.62,32.7,4.9,85.0,REJECT,Safe,Fail
C10249,ISRO-SCL-250505-18,Op-Amp IC,0,16.1,1.29,4.5,11.2,10.5,PASS,Safe,Pass
C10250,ISRO-SCL-250127-04,Op-Amp IC,0,9.5,0.76,7.9,19.0,10.7,PASS,Safe,Pass
C10251,ISRO-SCL-250407-14,MOSFET,0,10.7,0.86,11.2,19.0,12.6,PASS,Fail,Pass
C10252,ISRO-SCL-250421-16,MOSFET,0,16.3,1.3,11.1,11.5,13.2,PASS,Safe,Pass
C10253,ISRO-SCL-250224-08,MOSFET,0,13.4,1.07,5.1,21.1,11.6,PASS,Safe,Pass
C10254,ISRO-SCL-250127-04,Op-Amp IC,0,11.8,0.95,11.6,8.2,11.0,PASS,Safe,Pass
C10255,ISRO-SCL-250303-09,Voltage Regulator IC,0,16.6,1.33,12.0,4.4,12.4,PASS,Borderline,Pass
C10256,ISRO-SCL-250224-08,MOSFET,0,15.5,1.24,3.8,15.0,10.7,PASS,Safe,Pass
C10257,ISRO-SCL-250324-12,Op-Amp IC,0,11.0,0.88,18.1,21.2,15.9,PASS,Borderline,Pass
C10258,ISRO-SCL-250210-06,MOSFET,0,31.7,2.54,13.0,7.1,19.3,PASS,Safe,Pass
C10259,ISRO-SCL-250113-02,MOSFET,0,33.7,2.7,14.8,12.9,22.0,PASS,Safe,Pass
C10260,ISRO-SCL-250106-01,MOSFET,1,54.7,4.37,55.6,35.7,85.0,REJECT,Fail,Fail
C10261,ISRO-SCL-250505-18,Op-Amp IC,0,12.4,1.0,0.0,16.3,8.2,PASS,Safe,Pass
C10262,ISRO-SCL-250317-11,Voltage Regulator IC,0,11.4,0.91,16.0,8.1,12.6,PASS,Safe,Pass
C10263,ISRO-SCL-250113-02,MOSFET,0,18.3,1.46,3.8,5.3,9.9,PASS,Safe,Pass
C10264,ISRO-SCL-250421-16,MOSFET,0,17.6,1.41,11.7,10.5,13.8,PASS,Safe,Pass
C10265,ISRO-SCL-250113-02,MOSFET,0,17.1,1.37,6.4,13.0,12.0,PASS,Safe,Pass
C10266,ISRO-SCL-250407-14,MOSFET,0,18.1,1.45,23.9,8.5,18.5,PASS,Safe,Pass
C10267,ISRO-SCL-250203-05,Digital Logic IC,0,18.7,1.5,32.1,8.9,22.1,PASS,Safe,Pass
C10268,ISRO-SCL-250421-16,MOSFET,0,13.6,1.09,16.2,10.6,14.1,PASS,Safe,Pass
C10269,ISRO-SCL-250421-16,MOSFET,1,13.5,1.08,8.4,13.5,85.0,REJECT,Fail,Fail
C10270,ISRO-SCL-250217-07,Op-Amp IC,0,11.0,0.88,4.8,22.5,10.8,PASS,Borderline,Pass
C10271,ISRO-SCL-250127-04,Op-Amp IC,0,14.7,1.18,7.5,9.3,10.7,PASS,Safe,Pass
C10272,ISRO-SCL-250505-18,Op-Amp IC,0,18.9,1.51,15.9,13.6,16.6,PASS,Safe,Pass
C10273,ISRO-SCL-250421-16,MOSFET,0,17.2,1.37,22.9,7.2,17.5,PASS,Safe,Pass
C10274,ISRO-SCL-250113-02,MOSFET,0,14.6,1.17,3.2,8.5,8.8,PASS,Safe,Pass
C10275,ISRO-SCL-250113-02,MOSFET,1,18.5,1.48,25.4,0.1,85.0,REJECT,Safe,Fail
C10276,ISRO-SCL-250317-11,Voltage Regulator IC,0,87.9,7.03,39.8,11.5,53.4,MONITOR,Safe,Pass
C10277,ISRO-SCL-250407-14,MOSFET,0,55.4,4.44,32.8,29.6,41.2,MONITOR,Fail,Pass
C10278,ISRO-SCL-250505-18,Op-Amp IC,0,15.8,1.27,15.1,7.0,13.8,PASS,Safe,Pass
C10279,ISRO-SCL-250120-03,Op-Amp IC,1,15.9,1.27,30.1,10.1,85.0,REJECT,Safe,Fail
C10280,ISRO-SCL-250414-15,Digital Logic IC,0,11.9,0.95,21.5,26.9,18.7,PASS,Borderline,Pass
C10281,ISRO-SCL-250210-06,MOSFET,0,15.4,1.23,18.2,9.9,15.4,PASS,Safe,Pass
C10282,ISRO-SCL-250324-12,Op-Amp IC,0,16.1,1.29,21.3,50.6,25.1,PASS,Fail,Pass
C10283,ISRO-SCL-250310-10,Voltage Regulator IC,0,16.3,1.31,30.1,2.2,19.0,PASS,Safe,Pass
C10284,ISRO-SCL-250505-18,Op-Amp IC,0,15.1,1.21,21.3,16.0,17.8,PASS,Safe,Pass
C10285,ISRO-SCL-250210-06,MOSFET,0,21.6,1.73,11.3,5.1,14.2,PASS,Safe,Pass
C10286,ISRO-SCL-250407-14,MOSFET,0,16.0,1.28,21.7,5.1,16.1,PASS,Safe,Pass
C10287,ISRO-SCL-250407-14,MOSFET,1,13.0,1.04,8.1,11.8,85.0,REJECT,Safe,Fail
C10288,ISRO-SCL-250512-19,Op-Amp IC,0,16.6,1.33,51.9,52.0,37.8,MONITOR,Fail,Pass
C10289,ISRO-SCL-250324-12,Op-Amp IC,0,16.8,1.34,34.5,9.4,22.4,PASS,Safe,Pass
C10290,ISRO-SCL-250113-02,MOSFET,0,12.3,0.99,0.6,9.5,7.1,PASS,Safe,Pass
C10291,ISRO-SCL-250324-12,Op-Amp IC,0,17.2,1.37,45.8,21.1,29.4,PASS,Borderline,Pass
C10292,ISRO-SCL-250120-03,Op-Amp IC,0,14.9,1.19,29.3,49.4,27.5,PASS,Fail,Pass
C10293,ISRO-SCL-250210-06,MOSFET,0,34.7,2.78,16.0,23.3,24.9,PASS,Borderline,Pass
C10294,ISRO-SCL-250120-03,Op-Amp IC,0,14.8,1.18,12.3,4.4,11.7,PASS,Safe,Pass
C10295,ISRO-SCL-250421-16,MOSFET,0,31.8,2.54,23.3,37.4,29.5,PASS,Safe,Pass
C10296,ISRO-SCL-250414-15,Digital Logic IC,0,13.3,1.06,15.7,23.8,16.3,PASS,Safe,Pass
C10297,ISRO-SCL-250210-06,MOSFET,0,100.0,215.06,100.0,51.9,90.4,REJECT,Safe,Pass
C10298,ISRO-SCL-250224-08,MOSFET,0,19.2,1.54,10.9,1.5,12.4,PASS,Safe,Pass
C10299,ISRO-SCL-250414-15,Digital Logic IC,1,23.2,1.85,27.8,7.8,85.0,REJECT,Safe,Fail
C10300,ISRO-SCL-250210-06,MOSFET,0,23.1,1.84,16.1,12.4,18.2,PASS,Safe,Pass
C10301,ISRO-SCL-250414-15,Digital Logic IC,0,13.7,1.1,16.0,14.0,14.7,PASS,Safe,Pass
C10302,ISRO-SCL-250505-18,Op-Amp IC,0,18.5,1.48,23.1,8.7,18.4,PASS,Safe,Pass
C10303,ISRO-SCL-250210-06,MOSFET,0,12.5,1.0,8.0,8.5,9.9,PASS,Safe,Pass
C10304,ISRO-SCL-250217-07,Op-Amp IC,1,40.9,3.27,21.7,42.0,85.0,REJECT,Fail,Fail
C10305,ISRO-SCL-250127-04,Op-Amp IC,1,12.8,1.02,9.4,9.2,85.0,REJECT,Fail,Fail
C10306,ISRO-SCL-250519-20,Voltage Regulator IC,0,19.0,1.52,21.8,25.2,21.4,PASS,Safe,Pass
C10307,ISRO-SCL-250120-03,Op-Amp IC,1,36.6,2.92,49.9,54.3,85.0,REJECT,Fail,Fail
C10308,ISRO-SCL-250407-14,MOSFET,1,64.2,5.13,55.7,63.3,85.0,REJECT,Fail,Fail
C10309,ISRO-SCL-250106-01,MOSFET,0,17.5,1.4,8.5,4.8,11.4,PASS,Safe,Pass
C10310,ISRO-SCL-250106-01,MOSFET,0,15.5,1.24,11.7,8.9,12.6,PASS,Safe,Pass
C10311,ISRO-SCL-250407-14,MOSFET,0,15.4,1.23,9.1,15.7,12.9,PASS,Safe,Pass
C10312,ISRO-SCL-250505-18,Op-Amp IC,0,15.2,1.21,22.5,18.1,18.7,PASS,Safe,Pass
C10313,ISRO-SCL-250428-17,Voltage Regulator IC,0,15.5,1.24,8.3,29.6,15.4,PASS,Borderline,Pass
C10314,ISRO-SCL-250310-10,Voltage Regulator IC,1,92.7,7.42,29.4,37.0,85.0,REJECT,Fail,Fail
C10315,ISRO-SCL-250317-11,Voltage Regulator IC,0,53.2,4.25,25.8,18.0,35.2,MONITOR,Safe,Pass
C10316,ISRO-SCL-250505-18,Op-Amp IC,0,20.5,1.64,21.7,10.2,18.9,PASS,Safe,Pass
C10317,ISRO-SCL-250324-12,Op-Amp IC,0,15.3,1.22,27.6,24.1,22.0,PASS,Safe,Pass
C10318,ISRO-SCL-250210-06,MOSFET,0,100.0,15.65,51.1,11.6,62.8,HOLD,Safe,Pass
C10319,ISRO-SCL-250217-07,Op-Amp IC,1,41.6,3.33,35.5,22.1,85.0,REJECT,Borderline,Fail
C10320,ISRO-SCL-250106-01,MOSFET,1,16.7,1.34,20.0,11.3,85.0,REJECT,Borderline,Fail
C10321,ISRO-SCL-250127-04,Op-Amp IC,0,15.6,1.25,16.9,4.6,13.9,PASS,Safe,Pass
C10322,ISRO-SCL-250505-18,Op-Amp IC,0,26.5,2.12,32.6,5.7,24.8,PASS,Safe,Pass
C10323,ISRO-SCL-250324-12,Op-Amp IC,0,29.5,2.36,35.7,57.9,37.7,MONITOR,Fail,Pass
C10324,ISRO-SCL-250303-09,Voltage Regulator IC,0,17.6,1.41,10.2,2.8,11.7,PASS,Safe,Pass
C10325,ISRO-SCL-250113-02,MOSFET,0,47.8,3.82,17.9,4.2,27.1,PASS,Safe,Pass
C10326,ISRO-SCL-250113-02,MOSFET,0,15.5,1.24,1.5,9.1,8.6,PASS,Safe,Pass
C10327,ISRO-SCL-250407-14,MOSFET,1,100.0,10.12,100.0,94.2,98.8,REJECT,Fail,Fail
C10328,ISRO-SCL-250113-02,MOSFET,1,15.7,1.26,17.9,10.7,85.0,REJECT,Safe,Fail
C10329,ISRO-SCL-250303-09,Voltage Regulator IC,1,16.5,1.32,12.7,3.4,85.0,REJECT,Fail,Fail
C10330,ISRO-SCL-250317-11,Voltage Regulator IC,1,59.1,4.73,45.5,54.3,85.0,REJECT,Fail,Fail
C10331,ISRO-SCL-250113-02,MOSFET,1,17.6,1.41,23.4,8.1,85.0,REJECT,Safe,Fail
C10332,ISRO-SCL-250317-11,Voltage Regulator IC,0,28.5,2.28,34.3,20.8,29.3,PASS,Borderline,Pass
C10333,ISRO-SCL-250331-13,Voltage Regulator IC,0,10.9,0.87,14.4,11.8,12.5,PASS,Safe,Pass
C10334,ISRO-SCL-250324-12,Op-Amp IC,0,12.8,1.02,2.5,3.7,6.9,PASS,Safe,Pass
C10335,ISRO-SCL-250421-16,MOSFET,0,19.7,1.57,39.4,5.3,24.7,PASS,Safe,Pass
C10336,ISRO-SCL-250421-16,MOSFET,0,11.5,0.92,1.8,10.6,7.4,PASS,Safe,Pass
C10337,ISRO-SCL-250127-04,Op-Amp IC,0,12.1,0.96,5.0,12.4,9.3,PASS,Safe,Pass
C10338,ISRO-SCL-250414-15,Digital Logic IC,0,11.2,0.9,10.0,6.3,9.7,PASS,Safe,Pass
C10339,ISRO-SCL-250407-14,MOSFET,0,8.4,0.67,0.0,15.5,6.5,PASS,Safe,Pass
C10340,ISRO-SCL-250512-19,Op-Amp IC,1,20.6,1.65,23.4,7.5,85.0,REJECT,Safe,Fail
C10341,ISRO-SCL-250106-01,MOSFET,0,17.3,1.39,25.1,1.0,17.2,PASS,Safe,Pass
C10342,ISRO-SCL-250210-06,MOSFET,0,39.3,3.15,14.7,23.1,26.2,PASS,Safe,Pass
C10343,ISRO-SCL-250224-08,MOSFET,0,37.9,3.04,26.9,25.5,31.0,MONITOR,Borderline,Pass
C10344,ISRO-SCL-250310-10,Voltage Regulator IC,0,10.3,0.82,7.2,13.1,9.6,PASS,Borderline,Pass
C10345,ISRO-SCL-250120-03,Op-Amp IC,0,13.1,1.05,10.6,23.5,14.2,PASS,Fail,Pass
C10346,ISRO-SCL-250428-17,Voltage Regulator IC,0,14.6,1.17,7.4,12.4,11.3,PASS,Safe,Pass
C10347,ISRO-SCL-250303-09,Voltage Regulator IC,0,12.2,0.98,11.0,10.1,11.3,PASS,Safe,Pass
C10348,ISRO-SCL-250421-16,MOSFET,0,14.2,1.14,2.8,10.9,9.0,PASS,Safe,Pass
C10349,ISRO-SCL-250106-01,MOSFET,0,16.4,1.31,18.2,19.5,17.7,PASS,Borderline,Pass
C10350,ISRO-SCL-250519-20,Voltage Regulator IC,0,44.4,3.55,14.4,22.2,27.9,PASS,Safe,Pass
C10351,ISRO-SCL-250310-10,Voltage Regulator IC,0,76.6,6.13,27.6,4.1,42.5,MONITOR,Safe,Pass
C10352,ISRO-SCL-250217-07,Op-Amp IC,1,100.0,12.65,90.0,38.7,85.0,REJECT,Fail,Fail
C10353,ISRO-SCL-250120-03,Op-Amp IC,0,14.0,1.12,11.0,8.7,11.7,PASS,Safe,Pass
C10354,ISRO-SCL-250519-20,Voltage Regulator IC,0,13.9,1.11,7.8,7.7,10.2,PASS,Safe,Pass
C10355,ISRO-SCL-250224-08,MOSFET,0,11.2,0.9,5.1,20.3,10.6,PASS,Safe,Pass
C10356,ISRO-SCL-250414-15,Digital Logic IC,0,14.9,1.19,14.0,8.0,13.2,PASS,Safe,Pass
C10357,ISRO-SCL-250127-04,Op-Amp IC,0,19.3,1.54,4.9,28.2,15.3,PASS,Fail,Pass
C10358,ISRO-SCL-250203-05,Digital Logic IC,0,100.0,29.96,90.5,100.0,96.2,REJECT,Borderline,Pass
C10359,ISRO-SCL-250113-02,MOSFET,0,10.6,0.85,10.7,2.4,9.0,PASS,Safe,Pass
C10360,ISRO-SCL-250127-04,Op-Amp IC,0,43.4,3.47,60.5,100.0,61.6,HOLD,Fail,Pass
C10361,ISRO-SCL-250203-05,Digital Logic IC,0,16.4,1.31,15.9,9.4,14.8,PASS,Safe,Pass
C10362,ISRO-SCL-250224-08,MOSFET,0,14.3,1.14,0.0,13.1,8.3,PASS,Safe,Pass
C10363,ISRO-SCL-250127-04,Op-Amp IC,0,15.5,1.24,19.2,10.4,15.9,PASS,Safe,Pass
C10364,ISRO-SCL-250127-04,Op-Amp IC,0,14.8,1.18,14.2,14.1,14.4,PASS,Safe,Pass
C10365,ISRO-SCL-250224-08,MOSFET,0,25.7,2.06,16.0,19.3,20.6,PASS,Safe,Pass
C10366,ISRO-SCL-250414-15,Digital Logic IC,1,28.7,2.3,34.4,24.9,85.0,REJECT,Fail,Fail
C10367,ISRO-SCL-250127-04,Op-Amp IC,1,13.9,1.11,17.2,16.9,85.0,REJECT,Safe,Fail
C10368,ISRO-SCL-250310-10,Voltage Regulator IC,0,21.9,1.75,10.7,27.8,18.6,PASS,Borderline,Pass
C10369,ISRO-SCL-250407-14,MOSFET,0,11.1,0.89,10.8,5.9,9.9,PASS,Safe,Pass
C10370,ISRO-SCL-250113-02,MOSFET,0,18.3,1.46,24.3,17.0,20.4,PASS,Borderline,Pass
C10371,ISRO-SCL-250317-11,Voltage Regulator IC,1,57.3,4.59,28.8,38.6,85.0,REJECT,Fail,Fail
C10372,ISRO-SCL-250127-04,Op-Amp IC,0,8.8,0.7,3.6,21.6,9.3,PASS,Safe,Pass
C10373,ISRO-SCL-250317-11,Voltage Regulator IC,0,12.8,1.03,12.1,27.9,15.5,PASS,Borderline,Pass
C10374,ISRO-SCL-250324-12,Op-Amp IC,0,14.0,1.12,21.9,19.6,18.3,PASS,Borderline,Pass
C10375,ISRO-SCL-250120-03,Op-Amp IC,1,100.0,8.61,100.0,72.6,94.5,REJECT,Fail,Fail
C10376,ISRO-SCL-250331-13,Voltage Regulator IC,0,13.5,1.08,11.4,10.4,12.0,PASS,Safe,Pass
C10377,ISRO-SCL-250113-02,MOSFET,0,19.7,1.57,8.6,2.6,11.8,PASS,Fail,Pass
C10378,ISRO-SCL-250203-05,Digital Logic IC,0,27.0,2.16,6.0,7.9,14.8,PASS,Safe,Pass
C10379,ISRO-SCL-250217-07,Op-Amp IC,0,15.0,1.2,29.6,12.4,20.3,PASS,Safe,Pass
C10380,ISRO-SCL-250127-04,Op-Amp IC,0,10.6,0.85,11.5,9.3,10.7,PASS,Safe,Pass
C10381,ISRO-SCL-250421-16,MOSFET,0,35.4,2.83,31.6,26.1,32.0,MONITOR,Fail,Pass
C10382,ISRO-SCL-250106-01,MOSFET,1,32.0,2.56,18.8,22.9,85.0,REJECT,Fail,Fail
C10383,ISRO-SCL-250310-10,Voltage Regulator IC,0,13.2,1.06,9.9,20.9,13.4,PASS,Borderline,Pass
C10384,ISRO-SCL-250421-16,MOSFET,0,14.6,1.17,22.6,8.2,16.5,PASS,Safe,Pass
C10385,ISRO-SCL-250120-03,Op-Amp IC,0,17.0,1.36,21.4,7.3,16.8,PASS,Borderline,Pass
C10386,ISRO-SCL-250407-14,MOSFET,0,13.1,1.05,8.4,11.4,10.9,PASS,Safe,Pass
C10387,ISRO-SCL-250512-19,Op-Amp IC,1,86.1,6.89,54.5,50.3,85.0,REJECT,Fail,Fail
C10388,ISRO-SCL-250421-16,MOSFET,0,22.5,1.8,16.1,18.7,19.2,PASS,Borderline,Pass
C10389,ISRO-SCL-250310-10,Voltage Regulator IC,0,27.9,2.23,17.4,25.0,23.1,PASS,Safe,Pass
C10390,ISRO-SCL-250303-09,Voltage Regulator IC,0,14.5,1.16,11.1,16.8,13.6,PASS,Safe,Pass
C10391,ISRO-SCL-250127-04,Op-Amp IC,0,11.5,0.92,19.3,30.3,18.4,PASS,Borderline,Pass
C10392,ISRO-SCL-250421-16,MOSFET,0,14.1,1.13,13.7,9.7,13.1,PASS,Safe,Pass
C10393,ISRO-SCL-250324-12,Op-Amp IC,0,16.1,1.29,43.3,24.3,28.6,PASS,Borderline,Pass
C10394,ISRO-SCL-250217-07,Op-Amp IC,1,16.2,1.3,21.6,13.7,85.0,REJECT,Safe,Fail
C10395,ISRO-SCL-250106-01,MOSFET,0,14.9,1.19,10.2,8.7,11.8,PASS,Safe,Pass
C10396,ISRO-SCL-250512-19,Op-Amp IC,0,16.4,1.31,7.4,15.1,12.5,PASS,Safe,Pass
C10397,ISRO-SCL-250414-15,Digital Logic IC,0,14.8,1.18,25.6,34.3,23.0,PASS,Fail,Pass
C10398,ISRO-SCL-250203-05,Digital Logic IC,0,11.8,0.94,5.8,7.8,8.6,PASS,Safe,Pass
C10399,ISRO-SCL-250512-19,Op-Amp IC,0,26.7,2.14,19.1,22.0,22.8,PASS,Borderline,Pass
C10400,ISRO-SCL-250407-14,MOSFET,0,17.6,1.41,10.1,9.4,12.9,PASS,Safe,Pass
C10401,ISRO-SCL-250303-09,Voltage Regulator IC,0,12.5,1.0,8.4,9.4,10.2,PASS,Safe,Pass
C10402,ISRO-SCL-250210-06,MOSFET,0,20.6,1.65,36.9,17.2,26.4,PASS,Borderline,Pass
C10403,ISRO-SCL-250203-05,Digital Logic IC,0,33.7,2.7,20.7,20.1,25.8,PASS,Safe,Pass
C10404,ISRO-SCL-250217-07,Op-Amp IC,1,58.5,4.68,58.2,52.2,85.0,REJECT,Fail,Fail
C10405,ISRO-SCL-250317-11,Voltage Regulator IC,1,39.1,3.13,21.6,27.0,85.0,REJECT,Borderline,Fail
C10406,ISRO-SCL-250224-08,MOSFET,0,66.0,5.28,52.0,45.8,56.4,MONITOR,Fail,Pass
C10407,ISRO-SCL-250519-20,Voltage Regulator IC,0,15.7,1.25,11.2,5.1,11.7,PASS,Safe,Pass
C10408,ISRO-SCL-250512-19,Op-Amp IC,0,13.0,1.04,25.0,9.6,17.1,PASS,Fail,Pass
C10409,ISRO-SCL-250224-08,MOSFET,0,13.2,1.06,8.9,17.6,12.4,PASS,Safe,Pass
C10410,ISRO-SCL-250421-16,MOSFET,0,100.0,13.49,46.2,8.5,60.2,HOLD,Safe,Pass
C10411,ISRO-SCL-250428-17,Voltage Regulator IC,0,14.2,1.14,7.1,3.6,9.3,PASS,Safe,Pass
C10412,ISRO-SCL-250324-12,Op-Amp IC,0,20.4,1.63,31.0,23.0,25.2,PASS,Borderline,Pass
C10413,ISRO-SCL-250113-02,MOSFET,1,18.1,1.45,39.1,28.8,85.0,REJECT,Borderline,Fail
C10414,ISRO-SCL-250331-13,Voltage Regulator IC,0,100.0,19.93,69.0,100.0,87.6,REJECT,Safe,Pass
C10415,ISRO-SCL-250407-14,MOSFET,0,8.6,0.69,6.3,16.2,9.2,PASS,Safe,Pass
C10416,ISRO-SCL-250421-16,MOSFET,0,45.0,3.6,43.7,9.6,37.4,MONITOR,Borderline,Pass
C10417,ISRO-SCL-250106-01,MOSFET,1,17.6,1.41,16.6,21.1,85.0,REJECT,Borderline,Fail
C10418,ISRO-SCL-250113-02,MOSFET,0,15.4,1.24,26.7,20.5,20.9,PASS,Safe,Pass
C10419,ISRO-SCL-250106-01,MOSFET,0,29.1,2.33,22.6,61.3,33.0,MONITOR,Fail,Pass
C10420,ISRO-SCL-250106-01,MOSFET,0,16.3,1.3,16.2,22.4,17.4,PASS,Safe,Pass
C10421,ISRO-SCL-250113-02,MOSFET,0,11.2,0.9,5.8,10.0,8.8,PASS,Safe,Pass
C10422,ISRO-SCL-250210-06,MOSFET,0,12.1,0.97,0.0,13.8,7.6,PASS,Safe,Pass
C10423,ISRO-SCL-250407-14,MOSFET,1,14.0,1.12,21.6,26.7,85.0,REJECT,Fail,Fail
C10424,ISRO-SCL-250210-06,MOSFET,0,14.1,1.13,16.1,19.1,15.9,PASS,Safe,Pass
C10425,ISRO-SCL-250414-15,Digital Logic IC,1,100.0,11.29,100.0,100.0,100.0,REJECT,Fail,Fail
C10426,ISRO-SCL-250421-16,MOSFET,0,16.1,1.29,10.8,9.4,12.6,PASS,Safe,Pass
C10427,ISRO-SCL-250203-05,Digital Logic IC,0,18.5,1.48,18.9,1.0,15.2,PASS,Safe,Pass
C10428,ISRO-SCL-250505-18,Op-Amp IC,0,22.8,1.83,17.4,18.4,19.8,PASS,Safe,Pass
C10429,ISRO-SCL-250331-13,Voltage Regulator IC,0,18.1,1.45,8.0,6.0,11.6,PASS,Safe,Pass
C10430,ISRO-SCL-250120-03,Op-Amp IC,1,11.6,0.93,8.3,2.5,85.0,REJECT,Safe,Fail
C10431,ISRO-SCL-250324-12,Op-Amp IC,0,13.8,1.1,18.0,4.2,13.5,PASS,Safe,Pass
C10432,ISRO-SCL-250331-13,Voltage Regulator IC,0,27.2,2.17,9.2,24.3,19.4,PASS,Fail,Pass
C10433,ISRO-SCL-250414-15,Digital Logic IC,0,15.4,1.23,11.9,7.9,12.5,PASS,Safe,Pass
C10434,ISRO-SCL-250120-03,Op-Amp IC,0,10.2,0.82,0.0,14.0,6.9,PASS,Safe,Pass
C10435,ISRO-SCL-250303-09,Voltage Regulator IC,1,17.9,1.43,19.9,9.5,85.0,REJECT,Safe,Fail
C10436,ISRO-SCL-250512-19,Op-Amp IC,1,14.1,1.12,14.9,5.1,85.0,REJECT,Safe,Fail
C10437,ISRO-SCL-250407-14,MOSFET,0,87.3,6.98,50.6,2.5,55.7,MONITOR,Safe,Pass
C10438,ISRO-SCL-250303-09,Voltage Regulator IC,0,10.8,0.86,6.2,8.5,8.5,PASS,Safe,Pass
C10439,ISRO-SCL-250127-04,Op-Amp IC,0,14.3,1.14,15.4,10.5,14.0,PASS,Safe,Pass
C10440,ISRO-SCL-250224-08,MOSFET,0,14.9,1.19,32.0,1.1,19.0,PASS,Safe,Pass
C10441,ISRO-SCL-250407-14,MOSFET,1,17.0,1.36,42.8,22.0,85.0,REJECT,Borderline,Fail
C10442,ISRO-SCL-250217-07,Op-Amp IC,1,16.6,1.33,19.2,26.0,85.0,REJECT,Safe,Fail
C10443,ISRO-SCL-250407-14,MOSFET,0,24.2,1.93,20.1,26.4,23.0,PASS,Fail,Pass
C10444,ISRO-SCL-250224-08,MOSFET,0,12.6,1.01,12.1,16.0,13.1,PASS,Safe,Pass
C10445,ISRO-SCL-250224-08,MOSFET,0,22.5,1.8,10.8,13.0,15.9,PASS,Safe,Pass
C10446,ISRO-SCL-250414-15,Digital Logic IC,0,12.7,1.01,10.5,8.0,10.9,PASS,Safe,Pass
C10447,ISRO-SCL-250407-14,MOSFET,0,15.2,1.22,24.5,31.7,22.2,PASS,Borderline,Pass
C10448,ISRO-SCL-250407-14,MOSFET,1,36.3,2.9,36.9,28.3,85.0,REJECT,Borderline,Fail
C10449,ISRO-SCL-250421-16,MOSFET,0,14.8,1.18,20.0,6.0,15.1,PASS,Safe,Pass
C10450,ISRO-SCL-250407-14,MOSFET,0,6.0,0.48,5.9,13.6,7.5,PASS,Safe,Pass
C10451,ISRO-SCL-250210-06,MOSFET,0,19.7,1.57,7.3,19.2,14.6,PASS,Safe,Pass
C10452,ISRO-SCL-250203-05,Digital Logic IC,0,11.8,0.94,10.6,1.3,9.2,PASS,Safe,Pass
C10453,ISRO-SCL-250224-08,MOSFET,0,16.9,1.35,30.7,6.5,20.3,PASS,Safe,Pass
C10454,ISRO-SCL-250224-08,MOSFET,0,23.9,1.91,10.5,13.8,16.5,PASS,Safe,Pass
C10455,ISRO-SCL-250203-05,Digital Logic IC,0,16.3,1.3,8.1,0.3,9.8,PASS,Safe,Pass
C10456,ISRO-SCL-250127-04,Op-Amp IC,0,31.6,2.53,47.3,70.8,45.7,MONITOR,Fail,Pass
C10457,ISRO-SCL-250224-08,MOSFET,0,22.1,1.76,59.3,24.8,37.5,MONITOR,Safe,Pass
C10458,ISRO-SCL-250512-19,Op-Amp IC,0,32.1,2.57,30.2,34.6,31.8,MONITOR,Fail,Pass
C10459,ISRO-SCL-250519-20,Voltage Regulator IC,0,16.2,1.3,20.9,21.0,19.1,PASS,Safe,Pass
C10460,ISRO-SCL-250428-17,Voltage Regulator IC,0,13.5,1.08,12.4,4.8,11.3,PASS,Safe,Pass
C10461,ISRO-SCL-250106-01,MOSFET,0,15.9,1.27,18.3,34.4,20.6,PASS,Borderline,Pass
C10462,ISRO-SCL-250310-10,Voltage Regulator IC,0,13.9,1.11,22.6,18.0,18.2,PASS,Safe,Pass
C10463,ISRO-SCL-250310-10,Voltage Regulator IC,0,28.1,2.25,10.0,21.2,19.5,PASS,Safe,Pass
C10464,ISRO-SCL-250120-03,Op-Amp IC,0,37.5,3.0,34.5,34.3,35.7,MONITOR,Fail,Pass
C10465,ISRO-SCL-250217-07,Op-Amp IC,0,16.7,1.34,6.1,6.4,10.4,PASS,Safe,Pass
C10466,ISRO-SCL-250505-18,Op-Amp IC,0,19.0,1.52,21.9,7.7,17.9,PASS,Safe,Pass
C10467,ISRO-SCL-250113-02,MOSFET,1,17.7,1.41,17.6,9.7,85.0,REJECT,Safe,Fail
C10468,ISRO-SCL-250310-10,Voltage Regulator IC,0,9.5,0.76,5.8,14.5,9.0,PASS,Safe,Pass
C10469,ISRO-SCL-250310-10,Voltage Regulator IC,0,13.9,1.11,13.7,22.0,15.5,PASS,Safe,Pass
C10470,ISRO-SCL-250113-02,MOSFET,0,12.7,1.02,10.2,13.4,11.8,PASS,Borderline,Pass
C10471,ISRO-SCL-250310-10,Voltage Regulator IC,0,12.2,0.98,18.3,2.8,12.8,PASS,Safe,Pass
C10472,ISRO-SCL-250217-07,Op-Amp IC,0,7.2,0.58,1.7,13.5,6.3,PASS,Safe,Pass
C10473,ISRO-SCL-250113-02,MOSFET,0,19.0,1.52,21.1,6.5,17.3,PASS,Safe,Pass
C10474,ISRO-SCL-250120-03,Op-Amp IC,0,58.9,4.72,64.8,57.5,61.0,HOLD,Fail,Pass
C10475,ISRO-SCL-250113-02,MOSFET,0,14.8,1.18,15.8,10.5,14.3,PASS,Safe,Pass
C10476,ISRO-SCL-250519-20,Voltage Regulator IC,0,13.3,1.07,3.0,9.6,8.5,PASS,Safe,Pass
C10477,ISRO-SCL-250303-09,Voltage Regulator IC,1,18.2,1.46,17.7,18.2,85.0,REJECT,Safe,Fail
C10478,ISRO-SCL-250310-10,Voltage Regulator IC,0,39.3,3.15,12.7,15.8,24.0,PASS,Borderline,Pass
C10479,ISRO-SCL-250512-19,Op-Amp IC,1,16.2,1.3,22.1,23.3,85.0,REJECT,Borderline,Fail
C10480,ISRO-SCL-250127-04,Op-Amp IC,1,15.8,1.26,17.5,5.7,85.0,REJECT,Safe,Fail
C10481,ISRO-SCL-250224-08,MOSFET,0,10.8,0.86,0.0,13.2,7.0,PASS,Safe,Pass
C10482,ISRO-SCL-250421-16,MOSFET,0,16.9,1.35,3.8,16.5,11.6,PASS,Safe,Pass
C10483,ISRO-SCL-250414-15,Digital Logic IC,0,39.4,3.16,58.3,31.4,45.4,MONITOR,Fail,Pass
C10484,ISRO-SCL-250512-19,Op-Amp IC,0,14.1,1.13,17.2,10.5,14.6,PASS,Safe,Pass
C10485,ISRO-SCL-250407-14,MOSFET,1,15.6,1.25,25.2,18.9,85.0,REJECT,Fail,Fail
C10486,ISRO-SCL-250203-05,Digital Logic IC,0,30.8,2.47,18.5,6.8,21.1,PASS,Safe,Pass
C10487,ISRO-SCL-250127-04,Op-Amp IC,1,17.9,1.43,15.4,4.5,85.0,REJECT,Safe,Fail
C10488,ISRO-SCL-250224-08,MOSFET,0,34.6,2.77,22.0,17.3,26.1,PASS,Borderline,Pass
C10489,ISRO-SCL-250331-13,Voltage Regulator IC,0,19.1,1.53,23.8,45.3,26.2,PASS,Fail,Pass
C10490,ISRO-SCL-250331-13,Voltage Regulator IC,0,18.1,1.45,10.1,13.3,13.9,PASS,Borderline,Pass
C10491,ISRO-SCL-250421-16,MOSFET,0,16.9,1.35,5.4,6.7,10.3,PASS,Safe,Pass
C10492,ISRO-SCL-250210-06,MOSFET,0,9.8,0.79,4.7,5.9,7.0,PASS,Safe,Pass
C10493,ISRO-SCL-250120-03,Op-Amp IC,1,12.2,0.97,13.2,6.5,85.0,REJECT,Safe,Fail
C10494,ISRO-SCL-250127-04,Op-Amp IC,1,14.8,1.19,20.2,5.7,85.0,REJECT,Safe,Fail
C10495,ISRO-SCL-250414-15,Digital Logic IC,0,17.9,1.43,29.8,4.1,19.9,PASS,Safe,Pass
C10496,ISRO-SCL-250331-13,Voltage Regulator IC,0,15.8,1.26,11.9,11.3,13.3,PASS,Safe,Pass
C10497,ISRO-SCL-250407-14,MOSFET,1,15.9,1.28,21.4,11.8,85.0,REJECT,Safe,Fail
C10498,ISRO-SCL-250519-20,Voltage Regulator IC,0,7.9,0.63,2.5,27.0,9.6,PASS,Safe,Pass
C10499,ISRO-SCL-250224-08,MOSFET,0,15.2,1.22,12.5,6.4,12.4,PASS,Safe,Pass
C10500,ISRO-SCL-250331-13,Voltage Regulator IC,0,14.5,1.16,4.4,17.5,11.0,PASS,Borderline,Pass
