Component_ID,Batch_ID,split
C501,ISRO-SCL-250217-07,test
C502,ISRO-SCL-250203-05,test
C503,ISRO-SCL-250421-16,val
C504,ISRO-SCL-250106-01,train
C505,ISRO-SCL-250224-08,train
C506,ISRO-SCL-250421-16,val
C507,ISRO-SCL-250224-08,train
C508,ISRO-SCL-250421-16,val
C509,ISRO-SCL-250113-02,train
C510,ISRO-SCL-250113-02,train
C511,ISRO-SCL-250113-02,train
C512,ISRO-SCL-250407-14,train
C513,ISRO-SCL-250217-07,test
C514,ISRO-SCL-250519-20,val
C515,ISRO-SCL-250407-14,train
C516,ISRO-SCL-250310-10,train
C517,ISRO-SCL-250127-04,test
C518,ISRO-SCL-250127-04,test
C519,ISRO-SCL-250120-03,val
C520,ISRO-SCL-250303-09,test
C521,ISRO-SCL-250127-04,test
C522,ISRO-SCL-250303-09,test
C523,ISRO-SCL-250120-03,val
C524,ISRO-SCL-250324-12,train
C525,ISRO-SCL-250331-13,train
C526,ISRO-SCL-250106-01,train
C527,ISRO-SCL-250113-02,train
C528,ISRO-SCL-250203-05,test
C529,ISRO-SCL-250106-01,train
C530,ISRO-SCL-250127-04,test
C531,ISRO-SCL-250303-09,test
C532,ISRO-SCL-250210-06,train
C533,ISRO-SCL-250317-11,train
C534,ISRO-SCL-250203-05,test
C535,ISRO-SCL-250127-04,test
C536,ISRO-SCL-250310-10,train
C537,ISRO-SCL-250421-16,val
C538,ISRO-SCL-250519-20,val
C539,ISRO-SCL-250331-13,train
C540,ISRO-SCL-250224-08,train
C541,ISRO-SCL-250303-09,test
C542,ISRO-SCL-250203-05,test
C543,ISRO-SCL-250203-05,test
C544,ISRO-SCL-250421-16,val
C545,ISRO-SCL-250203-05,test
C546,ISRO-SCL-250512-19,train
C547,ISRO-SCL-250407-14,train
C548,ISRO-SCL-250113-02,train
C549,ISRO-SCL-250217-07,test
C550,ISRO-SCL-250519-20,val
C551,ISRO-SCL-250113-02,train
C552,ISRO-SCL-250414-15,val
C553,ISRO-SCL-250127-04,test
C554,ISRO-SCL-250127-04,test
C555,ISRO-SCL-250407-14,train
C556,ISRO-SCL-250203-05,test
C557,ISRO-SCL-250224-08,train
C558,ISRO-SCL-250127-04,test
C559,ISRO-SCL-250331-13,train
C560,ISRO-SCL-250303-09,test
C561,ISRO-SCL-250519-20,val
C562,ISRO-SCL-250331-13,train
C563,ISRO-SCL-250106-01,train
C564,ISRO-SCL-250414-15,val
C565,ISRO-SCL-250414-15,val
C566,ISRO-SCL-250505-18,train
C567,ISRO-SCL-250414-15,val
C568,ISRO-SCL-250310-10,train
C569,ISRO-SCL-250217-07,test
C570,ISRO-SCL-250512-19,train
C571,ISRO-SCL-250505-18,train
C572,ISRO-SCL-250407-14,train
C573,ISRO-SCL-250113-02,train
C574,ISRO-SCL-250203-05,test
C575,ISRO-SCL-250203-05,test
C576,ISRO-SCL-250224-08,train
C577,ISRO-SCL-250120-03,val
C578,ISRO-SCL-250317-11,train
C579,ISRO-SCL-250120-03,val
C580,ISRO-SCL-250203-05,test
C581,ISRO-SCL-250421-16,val
C582,ISRO-SCL-250113-02,train
C583,ISRO-SCL-250120-03,val
C584,ISRO-SCL-250519-20,val
C585,ISRO-SCL-250310-10,train
C586,ISRO-SCL-250127-04,test
C587,ISRO-SCL-250217-07,test
C588,ISRO-SCL-250224-08,train
C589,ISRO-SCL-250310-10,train
C590,ISRO-SCL-250310-10,train
C591,ISRO-SCL-250224-08,train
C592,ISRO-SCL-250310-10,train
C593,ISRO-SCL-250203-05,test
C594,ISRO-SCL-250113-02,train
C595,ISRO-SCL-250106-01,train
C596,ISRO-SCL-250519-20,val
C597,ISRO-SCL-250203-05,test
C598,ISRO-SCL-250210-06,train
C599,ISRO-SCL-250210-06,train
C600,ISRO-SCL-250203-05,test
C601,ISRO-SCL-250203-05,test
C602,ISRO-SCL-250120-03,val
C603,ISRO-SCL-250217-07,test
C604,ISRO-SCL-250407-14,train
C605,ISRO-SCL-250127-04,test
C606,ISRO-SCL-250310-10,train
C607,ISRO-SCL-250421-16,val
C608,ISRO-SCL-250224-08,train
C609,ISRO-SCL-250407-14,train
C610,ISRO-SCL-250414-15,val
C611,ISRO-SCL-250217-07,test
C612,ISRO-SCL-250127-04,test
C613,ISRO-SCL-250407-14,train
C614,ISRO-SCL-250106-01,train
C615,ISRO-SCL-250127-04,test
C616,ISRO-SCL-250310-10,train
C617,ISRO-SCL-250127-04,test
C618,ISRO-SCL-250407-14,train
C619,ISRO-SCL-250407-14,train
C620,ISRO-SCL-250512-19,train
C621,ISRO-SCL-250113-02,train
C622,ISRO-SCL-250421-16,val
C623,ISRO-SCL-250421-16,val
C624,ISRO-SCL-250331-13,train
C625,ISRO-SCL-250421-16,val
C626,ISRO-SCL-250113-02,train
C627,ISRO-SCL-250113-02,train
C628,ISRO-SCL-250113-02,train
C629,ISRO-SCL-250203-05,test
C630,ISRO-SCL-250331-13,train
C631,ISRO-SCL-250414-15,val
C632,ISRO-SCL-250407-14,train
C633,ISRO-SCL-250113-02,train
C634,ISRO-SCL-250407-14,train
C635,ISRO-SCL-250217-07,test
C636,ISRO-SCL-250310-10,train
C637,ISRO-SCL-250224-08,train
C638,ISRO-SCL-250421-16,val
C639,ISRO-SCL-250113-02,train
C640,ISRO-SCL-250113-02,train
C641,ISRO-SCL-250421-16,val
C642,ISRO-SCL-250303-09,test
C643,ISRO-SCL-250210-06,train
C644,ISRO-SCL-250512-19,train
C645,ISRO-SCL-250127-04,test
C646,ISRO-SCL-250324-12,train
C647,ISRO-SCL-250113-02,train
C648,ISRO-SCL-250113-02,train
C649,ISRO-SCL-250113-02,train
C650,ISRO-SCL-250407-14,train
C651,ISRO-SCL-250217-07,test
C652,ISRO-SCL-250106-01,train
C653,ISRO-SCL-250303-09,test
C654,ISRO-SCL-250519-20,val
C655,ISRO-SCL-250120-03,val
C656,ISRO-SCL-250505-18,train
C657,ISRO-SCL-250407-14,train
C658,ISRO-SCL-250113-02,train
C659,ISRO-SCL-250414-15,val
C660,ISRO-SCL-250324-12,train
C661,ISRO-SCL-250203-05,test
C662,ISRO-SCL-250519-20,val
C663,ISRO-SCL-250203-05,test
C664,ISRO-SCL-250512-19,train
C665,ISRO-SCL-250210-06,train
C666,ISRO-SCL-250414-15,val
C667,ISRO-SCL-250407-14,train
C668,ISRO-SCL-250113-02,train
C669,ISRO-SCL-250421-16,val
C670,ISRO-SCL-250113-02,train
C671,ISRO-SCL-250224-08,train
C672,ISRO-SCL-250331-13,train
C673,ISRO-SCL-250505-18,train
C674,ISRO-SCL-250331-13,train
C675,ISRO-SCL-250127-04,test
C676,ISRO-SCL-250217-07,test
C677,ISRO-SCL-250120-03,val
C678,ISRO-SCL-250120-03,val
C679,ISRO-SCL-250324-12,train
C680,ISRO-SCL-250407-14,train
C681,ISRO-SCL-250113-02,train
C682,ISRO-SCL-250127-04,test
C683,ISRO-SCL-250217-07,test
C684,ISRO-SCL-250106-01,train
C685,ISRO-SCL-250428-17,train
C686,ISRO-SCL-250217-07,test
C687,ISRO-SCL-250407-14,train
C688,ISRO-SCL-250203-05,test
C689,ISRO-SCL-250505-18,train
C690,ISRO-SCL-250106-01,train
C691,ISRO-SCL-250421-16,val
C692,ISRO-SCL-250317-11,train
C693,ISRO-SCL-250203-05,test
C694,ISRO-SCL-250505-18,train
C695,ISRO-SCL-250120-03,val
C696,ISRO-SCL-250414-15,val
C697,ISRO-SCL-250120-03,val
C698,ISRO-SCL-250310-10,train
C699,ISRO-SCL-250324-12,train
C700,ISRO-SCL-250324-12,train
C701,ISRO-SCL-250217-07,test
C702,ISRO-SCL-250210-06,train
C703,ISRO-SCL-250414-15,val
C704,ISRO-SCL-250224-08,train
C705,ISRO-SCL-250127-04,test
C706,ISRO-SCL-250505-18,train
C707,ISRO-SCL-250203-05,test
C708,ISRO-SCL-250421-16,val
C709,ISRO-SCL-250127-04,test
C710,ISRO-SCL-250310-10,train
C711,ISRO-SCL-250210-06,train
C712,ISRO-SCL-250127-04,test
C713,ISRO-SCL-250120-03,val
C714,ISRO-SCL-250407-14,train
C715,ISRO-SCL-250407-14,train
C716,ISRO-SCL-250303-09,test
C717,ISRO-SCL-250210-06,train
C718,ISRO-SCL-250224-08,train
C719,ISRO-SCL-250203-05,test
C720,ISRO-SCL-250303-09,test
C721,ISRO-SCL-250217-07,test
C722,ISRO-SCL-250303-09,test
C723,ISRO-SCL-250331-13,train
C724,ISRO-SCL-250120-03,val
C725,ISRO-SCL-250310-10,train
C726,ISRO-SCL-250331-13,train
C727,ISRO-SCL-250310-10,train
C728,ISRO-SCL-250421-16,val
C729,ISRO-SCL-250224-08,train
C730,ISRO-SCL-250421-16,val
C731,ISRO-SCL-250421-16,val
C732,ISRO-SCL-250210-06,train
C733,ISRO-SCL-250127-04,test
C734,ISRO-SCL-250217-07,test
C735,ISRO-SCL-250203-05,test
C736,ISRO-SCL-250414-15,val
C737,ISRO-SCL-250407-14,train
C738,ISRO-SCL-250217-07,test
C739,ISRO-SCL-250210-06,train
C740,ISRO-SCL-250120-03,val
C741,ISRO-SCL-250210-06,train
C742,ISRO-SCL-250203-05,test
C743,ISRO-SCL-250106-01,train
C744,ISRO-SCL-250317-11,train
C745,ISRO-SCL-250428-17,train
C746,ISRO-SCL-250127-04,test
C747,ISRO-SCL-250120-03,val
C748,ISRO-SCL-250106-01,train
C749,ISRO-SCL-250421-16,val
C750,ISRO-SCL-250421-16,val
C751,ISRO-SCL-250324-12,train
C752,ISRO-SCL-250224-08,train
C753,ISRO-SCL-250407-14,train
C754,ISRO-SCL-250217-07,test
C755,ISRO-SCL-250512-19,train
C756,ISRO-SCL-250519-20,val
C757,ISRO-SCL-250210-06,train
C758,ISRO-SCL-250310-10,train
C759,ISRO-SCL-250519-20,val
C760,ISRO-SCL-250310-10,train
C761,ISRO-SCL-250310-10,train
C762,ISRO-SCL-250512-19,train
C763,ISRO-SCL-250224-08,train
C764,ISRO-SCL-250203-05,test
C765,ISRO-SCL-250113-02,train
C766,ISRO-SCL-250310-10,train
C767,ISRO-SCL-250310-10,train
C768,ISRO-SCL-250203-05,test
C769,ISRO-SCL-250113-02,train
C770,ISRO-SCL-250414-15,val
C771,ISRO-SCL-250407-14,train
C772,ISRO-SCL-250324-12,train
C773,ISRO-SCL-250127-04,test
C774,ISRO-SCL-250113-02,train
C775,ISRO-SCL-250324-12,train
C776,ISRO-SCL-250210-06,train
C777,ISRO-SCL-250217-07,test
C778,ISRO-SCL-250407-14,train
C779,ISRO-SCL-250331-13,train
C780,ISRO-SCL-250324-12,train
C781,ISRO-SCL-250414-15,val
C782,ISRO-SCL-250331-13,train
C783,ISRO-SCL-250127-04,test
C784,ISRO-SCL-250331-13,train
C785,ISRO-SCL-250407-14,train
C786,ISRO-SCL-250303-09,test
C787,ISRO-SCL-250224-08,train
C788,ISRO-SCL-250414-15,val
C789,ISRO-SCL-250428-17,train
C790,ISRO-SCL-250428-17,train
C791,ISRO-SCL-250414-15,val
C792,ISRO-SCL-250505-18,train
C793,ISRO-SCL-250407-14,train
C794,ISRO-SCL-250310-10,train
C795,ISRO-SCL-250203-05,test
C796,ISRO-SCL-250203-05,test
C797,ISRO-SCL-250210-06,train
C798,ISRO-SCL-250224-08,train
C799,ISRO-SCL-250113-02,train
C800,ISRO-SCL-250210-06,train
C801,ISRO-SCL-250310-10,train
C802,ISRO-SCL-250217-07,test
C803,ISRO-SCL-250120-03,val
C804,ISRO-SCL-250421-16,val
C805,ISRO-SCL-250113-02,train
C806,ISRO-SCL-250127-04,test
C807,ISRO-SCL-250414-15,val
C808,ISRO-SCL-250414-15,val
C809,ISRO-SCL-250127-04,test
C810,ISRO-SCL-250310-10,train
C811,ISRO-SCL-250113-02,train
C812,ISRO-SCL-250106-01,train
C813,ISRO-SCL-250310-10,train
C814,ISRO-SCL-250331-13,train
C815,ISRO-SCL-250505-18,train
C816,ISRO-SCL-250113-02,train
C817,ISRO-SCL-250210-06,train
C818,ISRO-SCL-250414-15,val
C819,ISRO-SCL-250407-14,train
C820,ISRO-SCL-250106-01,train
C821,ISRO-SCL-250310-10,train
C822,ISRO-SCL-250210-06,train
C823,ISRO-SCL-250421-16,val
C824,ISRO-SCL-250113-02,train
C825,ISRO-SCL-250331-13,train
C826,ISRO-SCL-250210-06,train
C827,ISRO-SCL-250224-08,train
C828,ISRO-SCL-250127-04,test
C829,ISRO-SCL-250217-07,test
C830,ISRO-SCL-250317-11,train
C831,ISRO-SCL-250428-17,train
C832,ISRO-SCL-250519-20,val
C833,ISRO-SCL-250519-20,val
C834,ISRO-SCL-250324-12,train
C835,ISRO-SCL-250203-05,test
C836,ISRO-SCL-250310-10,train
C837,ISRO-SCL-250203-05,test
C838,ISRO-SCL-250414-15,val
C839,ISRO-SCL-250414-15,val
C840,ISRO-SCL-250210-06,train
C841,ISRO-SCL-250505-18,train
C842,ISRO-SCL-250217-07,test
C843,ISRO-SCL-250224-08,train
C844,ISRO-SCL-250421-16,val
C845,ISRO-SCL-250421-16,val
C846,ISRO-SCL-250414-15,val
C847,ISRO-SCL-250217-07,test
C848,ISRO-SCL-250505-18,train
C849,ISRO-SCL-250317-11,train
C850,ISRO-SCL-250331-13,train
C851,ISRO-SCL-250120-03,val
C852,ISRO-SCL-250414-15,val
C853,ISRO-SCL-250303-09,test
C854,ISRO-SCL-250421-16,val
C855,ISRO-SCL-250310-10,train
C856,ISRO-SCL-250505-18,train
C857,ISRO-SCL-250505-18,train
C858,ISRO-SCL-250512-19,train
C859,ISRO-SCL-250113-02,train
C860,ISRO-SCL-250203-05,test
C861,ISRO-SCL-250414-15,val
C862,ISRO-SCL-250505-18,train
C863,ISRO-SCL-250324-12,train
C864,ISRO-SCL-250407-14,train
C865,ISRO-SCL-250303-09,test
C866,ISRO-SCL-250217-07,test
C867,ISRO-SCL-250519-20,val
C868,ISRO-SCL-250203-05,test
C869,ISRO-SCL-250106-01,train
C870,ISRO-SCL-250421-16,val
C871,ISRO-SCL-250303-09,test
C872,ISRO-SCL-250203-05,test
C873,ISRO-SCL-250421-16,val
C874,ISRO-SCL-250127-04,test
C875,ISRO-SCL-250331-13,train
C876,ISRO-SCL-250203-05,test
C877,ISRO-SCL-250331-13,train
C878,ISRO-SCL-250310-10,train
C879,ISRO-SCL-250512-19,train
C880,ISRO-SCL-250203-05,test
C881,ISRO-SCL-250414-15,val
C882,ISRO-SCL-250310-10,train
C883,ISRO-SCL-250217-07,test
C884,ISRO-SCL-250217-07,test
C885,ISRO-SCL-250113-02,train
C886,ISRO-SCL-250407-14,train
C887,ISRO-SCL-250203-05,test
C888,ISRO-SCL-250407-14,train
C889,ISRO-SCL-250217-07,test
C890,ISRO-SCL-250217-07,test
C891,ISRO-SCL-250324-12,train
C892,ISRO-SCL-250210-06,train
C893,ISRO-SCL-250224-08,train
C894,ISRO-SCL-250210-06,train
C895,ISRO-SCL-250120-03,val
C896,ISRO-SCL-250505-18,train
C897,ISRO-SCL-250127-04,test
C898,ISRO-SCL-250224-08,train
C899,ISRO-SCL-250303-09,test
C900,ISRO-SCL-250512-19,train
C901,ISRO-SCL-250407-14,train
C902,ISRO-SCL-250324-12,train
C903,ISRO-SCL-250224-08,train
C904,ISRO-SCL-250428-17,train
C905,ISRO-SCL-250310-10,train
C906,ISRO-SCL-250120-03,val
C907,ISRO-SCL-250310-10,train
C908,ISRO-SCL-250421-16,val
C909,ISRO-SCL-250407-14,train
C910,ISRO-SCL-250512-19,train
C911,ISRO-SCL-250519-20,val
C912,ISRO-SCL-250106-01,train
C913,ISRO-SCL-250113-02,train
C914,ISRO-SCL-250210-06,train
C915,ISRO-SCL-250519-20,val
C916,ISRO-SCL-250120-03,val
C917,ISRO-SCL-250519-20,val
C918,ISRO-SCL-250310-10,train
C919,ISRO-SCL-250421-16,val
C920,ISRO-SCL-250310-10,train
C921,ISRO-SCL-250303-09,test
C922,ISRO-SCL-250203-05,test
C923,ISRO-SCL-250210-06,train
C924,ISRO-SCL-250407-14,train
C925,ISRO-SCL-250428-17,train
C926,ISRO-SCL-250303-09,test
C927,ISRO-SCL-250106-01,train
C928,ISRO-SCL-250203-05,test
C929,ISRO-SCL-250407-14,train
C930,ISRO-SCL-250120-03,val
C931,ISRO-SCL-250407-14,train
C932,ISRO-SCL-250203-05,test
C933,ISRO-SCL-250421-16,val
C934,ISRO-SCL-250113-02,train
C935,ISRO-SCL-250106-01,train
C936,ISRO-SCL-250407-14,train
C937,ISRO-SCL-250407-14,train
C938,ISRO-SCL-250217-07,test
C939,ISRO-SCL-250203-05,test
C940,ISRO-SCL-250203-05,test
C941,ISRO-SCL-250127-04,test
C942,ISRO-SCL-250120-03,val
C943,ISRO-SCL-250512-19,train
C944,ISRO-SCL-250407-14,train
C945,ISRO-SCL-250421-16,val
C946,ISRO-SCL-250203-05,test
C947,ISRO-SCL-250224-08,train
C948,ISRO-SCL-250113-02,train
C949,ISRO-SCL-250203-05,test
C950,ISRO-SCL-250120-03,val
C951,ISRO-SCL-250106-01,train
C952,ISRO-SCL-250127-04,test
C953,ISRO-SCL-250203-05,test
C954,ISRO-SCL-250127-04,test
C955,ISRO-SCL-250113-02,train
C956,ISRO-SCL-250217-07,test
C957,ISRO-SCL-250317-11,train
C958,ISRO-SCL-250512-19,train
C959,ISRO-SCL-250428-17,train
C960,ISRO-SCL-250310-10,train
C961,ISRO-SCL-250203-05,test
C962,ISRO-SCL-250407-14,train
C963,ISRO-SCL-250414-15,val
C964,ISRO-SCL-250512-19,train
C965,ISRO-SCL-250324-12,train
C966,ISRO-SCL-250224-08,train
C967,ISRO-SCL-250217-07,test
C968,ISRO-SCL-250331-13,train
C969,ISRO-SCL-250203-05,test
C970,ISRO-SCL-250203-05,test
C971,ISRO-SCL-250113-02,train
C972,ISRO-SCL-250113-02,train
C973,ISRO-SCL-250407-14,train
C974,ISRO-SCL-250414-15,val
C975,ISRO-SCL-250324-12,train
C976,ISRO-SCL-250317-11,train
C977,ISRO-SCL-250203-05,test
C978,ISRO-SCL-250414-15,val
C979,ISRO-SCL-250120-03,val
C980,ISRO-SCL-250407-14,train
C981,ISRO-SCL-250414-15,val
C982,ISRO-SCL-250210-06,train
C983,ISRO-SCL-250113-02,train
C984,ISRO-SCL-250203-05,test
C985,ISRO-SCL-250217-07,test
C986,ISRO-SCL-250505-18,train
C987,ISRO-SCL-250203-05,test
C988,ISRO-SCL-250324-12,train
C989,ISRO-SCL-250203-05,test
C990,ISRO-SCL-250414-15,val
C991,ISRO-SCL-250210-06,train
C992,ISRO-SCL-250407-14,train
C993,ISRO-SCL-250331-13,train
C994,ISRO-SCL-250414-15,val
C995,ISRO-SCL-250324-12,train
C996,ISRO-SCL-250331-13,train
C997,ISRO-SCL-250407-14,train
C998,ISRO-SCL-250421-16,val
C999,ISRO-SCL-250310-10,train
C1000,ISRO-SCL-250407-14,train
C1001,ISRO-SCL-250414-15,val
C1002,ISRO-SCL-250519-20,val
C1003,ISRO-SCL-250127-04,test
C1004,ISRO-SCL-250127-04,test
C1005,ISRO-SCL-250407-14,train
C1006,ISRO-SCL-250421-16,val
C1007,ISRO-SCL-250512-19,train
C1008,ISRO-SCL-250113-02,train
C1009,ISRO-SCL-250519-20,val
C1010,ISRO-SCL-250310-10,train
C1011,ISRO-SCL-250512-19,train
C1012,ISRO-SCL-250106-01,train
C1013,ISRO-SCL-250203-05,test
C1014,ISRO-SCL-250331-13,train
C1015,ISRO-SCL-250505-18,train
C1016,ISRO-SCL-250512-19,train
C1017,ISRO-SCL-250203-05,test
C1018,ISRO-SCL-250217-07,test
C1019,ISRO-SCL-250324-12,train
C1020,ISRO-SCL-250217-07,test
C1021,ISRO-SCL-250317-11,train
C1022,ISRO-SCL-250113-02,train
C1023,ISRO-SCL-250407-14,train
C1024,ISRO-SCL-250310-10,train
C1025,ISRO-SCL-250310-10,train
C1026,ISRO-SCL-250127-04,test
C1027,ISRO-SCL-250414-15,val
C1028,ISRO-SCL-250106-01,train
C1029,ISRO-SCL-250407-14,train
C1030,ISRO-SCL-250414-15,val
C1031,ISRO-SCL-250127-04,test
C1032,ISRO-SCL-250331-13,train
C1033,ISRO-SCL-250203-05,test
C1034,ISRO-SCL-250331-13,train
C1035,ISRO-SCL-250224-08,train
C1036,ISRO-SCL-250113-02,train
C1037,ISRO-SCL-250310-10,train
C1038,ISRO-SCL-250310-10,train
C1039,ISRO-SCL-250428-17,train
C1040,ISRO-SCL-250512-19,train
C1041,ISRO-SCL-250120-03,val
C1042,ISRO-SCL-250317-11,train
C1043,ISRO-SCL-250120-03,val
C1044,ISRO-SCL-250512-19,train
C1045,ISRO-SCL-250512-19,train
C1046,ISRO-SCL-250113-02,train
C1047,ISRO-SCL-250421-16,val
C1048,ISRO-SCL-250407-14,train
C1049,ISRO-SCL-250407-14,train
C1050,ISRO-SCL-250414-15,val
C1051,ISRO-SCL-250421-16,val
C1052,ISRO-SCL-250203-05,test
C1053,ISRO-SCL-250217-07,test
C1054,ISRO-SCL-250224-08,train
C1055,ISRO-SCL-250414-15,val
C1056,ISRO-SCL-250303-09,test
C1057,ISRO-SCL-250127-04,test
C1058,ISRO-SCL-250106-01,train
C1059,ISRO-SCL-250224-08,train
C1060,ISRO-SCL-250324-12,train
C1061,ISRO-SCL-250224-08,train
C1062,ISRO-SCL-250310-10,train
C1063,ISRO-SCL-250113-02,train
C1064,ISRO-SCL-250203-05,test
C1065,ISRO-SCL-250210-06,train
C1066,ISRO-SCL-250310-10,train
C1067,ISRO-SCL-250421-16,val
C1068,ISRO-SCL-250310-10,train
C1069,ISRO-SCL-250224-08,train
C1070,ISRO-SCL-250421-16,val
C1071,ISRO-SCL-250414-15,val
C1072,ISRO-SCL-250224-08,train
C1073,ISRO-SCL-250331-13,train
C1074,ISRO-SCL-250127-04,test
C1075,ISRO-SCL-250120-03,val
C1076,ISRO-SCL-250512-19,train
C1077,ISRO-SCL-250512-19,train
C1078,ISRO-SCL-250113-02,train
C1079,ISRO-SCL-250317-11,train
C1080,ISRO-SCL-250203-05,test
C1081,ISRO-SCL-250421-16,val
C1082,ISRO-SCL-250331-13,train
C1083,ISRO-SCL-250217-07,test
C1084,ISRO-SCL-250303-09,test
C1085,ISRO-SCL-250120-03,val
C1086,ISRO-SCL-250407-14,train
C1087,ISRO-SCL-250414-15,val
C1088,ISRO-SCL-250113-02,train
C1089,ISRO-SCL-250106-01,train
C1090,ISRO-SCL-250127-04,test
C1091,ISRO-SCL-250428-17,train
C1092,ISRO-SCL-250407-14,train
C1093,ISRO-SCL-250421-16,val
C1094,ISRO-SCL-250407-14,train
C1095,ISRO-SCL-250210-06,train
C1096,ISRO-SCL-250331-13,train
C1097,ISRO-SCL-250407-14,train
C1098,ISRO-SCL-250217-07,test
C1099,ISRO-SCL-250224-08,train
C1100,ISRO-SCL-250519-20,val
C1101,ISRO-SCL-250414-15,val
C1102,ISRO-SCL-250224-08,train
C1103,ISRO-SCL-250120-03,val
C1104,ISRO-SCL-250407-14,train
C1105,ISRO-SCL-250217-07,test
C1106,ISRO-SCL-250421-16,val
C1107,ISRO-SCL-250310-10,train
C1108,ISRO-SCL-250331-13,train
C1109,ISRO-SCL-250217-07,test
C1110,ISRO-SCL-250512-19,train
C1111,ISRO-SCL-250324-12,train
C1112,ISRO-SCL-250428-17,train
C1113,ISRO-SCL-250512-19,train
C1114,ISRO-SCL-250210-06,train
C1115,ISRO-SCL-250519-20,val
C1116,ISRO-SCL-250407-14,train
C1117,ISRO-SCL-250106-01,train
C1118,ISRO-SCL-250407-14,train
C1119,ISRO-SCL-250113-02,train
C1120,ISRO-SCL-250324-12,train
C1121,ISRO-SCL-250310-10,train
C1122,ISRO-SCL-250505-18,train
C1123,ISRO-SCL-250224-08,train
C1124,ISRO-SCL-250310-10,train
C1125,ISRO-SCL-250407-14,train
C1126,ISRO-SCL-250407-14,train
C1127,ISRO-SCL-250106-01,train
C1128,ISRO-SCL-250428-17,train
C1129,ISRO-SCL-250106-01,train
C1130,ISRO-SCL-250407-14,train
C1131,ISRO-SCL-250127-04,test
C1132,ISRO-SCL-250519-20,val
C1133,ISRO-SCL-250428-17,train
C1134,ISRO-SCL-250414-15,val
C1135,ISRO-SCL-250217-07,test
C1136,ISRO-SCL-250414-15,val
C1137,ISRO-SCL-250210-06,train
C1138,ISRO-SCL-250224-08,train
C1139,ISRO-SCL-250113-02,train
C1140,ISRO-SCL-250310-10,train
C1141,ISRO-SCL-250331-13,train
C1142,ISRO-SCL-250505-18,train
C1143,ISRO-SCL-250428-17,train
C1144,ISRO-SCL-250217-07,test
C1145,ISRO-SCL-250127-04,test
C1146,ISRO-SCL-250113-02,train
C1147,ISRO-SCL-250407-14,train
C1148,ISRO-SCL-250120-03,val
C1149,ISRO-SCL-250106-01,train
C1150,ISRO-SCL-250127-04,test
C1151,ISRO-SCL-250127-04,test
C1152,ISRO-SCL-250317-11,train
C1153,ISRO-SCL-250303-09,test
C1154,ISRO-SCL-250203-05,test
C1155,ISRO-SCL-250203-05,test
C1156,ISRO-SCL-250210-06,train
C1157,ISRO-SCL-250310-10,train
C1158,ISRO-SCL-250120-03,val
C1159,ISRO-SCL-250217-07,test
C1160,ISRO-SCL-250414-15,val
C1161,ISRO-SCL-250203-05,test
C1162,ISRO-SCL-250106-01,train
C1163,ISRO-SCL-250505-18,train
C1164,ISRO-SCL-250317-11,train
C1165,ISRO-SCL-250106-01,train
C1166,ISRO-SCL-250505-18,train
C1167,ISRO-SCL-250120-03,val
C1168,ISRO-SCL-250428-17,train
C1169,ISRO-SCL-250414-15,val
C1170,ISRO-SCL-250512-19,train
C1171,ISRO-SCL-250303-09,test
C1172,ISRO-SCL-250505-18,train
C1173,ISRO-SCL-250324-12,train
C1174,ISRO-SCL-250407-14,train
C1175,ISRO-SCL-250120-03,val
C1176,ISRO-SCL-250217-07,test
C1177,ISRO-SCL-250113-02,train
C1178,ISRO-SCL-250310-10,train
C1179,ISRO-SCL-250414-15,val
C1180,ISRO-SCL-250317-11,train
C1181,ISRO-SCL-250324-12,train
C1182,ISRO-SCL-250127-04,test
C1183,ISRO-SCL-250310-10,train
C1184,ISRO-SCL-250519-20,val
C1185,ISRO-SCL-250113-02,train
C1186,ISRO-SCL-250512-19,train
C1187,ISRO-SCL-250127-04,test
C1188,ISRO-SCL-250414-15,val
C1189,ISRO-SCL-250224-08,train
C1190,ISRO-SCL-250203-05,test
C1191,ISRO-SCL-250203-05,test
C1192,ISRO-SCL-250407-14,train
C1193,ISRO-SCL-250217-07,test
C1194,ISRO-SCL-250217-07,test
C1195,ISRO-SCL-250217-07,test
C1196,ISRO-SCL-250203-05,test
C1197,ISRO-SCL-250310-10,train
C1198,ISRO-SCL-250210-06,train
C1199,ISRO-SCL-250203-05,test
C1200,ISRO-SCL-250407-14,train
C1201,ISRO-SCL-250210-06,train
C1202,ISRO-SCL-250317-11,train
C1203,ISRO-SCL-250224-08,train
C1204,ISRO-SCL-250113-02,train
C1205,ISRO-SCL-250120-03,val
C1206,ISRO-SCL-250331-13,train
C1207,ISRO-SCL-250210-06,train
C1208,ISRO-SCL-250407-14,train
C1209,ISRO-SCL-250210-06,train
C1210,ISRO-SCL-250106-01,train
C1211,ISRO-SCL-250324-12,train
C1212,ISRO-SCL-250421-16,val
C1213,ISRO-SCL-250421-16,val
C1214,ISRO-SCL-250127-04,test
C1215,ISRO-SCL-250310-10,train
C1216,ISRO-SCL-250203-05,test
C1217,ISRO-SCL-250505-18,train
C1218,ISRO-SCL-250303-09,test
C1219,ISRO-SCL-250113-02,train
C1220,ISRO-SCL-250203-05,test
C1221,ISRO-SCL-250210-06,train
C1222,ISRO-SCL-250505-18,train
C1223,ISRO-SCL-250127-04,test
C1224,ISRO-SCL-250127-04,test
C1225,ISRO-SCL-250203-05,test
C1226,ISRO-SCL-250217-07,test
C1227,ISRO-SCL-250512-19,train
C1228,ISRO-SCL-250224-08,train
C1229,ISRO-SCL-250407-14,train
C1230,ISRO-SCL-250512-19,train
C1231,ISRO-SCL-250303-09,test
C1232,ISRO-SCL-250519-20,val
C1233,ISRO-SCL-250310-10,train
C1234,ISRO-SCL-250414-15,val
C1235,ISRO-SCL-250106-01,train
C1236,ISRO-SCL-250127-04,test
C1237,ISRO-SCL-250414-15,val
C1238,ISRO-SCL-250331-13,train
C1239,ISRO-SCL-250421-16,val
C1240,ISRO-SCL-250414-15,val
C1241,ISRO-SCL-250120-03,val
C1242,ISRO-SCL-250217-07,test
C1243,ISRO-SCL-250519-20,val
C1244,ISRO-SCL-250505-18,train
C1245,ISRO-SCL-250203-05,test
C1246,ISRO-SCL-250217-07,test
C1247,ISRO-SCL-250407-14,train
C1248,ISRO-SCL-250310-10,train
C1249,ISRO-SCL-250310-10,train
C1250,ISRO-SCL-250331-13,train
C1251,ISRO-SCL-250505-18,train
C1252,ISRO-SCL-250106-01,train
C1253,ISRO-SCL-250324-12,train
C1254,ISRO-SCL-250106-01,train
C1255,ISRO-SCL-250324-12,train
C1256,ISRO-SCL-250127-04,test
C1257,ISRO-SCL-250331-13,train
C1258,ISRO-SCL-250324-12,train
C1259,ISRO-SCL-250414-15,val
C1260,ISRO-SCL-250224-08,train
C1261,ISRO-SCL-250407-14,train
C1262,ISRO-SCL-250421-16,val
C1263,ISRO-SCL-250414-15,val
C1264,ISRO-SCL-250421-16,val
C1265,ISRO-SCL-250331-13,train
C1266,ISRO-SCL-250217-07,test
C1267,ISRO-SCL-250512-19,train
C1268,ISRO-SCL-250106-01,train
C1269,ISRO-SCL-250210-06,train
C1270,ISRO-SCL-250414-15,val
C1271,ISRO-SCL-250414-15,val
C1272,ISRO-SCL-250331-13,train
C1273,ISRO-SCL-250331-13,train
C1274,ISRO-SCL-250414-15,val
C1275,ISRO-SCL-250224-08,train
C1276,ISRO-SCL-250113-02,train
C1277,ISRO-SCL-250310-10,train
C1278,ISRO-SCL-250428-17,train
C1279,ISRO-SCL-250303-09,test
C1280,ISRO-SCL-250113-02,train
C1281,ISRO-SCL-250127-04,test
C1282,ISRO-SCL-250505-18,train
C1283,ISRO-SCL-250210-06,train
C1284,ISRO-SCL-250113-02,train
C1285,ISRO-SCL-250210-06,train
C1286,ISRO-SCL-250421-16,val
C1287,ISRO-SCL-250331-13,train
C1288,ISRO-SCL-250331-13,train
C1289,ISRO-SCL-250120-03,val
C1290,ISRO-SCL-250310-10,train
C1291,ISRO-SCL-250310-10,train
C1292,ISRO-SCL-250127-04,test
C1293,ISRO-SCL-250331-13,train
C1294,ISRO-SCL-250127-04,test
C1295,ISRO-SCL-250113-02,train
C1296,ISRO-SCL-250407-14,train
C1297,ISRO-SCL-250127-04,test
C1298,ISRO-SCL-250127-04,test
C1299,ISRO-SCL-250127-04,test
C1300,ISRO-SCL-250414-15,val
C1301,ISRO-SCL-250203-05,test
C1302,ISRO-SCL-250331-13,train
C1303,ISRO-SCL-250113-02,train
C1304,ISRO-SCL-250519-20,val
C1305,ISRO-SCL-250505-18,train
C1306,ISRO-SCL-250224-08,train
C1307,ISRO-SCL-250407-14,train
C1308,ISRO-SCL-250106-01,train
C1309,ISRO-SCL-250421-16,val
C1310,ISRO-SCL-250120-03,val
C1311,ISRO-SCL-250113-02,train
C1312,ISRO-SCL-250106-01,train
C1313,ISRO-SCL-250505-18,train
C1314,ISRO-SCL-250421-16,val
C1315,ISRO-SCL-250113-02,train
C1316,ISRO-SCL-250331-13,train
C1317,ISRO-SCL-250106-01,train
C1318,ISRO-SCL-250120-03,val
C1319,ISRO-SCL-250113-02,train
C1320,ISRO-SCL-250505-18,train
C1321,ISRO-SCL-250414-15,val
C1322,ISRO-SCL-250224-08,train
C1323,ISRO-SCL-250407-14,train
C1324,ISRO-SCL-250203-05,test
C1325,ISRO-SCL-250217-07,test
C1326,ISRO-SCL-250331-13,train
C1327,ISRO-SCL-250203-05,test
C1328,ISRO-SCL-250217-07,test
C1329,ISRO-SCL-250113-02,train
C1330,ISRO-SCL-250217-07,test
C1331,ISRO-SCL-250203-05,test
C1332,ISRO-SCL-250113-02,train
C1333,ISRO-SCL-250407-14,train
C1334,ISRO-SCL-250120-03,val
C1335,ISRO-SCL-250407-14,train
C1336,ISRO-SCL-250331-13,train
C1337,ISRO-SCL-250203-05,test
C1338,ISRO-SCL-250217-07,test
C1339,ISRO-SCL-250303-09,test
C1340,ISRO-SCL-250120-03,val
C1341,ISRO-SCL-250127-04,test
C1342,ISRO-SCL-250113-02,train
C1343,ISRO-SCL-250317-11,train
C1344,ISRO-SCL-250414-15,val
C1345,ISRO-SCL-250224-08,train
C1346,ISRO-SCL-250210-06,train
C1347,ISRO-SCL-250324-12,train
C1348,ISRO-SCL-250324-12,train
C1349,ISRO-SCL-250512-19,train
C1350,ISRO-SCL-250217-07,test
C1351,ISRO-SCL-250310-10,train
C1352,ISRO-SCL-250120-03,val
C1353,ISRO-SCL-250113-02,train
C1354,ISRO-SCL-250113-02,train
C1355,ISRO-SCL-250310-10,train
C1356,ISRO-SCL-250310-10,train
C1357,ISRO-SCL-250428-17,train
C1358,ISRO-SCL-250310-10,train
C1359,ISRO-SCL-250331-13,train
C1360,ISRO-SCL-250303-09,test
C1361,ISRO-SCL-250203-05,test
C1362,ISRO-SCL-250414-15,val
C1363,ISRO-SCL-250331-13,train
C1364,ISRO-SCL-250203-05,test
C1365,ISRO-SCL-250113-02,train
C1366,ISRO-SCL-250331-13,train
C1367,ISRO-SCL-250217-07,test
C1368,ISRO-SCL-250421-16,val
C1369,ISRO-SCL-250505-18,train
C1370,ISRO-SCL-250407-14,train
C1371,ISRO-SCL-250113-02,train
C1372,ISRO-SCL-250317-11,train
C1373,ISRO-SCL-250310-10,train
C1374,ISRO-SCL-250331-13,train
C1375,ISRO-SCL-250407-14,train
C1376,ISRO-SCL-250113-02,train
C1377,ISRO-SCL-250113-02,train
C1378,ISRO-SCL-250317-11,train
C1379,ISRO-SCL-250414-15,val
C1380,ISRO-SCL-250120-03,val
C1381,ISRO-SCL-250106-01,train
C1382,ISRO-SCL-250512-19,train
C1383,ISRO-SCL-250217-07,test
C1384,ISRO-SCL-250317-11,train
C1385,ISRO-SCL-250210-06,train
C1386,ISRO-SCL-250113-02,train
C1387,ISRO-SCL-250113-02,train
C1388,ISRO-SCL-250505-18,train
C1389,ISRO-SCL-250120-03,val
C1390,ISRO-SCL-250310-10,train
C1391,ISRO-SCL-250217-07,test
C1392,ISRO-SCL-250512-19,train
C1393,ISRO-SCL-250414-15,val
C1394,ISRO-SCL-250113-02,train
C1395,ISRO-SCL-250310-10,train
C1396,ISRO-SCL-250421-16,val
C1397,ISRO-SCL-250414-15,val
C1398,ISRO-SCL-250414-15,val
C1399,ISRO-SCL-250217-07,test
C1400,ISRO-SCL-250106-01,train
C1401,ISRO-SCL-250224-08,train
C1402,ISRO-SCL-250217-07,test
C1403,ISRO-SCL-250113-02,train
C1404,ISRO-SCL-250324-12,train
C1405,ISRO-SCL-250331-13,train
C1406,ISRO-SCL-250421-16,val
C1407,ISRO-SCL-250203-05,test
C1408,ISRO-SCL-250120-03,val
C1409,ISRO-SCL-250317-11,train
C1410,ISRO-SCL-250421-16,val
C1411,ISRO-SCL-250324-12,train
C1412,ISRO-SCL-250428-17,train
C1413,ISRO-SCL-250407-14,train
C1414,ISRO-SCL-250203-05,test
C1415,ISRO-SCL-250414-15,val
C1416,ISRO-SCL-250303-09,test
C1417,ISRO-SCL-250310-10,train
C1418,ISRO-SCL-250113-02,train
C1419,ISRO-SCL-250113-02,train
C1420,ISRO-SCL-250407-14,train
C1421,ISRO-SCL-250414-15,val
C1422,ISRO-SCL-250310-10,train
C1423,ISRO-SCL-250512-19,train
C1424,ISRO-SCL-250217-07,test
C1425,ISRO-SCL-250505-18,train
C1426,ISRO-SCL-250120-03,val
C1427,ISRO-SCL-250106-01,train
C1428,ISRO-SCL-250414-15,val
C1429,ISRO-SCL-250414-15,val
C1430,ISRO-SCL-250113-02,train
C1431,ISRO-SCL-250428-17,train
C1432,ISRO-SCL-250407-14,train
C1433,ISRO-SCL-250106-01,train
C1434,ISRO-SCL-250310-10,train
C1435,ISRO-SCL-250512-19,train
C1436,ISRO-SCL-250407-14,train
C1437,ISRO-SCL-250113-02,train
C1438,ISRO-SCL-250407-14,train
C1439,ISRO-SCL-250407-14,train
C1440,ISRO-SCL-250407-14,train
C1441,ISRO-SCL-250217-07,test
C1442,ISRO-SCL-250421-16,val
C1443,ISRO-SCL-250421-16,val
C1444,ISRO-SCL-250512-19,train
C1445,ISRO-SCL-250331-13,train
C1446,ISRO-SCL-250120-03,val
C1447,ISRO-SCL-250203-05,test
C1448,ISRO-SCL-250113-02,train
C1449,ISRO-SCL-250310-10,train
C1450,ISRO-SCL-250505-18,train
C1451,ISRO-SCL-250421-16,val
C1452,ISRO-SCL-250505-18,train
C1453,ISRO-SCL-250127-04,test
C1454,ISRO-SCL-250210-06,train
C1455,ISRO-SCL-250106-01,train
C1456,ISRO-SCL-250217-07,test
C1457,ISRO-SCL-250505-18,train
C1458,ISRO-SCL-250414-15,val
C1459,ISRO-SCL-250505-18,train
C1460,ISRO-SCL-250113-02,train
C1461,ISRO-SCL-250317-11,train
C1462,ISRO-SCL-250217-07,test
C1463,ISRO-SCL-250519-20,val
C1464,ISRO-SCL-250505-18,train
C1465,ISRO-SCL-250113-02,train
C1466,ISRO-SCL-250127-04,test
C1467,ISRO-SCL-250505-18,train
C1468,ISRO-SCL-250310-10,train
C1469,ISRO-SCL-250505-18,train
C1470,ISRO-SCL-250331-13,train
C1471,ISRO-SCL-250414-15,val
C1472,ISRO-SCL-250512-19,train
C1473,ISRO-SCL-250127-04,test
C1474,ISRO-SCL-250217-07,test
C1475,ISRO-SCL-250303-09,test
C1476,ISRO-SCL-250414-15,val
C1477,ISRO-SCL-250331-13,train
C1478,ISRO-SCL-250210-06,train
C1479,ISRO-SCL-250113-02,train
C1480,ISRO-SCL-250505-18,train
C1481,ISRO-SCL-250407-14,train
C1482,ISRO-SCL-250210-06,train
C1483,ISRO-SCL-250203-05,test
C1484,ISRO-SCL-250127-04,test
C1485,ISRO-SCL-250505-18,train
C1486,ISRO-SCL-250317-11,train
C1487,ISRO-SCL-250317-11,train
C1488,ISRO-SCL-250324-12,train
C1489,ISRO-SCL-250519-20,val
C1490,ISRO-SCL-250113-02,train
C1491,ISRO-SCL-250113-02,train
C1492,ISRO-SCL-250224-08,train
C1493,ISRO-SCL-250310-10,train
C1494,ISRO-SCL-250113-02,train
C1495,ISRO-SCL-250310-10,train
C1496,ISRO-SCL-250217-07,test
C1497,ISRO-SCL-250224-08,train
C1498,ISRO-SCL-250120-03,val
C1499,ISRO-SCL-250217-07,test
C1500,ISRO-SCL-250324-12,train
C1501,ISRO-SCL-250519-20,val
C1502,ISRO-SCL-250303-09,test
C1503,ISRO-SCL-250127-04,test
C1504,ISRO-SCL-250217-07,test
C1505,ISRO-SCL-250203-05,test
C1506,ISRO-SCL-250203-05,test
C1507,ISRO-SCL-250120-03,val
C1508,ISRO-SCL-250505-18,train
C1509,ISRO-SCL-250414-15,val
C1510,ISRO-SCL-250203-05,test
C1511,ISRO-SCL-250210-06,train
C1512,ISRO-SCL-250421-16,val
C1513,ISRO-SCL-250113-02,train
C1514,ISRO-SCL-250310-10,train
C1515,ISRO-SCL-250303-09,test
C1516,ISRO-SCL-250310-10,train
C1517,ISRO-SCL-250106-01,train
C1518,ISRO-SCL-250224-08,train
C1519,ISRO-SCL-250127-04,test
C1520,ISRO-SCL-250519-20,val
C1521,ISRO-SCL-250113-02,train
C1522,ISRO-SCL-250310-10,train
C1523,ISRO-SCL-250106-01,train
C1524,ISRO-SCL-250519-20,val
C1525,ISRO-SCL-250224-08,train
C1526,ISRO-SCL-250113-02,train
C1527,ISRO-SCL-250113-02,train
C1528,ISRO-SCL-250414-15,val
C1529,ISRO-SCL-250120-03,val
C1530,ISRO-SCL-250414-15,val
C1531,ISRO-SCL-250224-08,train
C1532,ISRO-SCL-250414-15,val
C1533,ISRO-SCL-250428-17,train
C1534,ISRO-SCL-250203-05,test
C1535,ISRO-SCL-250303-09,test
C1536,ISRO-SCL-250512-19,train
C1537,ISRO-SCL-250303-09,test
C1538,ISRO-SCL-250505-18,train
C1539,ISRO-SCL-250303-09,test
C1540,ISRO-SCL-250210-06,train
C1541,ISRO-SCL-250407-14,train
C1542,ISRO-SCL-250113-02,train
C1543,ISRO-SCL-250217-07,test
C1544,ISRO-SCL-250505-18,train
C1545,ISRO-SCL-250505-18,train
C1546,ISRO-SCL-250106-01,train
C1547,ISRO-SCL-250414-15,val
C1548,ISRO-SCL-250224-08,train
C1549,ISRO-SCL-250120-03,val
C1550,ISRO-SCL-250512-19,train
C1551,ISRO-SCL-250224-08,train
C1552,ISRO-SCL-250512-19,train
C1553,ISRO-SCL-250331-13,train
C1554,ISRO-SCL-250310-10,train
C1555,ISRO-SCL-250331-13,train
C1556,ISRO-SCL-250519-20,val
C1557,ISRO-SCL-250512-19,train
C1558,ISRO-SCL-250106-01,train
C1559,ISRO-SCL-250217-07,test
C1560,ISRO-SCL-250331-13,train
C1561,ISRO-SCL-250113-02,train
C1562,ISRO-SCL-250407-14,train
C1563,ISRO-SCL-250414-15,val
C1564,ISRO-SCL-250203-05,test
C1565,ISRO-SCL-250512-19,train
C1566,ISRO-SCL-250512-19,train
C1567,ISRO-SCL-250303-09,test
C1568,ISRO-SCL-250127-04,test
C1569,ISRO-SCL-250106-01,train
C1570,ISRO-SCL-250224-08,train
C1571,ISRO-SCL-250106-01,train
C1572,ISRO-SCL-250113-02,train
C1573,ISRO-SCL-250217-07,test
C1574,ISRO-SCL-250324-12,train
C1575,ISRO-SCL-250519-20,val
C1576,ISRO-SCL-250217-07,test
C1577,ISRO-SCL-250217-07,test
C1578,ISRO-SCL-250414-15,val
C1579,ISRO-SCL-250217-07,test
C1580,ISRO-SCL-250113-02,train
C1581,ISRO-SCL-250217-07,test
C1582,ISRO-SCL-250127-04,test
C1583,ISRO-SCL-250310-10,train
C1584,ISRO-SCL-250106-01,train
C1585,ISRO-SCL-250210-06,train
C1586,ISRO-SCL-250224-08,train
C1587,ISRO-SCL-250414-15,val
C1588,ISRO-SCL-250317-11,train
C1589,ISRO-SCL-250120-03,val
C1590,ISRO-SCL-250310-10,train
C1591,ISRO-SCL-250106-01,train
C1592,ISRO-SCL-250217-07,test
C1593,ISRO-SCL-250203-05,test
C1594,ISRO-SCL-250519-20,val
C1595,ISRO-SCL-250310-10,train
C1596,ISRO-SCL-250203-05,test
C1597,ISRO-SCL-250106-01,train
C1598,ISRO-SCL-250310-10,train
C1599,ISRO-SCL-250203-05,test
C1600,ISRO-SCL-250421-16,val
C1601,ISRO-SCL-250512-19,train
C1602,ISRO-SCL-250217-07,test
C1603,ISRO-SCL-250210-06,train
C1604,ISRO-SCL-250324-12,train
C1605,ISRO-SCL-250127-04,test
C1606,ISRO-SCL-250331-13,train
C1607,ISRO-SCL-250106-01,train
C1608,ISRO-SCL-250310-10,train
C1609,ISRO-SCL-250407-14,train
C1610,ISRO-SCL-250303-09,test
C1611,ISRO-SCL-250310-10,train
C1612,ISRO-SCL-250210-06,train
C1613,ISRO-SCL-250210-06,train
C1614,ISRO-SCL-250414-15,val
C1615,ISRO-SCL-250106-01,train
C1616,ISRO-SCL-250303-09,test
C1617,ISRO-SCL-250414-15,val
C1618,ISRO-SCL-250127-04,test
C1619,ISRO-SCL-250310-10,train
C1620,ISRO-SCL-250127-04,test
C1621,ISRO-SCL-250407-14,train
C1622,ISRO-SCL-250113-02,train
C1623,ISRO-SCL-250113-02,train
C1624,ISRO-SCL-250421-16,val
C1625,ISRO-SCL-250127-04,test
C1626,ISRO-SCL-250120-03,val
C1627,ISRO-SCL-250127-04,test
C1628,ISRO-SCL-250210-06,train
C1629,ISRO-SCL-250217-07,test
C1630,ISRO-SCL-250310-10,train
C1631,ISRO-SCL-250113-02,train
C1632,ISRO-SCL-250113-02,train
C1633,ISRO-SCL-250224-08,train
C1634,ISRO-SCL-250113-02,train
C1635,ISRO-SCL-250210-06,train
C1636,ISRO-SCL-250120-03,val
C1637,ISRO-SCL-250407-14,train
C1638,ISRO-SCL-250203-05,test
C1639,ISRO-SCL-250421-16,val
C1640,ISRO-SCL-250224-08,train
C1641,ISRO-SCL-250414-15,val
C1642,ISRO-SCL-250317-11,train
C1643,ISRO-SCL-250310-10,train
C1644,ISRO-SCL-250203-05,test
C1645,ISRO-SCL-250224-08,train
C1646,ISRO-SCL-250224-08,train
C1647,ISRO-SCL-250414-15,val
C1648,ISRO-SCL-250324-12,train
C1649,ISRO-SCL-250428-17,train
C1650,ISRO-SCL-250113-02,train
C1651,ISRO-SCL-250113-02,train
C1652,ISRO-SCL-250113-02,train
C1653,ISRO-SCL-250331-13,train
C1654,ISRO-SCL-250113-02,train
C1655,ISRO-SCL-250217-07,test
C1656,ISRO-SCL-250106-01,train
C1657,ISRO-SCL-250414-15,val
C1658,ISRO-SCL-250310-10,train
C1659,ISRO-SCL-250407-14,train
C1660,ISRO-SCL-250519-20,val
C1661,ISRO-SCL-250414-15,val
C1662,ISRO-SCL-250407-14,train
C1663,ISRO-SCL-250505-18,train
C1664,ISRO-SCL-250210-06,train
C1665,ISRO-SCL-250127-04,test
C1666,ISRO-SCL-250414-15,val
C1667,ISRO-SCL-250120-03,val
C1668,ISRO-SCL-250224-08,train
C1669,ISRO-SCL-250224-08,train
C1670,ISRO-SCL-250113-02,train
C1671,ISRO-SCL-250203-05,test
C1672,ISRO-SCL-250414-15,val
C1673,ISRO-SCL-250407-14,train
C1674,ISRO-SCL-250303-09,test
C1675,ISRO-SCL-250310-10,train
C1676,ISRO-SCL-250224-08,train
C1677,ISRO-SCL-250505-18,train
C1678,ISRO-SCL-250512-19,train
C1679,ISRO-SCL-250224-08,train
C1680,ISRO-SCL-250331-13,train
C1681,ISRO-SCL-250407-14,train
C1682,ISRO-SCL-250519-20,val
C1683,ISRO-SCL-250421-16,val
C1684,ISRO-SCL-250127-04,test
C1685,ISRO-SCL-250505-18,train
C1686,ISRO-SCL-250217-07,test
C1687,ISRO-SCL-250217-07,test
C1688,ISRO-SCL-250113-02,train
C1689,ISRO-SCL-250224-08,train
C1690,ISRO-SCL-250217-07,test
C1691,ISRO-SCL-250407-14,train
C1692,ISRO-SCL-250421-16,val
C1693,ISRO-SCL-250303-09,test
C1694,ISRO-SCL-250217-07,test
C1695,ISRO-SCL-250224-08,train
C1696,ISRO-SCL-250127-04,test
C1697,ISRO-SCL-250414-15,val
C1698,ISRO-SCL-250106-01,train
C1699,ISRO-SCL-250127-04,test
C1700,ISRO-SCL-250224-08,train
C1701,ISRO-SCL-250414-15,val
C1702,ISRO-SCL-250421-16,val
C1703,ISRO-SCL-250512-19,train
C1704,ISRO-SCL-250421-16,val
C1705,ISRO-SCL-250113-02,train
C1706,ISRO-SCL-250421-16,val
C1707,ISRO-SCL-250106-01,train
C1708,ISRO-SCL-250127-04,test
C1709,ISRO-SCL-250203-05,test
C1710,ISRO-SCL-250421-16,val
C1711,ISRO-SCL-250317-11,train
C1712,ISRO-SCL-250331-13,train
C1713,ISRO-SCL-250331-13,train
C1714,ISRO-SCL-250414-15,val
C1715,ISRO-SCL-250310-10,train
C1716,ISRO-SCL-250331-13,train
C1717,ISRO-SCL-250217-07,test
C1718,ISRO-SCL-250303-09,test
C1719,ISRO-SCL-250113-02,train
C1720,ISRO-SCL-250127-04,test
C1721,ISRO-SCL-250407-14,train
C1722,ISRO-SCL-250210-06,train
C1723,ISRO-SCL-250407-14,train
C1724,ISRO-SCL-250127-04,test
C1725,ISRO-SCL-250512-19,train
C1726,ISRO-SCL-250127-04,test
C1727,ISRO-SCL-250428-17,train
C1728,ISRO-SCL-250127-04,test
C1729,ISRO-SCL-250310-10,train
C1730,ISRO-SCL-250310-10,train
C1731,ISRO-SCL-250203-05,test
C1732,ISRO-SCL-250113-02,train
C1733,ISRO-SCL-250421-16,val
C1734,ISRO-SCL-250113-02,train
C1735,ISRO-SCL-250331-13,train
C1736,ISRO-SCL-250421-16,val
C1737,ISRO-SCL-250120-03,val
C1738,ISRO-SCL-250331-13,train
C1739,ISRO-SCL-250127-04,test
C1740,ISRO-SCL-250331-13,train
C1741,ISRO-SCL-250113-02,train
C1742,ISRO-SCL-250113-02,train
C1743,ISRO-SCL-250210-06,train
C1744,ISRO-SCL-250310-10,train
C1745,ISRO-SCL-250127-04,test
C1746,ISRO-SCL-250217-07,test
C1747,ISRO-SCL-250113-02,train
C1748,ISRO-SCL-250317-11,train
C1749,ISRO-SCL-250331-13,train
C1750,ISRO-SCL-250310-10,train
C1751,ISRO-SCL-250203-05,test
C1752,ISRO-SCL-250421-16,val
C1753,ISRO-SCL-250203-05,test
C1754,ISRO-SCL-250113-02,train
C1755,ISRO-SCL-250217-07,test
C1756,ISRO-SCL-250127-04,test
C1757,ISRO-SCL-250127-04,test
C1758,ISRO-SCL-250519-20,val
C1759,ISRO-SCL-250414-15,val
C1760,ISRO-SCL-250421-16,val
C1761,ISRO-SCL-250217-07,test
C1762,ISRO-SCL-250210-06,train
C1763,ISRO-SCL-250310-10,train
C1764,ISRO-SCL-250414-15,val
C1765,ISRO-SCL-250210-06,train
C1766,ISRO-SCL-250407-14,train
C1767,ISRO-SCL-250127-04,test
C1768,ISRO-SCL-250512-19,train
C1769,ISRO-SCL-250317-11,train
C1770,ISRO-SCL-250421-16,val
C1771,ISRO-SCL-250113-02,train
C1772,ISRO-SCL-250414-15,val
C1773,ISRO-SCL-250310-10,train
C1774,ISRO-SCL-250331-13,train
C1775,ISRO-SCL-250217-07,test
C1776,ISRO-SCL-250106-01,train
C1777,ISRO-SCL-250113-02,train
C1778,ISRO-SCL-250210-06,train
C1779,ISRO-SCL-250127-04,test
C1780,ISRO-SCL-250505-18,train
C1781,ISRO-SCL-250127-04,test
C1782,ISRO-SCL-250414-15,val
C1783,ISRO-SCL-250224-08,train
C1784,ISRO-SCL-250414-15,val
C1785,ISRO-SCL-250310-10,train
C1786,ISRO-SCL-250203-05,test
C1787,ISRO-SCL-250505-18,train
C1788,ISRO-SCL-250428-17,train
C1789,ISRO-SCL-250428-17,train
C1790,ISRO-SCL-250421-16,val
C1791,ISRO-SCL-250317-11,train
C1792,ISRO-SCL-250217-07,test
C1793,ISRO-SCL-250120-03,val
C1794,ISRO-SCL-250210-06,train
C1795,ISRO-SCL-250331-13,train
C1796,ISRO-SCL-250331-13,train
C1797,ISRO-SCL-250421-16,val
C1798,ISRO-SCL-250113-02,train
C1799,ISRO-SCL-250512-19,train
C1800,ISRO-SCL-250210-06,train
C1801,ISRO-SCL-250421-16,val
C1802,ISRO-SCL-250324-12,train
C1803,ISRO-SCL-250127-04,test
C1804,ISRO-SCL-250414-15,val
C1805,ISRO-SCL-250407-14,train
C1806,ISRO-SCL-250113-02,train
C1807,ISRO-SCL-250310-10,train
C1808,ISRO-SCL-250127-04,test
C1809,ISRO-SCL-250414-15,val
C1810,ISRO-SCL-250106-01,train
C1811,ISRO-SCL-250324-12,train
C1812,ISRO-SCL-250414-15,val
C1813,ISRO-SCL-250414-15,val
C1814,ISRO-SCL-250421-16,val
C1815,ISRO-SCL-250113-02,train
C1816,ISRO-SCL-250303-09,test
C1817,ISRO-SCL-250224-08,train
C1818,ISRO-SCL-250120-03,val
C1819,ISRO-SCL-250519-20,val
C1820,ISRO-SCL-250113-02,train
C1821,ISRO-SCL-250414-15,val
C1822,ISRO-SCL-250317-11,train
C1823,ISRO-SCL-250120-03,val
C1824,ISRO-SCL-250224-08,train
C1825,ISRO-SCL-250127-04,test
C1826,ISRO-SCL-250317-11,train
C1827,ISRO-SCL-250303-09,test
C1828,ISRO-SCL-250224-08,train
C1829,ISRO-SCL-250113-02,train
C1830,ISRO-SCL-250210-06,train
C1831,ISRO-SCL-250512-19,train
C1832,ISRO-SCL-250303-09,test
C1833,ISRO-SCL-250217-07,test
C1834,ISRO-SCL-250421-16,val
C1835,ISRO-SCL-250203-05,test
C1836,ISRO-SCL-250210-06,train
C1837,ISRO-SCL-250127-04,test
C1838,ISRO-SCL-250505-18,train
C1839,ISRO-SCL-250310-10,train
C1840,ISRO-SCL-250203-05,test
C1841,ISRO-SCL-250421-16,val
C1842,ISRO-SCL-250210-06,train
C1843,ISRO-SCL-250106-01,train
C1844,ISRO-SCL-250217-07,test
C1845,ISRO-SCL-250512-19,train
C1846,ISRO-SCL-250414-15,val
C1847,ISRO-SCL-250127-04,test
C1848,ISRO-SCL-250224-08,train
C1849,ISRO-SCL-250203-05,test
C1850,ISRO-SCL-250203-05,test
C1851,ISRO-SCL-250414-15,val
C1852,ISRO-SCL-250303-09,test
C1853,ISRO-SCL-250113-02,train
C1854,ISRO-SCL-250127-04,test
C1855,ISRO-SCL-250303-09,test
C1856,ISRO-SCL-250113-02,train
C1857,ISRO-SCL-250310-10,train
C1858,ISRO-SCL-250310-10,train
C1859,ISRO-SCL-250512-19,train
C1860,ISRO-SCL-250224-08,train
C1861,ISRO-SCL-250519-20,val
C1862,ISRO-SCL-250310-10,train
C1863,ISRO-SCL-250303-09,test
C1864,ISRO-SCL-250303-09,test
C1865,ISRO-SCL-250210-06,train
C1866,ISRO-SCL-250407-14,train
C1867,ISRO-SCL-250324-12,train
C1868,ISRO-SCL-250407-14,train
C1869,ISRO-SCL-250310-10,train
C1870,ISRO-SCL-250113-02,train
C1871,ISRO-SCL-250310-10,train
C1872,ISRO-SCL-250203-05,test
C1873,ISRO-SCL-250505-18,train
C1874,ISRO-SCL-250324-12,train
C1875,ISRO-SCL-250217-07,test
C1876,ISRO-SCL-250113-02,train
C1877,ISRO-SCL-250203-05,test
C1878,ISRO-SCL-250414-15,val
C1879,ISRO-SCL-250106-01,train
C1880,ISRO-SCL-250505-18,train
C1881,ISRO-SCL-250407-14,train
C1882,ISRO-SCL-250217-07,test
C1883,ISRO-SCL-250217-07,test
C1884,ISRO-SCL-250217-07,test
C1885,ISRO-SCL-250512-19,train
C1886,ISRO-SCL-250421-16,val
C1887,ISRO-SCL-250217-07,test
C1888,ISRO-SCL-250224-08,train
C1889,ISRO-SCL-250217-07,test
C1890,ISRO-SCL-250224-08,train
C1891,ISRO-SCL-250331-13,train
C1892,ISRO-SCL-250407-14,train
C1893,ISRO-SCL-250421-16,val
C1894,ISRO-SCL-250224-08,train
C1895,ISRO-SCL-250120-03,val
C1896,ISRO-SCL-250331-13,train
C1897,ISRO-SCL-250407-14,train
C1898,ISRO-SCL-250310-10,train
C1899,ISRO-SCL-250310-10,train
C1900,ISRO-SCL-250331-13,train
C1901,ISRO-SCL-250113-02,train
C1902,ISRO-SCL-250113-02,train
C1903,ISRO-SCL-250203-05,test
C1904,ISRO-SCL-250310-10,train
C1905,ISRO-SCL-250203-05,test
C1906,ISRO-SCL-250127-04,test
C1907,ISRO-SCL-250512-19,train
C1908,ISRO-SCL-250407-14,train
C1909,ISRO-SCL-250210-06,train
C1910,ISRO-SCL-250127-04,test
C1911,ISRO-SCL-250203-05,test
C1912,ISRO-SCL-250428-17,train
C1913,ISRO-SCL-250505-18,train
C1914,ISRO-SCL-250505-18,train
C1915,ISRO-SCL-250324-12,train
C1916,ISRO-SCL-250519-20,val
C1917,ISRO-SCL-250106-01,train
C1918,ISRO-SCL-250512-19,train
C1919,ISRO-SCL-250414-15,val
C1920,ISRO-SCL-250217-07,test
C1921,ISRO-SCL-250106-01,train
C1922,ISRO-SCL-250414-15,val
C1923,ISRO-SCL-250224-08,train
C1924,ISRO-SCL-250127-04,test
C1925,ISRO-SCL-250217-07,test
C1926,ISRO-SCL-250210-06,train
C1927,ISRO-SCL-250505-18,train
C1928,ISRO-SCL-250310-10,train
C1929,ISRO-SCL-250512-19,train
C1930,ISRO-SCL-250217-07,test
C1931,ISRO-SCL-250414-15,val
C1932,ISRO-SCL-250407-14,train
C1933,ISRO-SCL-250203-05,test
C1934,ISRO-SCL-250331-13,train
C1935,ISRO-SCL-250224-08,train
C1936,ISRO-SCL-250414-15,val
C1937,ISRO-SCL-250407-14,train
C1938,ISRO-SCL-250217-07,test
C1939,ISRO-SCL-250512-19,train
C1940,ISRO-SCL-250407-14,train
C1941,ISRO-SCL-250421-16,val
C1942,ISRO-SCL-250113-02,train
C1943,ISRO-SCL-250331-13,train
C1944,ISRO-SCL-250519-20,val
C1945,ISRO-SCL-250203-05,test
C1946,ISRO-SCL-250310-10,train
C1947,ISRO-SCL-250120-03,val
C1948,ISRO-SCL-250331-13,train
C1949,ISRO-SCL-250224-08,train
C1950,ISRO-SCL-250120-03,val
C1951,ISRO-SCL-250217-07,test
C1952,ISRO-SCL-250127-04,test
C1953,ISRO-SCL-250203-05,test
C1954,ISRO-SCL-250210-06,train
C1955,ISRO-SCL-250224-08,train
C1956,ISRO-SCL-250407-14,train
C1957,ISRO-SCL-250224-08,train
C1958,ISRO-SCL-250210-06,train
C1959,ISRO-SCL-250210-06,train
C1960,ISRO-SCL-250113-02,train
C1961,ISRO-SCL-250331-13,train
C1962,ISRO-SCL-250331-13,train
C1963,ISRO-SCL-250324-12,train
C1964,ISRO-SCL-250203-05,test
C1965,ISRO-SCL-250127-04,test
C1966,ISRO-SCL-250203-05,test
C1967,ISRO-SCL-250113-02,train
C1968,ISRO-SCL-250407-14,train
C1969,ISRO-SCL-250303-09,test
C1970,ISRO-SCL-250421-16,val
C1971,ISRO-SCL-250203-05,test
C1972,ISRO-SCL-250317-11,train
C1973,ISRO-SCL-250421-16,val
C1974,ISRO-SCL-250421-16,val
C1975,ISRO-SCL-250224-08,train
C1976,ISRO-SCL-250113-02,train
C1977,ISRO-SCL-250217-07,test
C1978,ISRO-SCL-250407-14,train
C1979,ISRO-SCL-250303-09,test
C1980,ISRO-SCL-250414-15,val
C1981,ISRO-SCL-250414-15,val
C1982,ISRO-SCL-250414-15,val
C1983,ISRO-SCL-250331-13,train
C1984,ISRO-SCL-250512-19,train
C1985,ISRO-SCL-250505-18,train
C1986,ISRO-SCL-250217-07,test
C1987,ISRO-SCL-250106-01,train
C1988,ISRO-SCL-250127-04,test
C1989,ISRO-SCL-250428-17,train
C1990,ISRO-SCL-250217-07,test
C1991,ISRO-SCL-250421-16,val
C1992,ISRO-SCL-250317-11,train
C1993,ISRO-SCL-250217-07,test
C1994,ISRO-SCL-250127-04,test
C1995,ISRO-SCL-250421-16,val
C1996,ISRO-SCL-250217-07,test
C1997,ISRO-SCL-250127-04,test
C1998,ISRO-SCL-250414-15,val
C1999,ISRO-SCL-250407-14,train
C2000,ISRO-SCL-250127-04,test
C2001,ISRO-SCL-250414-15,val
C2002,ISRO-SCL-250407-14,train
C2003,ISRO-SCL-250203-05,test
C2004,ISRO-SCL-250324-12,train
C2005,ISRO-SCL-250106-01,train
C2006,ISRO-SCL-250113-02,train
C2007,ISRO-SCL-250428-17,train
C2008,ISRO-SCL-250512-19,train
C2009,ISRO-SCL-250512-19,train
C2010,ISRO-SCL-250106-01,train
C2011,ISRO-SCL-250428-17,train
C2012,ISRO-SCL-250203-05,test
C2013,ISRO-SCL-250310-10,train
C2014,ISRO-SCL-250106-01,train
C2015,ISRO-SCL-250113-02,train
C2016,ISRO-SCL-250310-10,train
C2017,ISRO-SCL-250512-19,train
C2018,ISRO-SCL-250217-07,test
C2019,ISRO-SCL-250113-02,train
C2020,ISRO-SCL-250428-17,train
C2021,ISRO-SCL-250407-14,train
C2022,ISRO-SCL-250203-05,test
C2023,ISRO-SCL-250421-16,val
C2024,ISRO-SCL-250331-13,train
C2025,ISRO-SCL-250512-19,train
C2026,ISRO-SCL-250407-14,train
C2027,ISRO-SCL-250407-14,train
C2028,ISRO-SCL-250217-07,test
C2029,ISRO-SCL-250331-13,train
C2030,ISRO-SCL-250310-10,train
C2031,ISRO-SCL-250127-04,test
C2032,ISRO-SCL-250310-10,train
C2033,ISRO-SCL-250127-04,test
C2034,ISRO-SCL-250106-01,train
C2035,ISRO-SCL-250414-15,val
C2036,ISRO-SCL-250512-19,train
C2037,ISRO-SCL-250303-09,test
C2038,ISRO-SCL-250407-14,train
C2039,ISRO-SCL-250203-05,test
C2040,ISRO-SCL-250519-20,val
C2041,ISRO-SCL-250421-16,val
C2042,ISRO-SCL-250512-19,train
C2043,ISRO-SCL-250217-07,test
C2044,ISRO-SCL-250217-07,test
C2045,ISRO-SCL-250310-10,train
C2046,ISRO-SCL-250127-04,test
C2047,ISRO-SCL-250120-03,val
C2048,ISRO-SCL-250505-18,train
C2049,ISRO-SCL-250113-02,train
C2050,ISRO-SCL-250407-14,train
C2051,ISRO-SCL-250414-15,val
C2052,ISRO-SCL-250421-16,val
C2053,ISRO-SCL-250414-15,val
C2054,ISRO-SCL-250210-06,train
C2055,ISRO-SCL-250217-07,test
C2056,ISRO-SCL-250120-03,val
C2057,ISRO-SCL-250512-19,train
C2058,ISRO-SCL-250113-02,train
C2059,ISRO-SCL-250324-12,train
C2060,ISRO-SCL-250120-03,val
C2061,ISRO-SCL-250512-19,train
C2062,ISRO-SCL-250224-08,train
C2063,ISRO-SCL-250331-13,train
C2064,ISRO-SCL-250317-11,train
C2065,ISRO-SCL-250331-13,train
C2066,ISRO-SCL-250421-16,val
C2067,ISRO-SCL-250310-10,train
C2068,ISRO-SCL-250203-05,test
C2069,ISRO-SCL-250217-07,test
C2070,ISRO-SCL-250407-14,train
C2071,ISRO-SCL-250224-08,train
C2072,ISRO-SCL-250317-11,train
C2073,ISRO-SCL-250310-10,train
C2074,ISRO-SCL-250224-08,train
C2075,ISRO-SCL-250505-18,train
C2076,ISRO-SCL-250331-13,train
C2077,ISRO-SCL-250317-11,train
C2078,ISRO-SCL-250519-20,val
C2079,ISRO-SCL-250324-12,train
C2080,ISRO-SCL-250428-17,train
C2081,ISRO-SCL-250120-03,val
C2082,ISRO-SCL-250519-20,val
C2083,ISRO-SCL-250512-19,train
C2084,ISRO-SCL-250303-09,test
C2085,ISRO-SCL-250407-14,train
C2086,ISRO-SCL-250512-19,train
C2087,ISRO-SCL-250113-02,train
C2088,ISRO-SCL-250421-16,val
C2089,ISRO-SCL-250310-10,train
C2090,ISRO-SCL-250331-13,train
C2091,ISRO-SCL-250505-18,train
C2092,ISRO-SCL-250106-01,train
C2093,ISRO-SCL-250303-09,test
C2094,ISRO-SCL-250127-04,test
C2095,ISRO-SCL-250224-08,train
C2096,ISRO-SCL-250407-14,train
C2097,ISRO-SCL-250113-02,train
C2098,ISRO-SCL-250421-16,val
C2099,ISRO-SCL-250414-15,val
C2100,ISRO-SCL-250217-07,test
C2101,ISRO-SCL-250310-10,train
C2102,ISRO-SCL-250106-01,train
C2103,ISRO-SCL-250512-19,train
C2104,ISRO-SCL-250512-19,train
C2105,ISRO-SCL-250512-19,train
C2106,ISRO-SCL-250203-05,test
C2107,ISRO-SCL-250414-15,val
C2108,ISRO-SCL-250106-01,train
C2109,ISRO-SCL-250127-04,test
C2110,ISRO-SCL-250421-16,val
C2111,ISRO-SCL-250505-18,train
C2112,ISRO-SCL-250113-02,train
C2113,ISRO-SCL-250421-16,val
C2114,ISRO-SCL-250331-13,train
C2115,ISRO-SCL-250512-19,train
C2116,ISRO-SCL-250421-16,val
C2117,ISRO-SCL-250113-02,train
C2118,ISRO-SCL-250113-02,train
C2119,ISRO-SCL-250331-13,train
C2120,ISRO-SCL-250106-01,train
C2121,ISRO-SCL-250310-10,train
C2122,ISRO-SCL-250210-06,train
C2123,ISRO-SCL-250428-17,train
C2124,ISRO-SCL-250428-17,train
C2125,ISRO-SCL-250217-07,test
C2126,ISRO-SCL-250414-15,val
C2127,ISRO-SCL-250224-08,train
C2128,ISRO-SCL-250303-09,test
C2129,ISRO-SCL-250210-06,train
C2130,ISRO-SCL-250310-10,train
C2131,ISRO-SCL-250127-04,test
C2132,ISRO-SCL-250414-15,val
C2133,ISRO-SCL-250519-20,val
C2134,ISRO-SCL-250120-03,val
C2135,ISRO-SCL-250519-20,val
C2136,ISRO-SCL-250120-03,val
C2137,ISRO-SCL-250106-01,train
C2138,ISRO-SCL-250217-07,test
C2139,ISRO-SCL-250113-02,train
C2140,ISRO-SCL-250310-10,train
C2141,ISRO-SCL-250407-14,train
C2142,ISRO-SCL-250210-06,train
C2143,ISRO-SCL-250113-02,train
C2144,ISRO-SCL-250407-14,train
C2145,ISRO-SCL-250203-05,test
C2146,ISRO-SCL-250224-08,train
C2147,ISRO-SCL-250414-15,val
C2148,ISRO-SCL-250512-19,train
C2149,ISRO-SCL-250310-10,train
C2150,ISRO-SCL-250428-17,train
C2151,ISRO-SCL-250331-13,train
C2152,ISRO-SCL-250317-11,train
C2153,ISRO-SCL-250224-08,train
C2154,ISRO-SCL-250127-04,test
C2155,ISRO-SCL-250203-05,test
C2156,ISRO-SCL-250217-07,test
C2157,ISRO-SCL-250106-01,train
C2158,ISRO-SCL-250120-03,val
C2159,ISRO-SCL-250203-05,test
C2160,ISRO-SCL-250428-17,train
C2161,ISRO-SCL-250421-16,val
C2162,ISRO-SCL-250407-14,train
C2163,ISRO-SCL-250331-13,train
C2164,ISRO-SCL-250414-15,val
C2165,ISRO-SCL-250217-07,test
C2166,ISRO-SCL-250414-15,val
C2167,ISRO-SCL-250331-13,train
C2168,ISRO-SCL-250303-09,test
C2169,ISRO-SCL-250106-01,train
C2170,ISRO-SCL-250203-05,test
C2171,ISRO-SCL-250217-07,test
C2172,ISRO-SCL-250317-11,train
C2173,ISRO-SCL-250331-13,train
C2174,ISRO-SCL-250310-10,train
C2175,ISRO-SCL-250512-19,train
C2176,ISRO-SCL-250217-07,test
C2177,ISRO-SCL-250203-05,test
C2178,ISRO-SCL-250512-19,train
C2179,ISRO-SCL-250505-18,train
C2180,ISRO-SCL-250120-03,val
C2181,ISRO-SCL-250310-10,train
C2182,ISRO-SCL-250407-14,train
C2183,ISRO-SCL-250217-07,test
C2184,ISRO-SCL-250331-13,train
C2185,ISRO-SCL-250414-15,val
C2186,ISRO-SCL-250203-05,test
C2187,ISRO-SCL-250224-08,train
C2188,ISRO-SCL-250519-20,val
C2189,ISRO-SCL-250505-18,train
C2190,ISRO-SCL-250421-16,val
C2191,ISRO-SCL-250120-03,val
C2192,ISRO-SCL-250127-04,test
C2193,ISRO-SCL-250203-05,test
C2194,ISRO-SCL-250203-05,test
C2195,ISRO-SCL-250217-07,test
C2196,ISRO-SCL-250203-05,test
C2197,ISRO-SCL-250127-04,test
C2198,ISRO-SCL-250113-02,train
C2199,ISRO-SCL-250127-04,test
C2200,ISRO-SCL-250303-09,test
C2201,ISRO-SCL-250120-03,val
C2202,ISRO-SCL-250217-07,test
C2203,ISRO-SCL-250217-07,test
C2204,ISRO-SCL-250217-07,test
C2205,ISRO-SCL-250203-05,test
C2206,ISRO-SCL-250324-12,train
C2207,ISRO-SCL-250331-13,train
C2208,ISRO-SCL-250310-10,train
C2209,ISRO-SCL-250210-06,train
C2210,ISRO-SCL-250224-08,train
C2211,ISRO-SCL-250331-13,train
C2212,ISRO-SCL-250310-10,train
C2213,ISRO-SCL-250310-10,train
C2214,ISRO-SCL-250407-14,train
C2215,ISRO-SCL-250310-10,train
C2216,ISRO-SCL-250127-04,test
C2217,ISRO-SCL-250106-01,train
C2218,ISRO-SCL-250127-04,test
C2219,ISRO-SCL-250505-18,train
C2220,ISRO-SCL-250203-05,test
C2221,ISRO-SCL-250113-02,train
C2222,ISRO-SCL-250331-13,train
C2223,ISRO-SCL-250421-16,val
C2224,ISRO-SCL-250303-09,test
C2225,ISRO-SCL-250331-13,train
C2226,ISRO-SCL-250421-16,val
C2227,ISRO-SCL-250407-14,train
C2228,ISRO-SCL-250519-20,val
C2229,ISRO-SCL-250210-06,train
C2230,ISRO-SCL-250519-20,val
C2231,ISRO-SCL-250217-07,test
C2232,ISRO-SCL-250303-09,test
C2233,ISRO-SCL-250113-02,train
C2234,ISRO-SCL-250217-07,test
C2235,ISRO-SCL-250407-14,train
C2236,ISRO-SCL-250414-15,val
C2237,ISRO-SCL-250224-08,train
C2238,ISRO-SCL-250310-10,train
C2239,ISRO-SCL-250203-05,test
C2240,ISRO-SCL-250324-12,train
C2241,ISRO-SCL-250224-08,train
C2242,ISRO-SCL-250331-13,train
C2243,ISRO-SCL-250331-13,train
C2244,ISRO-SCL-250407-14,train
C2245,ISRO-SCL-250120-03,val
C2246,ISRO-SCL-250428-17,train
C2247,ISRO-SCL-250113-02,train
C2248,ISRO-SCL-250113-02,train
C2249,ISRO-SCL-250106-01,train
C2250,ISRO-SCL-250127-04,test
C2251,ISRO-SCL-250421-16,val
C2252,ISRO-SCL-250210-06,train
C2253,ISRO-SCL-250217-07,test
C2254,ISRO-SCL-250331-13,train
C2255,ISRO-SCL-250303-09,test
C2256,ISRO-SCL-250203-05,test
C2257,ISRO-SCL-250203-05,test
C2258,ISRO-SCL-250310-10,train
C2259,ISRO-SCL-250414-15,val
C2260,ISRO-SCL-250113-02,train
C2261,ISRO-SCL-250203-05,test
C2262,ISRO-SCL-250512-19,train
C2263,ISRO-SCL-250224-08,train
C2264,ISRO-SCL-250113-02,train
C2265,ISRO-SCL-250217-07,test
C2266,ISRO-SCL-250414-15,val
C2267,ISRO-SCL-250421-16,val
C2268,ISRO-SCL-250127-04,test
C2269,ISRO-SCL-250127-04,test
C2270,ISRO-SCL-250217-07,test
C2271,ISRO-SCL-250512-19,train
C2272,ISRO-SCL-250407-14,train
C2273,ISRO-SCL-250303-09,test
C2274,ISRO-SCL-250414-15,val
C2275,ISRO-SCL-250519-20,val
C2276,ISRO-SCL-250127-04,test
C2277,ISRO-SCL-250324-12,train
C2278,ISRO-SCL-250113-02,train
C2279,ISRO-SCL-250303-09,test
C2280,ISRO-SCL-250317-11,train
C2281,ISRO-SCL-250113-02,train
C2282,ISRO-SCL-250407-14,train
C2283,ISRO-SCL-250519-20,val
C2284,ISRO-SCL-250428-17,train
C2285,ISRO-SCL-250428-17,train
C2286,ISRO-SCL-250414-15,val
C2287,ISRO-SCL-250407-14,train
C2288,ISRO-SCL-250414-15,val
C2289,ISRO-SCL-250324-12,train
C2290,ISRO-SCL-250414-15,val
C2291,ISRO-SCL-250407-14,train
C2292,ISRO-SCL-250414-15,val
C2293,ISRO-SCL-250512-19,train
C2294,ISRO-SCL-250127-04,test
C2295,ISRO-SCL-250120-03,val
C2296,ISRO-SCL-250310-10,train
C2297,ISRO-SCL-250106-01,train
C2298,ISRO-SCL-250407-14,train
C2299,ISRO-SCL-250217-07,test
C2300,ISRO-SCL-250331-13,train
C2301,ISRO-SCL-250428-17,train
C2302,ISRO-SCL-250331-13,train
C2303,ISRO-SCL-250421-16,val
C2304,ISRO-SCL-250519-20,val
C2305,ISRO-SCL-250217-07,test
C2306,ISRO-SCL-250407-14,train
C2307,ISRO-SCL-250407-14,train
C2308,ISRO-SCL-250106-01,train
C2309,ISRO-SCL-250217-07,test
C2310,ISRO-SCL-250414-15,val
C2311,ISRO-SCL-250210-06,train
C2312,ISRO-SCL-250310-10,train
C2313,ISRO-SCL-250331-13,train
C2314,ISRO-SCL-250106-01,train
C2315,ISRO-SCL-250407-14,train
C2316,ISRO-SCL-250224-08,train
C2317,ISRO-SCL-250421-16,val
C2318,ISRO-SCL-250505-18,train
C2319,ISRO-SCL-250224-08,train
C2320,ISRO-SCL-250127-04,test
C2321,ISRO-SCL-250217-07,test
C2322,ISRO-SCL-250210-06,train
C2323,ISRO-SCL-250217-07,test
C2324,ISRO-SCL-250407-14,train
C2325,ISRO-SCL-250210-06,train
C2326,ISRO-SCL-250505-18,train
C2327,ISRO-SCL-250203-05,test
C2328,ISRO-SCL-250127-04,test
C2329,ISRO-SCL-250217-07,test
C2330,ISRO-SCL-250217-07,test
C2331,ISRO-SCL-250113-02,train
C2332,ISRO-SCL-250505-18,train
C2333,ISRO-SCL-250421-16,val
C2334,ISRO-SCL-250106-01,train
C2335,ISRO-SCL-250113-02,train
C2336,ISRO-SCL-250120-03,val
C2337,ISRO-SCL-250421-16,val
C2338,ISRO-SCL-250421-16,val
C2339,ISRO-SCL-250317-11,train
C2340,ISRO-SCL-250217-07,test
C2341,ISRO-SCL-250317-11,train
C2342,ISRO-SCL-250113-02,train
C2343,ISRO-SCL-250310-10,train
C2344,ISRO-SCL-250127-04,test
C2345,ISRO-SCL-250113-02,train
C2346,ISRO-SCL-250324-12,train
C2347,ISRO-SCL-250505-18,train
C2348,ISRO-SCL-250428-17,train
C2349,ISRO-SCL-250210-06,train
C2350,ISRO-SCL-250210-06,train
C2351,ISRO-SCL-250120-03,val
C2352,ISRO-SCL-250106-01,train
C2353,ISRO-SCL-250407-14,train
C2354,ISRO-SCL-250113-02,train
C2355,ISRO-SCL-250224-08,train
C2356,ISRO-SCL-250407-14,train
C2357,ISRO-SCL-250505-18,train
C2358,ISRO-SCL-250407-14,train
C2359,ISRO-SCL-250127-04,test
C2360,ISRO-SCL-250217-07,test
C2361,ISRO-SCL-250210-06,train
C2362,ISRO-SCL-250414-15,val
C2363,ISRO-SCL-250421-16,val
C2364,ISRO-SCL-250120-03,val
C2365,ISRO-SCL-250113-02,train
C2366,ISRO-SCL-250505-18,train
C2367,ISRO-SCL-250113-02,train
C2368,ISRO-SCL-250310-10,train
C2369,ISRO-SCL-250224-08,train
C2370,ISRO-SCL-250203-05,test
C2371,ISRO-SCL-250127-04,test
C2372,ISRO-SCL-250407-14,train
C2373,ISRO-SCL-250310-10,train
C2374,ISRO-SCL-250113-02,train
C2375,ISRO-SCL-250203-05,test
C2376,ISRO-SCL-250407-14,train
C2377,ISRO-SCL-250303-09,test
C2378,ISRO-SCL-250203-05,test
C2379,ISRO-SCL-250203-05,test
C2380,ISRO-SCL-250317-11,train
C2381,ISRO-SCL-250106-01,train
C2382,ISRO-SCL-250224-08,train
C2383,ISRO-SCL-250203-05,test
C2384,ISRO-SCL-250414-15,val
C2385,ISRO-SCL-250331-13,train
C2386,ISRO-SCL-250113-02,train
C2387,ISRO-SCL-250210-06,train
C2388,ISRO-SCL-250106-01,train
C2389,ISRO-SCL-250428-17,train
C2390,ISRO-SCL-250310-10,train
C2391,ISRO-SCL-250428-17,train
C2392,ISRO-SCL-250217-07,test
C2393,ISRO-SCL-250331-13,train
C2394,ISRO-SCL-250414-15,val
C2395,ISRO-SCL-250407-14,train
C2396,ISRO-SCL-250113-02,train
C2397,ISRO-SCL-250512-19,train
C2398,ISRO-SCL-250303-09,test
C2399,ISRO-SCL-250224-08,train
C2400,ISRO-SCL-250217-07,test
C2401,ISRO-SCL-250217-07,test
C2402,ISRO-SCL-250310-10,train
C2403,ISRO-SCL-250310-10,train
C2404,ISRO-SCL-250210-06,train
C2405,ISRO-SCL-250310-10,train
C2406,ISRO-SCL-250127-04,test
C2407,ISRO-SCL-250324-12,train
C2408,ISRO-SCL-250127-04,test
C2409,ISRO-SCL-250421-16,val
C2410,ISRO-SCL-250310-10,train
C2411,ISRO-SCL-250414-15,val
C2412,ISRO-SCL-250505-18,train
C2413,ISRO-SCL-250505-18,train
C2414,ISRO-SCL-250421-16,val
C2415,ISRO-SCL-250310-10,train
C2416,ISRO-SCL-250407-14,train
C2417,ISRO-SCL-250113-02,train
C2418,ISRO-SCL-250407-14,train
C2419,ISRO-SCL-250106-01,train
C2420,ISRO-SCL-250113-02,train
C2421,ISRO-SCL-250120-03,val
C2422,ISRO-SCL-250414-15,val
C2423,ISRO-SCL-250210-06,train
C2424,ISRO-SCL-250203-05,test
C2425,ISRO-SCL-250407-14,train
C2426,ISRO-SCL-250217-07,test
C2427,ISRO-SCL-250331-13,train
C2428,ISRO-SCL-250224-08,train
C2429,ISRO-SCL-250331-13,train
C2430,ISRO-SCL-250407-14,train
C2431,ISRO-SCL-250310-10,train
C2432,ISRO-SCL-250317-11,train
C2433,ISRO-SCL-250414-15,val
C2434,ISRO-SCL-250217-07,test
C2435,ISRO-SCL-250203-05,test
C2436,ISRO-SCL-250317-11,train
C2437,ISRO-SCL-250224-08,train
C2438,ISRO-SCL-250217-07,test
C2439,ISRO-SCL-250310-10,train
C2440,ISRO-SCL-250310-10,train
C2441,ISRO-SCL-250113-02,train
C2442,ISRO-SCL-250120-03,val
C2443,ISRO-SCL-250407-14,train
C2444,ISRO-SCL-250310-10,train
C2445,ISRO-SCL-250519-20,val
C2446,ISRO-SCL-250407-14,train
C2447,ISRO-SCL-250203-05,test
C2448,ISRO-SCL-250203-05,test
C2449,ISRO-SCL-250407-14,train
C2450,ISRO-SCL-250421-16,val
C2451,ISRO-SCL-250414-15,val
C2452,ISRO-SCL-250324-12,train
C2453,ISRO-SCL-250421-16,val
C2454,ISRO-SCL-250127-04,test
C2455,ISRO-SCL-250324-12,train
C2456,ISRO-SCL-250331-13,train
C2457,ISRO-SCL-250113-02,train
C2458,ISRO-SCL-250414-15,val
C2459,ISRO-SCL-250127-04,test
C2460,ISRO-SCL-250224-08,train
C2461,ISRO-SCL-250113-02,train
C2462,ISRO-SCL-250407-14,train
C2463,ISRO-SCL-250407-14,train
C2464,ISRO-SCL-250317-11,train
C2465,ISRO-SCL-250505-18,train
C2466,ISRO-SCL-250217-07,test
C2467,ISRO-SCL-250113-02,train
C2468,ISRO-SCL-250317-11,train
C2469,ISRO-SCL-250421-16,val
C2470,ISRO-SCL-250113-02,train
C2471,ISRO-SCL-250127-04,test
C2472,ISRO-SCL-250421-16,val
C2473,ISRO-SCL-250421-16,val
C2474,ISRO-SCL-250303-09,test
C2475,ISRO-SCL-250421-16,val
C2476,ISRO-SCL-250127-04,test
C2477,ISRO-SCL-250317-11,train
C2478,ISRO-SCL-250519-20,val
C2479,ISRO-SCL-250224-08,train
C2480,ISRO-SCL-250224-08,train
C2481,ISRO-SCL-250428-17,train
C2482,ISRO-SCL-250324-12,train
C2483,ISRO-SCL-250303-09,test
C2484,ISRO-SCL-250217-07,test
C2485,ISRO-SCL-250113-02,train
C2486,ISRO-SCL-250113-02,train
C2487,ISRO-SCL-250303-09,test
C2488,ISRO-SCL-250407-14,train
C2489,ISRO-SCL-250303-09,test
C2490,ISRO-SCL-250113-02,train
C2491,ISRO-SCL-250210-06,train
C2492,ISRO-SCL-250407-14,train
C2493,ISRO-SCL-250407-14,train
C2494,ISRO-SCL-250217-07,test
C2495,ISRO-SCL-250317-11,train
C2496,ISRO-SCL-250210-06,train
C2497,ISRO-SCL-250421-16,val
C2498,ISRO-SCL-250310-10,train
C2499,ISRO-SCL-250428-17,train
C2500,ISRO-SCL-250224-08,train
C2501,ISRO-SCL-250210-06,train
C2502,ISRO-SCL-250203-05,test
C2503,ISRO-SCL-250407-14,train
C2504,ISRO-SCL-250106-01,train
C2505,ISRO-SCL-250310-10,train
C2506,ISRO-SCL-250224-08,train
C2507,ISRO-SCL-250519-20,val
C2508,ISRO-SCL-250407-14,train
C2509,ISRO-SCL-250407-14,train
C2510,ISRO-SCL-250113-02,train
C2511,ISRO-SCL-250414-15,val
C2512,ISRO-SCL-250407-14,train
C2513,ISRO-SCL-250217-07,test
C2514,ISRO-SCL-250224-08,train
C2515,ISRO-SCL-250120-03,val
C2516,ISRO-SCL-250512-19,train
C2517,ISRO-SCL-250127-04,test
C2518,ISRO-SCL-250414-15,val
C2519,ISRO-SCL-250203-05,test
C2520,ISRO-SCL-250421-16,val
C2521,ISRO-SCL-250127-04,test
C2522,ISRO-SCL-250217-07,test
C2523,ISRO-SCL-250407-14,train
C2524,ISRO-SCL-250331-13,train
C2525,ISRO-SCL-250113-02,train
C2526,ISRO-SCL-250203-05,test
C2527,ISRO-SCL-250428-17,train
C2528,ISRO-SCL-250303-09,test
C2529,ISRO-SCL-250303-09,test
C2530,ISRO-SCL-250310-10,train
C2531,ISRO-SCL-250414-15,val
C2532,ISRO-SCL-250113-02,train
C2533,ISRO-SCL-250224-08,train
C2534,ISRO-SCL-250512-19,train
C2535,ISRO-SCL-250428-17,train
C2536,ISRO-SCL-250113-02,train
C2537,ISRO-SCL-250113-02,train
C2538,ISRO-SCL-250512-19,train
C2539,ISRO-SCL-250224-08,train
C2540,ISRO-SCL-250407-14,train
C2541,ISRO-SCL-250224-08,train
C2542,ISRO-SCL-250203-05,test
C2543,ISRO-SCL-250317-11,train
C2544,ISRO-SCL-250224-08,train
C2545,ISRO-SCL-250203-05,test
C2546,ISRO-SCL-250127-04,test
C2547,ISRO-SCL-250414-15,val
C2548,ISRO-SCL-250310-10,train
C2549,ISRO-SCL-250120-03,val
C2550,ISRO-SCL-250224-08,train
C2551,ISRO-SCL-250310-10,train
C2552,ISRO-SCL-250113-02,train
C2553,ISRO-SCL-250113-02,train
C2554,ISRO-SCL-250127-04,test
C2555,ISRO-SCL-250414-15,val
C2556,ISRO-SCL-250317-11,train
C2557,ISRO-SCL-250217-07,test
C2558,ISRO-SCL-250120-03,val
C2559,ISRO-SCL-250127-04,test
C2560,ISRO-SCL-250310-10,train
C2561,ISRO-SCL-250414-15,val
C2562,ISRO-SCL-250217-07,test
C2563,ISRO-SCL-250106-01,train
C2564,ISRO-SCL-250217-07,test
C2565,ISRO-SCL-250113-02,train
C2566,ISRO-SCL-250217-07,test
C2567,ISRO-SCL-250224-08,train
C2568,ISRO-SCL-250217-07,test
C2569,ISRO-SCL-250106-01,train
C2570,ISRO-SCL-250217-07,test
C2571,ISRO-SCL-250217-07,test
C2572,ISRO-SCL-250120-03,val
C2573,ISRO-SCL-250407-14,train
C2574,ISRO-SCL-250120-03,val
C2575,ISRO-SCL-250106-01,train
C2576,ISRO-SCL-250407-14,train
C2577,ISRO-SCL-250505-18,train
C2578,ISRO-SCL-250113-02,train
C2579,ISRO-SCL-250120-03,val
C2580,ISRO-SCL-250421-16,val
C2581,ISRO-SCL-250106-01,train
C2582,ISRO-SCL-250407-14,train
C2583,ISRO-SCL-250324-12,train
C2584,ISRO-SCL-250113-02,train
C2585,ISRO-SCL-250113-02,train
C2586,ISRO-SCL-250414-15,val
C2587,ISRO-SCL-250217-07,test
C2588,ISRO-SCL-250310-10,train
C2589,ISRO-SCL-250414-15,val
C2590,ISRO-SCL-250407-14,train
C2591,ISRO-SCL-250519-20,val
C2592,ISRO-SCL-250113-02,train
C2593,ISRO-SCL-250113-02,train
C2594,ISRO-SCL-250414-15,val
C2595,ISRO-SCL-250407-14,train
C2596,ISRO-SCL-250203-05,test
C2597,ISRO-SCL-250414-15,val
C2598,ISRO-SCL-250428-17,train
C2599,ISRO-SCL-250217-07,test
C2600,ISRO-SCL-250331-13,train
C2601,ISRO-SCL-250421-16,val
C2602,ISRO-SCL-250414-15,val
C2603,ISRO-SCL-250127-04,test
C2604,ISRO-SCL-250224-08,train
C2605,ISRO-SCL-250127-04,test
C2606,ISRO-SCL-250324-12,train
C2607,ISRO-SCL-250210-06,train
C2608,ISRO-SCL-250414-15,val
C2609,ISRO-SCL-250224-08,train
C2610,ISRO-SCL-250428-17,train
C2611,ISRO-SCL-250127-04,test
C2612,ISRO-SCL-250505-18,train
C2613,ISRO-SCL-250224-08,train
C2614,ISRO-SCL-250310-10,train
C2615,ISRO-SCL-250210-06,train
C2616,ISRO-SCL-250127-04,test
C2617,ISRO-SCL-250303-09,test
C2618,ISRO-SCL-250310-10,train
C2619,ISRO-SCL-250113-02,train
C2620,ISRO-SCL-250414-15,val
C2621,ISRO-SCL-250421-16,val
C2622,ISRO-SCL-250217-07,test
C2623,ISRO-SCL-250310-10,train
C2624,ISRO-SCL-250113-02,train
C2625,ISRO-SCL-250120-03,val
C2626,ISRO-SCL-250106-01,train
C2627,ISRO-SCL-250217-07,test
C2628,ISRO-SCL-250217-07,test
C2629,ISRO-SCL-250106-01,train
C2630,ISRO-SCL-250421-16,val
C2631,ISRO-SCL-250331-13,train
C2632,ISRO-SCL-250324-12,train
C2633,ISRO-SCL-250331-13,train
C2634,ISRO-SCL-250414-15,val
C2635,ISRO-SCL-250331-13,train
C2636,ISRO-SCL-250317-11,train
C2637,ISRO-SCL-250310-10,train
C2638,ISRO-SCL-250428-17,train
C2639,ISRO-SCL-250421-16,val
C2640,ISRO-SCL-250421-16,val
C2641,ISRO-SCL-250113-02,train
C2642,ISRO-SCL-250519-20,val
C2643,ISRO-SCL-250113-02,train
C2644,ISRO-SCL-250113-02,train
C2645,ISRO-SCL-250127-04,test
C2646,ISRO-SCL-250106-01,train
C2647,ISRO-SCL-250210-06,train
C2648,ISRO-SCL-250505-18,train
C2649,ISRO-SCL-250203-05,test
C2650,ISRO-SCL-250414-15,val
C2651,ISRO-SCL-250106-01,train
C2652,ISRO-SCL-250519-20,val
C2653,ISRO-SCL-250217-07,test
C2654,ISRO-SCL-250310-10,train
C2655,ISRO-SCL-250106-01,train
C2656,ISRO-SCL-250331-13,train
C2657,ISRO-SCL-250217-07,test
C2658,ISRO-SCL-250331-13,train
C2659,ISRO-SCL-250224-08,train
C2660,ISRO-SCL-250421-16,val
C2661,ISRO-SCL-250113-02,train
C2662,ISRO-SCL-250210-06,train
C2663,ISRO-SCL-250217-07,test
C2664,ISRO-SCL-250407-14,train
C2665,ISRO-SCL-250505-18,train
C2666,ISRO-SCL-250310-10,train
C2667,ISRO-SCL-250331-13,train
C2668,ISRO-SCL-250407-14,train
C2669,ISRO-SCL-250512-19,train
C2670,ISRO-SCL-250421-16,val
C2671,ISRO-SCL-250127-04,test
C2672,ISRO-SCL-250428-17,train
C2673,ISRO-SCL-250203-05,test
C2674,ISRO-SCL-250210-06,train
C2675,ISRO-SCL-250407-14,train
C2676,ISRO-SCL-250217-07,test
C2677,ISRO-SCL-250331-13,train
C2678,ISRO-SCL-250310-10,train
C2679,ISRO-SCL-250127-04,test
C2680,ISRO-SCL-250203-05,test
C2681,ISRO-SCL-250127-04,test
C2682,ISRO-SCL-250428-17,train
C2683,ISRO-SCL-250120-03,val
C2684,ISRO-SCL-250505-18,train
C2685,ISRO-SCL-250414-15,val
C2686,ISRO-SCL-250331-13,train
C2687,ISRO-SCL-250210-06,train
C2688,ISRO-SCL-250217-07,test
C2689,ISRO-SCL-250203-05,test
C2690,ISRO-SCL-250120-03,val
C2691,ISRO-SCL-250224-08,train
C2692,ISRO-SCL-250113-02,train
C2693,ISRO-SCL-250421-16,val
C2694,ISRO-SCL-250217-07,test
C2695,ISRO-SCL-250217-07,test
C2696,ISRO-SCL-250421-16,val
C2697,ISRO-SCL-250217-07,test
C2698,ISRO-SCL-250407-14,train
C2699,ISRO-SCL-250421-16,val
C2700,ISRO-SCL-250106-01,train
C2701,ISRO-SCL-250421-16,val
C2702,ISRO-SCL-250421-16,val
C2703,ISRO-SCL-250224-08,train
C2704,ISRO-SCL-250217-07,test
C2705,ISRO-SCL-250414-15,val
C2706,ISRO-SCL-250310-10,train
C2707,ISRO-SCL-250113-02,train
C2708,ISRO-SCL-250106-01,train
C2709,ISRO-SCL-250106-01,train
C2710,ISRO-SCL-250310-10,train
C2711,ISRO-SCL-250414-15,val
C2712,ISRO-SCL-250331-13,train
C2713,ISRO-SCL-250414-15,val
C2714,ISRO-SCL-250324-12,train
C2715,ISRO-SCL-250317-11,train
C2716,ISRO-SCL-250407-14,train
C2717,ISRO-SCL-250505-18,train
C2718,ISRO-SCL-250414-15,val
C2719,ISRO-SCL-250519-20,val
C2720,ISRO-SCL-250224-08,train
C2721,ISRO-SCL-250113-02,train
C2722,ISRO-SCL-250310-10,train
C2723,ISRO-SCL-250407-14,train
C2724,ISRO-SCL-250324-12,train
C2725,ISRO-SCL-250113-02,train
C2726,ISRO-SCL-250113-02,train
C2727,ISRO-SCL-250512-19,train
C2728,ISRO-SCL-250414-15,val
C2729,ISRO-SCL-250324-12,train
C2730,ISRO-SCL-250113-02,train
C2731,ISRO-SCL-250331-13,train
C2732,ISRO-SCL-250113-02,train
C2733,ISRO-SCL-250303-09,test
C2734,ISRO-SCL-250331-13,train
C2735,ISRO-SCL-250505-18,train
C2736,ISRO-SCL-250203-05,test
C2737,ISRO-SCL-250303-09,test
C2738,ISRO-SCL-250421-16,val
C2739,ISRO-SCL-250120-03,val
C2740,ISRO-SCL-250407-14,train
C2741,ISRO-SCL-250317-11,train
C2742,ISRO-SCL-250224-08,train
C2743,ISRO-SCL-250224-08,train
C2744,ISRO-SCL-250512-19,train
C2745,ISRO-SCL-250519-20,val
C2746,ISRO-SCL-250113-02,train
C2747,ISRO-SCL-250203-05,test
C2748,ISRO-SCL-250217-07,test
C2749,ISRO-SCL-250414-15,val
C2750,ISRO-SCL-250113-02,train
C2751,ISRO-SCL-250127-04,test
C2752,ISRO-SCL-250421-16,val
C2753,ISRO-SCL-250407-14,train
C2754,ISRO-SCL-250505-18,train
C2755,ISRO-SCL-250203-05,test
C2756,ISRO-SCL-250414-15,val
C2757,ISRO-SCL-250414-15,val
C2758,ISRO-SCL-250407-14,train
C2759,ISRO-SCL-250317-11,train
C2760,ISRO-SCL-250203-05,test
C2761,ISRO-SCL-250303-09,test
C2762,ISRO-SCL-250331-13,train
C2763,ISRO-SCL-250127-04,test
C2764,ISRO-SCL-250310-10,train
C2765,ISRO-SCL-250217-07,test
C2766,ISRO-SCL-250217-07,test
C2767,ISRO-SCL-250331-13,train
C2768,ISRO-SCL-250310-10,train
C2769,ISRO-SCL-250210-06,train
C2770,ISRO-SCL-250505-18,train
C2771,ISRO-SCL-250421-16,val
C2772,ISRO-SCL-250210-06,train
C2773,ISRO-SCL-250407-14,train
C2774,ISRO-SCL-250310-10,train
C2775,ISRO-SCL-250505-18,train
C2776,ISRO-SCL-250407-14,train
C2777,ISRO-SCL-250407-14,train
C2778,ISRO-SCL-250310-10,train
C2779,ISRO-SCL-250519-20,val
C2780,ISRO-SCL-250331-13,train
C2781,ISRO-SCL-250324-12,train
C2782,ISRO-SCL-250217-07,test
C2783,ISRO-SCL-250203-05,test
C2784,ISRO-SCL-250331-13,train
C2785,ISRO-SCL-250317-11,train
C2786,ISRO-SCL-250106-01,train
C2787,ISRO-SCL-250203-05,test
C2788,ISRO-SCL-250203-05,test
C2789,ISRO-SCL-250407-14,train
C2790,ISRO-SCL-250407-14,train
C2791,ISRO-SCL-250303-09,test
C2792,ISRO-SCL-250210-06,train
C2793,ISRO-SCL-250217-07,test
C2794,ISRO-SCL-250324-12,train
C2795,ISRO-SCL-250428-17,train
C2796,ISRO-SCL-250310-10,train
C2797,ISRO-SCL-250303-09,test
C2798,ISRO-SCL-250324-12,train
C2799,ISRO-SCL-250224-08,train
C2800,ISRO-SCL-250310-10,train
C2801,ISRO-SCL-250113-02,train
C2802,ISRO-SCL-250210-06,train
C2803,ISRO-SCL-250421-16,val
C2804,ISRO-SCL-250224-08,train
C2805,ISRO-SCL-250224-08,train
C2806,ISRO-SCL-250106-01,train
C2807,ISRO-SCL-250512-19,train
C2808,ISRO-SCL-250421-16,val
C2809,ISRO-SCL-250414-15,val
C2810,ISRO-SCL-250407-14,train
C2811,ISRO-SCL-250421-16,val
C2812,ISRO-SCL-250224-08,train
C2813,ISRO-SCL-250106-01,train
C2814,ISRO-SCL-250303-09,test
C2815,ISRO-SCL-250127-04,test
C2816,ISRO-SCL-250407-14,train
C2817,ISRO-SCL-250414-15,val
C2818,ISRO-SCL-250113-02,train
C2819,ISRO-SCL-250512-19,train
C2820,ISRO-SCL-250428-17,train
C2821,ISRO-SCL-250113-02,train
C2822,ISRO-SCL-250505-18,train
C2823,ISRO-SCL-250421-16,val
C2824,ISRO-SCL-250113-02,train
C2825,ISRO-SCL-250407-14,train
C2826,ISRO-SCL-250310-10,train
C2827,ISRO-SCL-250407-14,train
C2828,ISRO-SCL-250106-01,train
C2829,ISRO-SCL-250331-13,train
C2830,ISRO-SCL-250210-06,train
C2831,ISRO-SCL-250210-06,train
C2832,ISRO-SCL-250331-13,train
C2833,ISRO-SCL-250224-08,train
C2834,ISRO-SCL-250505-18,train
C2835,ISRO-SCL-250324-12,train
C2836,ISRO-SCL-250210-06,train
C2837,ISRO-SCL-250217-07,test
C2838,ISRO-SCL-250512-19,train
C2839,ISRO-SCL-250414-15,val
C2840,ISRO-SCL-250113-02,train
C2841,ISRO-SCL-250113-02,train
C2842,ISRO-SCL-250113-02,train
C2843,ISRO-SCL-250505-18,train
C2844,ISRO-SCL-250505-18,train
C2845,ISRO-SCL-250421-16,val
C2846,ISRO-SCL-250421-16,val
C2847,ISRO-SCL-250310-10,train
C2848,ISRO-SCL-250317-11,train
C2849,ISRO-SCL-250407-14,train
C2850,ISRO-SCL-250324-12,train
C2851,ISRO-SCL-250203-05,test
C2852,ISRO-SCL-250120-03,val
C2853,ISRO-SCL-250407-14,train
C2854,ISRO-SCL-250203-05,test
C2855,ISRO-SCL-250120-03,val
C2856,ISRO-SCL-250512-19,train
C2857,ISRO-SCL-250127-04,test
C2858,ISRO-SCL-250217-07,test
C2859,ISRO-SCL-250310-10,train
C2860,ISRO-SCL-250127-04,test
C2861,ISRO-SCL-250127-04,test
C2862,ISRO-SCL-250407-14,train
C2863,ISRO-SCL-250414-15,val
C2864,ISRO-SCL-250127-04,test
C2865,ISRO-SCL-250414-15,val
C2866,ISRO-SCL-250317-11,train
C2867,ISRO-SCL-250317-11,train
C2868,ISRO-SCL-250519-20,val
C2869,ISRO-SCL-250505-18,train
C2870,ISRO-SCL-250414-15,val
C2871,ISRO-SCL-250421-16,val
C2872,ISRO-SCL-250203-05,test
C2873,ISRO-SCL-250106-01,train
C2874,ISRO-SCL-250113-02,train
C2875,ISRO-SCL-250127-04,test
C2876,ISRO-SCL-250224-08,train
C2877,ISRO-SCL-250428-17,train
C2878,ISRO-SCL-250324-12,train
C2879,ISRO-SCL-250407-14,train
C2880,ISRO-SCL-250224-08,train
C2881,ISRO-SCL-250203-05,test
C2882,ISRO-SCL-250317-11,train
C2883,ISRO-SCL-250407-14,train
C2884,ISRO-SCL-250519-20,val
C2885,ISRO-SCL-250310-10,train
C2886,ISRO-SCL-250331-13,train
C2887,ISRO-SCL-250421-16,val
C2888,ISRO-SCL-250210-06,train
C2889,ISRO-SCL-250428-17,train
C2890,ISRO-SCL-250407-14,train
C2891,ISRO-SCL-250210-06,train
C2892,ISRO-SCL-250414-15,val
C2893,ISRO-SCL-250113-02,train
C2894,ISRO-SCL-250113-02,train
C2895,ISRO-SCL-250217-07,test
C2896,ISRO-SCL-250303-09,test
C2897,ISRO-SCL-250512-19,train
C2898,ISRO-SCL-250217-07,test
C2899,ISRO-SCL-250421-16,val
C2900,ISRO-SCL-250310-10,train
C2901,ISRO-SCL-250324-12,train
C2902,ISRO-SCL-250127-04,test
C2903,ISRO-SCL-250407-14,train
C2904,ISRO-SCL-250127-04,test
C2905,ISRO-SCL-250310-10,train
C2906,ISRO-SCL-250324-12,train
C2907,ISRO-SCL-250127-04,test
C2908,ISRO-SCL-250113-02,train
C2909,ISRO-SCL-250203-05,test
C2910,ISRO-SCL-250310-10,train
C2911,ISRO-SCL-250414-15,val
C2912,ISRO-SCL-250421-16,val
C2913,ISRO-SCL-250120-03,val
C2914,ISRO-SCL-250106-01,train
C2915,ISRO-SCL-250303-09,test
C2916,ISRO-SCL-250210-06,train
C2917,ISRO-SCL-250113-02,train
C2918,ISRO-SCL-250127-04,test
C2919,ISRO-SCL-250324-12,train
C2920,ISRO-SCL-250310-10,train
C2921,ISRO-SCL-250127-04,test
C2922,ISRO-SCL-250407-14,train
C2923,ISRO-SCL-250210-06,train
C2924,ISRO-SCL-250303-09,test
C2925,ISRO-SCL-250414-15,val
C2926,ISRO-SCL-250113-02,train
C2927,ISRO-SCL-250512-19,train
C2928,ISRO-SCL-250224-08,train
C2929,ISRO-SCL-250331-13,train
C2930,ISRO-SCL-250414-15,val
C2931,ISRO-SCL-250505-18,train
C2932,ISRO-SCL-250113-02,train
C2933,ISRO-SCL-250113-02,train
C2934,ISRO-SCL-250217-07,test
C2935,ISRO-SCL-250505-18,train
C2936,ISRO-SCL-250331-13,train
C2937,ISRO-SCL-250519-20,val
C2938,ISRO-SCL-250217-07,test
C2939,ISRO-SCL-250224-08,train
C2940,ISRO-SCL-250224-08,train
C2941,ISRO-SCL-250310-10,train
C2942,ISRO-SCL-250224-08,train
C2943,ISRO-SCL-250106-01,train
C2944,ISRO-SCL-250505-18,train
C2945,ISRO-SCL-250407-14,train
C2946,ISRO-SCL-250217-07,test
C2947,ISRO-SCL-250512-19,train
C2948,ISRO-SCL-250106-01,train
C2949,ISRO-SCL-250414-15,val
C2950,ISRO-SCL-250407-14,train
C2951,ISRO-SCL-250303-09,test
C2952,ISRO-SCL-250414-15,val
C2953,ISRO-SCL-250414-15,val
C2954,ISRO-SCL-250331-13,train
C2955,ISRO-SCL-250407-14,train
C2956,ISRO-SCL-250120-03,val
C2957,ISRO-SCL-250310-10,train
C2958,ISRO-SCL-250120-03,val
C2959,ISRO-SCL-250331-13,train
C2960,ISRO-SCL-250210-06,train
C2961,ISRO-SCL-250203-05,test
C2962,ISRO-SCL-250414-15,val
C2963,ISRO-SCL-250224-08,train
C2964,ISRO-SCL-250113-02,train
C2965,ISRO-SCL-250428-17,train
C2966,ISRO-SCL-250505-18,train
C2967,ISRO-SCL-250203-05,test
C2968,ISRO-SCL-250217-07,test
C2969,ISRO-SCL-250224-08,train
C2970,ISRO-SCL-250331-13,train
C2971,ISRO-SCL-250217-07,test
C2972,ISRO-SCL-250224-08,train
C2973,ISRO-SCL-250407-14,train
C2974,ISRO-SCL-250512-19,train
C2975,ISRO-SCL-250113-02,train
C2976,ISRO-SCL-250106-01,train
C2977,ISRO-SCL-250421-16,val
C2978,ISRO-SCL-250414-15,val
C2979,ISRO-SCL-250120-03,val
C2980,ISRO-SCL-250428-17,train
C2981,ISRO-SCL-250317-11,train
C2982,ISRO-SCL-250224-08,train
C2983,ISRO-SCL-250421-16,val
C2984,ISRO-SCL-250512-19,train
C2985,ISRO-SCL-250113-02,train
C2986,ISRO-SCL-250127-04,test
C2987,ISRO-SCL-250421-16,val
C2988,ISRO-SCL-250324-12,train
C2989,ISRO-SCL-250317-11,train
C2990,ISRO-SCL-250310-10,train
C2991,ISRO-SCL-250407-14,train
C2992,ISRO-SCL-250310-10,train
C2993,ISRO-SCL-250217-07,test
C2994,ISRO-SCL-250303-09,test
C2995,ISRO-SCL-250414-15,val
C2996,ISRO-SCL-250203-05,test
C2997,ISRO-SCL-250127-04,test
C2998,ISRO-SCL-250512-19,train
C2999,ISRO-SCL-250414-15,val
C3000,ISRO-SCL-250217-07,test
C3001,ISRO-SCL-250317-11,train
C3002,ISRO-SCL-250127-04,test
C3003,ISRO-SCL-250407-14,train
C3004,ISRO-SCL-250519-20,val
C3005,ISRO-SCL-250120-03,val
C3006,ISRO-SCL-250512-19,train
C3007,ISRO-SCL-250331-13,train
C3008,ISRO-SCL-250113-02,train
C3009,ISRO-SCL-250217-07,test
C3010,ISRO-SCL-250324-12,train
C3011,ISRO-SCL-250106-01,train
C3012,ISRO-SCL-250120-03,val
C3013,ISRO-SCL-250519-20,val
C3014,ISRO-SCL-250421-16,val
C3015,ISRO-SCL-250505-18,train
C3016,ISRO-SCL-250203-05,test
C3017,ISRO-SCL-250224-08,train
C3018,ISRO-SCL-250120-03,val
C3019,ISRO-SCL-250224-08,train
C3020,ISRO-SCL-250310-10,train
C3021,ISRO-SCL-250407-14,train
C3022,ISRO-SCL-250421-16,val
C3023,ISRO-SCL-250407-14,train
C3024,ISRO-SCL-250106-01,train
C3025,ISRO-SCL-250106-01,train
C3026,ISRO-SCL-250217-07,test
C3027,ISRO-SCL-250519-20,val
C3028,ISRO-SCL-250113-02,train
C3029,ISRO-SCL-250421-16,val
C3030,ISRO-SCL-250217-07,test
C3031,ISRO-SCL-250428-17,train
C3032,ISRO-SCL-250407-14,train
C3033,ISRO-SCL-250505-18,train
C3034,ISRO-SCL-250421-16,val
C3035,ISRO-SCL-250428-17,train
C3036,ISRO-SCL-250407-14,train
C3037,ISRO-SCL-250414-15,val
C3038,ISRO-SCL-250203-05,test
C3039,ISRO-SCL-250414-15,val
C3040,ISRO-SCL-250210-06,train
C3041,ISRO-SCL-250310-10,train
C3042,ISRO-SCL-250303-09,test
C3043,ISRO-SCL-250120-03,val
C3044,ISRO-SCL-250120-03,val
C3045,ISRO-SCL-250414-15,val
C3046,ISRO-SCL-250324-12,train
C3047,ISRO-SCL-250217-07,test
C3048,ISRO-SCL-250310-10,train
C3049,ISRO-SCL-250512-19,train
C3050,ISRO-SCL-250331-13,train
C3051,ISRO-SCL-250113-02,train
C3052,ISRO-SCL-250217-07,test
C3053,ISRO-SCL-250210-06,train
C3054,ISRO-SCL-250217-07,test
C3055,ISRO-SCL-250203-05,test
C3056,ISRO-SCL-250505-18,train
C3057,ISRO-SCL-250317-11,train
C3058,ISRO-SCL-250310-10,train
C3059,ISRO-SCL-250203-05,test
C3060,ISRO-SCL-250127-04,test
C3061,ISRO-SCL-250407-14,train
C3062,ISRO-SCL-250407-14,train
C3063,ISRO-SCL-250203-05,test
C3064,ISRO-SCL-250414-15,val
C3065,ISRO-SCL-250407-14,train
C3066,ISRO-SCL-250324-12,train
C3067,ISRO-SCL-250407-14,train
C3068,ISRO-SCL-250127-04,test
C3069,ISRO-SCL-250505-18,train
C3070,ISRO-SCL-250210-06,train
C3071,ISRO-SCL-250512-19,train
C3072,ISRO-SCL-250428-17,train
C3073,ISRO-SCL-250310-10,train
C3074,ISRO-SCL-250331-13,train
C3075,ISRO-SCL-250203-05,test
C3076,ISRO-SCL-250421-16,val
C3077,ISRO-SCL-250331-13,train
C3078,ISRO-SCL-250310-10,train
C3079,ISRO-SCL-250331-13,train
C3080,ISRO-SCL-250317-11,train
C3081,ISRO-SCL-250106-01,train
C3082,ISRO-SCL-250331-13,train
C3083,ISRO-SCL-250210-06,train
C3084,ISRO-SCL-250113-02,train
C3085,ISRO-SCL-250310-10,train
C3086,ISRO-SCL-250414-15,val
C3087,ISRO-SCL-250113-02,train
C3088,ISRO-SCL-250310-10,train
C3089,ISRO-SCL-250331-13,train
C3090,ISRO-SCL-250106-01,train
C3091,ISRO-SCL-250407-14,train
C3092,ISRO-SCL-250224-08,train
C3093,ISRO-SCL-250331-13,train
C3094,ISRO-SCL-250113-02,train
C3095,ISRO-SCL-250113-02,train
C3096,ISRO-SCL-250505-18,train
C3097,ISRO-SCL-250224-08,train
C3098,ISRO-SCL-250106-01,train
C3099,ISRO-SCL-250407-14,train
C3100,ISRO-SCL-250303-09,test
C3101,ISRO-SCL-250217-07,test
C3102,ISRO-SCL-250120-03,val
C3103,ISRO-SCL-250317-11,train
C3104,ISRO-SCL-250224-08,train
C3105,ISRO-SCL-250224-08,train
C3106,ISRO-SCL-250331-13,train
C3107,ISRO-SCL-250414-15,val
C3108,ISRO-SCL-250113-02,train
C3109,ISRO-SCL-250414-15,val
C3110,ISRO-SCL-250512-19,train
C3111,ISRO-SCL-250310-10,train
C3112,ISRO-SCL-250324-12,train
C3113,ISRO-SCL-250407-14,train
C3114,ISRO-SCL-250310-10,train
C3115,ISRO-SCL-250407-14,train
C3116,ISRO-SCL-250224-08,train
C3117,ISRO-SCL-250407-14,train
C3118,ISRO-SCL-250421-16,val
C3119,ISRO-SCL-250407-14,train
C3120,ISRO-SCL-250113-02,train
C3121,ISRO-SCL-250203-05,test
C3122,ISRO-SCL-250217-07,test
C3123,ISRO-SCL-250210-06,train
C3124,ISRO-SCL-250317-11,train
C3125,ISRO-SCL-250310-10,train
C3126,ISRO-SCL-250310-10,train
C3127,ISRO-SCL-250407-14,train
C3128,ISRO-SCL-250217-07,test
C3129,ISRO-SCL-250519-20,val
C3130,ISRO-SCL-250120-03,val
C3131,ISRO-SCL-250331-13,train
C3132,ISRO-SCL-250414-15,val
C3133,ISRO-SCL-250421-16,val
C3134,ISRO-SCL-250331-13,train
C3135,ISRO-SCL-250224-08,train
C3136,ISRO-SCL-250203-05,test
C3137,ISRO-SCL-250407-14,train
C3138,ISRO-SCL-250407-14,train
C3139,ISRO-SCL-250203-05,test
C3140,ISRO-SCL-250407-14,train
C3141,ISRO-SCL-250407-14,train
C3142,ISRO-SCL-250203-05,test
C3143,ISRO-SCL-250505-18,train
C3144,ISRO-SCL-250120-03,val
C3145,ISRO-SCL-250310-10,train
C3146,ISRO-SCL-250407-14,train
C3147,ISRO-SCL-250414-15,val
C3148,ISRO-SCL-250407-14,train
C3149,ISRO-SCL-250120-03,val
C3150,ISRO-SCL-250310-10,train
C3151,ISRO-SCL-250519-20,val
C3152,ISRO-SCL-250331-13,train
C3153,ISRO-SCL-250414-15,val
C3154,ISRO-SCL-250210-06,train
C3155,ISRO-SCL-250324-12,train
C3156,ISRO-SCL-250127-04,test
C3157,ISRO-SCL-250217-07,test
C3158,ISRO-SCL-250414-15,val
C3159,ISRO-SCL-250331-13,train
C3160,ISRO-SCL-250113-02,train
C3161,ISRO-SCL-250310-10,train
C3162,ISRO-SCL-250407-14,train
C3163,ISRO-SCL-250519-20,val
C3164,ISRO-SCL-250414-15,val
C3165,ISRO-SCL-250120-03,val
C3166,ISRO-SCL-250428-17,train
C3167,ISRO-SCL-250217-07,test
C3168,ISRO-SCL-250127-04,test
C3169,ISRO-SCL-250428-17,train
C3170,ISRO-SCL-250505-18,train
C3171,ISRO-SCL-250505-18,train
C3172,ISRO-SCL-250113-02,train
C3173,ISRO-SCL-250421-16,val
C3174,ISRO-SCL-250324-12,train
C3175,ISRO-SCL-250217-07,test
C3176,ISRO-SCL-250310-10,train
C3177,ISRO-SCL-250512-19,train
C3178,ISRO-SCL-250203-05,test
C3179,ISRO-SCL-250505-18,train
C3180,ISRO-SCL-250106-01,train
C3181,ISRO-SCL-250407-14,train
C3182,ISRO-SCL-250303-09,test
C3183,ISRO-SCL-250113-02,train
C3184,ISRO-SCL-250421-16,val
C3185,ISRO-SCL-250310-10,train
C3186,ISRO-SCL-250224-08,train
C3187,ISRO-SCL-250505-18,train
C3188,ISRO-SCL-250414-15,val
C3189,ISRO-SCL-250127-04,test
C3190,ISRO-SCL-250505-18,train
C3191,ISRO-SCL-250414-15,val
C3192,ISRO-SCL-250505-18,train
C3193,ISRO-SCL-250414-15,val
C3194,ISRO-SCL-250519-20,val
C3195,ISRO-SCL-250127-04,test
C3196,ISRO-SCL-250310-10,train
C3197,ISRO-SCL-250303-09,test
C3198,ISRO-SCL-250203-05,test
C3199,ISRO-SCL-250303-09,test
C3200,ISRO-SCL-250120-03,val
C3201,ISRO-SCL-250127-04,test
C3202,ISRO-SCL-250203-05,test
C3203,ISRO-SCL-250203-05,test
C3204,ISRO-SCL-250217-07,test
C3205,ISRO-SCL-250217-07,test
C3206,ISRO-SCL-250421-16,val
C3207,ISRO-SCL-250203-05,test
C3208,ISRO-SCL-250210-06,train
C3209,ISRO-SCL-250414-15,val
C3210,ISRO-SCL-250310-10,train
C3211,ISRO-SCL-250210-06,train
C3212,ISRO-SCL-250210-06,train
C3213,ISRO-SCL-250428-17,train
C3214,ISRO-SCL-250113-02,train
C3215,ISRO-SCL-250512-19,train
C3216,ISRO-SCL-250407-14,train
C3217,ISRO-SCL-250505-18,train
C3218,ISRO-SCL-250317-11,train
C3219,ISRO-SCL-250113-02,train
C3220,ISRO-SCL-250512-19,train
C3221,ISRO-SCL-250127-04,test
C3222,ISRO-SCL-250210-06,train
C3223,ISRO-SCL-250127-04,test
C3224,ISRO-SCL-250217-07,test
C3225,ISRO-SCL-250106-01,train
C3226,ISRO-SCL-250217-07,test
C3227,ISRO-SCL-250324-12,train
C3228,ISRO-SCL-250224-08,train
C3229,ISRO-SCL-250331-13,train
C3230,ISRO-SCL-250127-04,test
C3231,ISRO-SCL-250113-02,train
C3232,ISRO-SCL-250310-10,train
C3233,ISRO-SCL-250331-13,train
C3234,ISRO-SCL-250407-14,train
C3235,ISRO-SCL-250331-13,train
C3236,ISRO-SCL-250331-13,train
C3237,ISRO-SCL-250127-04,test
C3238,ISRO-SCL-250428-17,train
C3239,ISRO-SCL-250407-14,train
C3240,ISRO-SCL-250331-13,train
C3241,ISRO-SCL-250421-16,val
C3242,ISRO-SCL-250127-04,test
C3243,ISRO-SCL-250331-13,train
C3244,ISRO-SCL-250113-02,train
C3245,ISRO-SCL-250407-14,train
C3246,ISRO-SCL-250217-07,test
C3247,ISRO-SCL-250512-19,train
C3248,ISRO-SCL-250203-05,test
C3249,ISRO-SCL-250224-08,train
C3250,ISRO-SCL-250120-03,val
C3251,ISRO-SCL-250203-05,test
C3252,ISRO-SCL-250407-14,train
C3253,ISRO-SCL-250210-06,train
C3254,ISRO-SCL-250317-11,train
C3255,ISRO-SCL-250203-05,test
C3256,ISRO-SCL-250324-12,train
C3257,ISRO-SCL-250203-05,test
C3258,ISRO-SCL-250113-02,train
C3259,ISRO-SCL-250113-02,train
C3260,ISRO-SCL-250303-09,test
C3261,ISRO-SCL-250331-13,train
C3262,ISRO-SCL-250203-05,test
C3263,ISRO-SCL-250505-18,train
C3264,ISRO-SCL-250421-16,val
C3265,ISRO-SCL-250428-17,train
C3266,ISRO-SCL-250414-15,val
C3267,ISRO-SCL-250407-14,train
C3268,ISRO-SCL-250414-15,val
C3269,ISRO-SCL-250505-18,train
C3270,ISRO-SCL-250310-10,train
C3271,ISRO-SCL-250414-15,val
C3272,ISRO-SCL-250303-09,test
C3273,ISRO-SCL-250113-02,train
C3274,ISRO-SCL-250310-10,train
C3275,ISRO-SCL-250414-15,val
C3276,ISRO-SCL-250113-02,train
C3277,ISRO-SCL-250512-19,train
C3278,ISRO-SCL-250407-14,train
C3279,ISRO-SCL-250217-07,test
C3280,ISRO-SCL-250407-14,train
C3281,ISRO-SCL-250120-03,val
C3282,ISRO-SCL-250203-05,test
C3283,ISRO-SCL-250113-02,train
C3284,ISRO-SCL-250120-03,val
C3285,ISRO-SCL-250407-14,train
C3286,ISRO-SCL-250331-13,train
C3287,ISRO-SCL-250407-14,train
C3288,ISRO-SCL-250120-03,val
C3289,ISRO-SCL-250310-10,train
C3290,ISRO-SCL-250324-12,train
C3291,ISRO-SCL-250505-18,train
C3292,ISRO-SCL-250217-07,test
C3293,ISRO-SCL-250414-15,val
C3294,ISRO-SCL-250127-04,test
C3295,ISRO-SCL-250331-13,train
C3296,ISRO-SCL-250519-20,val
C3297,ISRO-SCL-250414-15,val
C3298,ISRO-SCL-250210-06,train
C3299,ISRO-SCL-250421-16,val
C3300,ISRO-SCL-250224-08,train
C3301,ISRO-SCL-250224-08,train
C3302,ISRO-SCL-250203-05,test
C3303,ISRO-SCL-250421-16,val
C3304,ISRO-SCL-250210-06,train
C3305,ISRO-SCL-250120-03,val
C3306,ISRO-SCL-250203-05,test
C3307,ISRO-SCL-250519-20,val
C3308,ISRO-SCL-250317-11,train
C3309,ISRO-SCL-250505-18,train
C3310,ISRO-SCL-250224-08,train
C3311,ISRO-SCL-250512-19,train
C3312,ISRO-SCL-250113-02,train
C3313,ISRO-SCL-250407-14,train
C3314,ISRO-SCL-250512-19,train
C3315,ISRO-SCL-250127-04,test
C3316,ISRO-SCL-250113-02,train
C3317,ISRO-SCL-250106-01,train
C3318,ISRO-SCL-250512-19,train
C3319,ISRO-SCL-250127-04,test
C3320,ISRO-SCL-250203-05,test
C3321,ISRO-SCL-250519-20,val
C3322,ISRO-SCL-250203-05,test
C3323,ISRO-SCL-250120-03,val
C3324,ISRO-SCL-250113-02,train
C3325,ISRO-SCL-250224-08,train
C3326,ISRO-SCL-250217-07,test
C3327,ISRO-SCL-250331-13,train
C3328,ISRO-SCL-250414-15,val
C3329,ISRO-SCL-250113-02,train
C3330,ISRO-SCL-250120-03,val
C3331,ISRO-SCL-250331-13,train
C3332,ISRO-SCL-250407-14,train
C3333,ISRO-SCL-250217-07,test
C3334,ISRO-SCL-250127-04,test
C3335,ISRO-SCL-250407-14,train
C3336,ISRO-SCL-250303-09,test
C3337,ISRO-SCL-250203-05,test
C3338,ISRO-SCL-250210-06,train
C3339,ISRO-SCL-250113-02,train
C3340,ISRO-SCL-250113-02,train
C3341,ISRO-SCL-250407-14,train
C3342,ISRO-SCL-250127-04,test
C3343,ISRO-SCL-250331-13,train
C3344,ISRO-SCL-250310-10,train
C3345,ISRO-SCL-250113-02,train
C3346,ISRO-SCL-250127-04,test
C3347,ISRO-SCL-250203-05,test
C3348,ISRO-SCL-250519-20,val
C3349,ISRO-SCL-250331-13,train
C3350,ISRO-SCL-250317-11,train
C3351,ISRO-SCL-250407-14,train
C3352,ISRO-SCL-250331-13,train
C3353,ISRO-SCL-250331-13,train
C3354,ISRO-SCL-250217-07,test
C3355,ISRO-SCL-250331-13,train
C3356,ISRO-SCL-250303-09,test
C3357,ISRO-SCL-250331-13,train
C3358,ISRO-SCL-250310-10,train
C3359,ISRO-SCL-250224-08,train
C3360,ISRO-SCL-250217-07,test
C3361,ISRO-SCL-250120-03,val
C3362,ISRO-SCL-250519-20,val
C3363,ISRO-SCL-250113-02,train
C3364,ISRO-SCL-250224-08,train
C3365,ISRO-SCL-250310-10,train
C3366,ISRO-SCL-250224-08,train
C3367,ISRO-SCL-250217-07,test
C3368,ISRO-SCL-250303-09,test
C3369,ISRO-SCL-250505-18,train
C3370,ISRO-SCL-250203-05,test
C3371,ISRO-SCL-250317-11,train
C3372,ISRO-SCL-250106-01,train
C3373,ISRO-SCL-250210-06,train
C3374,ISRO-SCL-250331-13,train
C3375,ISRO-SCL-250127-04,test
C3376,ISRO-SCL-250310-10,train
C3377,ISRO-SCL-250324-12,train
C3378,ISRO-SCL-250210-06,train
C3379,ISRO-SCL-250310-10,train
C3380,ISRO-SCL-250217-07,test
C3381,ISRO-SCL-250113-02,train
C3382,ISRO-SCL-250407-14,train
C3383,ISRO-SCL-250421-16,val
C3384,ISRO-SCL-250505-18,train
C3385,ISRO-SCL-250127-04,test
C3386,ISRO-SCL-250127-04,test
C3387,ISRO-SCL-250106-01,train
C3388,ISRO-SCL-250106-01,train
C3389,ISRO-SCL-250224-08,train
C3390,ISRO-SCL-250414-15,val
C3391,ISRO-SCL-250505-18,train
C3392,ISRO-SCL-250203-05,test
C3393,ISRO-SCL-250303-09,test
C3394,ISRO-SCL-250106-01,train
C3395,ISRO-SCL-250106-01,train
C3396,ISRO-SCL-250127-04,test
C3397,ISRO-SCL-250505-18,train
C3398,ISRO-SCL-250224-08,train
C3399,ISRO-SCL-250113-02,train
C3400,ISRO-SCL-250203-05,test
C3401,ISRO-SCL-250310-10,train
C3402,ISRO-SCL-250113-02,train
C3403,ISRO-SCL-250203-05,test
C3404,ISRO-SCL-250203-05,test
C3405,ISRO-SCL-250203-05,test
C3406,ISRO-SCL-250414-15,val
C3407,ISRO-SCL-250407-14,train
C3408,ISRO-SCL-250512-19,train
C3409,ISRO-SCL-250331-13,train
C3410,ISRO-SCL-250512-19,train
C3411,ISRO-SCL-250317-11,train
C3412,ISRO-SCL-250310-10,train
C3413,ISRO-SCL-250310-10,train
C3414,ISRO-SCL-250512-19,train
C3415,ISRO-SCL-250120-03,val
C3416,ISRO-SCL-250310-10,train
C3417,ISRO-SCL-250113-02,train
C3418,ISRO-SCL-250106-01,train
C3419,ISRO-SCL-250127-04,test
C3420,ISRO-SCL-250217-07,test
C3421,ISRO-SCL-250120-03,val
C3422,ISRO-SCL-250203-05,test
C3423,ISRO-SCL-250303-09,test
C3424,ISRO-SCL-250428-17,train
C3425,ISRO-SCL-250113-02,train
C3426,ISRO-SCL-250331-13,train
C3427,ISRO-SCL-250113-02,train
C3428,ISRO-SCL-250210-06,train
C3429,ISRO-SCL-250421-16,val
C3430,ISRO-SCL-250512-19,train
C3431,ISRO-SCL-250120-03,val
C3432,ISRO-SCL-250407-14,train
C3433,ISRO-SCL-250217-07,test
C3434,ISRO-SCL-250317-11,train
C3435,ISRO-SCL-250331-13,train
C3436,ISRO-SCL-250505-18,train
C3437,ISRO-SCL-250421-16,val
C3438,ISRO-SCL-250414-15,val
C3439,ISRO-SCL-250331-13,train
C3440,ISRO-SCL-250505-18,train
C3441,ISRO-SCL-250113-02,train
C3442,ISRO-SCL-250203-05,test
C3443,ISRO-SCL-250414-15,val
C3444,ISRO-SCL-250331-13,train
C3445,ISRO-SCL-250303-09,test
C3446,ISRO-SCL-250317-11,train
C3447,ISRO-SCL-250217-07,test
C3448,ISRO-SCL-250324-12,train
C3449,ISRO-SCL-250106-01,train
C3450,ISRO-SCL-250303-09,test
C3451,ISRO-SCL-250519-20,val
C3452,ISRO-SCL-250421-16,val
C3453,ISRO-SCL-250407-14,train
C3454,ISRO-SCL-250505-18,train
C3455,ISRO-SCL-250127-04,test
C3456,ISRO-SCL-250203-05,test
C3457,ISRO-SCL-250203-05,test
C3458,ISRO-SCL-250203-05,test
C3459,ISRO-SCL-250317-11,train
C3460,ISRO-SCL-250127-04,test
C3461,ISRO-SCL-250217-07,test
C3462,ISRO-SCL-250512-19,train
C3463,ISRO-SCL-250113-02,train
C3464,ISRO-SCL-250127-04,test
C3465,ISRO-SCL-250331-13,train
C3466,ISRO-SCL-250113-02,train
C3467,ISRO-SCL-250113-02,train
C3468,ISRO-SCL-250414-15,val
C3469,ISRO-SCL-250414-15,val
C3470,ISRO-SCL-250414-15,val
C3471,ISRO-SCL-250120-03,val
C3472,ISRO-SCL-250224-08,train
C3473,ISRO-SCL-250428-17,train
C3474,ISRO-SCL-250407-14,train
C3475,ISRO-SCL-250106-01,train
C3476,ISRO-SCL-250224-08,train
C3477,ISRO-SCL-250512-19,train
C3478,ISRO-SCL-250120-03,val
C3479,ISRO-SCL-250113-02,train
C3480,ISRO-SCL-250210-06,train
C3481,ISRO-SCL-250113-02,train
C3482,ISRO-SCL-250421-16,val
C3483,ISRO-SCL-250331-13,train
C3484,ISRO-SCL-250106-01,train
C3485,ISRO-SCL-250113-02,train
C3486,ISRO-SCL-250428-17,train
C3487,ISRO-SCL-250310-10,train
C3488,ISRO-SCL-250310-10,train
C3489,ISRO-SCL-250210-06,train
C3490,ISRO-SCL-250303-09,test
C3491,ISRO-SCL-250505-18,train
C3492,ISRO-SCL-250414-15,val
C3493,ISRO-SCL-250310-10,train
C3494,ISRO-SCL-250519-20,val
C3495,ISRO-SCL-250203-05,test
C3496,ISRO-SCL-250113-02,train
C3497,ISRO-SCL-250224-08,train
C3498,ISRO-SCL-250324-12,train
C3499,ISRO-SCL-250217-07,test
C3500,ISRO-SCL-250106-01,train
C3501,ISRO-SCL-250512-19,train
C3502,ISRO-SCL-250224-08,train
C3503,ISRO-SCL-250407-14,train
C3504,ISRO-SCL-250407-14,train
C3505,ISRO-SCL-250324-12,train
C3506,ISRO-SCL-250519-20,val
C3507,ISRO-SCL-250421-16,val
C3508,ISRO-SCL-250113-02,train
C3509,ISRO-SCL-250407-14,train
C3510,ISRO-SCL-250331-13,train
C3511,ISRO-SCL-250519-20,val
C3512,ISRO-SCL-250203-05,test
C3513,ISRO-SCL-250120-03,val
C3514,ISRO-SCL-250407-14,train
C3515,ISRO-SCL-250310-10,train
C3516,ISRO-SCL-250217-07,test
C3517,ISRO-SCL-250324-12,train
C3518,ISRO-SCL-250224-08,train
C3519,ISRO-SCL-250127-04,test
C3520,ISRO-SCL-250203-05,test
C3521,ISRO-SCL-250113-02,train
C3522,ISRO-SCL-250414-15,val
C3523,ISRO-SCL-250414-15,val
C3524,ISRO-SCL-250512-19,train
C3525,ISRO-SCL-250224-08,train
C3526,ISRO-SCL-250127-04,test
C3527,ISRO-SCL-250519-20,val
C3528,ISRO-SCL-250217-07,test
C3529,ISRO-SCL-250512-19,train
C3530,ISRO-SCL-250407-14,train
C3531,ISRO-SCL-250324-12,train
C3532,ISRO-SCL-250407-14,train
C3533,ISRO-SCL-250120-03,val
C3534,ISRO-SCL-250428-17,train
C3535,ISRO-SCL-250407-14,train
C3536,ISRO-SCL-250203-05,test
C3537,ISRO-SCL-250421-16,val
C3538,ISRO-SCL-250113-02,train
C3539,ISRO-SCL-250113-02,train
C3540,ISRO-SCL-250113-02,train
C3541,ISRO-SCL-250331-13,train
C3542,ISRO-SCL-250331-13,train
C3543,ISRO-SCL-250414-15,val
C3544,ISRO-SCL-250106-01,train
C3545,ISRO-SCL-250421-16,val
C3546,ISRO-SCL-250519-20,val
C3547,ISRO-SCL-250203-05,test
C3548,ISRO-SCL-250519-20,val
C3549,ISRO-SCL-250505-18,train
C3550,ISRO-SCL-250414-15,val
C3551,ISRO-SCL-250106-01,train
C3552,ISRO-SCL-250331-13,train
C3553,ISRO-SCL-250407-14,train
C3554,ISRO-SCL-250414-15,val
C3555,ISRO-SCL-250512-19,train
C3556,ISRO-SCL-250113-02,train
C3557,ISRO-SCL-250324-12,train
C3558,ISRO-SCL-250127-04,test
C3559,ISRO-SCL-250407-14,train
C3560,ISRO-SCL-250120-03,val
C3561,ISRO-SCL-250224-08,train
C3562,ISRO-SCL-250106-01,train
C3563,ISRO-SCL-250113-02,train
C3564,ISRO-SCL-250217-07,test
C3565,ISRO-SCL-250310-10,train
C3566,ISRO-SCL-250203-05,test
C3567,ISRO-SCL-250120-03,val
C3568,ISRO-SCL-250310-10,train
C3569,ISRO-SCL-250113-02,train
C3570,ISRO-SCL-250224-08,train
C3571,ISRO-SCL-250303-09,test
C3572,ISRO-SCL-250414-15,val
C3573,ISRO-SCL-250407-14,train
C3574,ISRO-SCL-250428-17,train
C3575,ISRO-SCL-250127-04,test
C3576,ISRO-SCL-250217-07,test
C3577,ISRO-SCL-250113-02,train
C3578,ISRO-SCL-250127-04,test
C3579,ISRO-SCL-250127-04,test
C3580,ISRO-SCL-250120-03,val
C3581,ISRO-SCL-250407-14,train
C3582,ISRO-SCL-250203-05,test
C3583,ISRO-SCL-250505-18,train
C3584,ISRO-SCL-250414-15,val
C3585,ISRO-SCL-250505-18,train
C3586,ISRO-SCL-250519-20,val
C3587,ISRO-SCL-250317-11,train
C3588,ISRO-SCL-250113-02,train
C3589,ISRO-SCL-250317-11,train
C3590,ISRO-SCL-250210-06,train
C3591,ISRO-SCL-250310-10,train
C3592,ISRO-SCL-250217-07,test
C3593,ISRO-SCL-250519-20,val
C3594,ISRO-SCL-250519-20,val
C3595,ISRO-SCL-250414-15,val
C3596,ISRO-SCL-250203-05,test
C3597,ISRO-SCL-250519-20,val
C3598,ISRO-SCL-250106-01,train
C3599,ISRO-SCL-250224-08,train
C3600,ISRO-SCL-250203-05,test
C3601,ISRO-SCL-250414-15,val
C3602,ISRO-SCL-250421-16,val
C3603,ISRO-SCL-250106-01,train
C3604,ISRO-SCL-250505-18,train
C3605,ISRO-SCL-250120-03,val
C3606,ISRO-SCL-250217-07,test
C3607,ISRO-SCL-250210-06,train
C3608,ISRO-SCL-250120-03,val
C3609,ISRO-SCL-250414-15,val
C3610,ISRO-SCL-250217-07,test
C3611,ISRO-SCL-250414-15,val
C3612,ISRO-SCL-250407-14,train
C3613,ISRO-SCL-250414-15,val
C3614,ISRO-SCL-250113-02,train
C3615,ISRO-SCL-250512-19,train
C3616,ISRO-SCL-250113-02,train
C3617,ISRO-SCL-250113-02,train
C3618,ISRO-SCL-250106-01,train
C3619,ISRO-SCL-250127-04,test
C3620,ISRO-SCL-250512-19,train
C3621,ISRO-SCL-250512-19,train
C3622,ISRO-SCL-250505-18,train
C3623,ISRO-SCL-250127-04,test
C3624,ISRO-SCL-250303-09,test
C3625,ISRO-SCL-250324-12,train
C3626,ISRO-SCL-250519-20,val
C3627,ISRO-SCL-250331-13,train
C3628,ISRO-SCL-250127-04,test
C3629,ISRO-SCL-250203-05,test
C3630,ISRO-SCL-250519-20,val
C3631,ISRO-SCL-250224-08,train
C3632,ISRO-SCL-250113-02,train
C3633,ISRO-SCL-250421-16,val
C3634,ISRO-SCL-250414-15,val
C3635,ISRO-SCL-250210-06,train
C3636,ISRO-SCL-250127-04,test
C3637,ISRO-SCL-250113-02,train
C3638,ISRO-SCL-250203-05,test
C3639,ISRO-SCL-250224-08,train
C3640,ISRO-SCL-250310-10,train
C3641,ISRO-SCL-250324-12,train
C3642,ISRO-SCL-250203-05,test
C3643,ISRO-SCL-250505-18,train
C3644,ISRO-SCL-250303-09,test
C3645,ISRO-SCL-250210-06,train
C3646,ISRO-SCL-250407-14,train
C3647,ISRO-SCL-250303-09,test
C3648,ISRO-SCL-250324-12,train
C3649,ISRO-SCL-250217-07,test
C3650,ISRO-SCL-250512-19,train
C3651,ISRO-SCL-250310-10,train
C3652,ISRO-SCL-250421-16,val
C3653,ISRO-SCL-250127-04,test
C3654,ISRO-SCL-250203-05,test
C3655,ISRO-SCL-250421-16,val
C3656,ISRO-SCL-250331-13,train
C3657,ISRO-SCL-250113-02,train
C3658,ISRO-SCL-250203-05,test
C3659,ISRO-SCL-250210-06,train
C3660,ISRO-SCL-250414-15,val
C3661,ISRO-SCL-250203-05,test
C3662,ISRO-SCL-250414-15,val
C3663,ISRO-SCL-250113-02,train
C3664,ISRO-SCL-250310-10,train
C3665,ISRO-SCL-250106-01,train
C3666,ISRO-SCL-250414-15,val
C3667,ISRO-SCL-250421-16,val
C3668,ISRO-SCL-250505-18,train
C3669,ISRO-SCL-250224-08,train
C3670,ISRO-SCL-250203-05,test
C3671,ISRO-SCL-250310-10,train
C3672,ISRO-SCL-250317-11,train
C3673,ISRO-SCL-250414-15,val
C3674,ISRO-SCL-250203-05,test
C3675,ISRO-SCL-250203-05,test
C3676,ISRO-SCL-250127-04,test
C3677,ISRO-SCL-250421-16,val
C3678,ISRO-SCL-250210-06,train
C3679,ISRO-SCL-250414-15,val
C3680,ISRO-SCL-250224-08,train
C3681,ISRO-SCL-250407-14,train
C3682,ISRO-SCL-250324-12,train
C3683,ISRO-SCL-250106-01,train
C3684,ISRO-SCL-250414-15,val
C3685,ISRO-SCL-250414-15,val
C3686,ISRO-SCL-250120-03,val
C3687,ISRO-SCL-250224-08,train
C3688,ISRO-SCL-250106-01,train
C3689,ISRO-SCL-250310-10,train
C3690,ISRO-SCL-250519-20,val
C3691,ISRO-SCL-250310-10,train
C3692,ISRO-SCL-250421-16,val
C3693,ISRO-SCL-250421-16,val
C3694,ISRO-SCL-250113-02,train
C3695,ISRO-SCL-250317-11,train
C3696,ISRO-SCL-250310-10,train
C3697,ISRO-SCL-250120-03,val
C3698,ISRO-SCL-250317-11,train
C3699,ISRO-SCL-250303-09,test
C3700,ISRO-SCL-250331-13,train
C3701,ISRO-SCL-250512-19,train
C3702,ISRO-SCL-250106-01,train
C3703,ISRO-SCL-250210-06,train
C3704,ISRO-SCL-250310-10,train
C3705,ISRO-SCL-250512-19,train
C3706,ISRO-SCL-250113-02,train
C3707,ISRO-SCL-250120-03,val
C3708,ISRO-SCL-250113-02,train
C3709,ISRO-SCL-250331-13,train
C3710,ISRO-SCL-250407-14,train
C3711,ISRO-SCL-250324-12,train
C3712,ISRO-SCL-250127-04,test
C3713,ISRO-SCL-250127-04,test
C3714,ISRO-SCL-250414-15,val
C3715,ISRO-SCL-250210-06,train
C3716,ISRO-SCL-250512-19,train
C3717,ISRO-SCL-250324-12,train
C3718,ISRO-SCL-250505-18,train
C3719,ISRO-SCL-250310-10,train
C3720,ISRO-SCL-250310-10,train
C3721,ISRO-SCL-250407-14,train
C3722,ISRO-SCL-250217-07,test
C3723,ISRO-SCL-250113-02,train
C3724,ISRO-SCL-250331-13,train
C3725,ISRO-SCL-250113-02,train
C3726,ISRO-SCL-250407-14,train
C3727,ISRO-SCL-250519-20,val
C3728,ISRO-SCL-250407-14,train
C3729,ISRO-SCL-250210-06,train
C3730,ISRO-SCL-250505-18,train
C3731,ISRO-SCL-250217-07,test
C3732,ISRO-SCL-250224-08,train
C3733,ISRO-SCL-250407-14,train
C3734,ISRO-SCL-250224-08,train
C3735,ISRO-SCL-250331-13,train
C3736,ISRO-SCL-250224-08,train
C3737,ISRO-SCL-250217-07,test
C3738,ISRO-SCL-250414-15,val
C3739,ISRO-SCL-250331-13,train
C3740,ISRO-SCL-250310-10,train
C3741,ISRO-SCL-250505-18,train
C3742,ISRO-SCL-250310-10,train
C3743,ISRO-SCL-250310-10,train
C3744,ISRO-SCL-250303-09,test
C3745,ISRO-SCL-250113-02,train
C3746,ISRO-SCL-250127-04,test
C3747,ISRO-SCL-250217-07,test
C3748,ISRO-SCL-250331-13,train
C3749,ISRO-SCL-250217-07,test
C3750,ISRO-SCL-250414-15,val
C3751,ISRO-SCL-250217-07,test
C3752,ISRO-SCL-250127-04,test
C3753,ISRO-SCL-250331-13,train
C3754,ISRO-SCL-250106-01,train
C3755,ISRO-SCL-250113-02,train
C3756,ISRO-SCL-250407-14,train
C3757,ISRO-SCL-250106-01,train
C3758,ISRO-SCL-250512-19,train
C3759,ISRO-SCL-250505-18,train
C3760,ISRO-SCL-250113-02,train
C3761,ISRO-SCL-250217-07,test
C3762,ISRO-SCL-250512-19,train
C3763,ISRO-SCL-250113-02,train
C3764,ISRO-SCL-250303-09,test
C3765,ISRO-SCL-250505-18,train
C3766,ISRO-SCL-250127-04,test
C3767,ISRO-SCL-250310-10,train
C3768,ISRO-SCL-250217-07,test
C3769,ISRO-SCL-250414-15,val
C3770,ISRO-SCL-250331-13,train
C3771,ISRO-SCL-250106-01,train
C3772,ISRO-SCL-250414-15,val
C3773,ISRO-SCL-250224-08,train
C3774,ISRO-SCL-250407-14,train
C3775,ISRO-SCL-250217-07,test
C3776,ISRO-SCL-250310-10,train
C3777,ISRO-SCL-250414-15,val
C3778,ISRO-SCL-250414-15,val
C3779,ISRO-SCL-250414-15,val
C3780,ISRO-SCL-250505-18,train
C3781,ISRO-SCL-250421-16,val
C3782,ISRO-SCL-250127-04,test
C3783,ISRO-SCL-250106-01,train
C3784,ISRO-SCL-250407-14,train
C3785,ISRO-SCL-250210-06,train
C3786,ISRO-SCL-250310-10,train
C3787,ISRO-SCL-250414-15,val
C3788,ISRO-SCL-250324-12,train
C3789,ISRO-SCL-250421-16,val
C3790,ISRO-SCL-250407-14,train
C3791,ISRO-SCL-250414-15,val
C3792,ISRO-SCL-250113-02,train
C3793,ISRO-SCL-250303-09,test
C3794,ISRO-SCL-250331-13,train
C3795,ISRO-SCL-250428-17,train
C3796,ISRO-SCL-250310-10,train
C3797,ISRO-SCL-250317-11,train
C3798,ISRO-SCL-250210-06,train
C3799,ISRO-SCL-250310-10,train
C3800,ISRO-SCL-250224-08,train
C3801,ISRO-SCL-250505-18,train
C3802,ISRO-SCL-250421-16,val
C3803,ISRO-SCL-250421-16,val
C3804,ISRO-SCL-250113-02,train
C3805,ISRO-SCL-250512-19,train
C3806,ISRO-SCL-250428-17,train
C3807,ISRO-SCL-250331-13,train
C3808,ISRO-SCL-250217-07,test
C3809,ISRO-SCL-250331-13,train
C3810,ISRO-SCL-250106-01,train
C3811,ISRO-SCL-250106-01,train
C3812,ISRO-SCL-250113-02,train
C3813,ISRO-SCL-250407-14,train
C3814,ISRO-SCL-250217-07,test
C3815,ISRO-SCL-250106-01,train
C3816,ISRO-SCL-250505-18,train
C3817,ISRO-SCL-250120-03,val
C3818,ISRO-SCL-250512-19,train
C3819,ISRO-SCL-250127-04,test
C3820,ISRO-SCL-250217-07,test
C3821,ISRO-SCL-250331-13,train
C3822,ISRO-SCL-250421-16,val
C3823,ISRO-SCL-250127-04,test
C3824,ISRO-SCL-250127-04,test
C3825,ISRO-SCL-250512-19,train
C3826,ISRO-SCL-250217-07,test
C3827,ISRO-SCL-250414-15,val
C3828,ISRO-SCL-250120-03,val
C3829,ISRO-SCL-250428-17,train
C3830,ISRO-SCL-250210-06,train
C3831,ISRO-SCL-250407-14,train
C3832,ISRO-SCL-250421-16,val
C3833,ISRO-SCL-250519-20,val
C3834,ISRO-SCL-250217-07,test
C3835,ISRO-SCL-250421-16,val
C3836,ISRO-SCL-250414-15,val
C3837,ISRO-SCL-250217-07,test
C3838,ISRO-SCL-250120-03,val
C3839,ISRO-SCL-250414-15,val
C3840,ISRO-SCL-250106-01,train
C3841,ISRO-SCL-250324-12,train
C3842,ISRO-SCL-250310-10,train
C3843,ISRO-SCL-250421-16,val
C3844,ISRO-SCL-250331-13,train
C3845,ISRO-SCL-250106-01,train
C3846,ISRO-SCL-250421-16,val
C3847,ISRO-SCL-250505-18,train
C3848,ISRO-SCL-250414-15,val
C3849,ISRO-SCL-250106-01,train
C3850,ISRO-SCL-250224-08,train
C3851,ISRO-SCL-250519-20,val
C3852,ISRO-SCL-250407-14,train
C3853,ISRO-SCL-250324-12,train
C3854,ISRO-SCL-250127-04,test
C3855,ISRO-SCL-250428-17,train
C3856,ISRO-SCL-250120-03,val
C3857,ISRO-SCL-250113-02,train
C3858,ISRO-SCL-250303-09,test
C3859,ISRO-SCL-250421-16,val
C3860,ISRO-SCL-250414-15,val
C3861,ISRO-SCL-250505-18,train
C3862,ISRO-SCL-250210-06,train
C3863,ISRO-SCL-250120-03,val
C3864,ISRO-SCL-250331-13,train
C3865,ISRO-SCL-250512-19,train
C3866,ISRO-SCL-250414-15,val
C3867,ISRO-SCL-250428-17,train
C3868,ISRO-SCL-250428-17,train
C3869,ISRO-SCL-250120-03,val
C3870,ISRO-SCL-250210-06,train
C3871,ISRO-SCL-250414-15,val
C3872,ISRO-SCL-250224-08,train
C3873,ISRO-SCL-250324-12,train
C3874,ISRO-SCL-250407-14,train
C3875,ISRO-SCL-250113-02,train
C3876,ISRO-SCL-250512-19,train
C3877,ISRO-SCL-250217-07,test
C3878,ISRO-SCL-250113-02,train
C3879,ISRO-SCL-250217-07,test
C3880,ISRO-SCL-250303-09,test
C3881,ISRO-SCL-250421-16,val
C3882,ISRO-SCL-250127-04,test
C3883,ISRO-SCL-250113-02,train
C3884,ISRO-SCL-250407-14,train
C3885,ISRO-SCL-250310-10,train
C3886,ISRO-SCL-250224-08,train
C3887,ISRO-SCL-250331-13,train
C3888,ISRO-SCL-250310-10,train
C3889,ISRO-SCL-250414-15,val
C3890,ISRO-SCL-250407-14,train
C3891,ISRO-SCL-250127-04,test
C3892,ISRO-SCL-250331-13,train
C3893,ISRO-SCL-250106-01,train
C3894,ISRO-SCL-250217-07,test
C3895,ISRO-SCL-250310-10,train
C3896,ISRO-SCL-250210-06,train
C3897,ISRO-SCL-250106-01,train
C3898,ISRO-SCL-250331-13,train
C3899,ISRO-SCL-250505-18,train
C3900,ISRO-SCL-250512-19,train
C3901,ISRO-SCL-250331-13,train
C3902,ISRO-SCL-250203-05,test
C3903,ISRO-SCL-250113-02,train
C3904,ISRO-SCL-250310-10,train
C3905,ISRO-SCL-250421-16,val
C3906,ISRO-SCL-250421-16,val
C3907,ISRO-SCL-250106-01,train
C3908,ISRO-SCL-250414-15,val
C3909,ISRO-SCL-250505-18,train
C3910,ISRO-SCL-250106-01,train
C3911,ISRO-SCL-250519-20,val
C3912,ISRO-SCL-250210-06,train
C3913,ISRO-SCL-250428-17,train
C3914,ISRO-SCL-250217-07,test
C3915,ISRO-SCL-250203-05,test
C3916,ISRO-SCL-250106-01,train
C3917,ISRO-SCL-250106-01,train
C3918,ISRO-SCL-250217-07,test
C3919,ISRO-SCL-250414-15,val
C3920,ISRO-SCL-250421-16,val
C3921,ISRO-SCL-250224-08,train
C3922,ISRO-SCL-250428-17,train
C3923,ISRO-SCL-250505-18,train
C3924,ISRO-SCL-250113-02,train
C3925,ISRO-SCL-250203-05,test
C3926,ISRO-SCL-250407-14,train
C3927,ISRO-SCL-250203-05,test
C3928,ISRO-SCL-250407-14,train
C3929,ISRO-SCL-250127-04,test
C3930,ISRO-SCL-250519-20,val
C3931,ISRO-SCL-250421-16,val
C3932,ISRO-SCL-250414-15,val
C3933,ISRO-SCL-250120-03,val
C3934,ISRO-SCL-250519-20,val
C3935,ISRO-SCL-250310-10,train
C3936,ISRO-SCL-250203-05,test
C3937,ISRO-SCL-250331-13,train
C3938,ISRO-SCL-250414-15,val
C3939,ISRO-SCL-250120-03,val
C3940,ISRO-SCL-250224-08,train
C3941,ISRO-SCL-250310-10,train
C3942,ISRO-SCL-250310-10,train
C3943,ISRO-SCL-250224-08,train
C3944,ISRO-SCL-250106-01,train
C3945,ISRO-SCL-250331-13,train
C3946,ISRO-SCL-250127-04,test
C3947,ISRO-SCL-250317-11,train
C3948,ISRO-SCL-250519-20,val
C3949,ISRO-SCL-250303-09,test
C3950,ISRO-SCL-250414-15,val
C3951,ISRO-SCL-250512-19,train
C3952,ISRO-SCL-250113-02,train
C3953,ISRO-SCL-250127-04,test
C3954,ISRO-SCL-250414-15,val
C3955,ISRO-SCL-250407-14,train
C3956,ISRO-SCL-250505-18,train
C3957,ISRO-SCL-250106-01,train
C3958,ISRO-SCL-250331-13,train
C3959,ISRO-SCL-250324-12,train
C3960,ISRO-SCL-250519-20,val
C3961,ISRO-SCL-250512-19,train
C3962,ISRO-SCL-250106-01,train
C3963,ISRO-SCL-250113-02,train
C3964,ISRO-SCL-250421-16,val
C3965,ISRO-SCL-250113-02,train
C3966,ISRO-SCL-250331-13,train
C3967,ISRO-SCL-250113-02,train
C3968,ISRO-SCL-250331-13,train
C3969,ISRO-SCL-250421-16,val
C3970,ISRO-SCL-250317-11,train
C3971,ISRO-SCL-250414-15,val
C3972,ISRO-SCL-250217-07,test
C3973,ISRO-SCL-250421-16,val
C3974,ISRO-SCL-250331-13,train
C3975,ISRO-SCL-250120-03,val
C3976,ISRO-SCL-250407-14,train
C3977,ISRO-SCL-250113-02,train
C3978,ISRO-SCL-250331-13,train
C3979,ISRO-SCL-250224-08,train
C3980,ISRO-SCL-250203-05,test
C3981,ISRO-SCL-250324-12,train
C3982,ISRO-SCL-250113-02,train
C3983,ISRO-SCL-250310-10,train
C3984,ISRO-SCL-250331-13,train
C3985,ISRO-SCL-250210-06,train
C3986,ISRO-SCL-250224-08,train
C3987,ISRO-SCL-250331-13,train
C3988,ISRO-SCL-250127-04,test
C3989,ISRO-SCL-250421-16,val
C3990,ISRO-SCL-250331-13,train
C3991,ISRO-SCL-250210-06,train
C3992,ISRO-SCL-250331-13,train
C3993,ISRO-SCL-250127-04,test
C3994,ISRO-SCL-250519-20,val
C3995,ISRO-SCL-250421-16,val
C3996,ISRO-SCL-250407-14,train
C3997,ISRO-SCL-250106-01,train
C3998,ISRO-SCL-250331-13,train
C3999,ISRO-SCL-250324-12,train
C4000,ISRO-SCL-250505-18,train
C4001,ISRO-SCL-250310-10,train
C4002,ISRO-SCL-250120-03,val
C4003,ISRO-SCL-250331-13,train
C4004,ISRO-SCL-250331-13,train
C4005,ISRO-SCL-250512-19,train
C4006,ISRO-SCL-250310-10,train
C4007,ISRO-SCL-250414-15,val
C4008,ISRO-SCL-250217-07,test
C4009,ISRO-SCL-250217-07,test
C4010,ISRO-SCL-250310-10,train
C4011,ISRO-SCL-250210-06,train
C4012,ISRO-SCL-250127-04,test
C4013,ISRO-SCL-250331-13,train
C4014,ISRO-SCL-250505-18,train
C4015,ISRO-SCL-250224-08,train
C4016,ISRO-SCL-250224-08,train
C4017,ISRO-SCL-250127-04,test
C4018,ISRO-SCL-250414-15,val
C4019,ISRO-SCL-250224-08,train
C4020,ISRO-SCL-250310-10,train
C4021,ISRO-SCL-250106-01,train
C4022,ISRO-SCL-250120-03,val
C4023,ISRO-SCL-250113-02,train
C4024,ISRO-SCL-250120-03,val
C4025,ISRO-SCL-250203-05,test
C4026,ISRO-SCL-250120-03,val
C4027,ISRO-SCL-250512-19,train
C4028,ISRO-SCL-250203-05,test
C4029,ISRO-SCL-250203-05,test
C4030,ISRO-SCL-250106-01,train
C4031,ISRO-SCL-250217-07,test
C4032,ISRO-SCL-250407-14,train
C4033,ISRO-SCL-250407-14,train
C4034,ISRO-SCL-250414-15,val
C4035,ISRO-SCL-250217-07,test
C4036,ISRO-SCL-250407-14,train
C4037,ISRO-SCL-250120-03,val
C4038,ISRO-SCL-250224-08,train
C4039,ISRO-SCL-250310-10,train
C4040,ISRO-SCL-250421-16,val
C4041,ISRO-SCL-250407-14,train
C4042,ISRO-SCL-250120-03,val
C4043,ISRO-SCL-250203-05,test
C4044,ISRO-SCL-250224-08,train
C4045,ISRO-SCL-250324-12,train
C4046,ISRO-SCL-250407-14,train
C4047,ISRO-SCL-250217-07,test
C4048,ISRO-SCL-250303-09,test
C4049,ISRO-SCL-250210-06,train
C4050,ISRO-SCL-250310-10,train
C4051,ISRO-SCL-250414-15,val
C4052,ISRO-SCL-250414-15,val
C4053,ISRO-SCL-250224-08,train
C4054,ISRO-SCL-250324-12,train
C4055,ISRO-SCL-250317-11,train
C4056,ISRO-SCL-250331-13,train
C4057,ISRO-SCL-250324-12,train
C4058,ISRO-SCL-250217-07,test
C4059,ISRO-SCL-250310-10,train
C4060,ISRO-SCL-250217-07,test
C4061,ISRO-SCL-250324-12,train
C4062,ISRO-SCL-250421-16,val
C4063,ISRO-SCL-250317-11,train
C4064,ISRO-SCL-250217-07,test
C4065,ISRO-SCL-250428-17,train
C4066,ISRO-SCL-250407-14,train
C4067,ISRO-SCL-250120-03,val
C4068,ISRO-SCL-250217-07,test
C4069,ISRO-SCL-250106-01,train
C4070,ISRO-SCL-250414-15,val
C4071,ISRO-SCL-250224-08,train
C4072,ISRO-SCL-250414-15,val
C4073,ISRO-SCL-250120-03,val
C4074,ISRO-SCL-250310-10,train
C4075,ISRO-SCL-250407-14,train
C4076,ISRO-SCL-250317-11,train
C4077,ISRO-SCL-250421-16,val
C4078,ISRO-SCL-250106-01,train
C4079,ISRO-SCL-250203-05,test
C4080,ISRO-SCL-250127-04,test
C4081,ISRO-SCL-250106-01,train
C4082,ISRO-SCL-250113-02,train
C4083,ISRO-SCL-250203-05,test
C4084,ISRO-SCL-250310-10,train
C4085,ISRO-SCL-250113-02,train
C4086,ISRO-SCL-250303-09,test
C4087,ISRO-SCL-250317-11,train
C4088,ISRO-SCL-250106-01,train
C4089,ISRO-SCL-250217-07,test
C4090,ISRO-SCL-250224-08,train
C4091,ISRO-SCL-250519-20,val
C4092,ISRO-SCL-250407-14,train
C4093,ISRO-SCL-250127-04,test
C4094,ISRO-SCL-250317-11,train
C4095,ISRO-SCL-250113-02,train
C4096,ISRO-SCL-250210-06,train
C4097,ISRO-SCL-250113-02,train
C4098,ISRO-SCL-250210-06,train
C4099,ISRO-SCL-250113-02,train
C4100,ISRO-SCL-250217-07,test
C4101,ISRO-SCL-250331-13,train
C4102,ISRO-SCL-250421-16,val
C4103,ISRO-SCL-250113-02,train
C4104,ISRO-SCL-250414-15,val
C4105,ISRO-SCL-250331-13,train
C4106,ISRO-SCL-250127-04,test
C4107,ISRO-SCL-250106-01,train
C4108,ISRO-SCL-250224-08,train
C4109,ISRO-SCL-250224-08,train
C4110,ISRO-SCL-250120-03,val
C4111,ISRO-SCL-250303-09,test
C4112,ISRO-SCL-250317-11,train
C4113,ISRO-SCL-250127-04,test
C4114,ISRO-SCL-250414-15,val
C4115,ISRO-SCL-250127-04,test
C4116,ISRO-SCL-250407-14,train
C4117,ISRO-SCL-250414-15,val
C4118,ISRO-SCL-250310-10,train
C4119,ISRO-SCL-250407-14,train
C4120,ISRO-SCL-250203-05,test
C4121,ISRO-SCL-250428-17,train
C4122,ISRO-SCL-250407-14,train
C4123,ISRO-SCL-250127-04,test
C4124,ISRO-SCL-250203-05,test
C4125,ISRO-SCL-250407-14,train
C4126,ISRO-SCL-250217-07,test
C4127,ISRO-SCL-250331-13,train
C4128,ISRO-SCL-250217-07,test
C4129,ISRO-SCL-250407-14,train
C4130,ISRO-SCL-250224-08,train
C4131,ISRO-SCL-250331-13,train
C4132,ISRO-SCL-250331-13,train
C4133,ISRO-SCL-250310-10,train
C4134,ISRO-SCL-250317-11,train
C4135,ISRO-SCL-250519-20,val
C4136,ISRO-SCL-250217-07,test
C4137,ISRO-SCL-250331-13,train
C4138,ISRO-SCL-250303-09,test
C4139,ISRO-SCL-250127-04,test
C4140,ISRO-SCL-250217-07,test
C4141,ISRO-SCL-250217-07,test
C4142,ISRO-SCL-250106-01,train
C4143,ISRO-SCL-250310-10,train
C4144,ISRO-SCL-250310-10,train
C4145,ISRO-SCL-250407-14,train
C4146,ISRO-SCL-250224-08,train
C4147,ISRO-SCL-250428-17,train
C4148,ISRO-SCL-250407-14,train
C4149,ISRO-SCL-250113-02,train
C4150,ISRO-SCL-250414-15,val
C4151,ISRO-SCL-250106-01,train
C4152,ISRO-SCL-250512-19,train
C4153,ISRO-SCL-250505-18,train
C4154,ISRO-SCL-250113-02,train
C4155,ISRO-SCL-250106-01,train
C4156,ISRO-SCL-250310-10,train
C4157,ISRO-SCL-250210-06,train
C4158,ISRO-SCL-250303-09,test
C4159,ISRO-SCL-250505-18,train
C4160,ISRO-SCL-250421-16,val
C4161,ISRO-SCL-250310-10,train
C4162,ISRO-SCL-250113-02,train
C4163,ISRO-SCL-250505-18,train
C4164,ISRO-SCL-250203-05,test
C4165,ISRO-SCL-250512-19,train
C4166,ISRO-SCL-250303-09,test
C4167,ISRO-SCL-250414-15,val
C4168,ISRO-SCL-250127-04,test
C4169,ISRO-SCL-250224-08,train
C4170,ISRO-SCL-250428-17,train
C4171,ISRO-SCL-250407-14,train
C4172,ISRO-SCL-250331-13,train
C4173,ISRO-SCL-250421-16,val
C4174,ISRO-SCL-250113-02,train
C4175,ISRO-SCL-250310-10,train
C4176,ISRO-SCL-250113-02,train
C4177,ISRO-SCL-250512-19,train
C4178,ISRO-SCL-250310-10,train
C4179,ISRO-SCL-250310-10,train
C4180,ISRO-SCL-250210-06,train
C4181,ISRO-SCL-250303-09,test
C4182,ISRO-SCL-250217-07,test
C4183,ISRO-SCL-250303-09,test
C4184,ISRO-SCL-250317-11,train
C4185,ISRO-SCL-250203-05,test
C4186,ISRO-SCL-250421-16,val
C4187,ISRO-SCL-250210-06,train
C4188,ISRO-SCL-250113-02,train
C4189,ISRO-SCL-250512-19,train
C4190,ISRO-SCL-250407-14,train
C4191,ISRO-SCL-250127-04,test
C4192,ISRO-SCL-250421-16,val
C4193,ISRO-SCL-250224-08,train
C4194,ISRO-SCL-250428-17,train
C4195,ISRO-SCL-250414-15,val
C4196,ISRO-SCL-250407-14,train
C4197,ISRO-SCL-250414-15,val
C4198,ISRO-SCL-250113-02,train
C4199,ISRO-SCL-250113-02,train
C4200,ISRO-SCL-250113-02,train
C4201,ISRO-SCL-250120-03,val
C4202,ISRO-SCL-250120-03,val
C4203,ISRO-SCL-250120-03,val
C4204,ISRO-SCL-250106-01,train
C4205,ISRO-SCL-250505-18,train
C4206,ISRO-SCL-250224-08,train
C4207,ISRO-SCL-250324-12,train
C4208,ISRO-SCL-250310-10,train
C4209,ISRO-SCL-250113-02,train
C4210,ISRO-SCL-250224-08,train
C4211,ISRO-SCL-250217-07,test
C4212,ISRO-SCL-250407-14,train
C4213,ISRO-SCL-250407-14,train
C4214,ISRO-SCL-250421-16,val
C4215,ISRO-SCL-250127-04,test
C4216,ISRO-SCL-250106-01,train
C4217,ISRO-SCL-250210-06,train
C4218,ISRO-SCL-250217-07,test
C4219,ISRO-SCL-250324-12,train
C4220,ISRO-SCL-250120-03,val
C4221,ISRO-SCL-250120-03,val
C4222,ISRO-SCL-250113-02,train
C4223,ISRO-SCL-250310-10,train
C4224,ISRO-SCL-250224-08,train
C4225,ISRO-SCL-250203-05,test
C4226,ISRO-SCL-250505-18,train
C4227,ISRO-SCL-250421-16,val
C4228,ISRO-SCL-250317-11,train
C4229,ISRO-SCL-250407-14,train
C4230,ISRO-SCL-250414-15,val
C4231,ISRO-SCL-250303-09,test
C4232,ISRO-SCL-250512-19,train
C4233,ISRO-SCL-250428-17,train
C4234,ISRO-SCL-250303-09,test
C4235,ISRO-SCL-250407-14,train
C4236,ISRO-SCL-250512-19,train
C4237,ISRO-SCL-250421-16,val
C4238,ISRO-SCL-250310-10,train
C4239,ISRO-SCL-250217-07,test
C4240,ISRO-SCL-250310-10,train
C4241,ISRO-SCL-250512-19,train
C4242,ISRO-SCL-250106-01,train
C4243,ISRO-SCL-250317-11,train
C4244,ISRO-SCL-250414-15,val
C4245,ISRO-SCL-250224-08,train
C4246,ISRO-SCL-250203-05,test
C4247,ISRO-SCL-250421-16,val
C4248,ISRO-SCL-250421-16,val
C4249,ISRO-SCL-250106-01,train
C4250,ISRO-SCL-250310-10,train
C4251,ISRO-SCL-250127-04,test
C4252,ISRO-SCL-250106-01,train
C4253,ISRO-SCL-250203-05,test
C4254,ISRO-SCL-250512-19,train
C4255,ISRO-SCL-250512-19,train
C4256,ISRO-SCL-250127-04,test
C4257,ISRO-SCL-250127-04,test
C4258,ISRO-SCL-250113-02,train
C4259,ISRO-SCL-250407-14,train
C4260,ISRO-SCL-250505-18,train
C4261,ISRO-SCL-250331-13,train
C4262,ISRO-SCL-250310-10,train
C4263,ISRO-SCL-250217-07,test
C4264,ISRO-SCL-250317-11,train
C4265,ISRO-SCL-250113-02,train
C4266,ISRO-SCL-250106-01,train
C4267,ISRO-SCL-250331-13,train
C4268,ISRO-SCL-250310-10,train
C4269,ISRO-SCL-250120-03,val
C4270,ISRO-SCL-250414-15,val
C4271,ISRO-SCL-250324-12,train
C4272,ISRO-SCL-250113-02,train
C4273,ISRO-SCL-250106-01,train
C4274,ISRO-SCL-250421-16,val
C4275,ISRO-SCL-250414-15,val
C4276,ISRO-SCL-250113-02,train
C4277,ISRO-SCL-250217-07,test
C4278,ISRO-SCL-250120-03,val
C4279,ISRO-SCL-250519-20,val
C4280,ISRO-SCL-250106-01,train
C4281,ISRO-SCL-250519-20,val
C4282,ISRO-SCL-250120-03,val
C4283,ISRO-SCL-250210-06,train
C4284,ISRO-SCL-250113-02,train
C4285,ISRO-SCL-250512-19,train
C4286,ISRO-SCL-250505-18,train
C4287,ISRO-SCL-250414-15,val
C4288,ISRO-SCL-250414-15,val
C4289,ISRO-SCL-250519-20,val
C4290,ISRO-SCL-250331-13,train
C4291,ISRO-SCL-250519-20,val
C4292,ISRO-SCL-250407-14,train
C4293,ISRO-SCL-250310-10,train
C4294,ISRO-SCL-250407-14,train
C4295,ISRO-SCL-250217-07,test
C4296,ISRO-SCL-250331-13,train
C4297,ISRO-SCL-250421-16,val
C4298,ISRO-SCL-250106-01,train
C4299,ISRO-SCL-250310-10,train
C4300,ISRO-SCL-250113-02,train
C4301,ISRO-SCL-250127-04,test
C4302,ISRO-SCL-250407-14,train
C4303,ISRO-SCL-250331-13,train
C4304,ISRO-SCL-250203-05,test
C4305,ISRO-SCL-250224-08,train
C4306,ISRO-SCL-250505-18,train
C4307,ISRO-SCL-250217-07,test
C4308,ISRO-SCL-250421-16,val
C4309,ISRO-SCL-250113-02,train
C4310,ISRO-SCL-250217-07,test
C4311,ISRO-SCL-250414-15,val
C4312,ISRO-SCL-250407-14,train
C4313,ISRO-SCL-250113-02,train
C4314,ISRO-SCL-250106-01,train
C4315,ISRO-SCL-250113-02,train
C4316,ISRO-SCL-250217-07,test
C4317,ISRO-SCL-250317-11,train
C4318,ISRO-SCL-250217-07,test
C4319,ISRO-SCL-250224-08,train
C4320,ISRO-SCL-250203-05,test
C4321,ISRO-SCL-250505-18,train
C4322,ISRO-SCL-250127-04,test
C4323,ISRO-SCL-250310-10,train
C4324,ISRO-SCL-250224-08,train
C4325,ISRO-SCL-250421-16,val
C4326,ISRO-SCL-250106-01,train
C4327,ISRO-SCL-250113-02,train
C4328,ISRO-SCL-250421-16,val
C4329,ISRO-SCL-250414-15,val
C4330,ISRO-SCL-250421-16,val
C4331,ISRO-SCL-250203-05,test
C4332,ISRO-SCL-250224-08,train
C4333,ISRO-SCL-250210-06,train
C4334,ISRO-SCL-250407-14,train
C4335,ISRO-SCL-250407-14,train
C4336,ISRO-SCL-250407-14,train
C4337,ISRO-SCL-250120-03,val
C4338,ISRO-SCL-250519-20,val
C4339,ISRO-SCL-250127-04,test
C4340,ISRO-SCL-250217-07,test
C4341,ISRO-SCL-250303-09,test
C4342,ISRO-SCL-250127-04,test
C4343,ISRO-SCL-250331-13,train
C4344,ISRO-SCL-250106-01,train
C4345,ISRO-SCL-250120-03,val
C4346,ISRO-SCL-250120-03,val
C4347,ISRO-SCL-250331-13,train
C4348,ISRO-SCL-250217-07,test
C4349,ISRO-SCL-250324-12,train
C4350,ISRO-SCL-250324-12,train
C4351,ISRO-SCL-250127-04,test
C4352,ISRO-SCL-250217-07,test
C4353,ISRO-SCL-250407-14,train
C4354,ISRO-SCL-250324-12,train
C4355,ISRO-SCL-250217-07,test
C4356,ISRO-SCL-250505-18,train
C4357,ISRO-SCL-250113-02,train
C4358,ISRO-SCL-250331-13,train
C4359,ISRO-SCL-250113-02,train
C4360,ISRO-SCL-250519-20,val
C4361,ISRO-SCL-250224-08,train
C4362,ISRO-SCL-250407-14,train
C4363,ISRO-SCL-250127-04,test
C4364,ISRO-SCL-250428-17,train
C4365,ISRO-SCL-250113-02,train
C4366,ISRO-SCL-250127-04,test
C4367,ISRO-SCL-250414-15,val
C4368,ISRO-SCL-250407-14,train
C4369,ISRO-SCL-250519-20,val
C4370,ISRO-SCL-250224-08,train
C4371,ISRO-SCL-250303-09,test
C4372,ISRO-SCL-250407-14,train
C4373,ISRO-SCL-250127-04,test
C4374,ISRO-SCL-250203-05,test
C4375,ISRO-SCL-250421-16,val
C4376,ISRO-SCL-250203-05,test
C4377,ISRO-SCL-250519-20,val
C4378,ISRO-SCL-250331-13,train
C4379,ISRO-SCL-250113-02,train
C4380,ISRO-SCL-250505-18,train
C4381,ISRO-SCL-250113-02,train
C4382,ISRO-SCL-250310-10,train
C4383,ISRO-SCL-250414-15,val
C4384,ISRO-SCL-250512-19,train
C4385,ISRO-SCL-250324-12,train
C4386,ISRO-SCL-250310-10,train
C4387,ISRO-SCL-250210-06,train
C4388,ISRO-SCL-250120-03,val
C4389,ISRO-SCL-250217-07,test
C4390,ISRO-SCL-250414-15,val
C4391,ISRO-SCL-250310-10,train
C4392,ISRO-SCL-250407-14,train
C4393,ISRO-SCL-250217-07,test
C4394,ISRO-SCL-250127-04,test
C4395,ISRO-SCL-250303-09,test
C4396,ISRO-SCL-250120-03,val
C4397,ISRO-SCL-250113-02,train
C4398,ISRO-SCL-250210-06,train
C4399,ISRO-SCL-250310-10,train
C4400,ISRO-SCL-250310-10,train
C4401,ISRO-SCL-250512-19,train
C4402,ISRO-SCL-250127-04,test
C4403,ISRO-SCL-250217-07,test
C4404,ISRO-SCL-250407-14,train
C4405,ISRO-SCL-250127-04,test
C4406,ISRO-SCL-250331-13,train
C4407,ISRO-SCL-250310-10,train
C4408,ISRO-SCL-250120-03,val
C4409,ISRO-SCL-250217-07,test
C4410,ISRO-SCL-250303-09,test
C4411,ISRO-SCL-250203-05,test
C4412,ISRO-SCL-250407-14,train
C4413,ISRO-SCL-250317-11,train
C4414,ISRO-SCL-250421-16,val
C4415,ISRO-SCL-250120-03,val
C4416,ISRO-SCL-250505-18,train
C4417,ISRO-SCL-250210-06,train
C4418,ISRO-SCL-250217-07,test
C4419,ISRO-SCL-250421-16,val
C4420,ISRO-SCL-250421-16,val
C4421,ISRO-SCL-250505-18,train
C4422,ISRO-SCL-250106-01,train
C4423,ISRO-SCL-250217-07,test
C4424,ISRO-SCL-250310-10,train
C4425,ISRO-SCL-250127-04,test
C4426,ISRO-SCL-250303-09,test
C4427,ISRO-SCL-250519-20,val
C4428,ISRO-SCL-250421-16,val
C4429,ISRO-SCL-250303-09,test
C4430,ISRO-SCL-250210-06,train
C4431,ISRO-SCL-250127-04,test
C4432,ISRO-SCL-250310-10,train
C4433,ISRO-SCL-250324-12,train
C4434,ISRO-SCL-250519-20,val
C4435,ISRO-SCL-250407-14,train
C4436,ISRO-SCL-250331-13,train
C4437,ISRO-SCL-250113-02,train
C4438,ISRO-SCL-250120-03,val
C4439,ISRO-SCL-250512-19,train
C4440,ISRO-SCL-250310-10,train
C4441,ISRO-SCL-250120-03,val
C4442,ISRO-SCL-250127-04,test
C4443,ISRO-SCL-250428-17,train
C4444,ISRO-SCL-250127-04,test
C4445,ISRO-SCL-250428-17,train
C4446,ISRO-SCL-250203-05,test
C4447,ISRO-SCL-250331-13,train
C4448,ISRO-SCL-250210-06,train
C4449,ISRO-SCL-250407-14,train
C4450,ISRO-SCL-250512-19,train
C4451,ISRO-SCL-250203-05,test
C4452,ISRO-SCL-250519-20,val
C4453,ISRO-SCL-250421-16,val
C4454,ISRO-SCL-250127-04,test
C4455,ISRO-SCL-250414-15,val
C4456,ISRO-SCL-250324-12,train
C4457,ISRO-SCL-250421-16,val
C4458,ISRO-SCL-250303-09,test
C4459,ISRO-SCL-250331-13,train
C4460,ISRO-SCL-250120-03,val
C4461,ISRO-SCL-250421-16,val
C4462,ISRO-SCL-250414-15,val
C4463,ISRO-SCL-250127-04,test
C4464,ISRO-SCL-250217-07,test
C4465,ISRO-SCL-250331-13,train
C4466,ISRO-SCL-250512-19,train
C4467,ISRO-SCL-250224-08,train
C4468,ISRO-SCL-250113-02,train
C4469,ISRO-SCL-250421-16,val
C4470,ISRO-SCL-250113-02,train
C4471,ISRO-SCL-250106-01,train
C4472,ISRO-SCL-250310-10,train
C4473,ISRO-SCL-250113-02,train
C4474,ISRO-SCL-250331-13,train
C4475,ISRO-SCL-250331-13,train
C4476,ISRO-SCL-250310-10,train
C4477,ISRO-SCL-250421-16,val
C4478,ISRO-SCL-250407-14,train
C4479,ISRO-SCL-250217-07,test
C4480,ISRO-SCL-250331-13,train
C4481,ISRO-SCL-250331-13,train
C4482,ISRO-SCL-250120-03,val
C4483,ISRO-SCL-250310-10,train
C4484,ISRO-SCL-250331-13,train
C4485,ISRO-SCL-250120-03,val
C4486,ISRO-SCL-250407-14,train
C4487,ISRO-SCL-250127-04,test
C4488,ISRO-SCL-250512-19,train
C4489,ISRO-SCL-250217-07,test
C4490,ISRO-SCL-250414-15,val
C4491,ISRO-SCL-250310-10,train
C4492,ISRO-SCL-250106-01,train
C4493,ISRO-SCL-250113-02,train
C4494,ISRO-SCL-250203-05,test
C4495,ISRO-SCL-250421-16,val
C4496,ISRO-SCL-250421-16,val
C4497,ISRO-SCL-250512-19,train
C4498,ISRO-SCL-250127-04,test
C4499,ISRO-SCL-250407-14,train
C4500,ISRO-SCL-250414-15,val
C4501,ISRO-SCL-250203-05,test
C4502,ISRO-SCL-250331-13,train
C4503,ISRO-SCL-250217-07,test
C4504,ISRO-SCL-250210-06,train
C4505,ISRO-SCL-250505-18,train
C4506,ISRO-SCL-250317-11,train
C4507,ISRO-SCL-250310-10,train
C4508,ISRO-SCL-250331-13,train
C4509,ISRO-SCL-250217-07,test
C4510,ISRO-SCL-250210-06,train
C4511,ISRO-SCL-250224-08,train
C4512,ISRO-SCL-250120-03,val
C4513,ISRO-SCL-250217-07,test
C4514,ISRO-SCL-250224-08,train
C4515,ISRO-SCL-250512-19,train
C4516,ISRO-SCL-250421-16,val
C4517,ISRO-SCL-250303-09,test
C4518,ISRO-SCL-250407-14,train
C4519,ISRO-SCL-250217-07,test
C4520,ISRO-SCL-250203-05,test
C4521,ISRO-SCL-250414-15,val
C4522,ISRO-SCL-250407-14,train
C4523,ISRO-SCL-250421-16,val
C4524,ISRO-SCL-250210-06,train
C4525,ISRO-SCL-250407-14,train
C4526,ISRO-SCL-250113-02,train
C4527,ISRO-SCL-250414-15,val
C4528,ISRO-SCL-250414-15,val
C4529,ISRO-SCL-250407-14,train
C4530,ISRO-SCL-250310-10,train
C4531,ISRO-SCL-250331-13,train
C4532,ISRO-SCL-250310-10,train
C4533,ISRO-SCL-250407-14,train
C4534,ISRO-SCL-250113-02,train
C4535,ISRO-SCL-250120-03,val
C4536,ISRO-SCL-250421-16,val
C4537,ISRO-SCL-250113-02,train
C4538,ISRO-SCL-250203-05,test
C4539,ISRO-SCL-250310-10,train
C4540,ISRO-SCL-250113-02,train
C4541,ISRO-SCL-250120-03,val
C4542,ISRO-SCL-250310-10,train
C4543,ISRO-SCL-250331-13,train
C4544,ISRO-SCL-250203-05,test
C4545,ISRO-SCL-250331-13,train
C4546,ISRO-SCL-250407-14,train
C4547,ISRO-SCL-250113-02,train
C4548,ISRO-SCL-250127-04,test
C4549,ISRO-SCL-250414-15,val
C4550,ISRO-SCL-250414-15,val
C4551,ISRO-SCL-250414-15,val
C4552,ISRO-SCL-250310-10,train
C4553,ISRO-SCL-250113-02,train
C4554,ISRO-SCL-250203-05,test
C4555,ISRO-SCL-250414-15,val
C4556,ISRO-SCL-250512-19,train
C4557,ISRO-SCL-250127-04,test
C4558,ISRO-SCL-250120-03,val
C4559,ISRO-SCL-250331-13,train
C4560,ISRO-SCL-250217-07,test
C4561,ISRO-SCL-250331-13,train
C4562,ISRO-SCL-250113-02,train
C4563,ISRO-SCL-250217-07,test
C4564,ISRO-SCL-250512-19,train
C4565,ISRO-SCL-250310-10,train
C4566,ISRO-SCL-250224-08,train
C4567,ISRO-SCL-250113-02,train
C4568,ISRO-SCL-250127-04,test
C4569,ISRO-SCL-250113-02,train
C4570,ISRO-SCL-250106-01,train
C4571,ISRO-SCL-250303-09,test
C4572,ISRO-SCL-250106-01,train
C4573,ISRO-SCL-250505-18,train
C4574,ISRO-SCL-250203-05,test
C4575,ISRO-SCL-250203-05,test
C4576,ISRO-SCL-250203-05,test
C4577,ISRO-SCL-250519-20,val
C4578,ISRO-SCL-250505-18,train
C4579,ISRO-SCL-250127-04,test
C4580,ISRO-SCL-250127-04,test
C4581,ISRO-SCL-250310-10,train
C4582,ISRO-SCL-250505-18,train
C4583,ISRO-SCL-250310-10,train
C4584,ISRO-SCL-250113-02,train
C4585,ISRO-SCL-250519-20,val
C4586,ISRO-SCL-250224-08,train
C4587,ISRO-SCL-250113-02,train
C4588,ISRO-SCL-250120-03,val
C4589,ISRO-SCL-250224-08,train
C4590,ISRO-SCL-250127-04,test
C4591,ISRO-SCL-250120-03,val
C4592,ISRO-SCL-250512-19,train
C4593,ISRO-SCL-250106-01,train
C4594,ISRO-SCL-250203-05,test
C4595,ISRO-SCL-250512-19,train
C4596,ISRO-SCL-250414-15,val
C4597,ISRO-SCL-250421-16,val
C4598,ISRO-SCL-250310-10,train
C4599,ISRO-SCL-250210-06,train
C4600,ISRO-SCL-250224-08,train
C4601,ISRO-SCL-250217-07,test
C4602,ISRO-SCL-250310-10,train
C4603,ISRO-SCL-250217-07,test
C4604,ISRO-SCL-250217-07,test
C4605,ISRO-SCL-250127-04,test
C4606,ISRO-SCL-250331-13,train
C4607,ISRO-SCL-250324-12,train
C4608,ISRO-SCL-250127-04,test
C4609,ISRO-SCL-250210-06,train
C4610,ISRO-SCL-250303-09,test
C4611,ISRO-SCL-250203-05,test
C4612,ISRO-SCL-250331-13,train
C4613,ISRO-SCL-250331-13,train
C4614,ISRO-SCL-250331-13,train
C4615,ISRO-SCL-250210-06,train
C4616,ISRO-SCL-250310-10,train
C4617,ISRO-SCL-250203-05,test
C4618,ISRO-SCL-250512-19,train
C4619,ISRO-SCL-250224-08,train
C4620,ISRO-SCL-250310-10,train
C4621,ISRO-SCL-250113-02,train
C4622,ISRO-SCL-250224-08,train
C4623,ISRO-SCL-250407-14,train
C4624,ISRO-SCL-250519-20,val
C4625,ISRO-SCL-250414-15,val
C4626,ISRO-SCL-250113-02,train
C4627,ISRO-SCL-250331-13,train
C4628,ISRO-SCL-250217-07,test
C4629,ISRO-SCL-250224-08,train
C4630,ISRO-SCL-250224-08,train
C4631,ISRO-SCL-250331-13,train
C4632,ISRO-SCL-250324-12,train
C4633,ISRO-SCL-250317-11,train
C4634,ISRO-SCL-250331-13,train
C4635,ISRO-SCL-250203-05,test
C4636,ISRO-SCL-250217-07,test
C4637,ISRO-SCL-250303-09,test
C4638,ISRO-SCL-250317-11,train
C4639,ISRO-SCL-250414-15,val
C4640,ISRO-SCL-250113-02,train
C4641,ISRO-SCL-250421-16,val
C4642,ISRO-SCL-250310-10,train
C4643,ISRO-SCL-250210-06,train
C4644,ISRO-SCL-250217-07,test
C4645,ISRO-SCL-250217-07,test
C4646,ISRO-SCL-250127-04,test
C4647,ISRO-SCL-250428-17,train
C4648,ISRO-SCL-250331-13,train
C4649,ISRO-SCL-250421-16,val
C4650,ISRO-SCL-250127-04,test
C4651,ISRO-SCL-250303-09,test
C4652,ISRO-SCL-250303-09,test
C4653,ISRO-SCL-250421-16,val
C4654,ISRO-SCL-250217-07,test
C4655,ISRO-SCL-250210-06,train
C4656,ISRO-SCL-250505-18,train
C4657,ISRO-SCL-250407-14,train
C4658,ISRO-SCL-250224-08,train
C4659,ISRO-SCL-250505-18,train
C4660,ISRO-SCL-250217-07,test
C4661,ISRO-SCL-250224-08,train
C4662,ISRO-SCL-250331-13,train
C4663,ISRO-SCL-250217-07,test
C4664,ISRO-SCL-250428-17,train
C4665,ISRO-SCL-250324-12,train
C4666,ISRO-SCL-250120-03,val
C4667,ISRO-SCL-250421-16,val
C4668,ISRO-SCL-250217-07,test
C4669,ISRO-SCL-250421-16,val
C4670,ISRO-SCL-250505-18,train
C4671,ISRO-SCL-250113-02,train
C4672,ISRO-SCL-250106-01,train
C4673,ISRO-SCL-250113-02,train
C4674,ISRO-SCL-250217-07,test
C4675,ISRO-SCL-250512-19,train
C4676,ISRO-SCL-250210-06,train
C4677,ISRO-SCL-250428-17,train
C4678,ISRO-SCL-250310-10,train
C4679,ISRO-SCL-250224-08,train
C4680,ISRO-SCL-250310-10,train
C4681,ISRO-SCL-250113-02,train
C4682,ISRO-SCL-250203-05,test
C4683,ISRO-SCL-250407-14,train
C4684,ISRO-SCL-250414-15,val
C4685,ISRO-SCL-250407-14,train
C4686,ISRO-SCL-250113-02,train
C4687,ISRO-SCL-250331-13,train
C4688,ISRO-SCL-250407-14,train
C4689,ISRO-SCL-250512-19,train
C4690,ISRO-SCL-250407-14,train
C4691,ISRO-SCL-250414-15,val
C4692,ISRO-SCL-250331-13,train
C4693,ISRO-SCL-250331-13,train
C4694,ISRO-SCL-250310-10,train
C4695,ISRO-SCL-250127-04,test
C4696,ISRO-SCL-250310-10,train
C4697,ISRO-SCL-250407-14,train
C4698,ISRO-SCL-250519-20,val
C4699,ISRO-SCL-250224-08,train
C4700,ISRO-SCL-250303-09,test
C4701,ISRO-SCL-250310-10,train
C4702,ISRO-SCL-250106-01,train
C4703,ISRO-SCL-250317-11,train
C4704,ISRO-SCL-250331-13,train
C4705,ISRO-SCL-250303-09,test
C4706,ISRO-SCL-250113-02,train
C4707,ISRO-SCL-250512-19,train
C4708,ISRO-SCL-250414-15,val
C4709,ISRO-SCL-250203-05,test
C4710,ISRO-SCL-250127-04,test
C4711,ISRO-SCL-250421-16,val
C4712,ISRO-SCL-250310-10,train
C4713,ISRO-SCL-250217-07,test
C4714,ISRO-SCL-250113-02,train
C4715,ISRO-SCL-250519-20,val
C4716,ISRO-SCL-250203-05,test
C4717,ISRO-SCL-250331-13,train
C4718,ISRO-SCL-250210-06,train
C4719,ISRO-SCL-250505-18,train
C4720,ISRO-SCL-250421-16,val
C4721,ISRO-SCL-250505-18,train
C4722,ISRO-SCL-250224-08,train
C4723,ISRO-SCL-250127-04,test
C4724,ISRO-SCL-250414-15,val
C4725,ISRO-SCL-250217-07,test
C4726,ISRO-SCL-250310-10,train
C4727,ISRO-SCL-250120-03,val
C4728,ISRO-SCL-250203-05,test
C4729,ISRO-SCL-250317-11,train
C4730,ISRO-SCL-250421-16,val
C4731,ISRO-SCL-250414-15,val
C4732,ISRO-SCL-250407-14,train
C4733,ISRO-SCL-250414-15,val
C4734,ISRO-SCL-250113-02,train
C4735,ISRO-SCL-250324-12,train
C4736,ISRO-SCL-250106-01,train
C4737,ISRO-SCL-250217-07,test
C4738,ISRO-SCL-250414-15,val
C4739,ISRO-SCL-250310-10,train
C4740,ISRO-SCL-250217-07,test
C4741,ISRO-SCL-250113-02,train
C4742,ISRO-SCL-250217-07,test
C4743,ISRO-SCL-250113-02,train
C4744,ISRO-SCL-250407-14,train
C4745,ISRO-SCL-250512-19,train
C4746,ISRO-SCL-250421-16,val
C4747,ISRO-SCL-250310-10,train
C4748,ISRO-SCL-250317-11,train
C4749,ISRO-SCL-250512-19,train
C4750,ISRO-SCL-250127-04,test
C4751,ISRO-SCL-250512-19,train
C4752,ISRO-SCL-250324-12,train
C4753,ISRO-SCL-250127-04,test
C4754,ISRO-SCL-250217-07,test
C4755,ISRO-SCL-250324-12,train
C4756,ISRO-SCL-250127-04,test
C4757,ISRO-SCL-250414-15,val
C4758,ISRO-SCL-250428-17,train
C4759,ISRO-SCL-250106-01,train
C4760,ISRO-SCL-250127-04,test
C4761,ISRO-SCL-250217-07,test
C4762,ISRO-SCL-250303-09,test
C4763,ISRO-SCL-250317-11,train
C4764,ISRO-SCL-250224-08,train
C4765,ISRO-SCL-250310-10,train
C4766,ISRO-SCL-250224-08,train
C4767,ISRO-SCL-250127-04,test
C4768,ISRO-SCL-250310-10,train
C4769,ISRO-SCL-250414-15,val
C4770,ISRO-SCL-250203-05,test
C4771,ISRO-SCL-250127-04,test
C4772,ISRO-SCL-250331-13,train
C4773,ISRO-SCL-250303-09,test
C4774,ISRO-SCL-250421-16,val
C4775,ISRO-SCL-250224-08,train
C4776,ISRO-SCL-250331-13,train
C4777,ISRO-SCL-250106-01,train
C4778,ISRO-SCL-250113-02,train
C4779,ISRO-SCL-250414-15,val
C4780,ISRO-SCL-250421-16,val
C4781,ISRO-SCL-250407-14,train
C4782,ISRO-SCL-250113-02,train
C4783,ISRO-SCL-250421-16,val
C4784,ISRO-SCL-250127-04,test
C4785,ISRO-SCL-250505-18,train
C4786,ISRO-SCL-250428-17,train
C4787,ISRO-SCL-250421-16,val
C4788,ISRO-SCL-250421-16,val
C4789,ISRO-SCL-250310-10,train
C4790,ISRO-SCL-250310-10,train
C4791,ISRO-SCL-250106-01,train
C4792,ISRO-SCL-250310-10,train
C4793,ISRO-SCL-250317-11,train
C4794,ISRO-SCL-250407-14,train
C4795,ISRO-SCL-250331-13,train
C4796,ISRO-SCL-250519-20,val
C4797,ISRO-SCL-250428-17,train
C4798,ISRO-SCL-250407-14,train
C4799,ISRO-SCL-250224-08,train
C4800,ISRO-SCL-250331-13,train
C4801,ISRO-SCL-250505-18,train
C4802,ISRO-SCL-250203-05,test
C4803,ISRO-SCL-250505-18,train
C4804,ISRO-SCL-250414-15,val
C4805,ISRO-SCL-250428-17,train
C4806,ISRO-SCL-250310-10,train
C4807,ISRO-SCL-250217-07,test
C4808,ISRO-SCL-250113-02,train
C4809,ISRO-SCL-250203-05,test
C4810,ISRO-SCL-250407-14,train
C4811,ISRO-SCL-250310-10,train
C4812,ISRO-SCL-250317-11,train
C4813,ISRO-SCL-250113-02,train
C4814,ISRO-SCL-250421-16,val
C4815,ISRO-SCL-250106-01,train
C4816,ISRO-SCL-250203-05,test
C4817,ISRO-SCL-250120-03,val
C4818,ISRO-SCL-250414-15,val
C4819,ISRO-SCL-250113-02,train
C4820,ISRO-SCL-250113-02,train
C4821,ISRO-SCL-250127-04,test
C4822,ISRO-SCL-250113-02,train
C4823,ISRO-SCL-250407-14,train
C4824,ISRO-SCL-250224-08,train
C4825,ISRO-SCL-250203-05,test
C4826,ISRO-SCL-250217-07,test
C4827,ISRO-SCL-250203-05,test
C4828,ISRO-SCL-250303-09,test
C4829,ISRO-SCL-250331-13,train
C4830,ISRO-SCL-250106-01,train
C4831,ISRO-SCL-250421-16,val
C4832,ISRO-SCL-250505-18,train
C4833,ISRO-SCL-250113-02,train
C4834,ISRO-SCL-250512-19,train
C4835,ISRO-SCL-250505-18,train
C4836,ISRO-SCL-250519-20,val
C4837,ISRO-SCL-250127-04,test
C4838,ISRO-SCL-250414-15,val
C4839,ISRO-SCL-250317-11,train
C4840,ISRO-SCL-250414-15,val
C4841,ISRO-SCL-250224-08,train
C4842,ISRO-SCL-250331-13,train
C4843,ISRO-SCL-250127-04,test
C4844,ISRO-SCL-250217-07,test
C4845,ISRO-SCL-250224-08,train
C4846,ISRO-SCL-250331-13,train
C4847,ISRO-SCL-250428-17,train
C4848,ISRO-SCL-250203-05,test
C4849,ISRO-SCL-250106-01,train
C4850,ISRO-SCL-250331-13,train
C4851,ISRO-SCL-250106-01,train
C4852,ISRO-SCL-250310-10,train
C4853,ISRO-SCL-250217-07,test
C4854,ISRO-SCL-250512-19,train
C4855,ISRO-SCL-250310-10,train
C4856,ISRO-SCL-250421-16,val
C4857,ISRO-SCL-250310-10,train
C4858,ISRO-SCL-250421-16,val
C4859,ISRO-SCL-250113-02,train
C4860,ISRO-SCL-250113-02,train
C4861,ISRO-SCL-250512-19,train
C4862,ISRO-SCL-250224-08,train
C4863,ISRO-SCL-250414-15,val
C4864,ISRO-SCL-250203-05,test
C4865,ISRO-SCL-250106-01,train
C4866,ISRO-SCL-250421-16,val
C4867,ISRO-SCL-250407-14,train
C4868,ISRO-SCL-250217-07,test
C4869,ISRO-SCL-250421-16,val
C4870,ISRO-SCL-250224-08,train
C4871,ISRO-SCL-250203-05,test
C4872,ISRO-SCL-250210-06,train
C4873,ISRO-SCL-250127-04,test
C4874,ISRO-SCL-250324-12,train
C4875,ISRO-SCL-250421-16,val
C4876,ISRO-SCL-250317-11,train
C4877,ISRO-SCL-250428-17,train
C4878,ISRO-SCL-250310-10,train
C4879,ISRO-SCL-250310-10,train
C4880,ISRO-SCL-250217-07,test
C4881,ISRO-SCL-250310-10,train
C4882,ISRO-SCL-250407-14,train
C4883,ISRO-SCL-250224-08,train
C4884,ISRO-SCL-250127-04,test
C4885,ISRO-SCL-250120-03,val
C4886,ISRO-SCL-250217-07,test
C4887,ISRO-SCL-250310-10,train
C4888,ISRO-SCL-250224-08,train
C4889,ISRO-SCL-250512-19,train
C4890,ISRO-SCL-250421-16,val
C4891,ISRO-SCL-250203-05,test
C4892,ISRO-SCL-250203-05,test
C4893,ISRO-SCL-250224-08,train
C4894,ISRO-SCL-250310-10,train
C4895,ISRO-SCL-250210-06,train
C4896,ISRO-SCL-250210-06,train
C4897,ISRO-SCL-250324-12,train
C4898,ISRO-SCL-250113-02,train
C4899,ISRO-SCL-250317-11,train
C4900,ISRO-SCL-250127-04,test
C4901,ISRO-SCL-250113-02,train
C4902,ISRO-SCL-250120-03,val
C4903,ISRO-SCL-250421-16,val
C4904,ISRO-SCL-250127-04,test
C4905,ISRO-SCL-250512-19,train
C4906,ISRO-SCL-250224-08,train
C4907,ISRO-SCL-250407-14,train
C4908,ISRO-SCL-250217-07,test
C4909,ISRO-SCL-250512-19,train
C4910,ISRO-SCL-250407-14,train
C4911,ISRO-SCL-250127-04,test
C4912,ISRO-SCL-250217-07,test
C4913,ISRO-SCL-250512-19,train
C4914,ISRO-SCL-250203-05,test
C4915,ISRO-SCL-250303-09,test
C4916,ISRO-SCL-250224-08,train
C4917,ISRO-SCL-250310-10,train
C4918,ISRO-SCL-250224-08,train
C4919,ISRO-SCL-250224-08,train
C4920,ISRO-SCL-250127-04,test
C4921,ISRO-SCL-250414-15,val
C4922,ISRO-SCL-250505-18,train
C4923,ISRO-SCL-250217-07,test
C4924,ISRO-SCL-250127-04,test
C4925,ISRO-SCL-250127-04,test
C4926,ISRO-SCL-250414-15,val
C4927,ISRO-SCL-250203-05,test
C4928,ISRO-SCL-250203-05,test
C4929,ISRO-SCL-250203-05,test
C4930,ISRO-SCL-250113-02,train
C4931,ISRO-SCL-250324-12,train
C4932,ISRO-SCL-250113-02,train
C4933,ISRO-SCL-250421-16,val
C4934,ISRO-SCL-250224-08,train
C4935,ISRO-SCL-250120-03,val
C4936,ISRO-SCL-250203-05,test
C4937,ISRO-SCL-250224-08,train
C4938,ISRO-SCL-250331-13,train
C4939,ISRO-SCL-250317-11,train
C4940,ISRO-SCL-250324-12,train
C4941,ISRO-SCL-250224-08,train
C4942,ISRO-SCL-250113-02,train
C4943,ISRO-SCL-250217-07,test
C4944,ISRO-SCL-250519-20,val
C4945,ISRO-SCL-250203-05,test
C4946,ISRO-SCL-250331-13,train
C4947,ISRO-SCL-250113-02,train
C4948,ISRO-SCL-250113-02,train
C4949,ISRO-SCL-250310-10,train
C4950,ISRO-SCL-250512-19,train
C4951,ISRO-SCL-250414-15,val
C4952,ISRO-SCL-250210-06,train
C4953,ISRO-SCL-250421-16,val
C4954,ISRO-SCL-250407-14,train
C4955,ISRO-SCL-250407-14,train
C4956,ISRO-SCL-250127-04,test
C4957,ISRO-SCL-250324-12,train
C4958,ISRO-SCL-250414-15,val
C4959,ISRO-SCL-250203-05,test
C4960,ISRO-SCL-250120-03,val
C4961,ISRO-SCL-250210-06,train
C4962,ISRO-SCL-250407-14,train
C4963,ISRO-SCL-250421-16,val
C4964,ISRO-SCL-250120-03,val
C4965,ISRO-SCL-250203-05,test
C4966,ISRO-SCL-250106-01,train
C4967,ISRO-SCL-250331-13,train
C4968,ISRO-SCL-250113-02,train
C4969,ISRO-SCL-250414-15,val
C4970,ISRO-SCL-250505-18,train
C4971,ISRO-SCL-250224-08,train
C4972,ISRO-SCL-250217-07,test
C4973,ISRO-SCL-250331-13,train
C4974,ISRO-SCL-250505-18,train
C4975,ISRO-SCL-250127-04,test
C4976,ISRO-SCL-250519-20,val
C4977,ISRO-SCL-250217-07,test
C4978,ISRO-SCL-250407-14,train
C4979,ISRO-SCL-250519-20,val
C4980,ISRO-SCL-250113-02,train
C4981,ISRO-SCL-250106-01,train
C4982,ISRO-SCL-250407-14,train
C4983,ISRO-SCL-250317-11,train
C4984,ISRO-SCL-250407-14,train
C4985,ISRO-SCL-250203-05,test
C4986,ISRO-SCL-250113-02,train
C4987,ISRO-SCL-250324-12,train
C4988,ISRO-SCL-250407-14,train
C4989,ISRO-SCL-250120-03,val
C4990,ISRO-SCL-250224-08,train
C4991,ISRO-SCL-250224-08,train
C4992,ISRO-SCL-250324-12,train
C4993,ISRO-SCL-250414-15,val
C4994,ISRO-SCL-250217-07,test
C4995,ISRO-SCL-250414-15,val
C4996,ISRO-SCL-250120-03,val
C4997,ISRO-SCL-250224-08,train
C4998,ISRO-SCL-250210-06,train
C4999,ISRO-SCL-250428-17,train
C5000,ISRO-SCL-250210-06,train
C5001,ISRO-SCL-250224-08,train
C5002,ISRO-SCL-250512-19,train
C5003,ISRO-SCL-250217-07,test
C5004,ISRO-SCL-250224-08,train
C5005,ISRO-SCL-250505-18,train
C5006,ISRO-SCL-250310-10,train
C5007,ISRO-SCL-250421-16,val
C5008,ISRO-SCL-250505-18,train
C5009,ISRO-SCL-250217-07,test
C5010,ISRO-SCL-250113-02,train
C5011,ISRO-SCL-250127-04,test
C5012,ISRO-SCL-250414-15,val
C5013,ISRO-SCL-250210-06,train
C5014,ISRO-SCL-250120-03,val
C5015,ISRO-SCL-250421-16,val
C5016,ISRO-SCL-250505-18,train
C5017,ISRO-SCL-250407-14,train
C5018,ISRO-SCL-250224-08,train
C5019,ISRO-SCL-250317-11,train
C5020,ISRO-SCL-250407-14,train
C5021,ISRO-SCL-250331-13,train
C5022,ISRO-SCL-250113-02,train
C5023,ISRO-SCL-250324-12,train
C5024,ISRO-SCL-250324-12,train
C5025,ISRO-SCL-250331-13,train
C5026,ISRO-SCL-250421-16,val
C5027,ISRO-SCL-250310-10,train
C5028,ISRO-SCL-250519-20,val
C5029,ISRO-SCL-250505-18,train
C5030,ISRO-SCL-250324-12,train
C5031,ISRO-SCL-250407-14,train
C5032,ISRO-SCL-250421-16,val
C5033,ISRO-SCL-250414-15,val
C5034,ISRO-SCL-250324-12,train
C5035,ISRO-SCL-250217-07,test
C5036,ISRO-SCL-250505-18,train
C5037,ISRO-SCL-250224-08,train
C5038,ISRO-SCL-250127-04,test
C5039,ISRO-SCL-250210-06,train
C5040,ISRO-SCL-250414-15,val
C5041,ISRO-SCL-250106-01,train
C5042,ISRO-SCL-250203-05,test
C5043,ISRO-SCL-250113-02,train
C5044,ISRO-SCL-250324-12,train
C5045,ISRO-SCL-250217-07,test
C5046,ISRO-SCL-250127-04,test
C5047,ISRO-SCL-250113-02,train
C5048,ISRO-SCL-250224-08,train
C5049,ISRO-SCL-250519-20,val
C5050,ISRO-SCL-250310-10,train
C5051,ISRO-SCL-250407-14,train
C5052,ISRO-SCL-250106-01,train
C5053,ISRO-SCL-250106-01,train
C5054,ISRO-SCL-250127-04,test
C5055,ISRO-SCL-250324-12,train
C5056,ISRO-SCL-250217-07,test
C5057,ISRO-SCL-250519-20,val
C5058,ISRO-SCL-250224-08,train
C5059,ISRO-SCL-250407-14,train
C5060,ISRO-SCL-250113-02,train
C5061,ISRO-SCL-250310-10,train
C5062,ISRO-SCL-250512-19,train
C5063,ISRO-SCL-250505-18,train
C5064,ISRO-SCL-250127-04,test
C5065,ISRO-SCL-250421-16,val
C5066,ISRO-SCL-250127-04,test
C5067,ISRO-SCL-250224-08,train
C5068,ISRO-SCL-250407-14,train
C5069,ISRO-SCL-250113-02,train
C5070,ISRO-SCL-250113-02,train
C5071,ISRO-SCL-250310-10,train
C5072,ISRO-SCL-250303-09,test
C5073,ISRO-SCL-250113-02,train
C5074,ISRO-SCL-250113-02,train
C5075,ISRO-SCL-250505-18,train
C5076,ISRO-SCL-250414-15,val
C5077,ISRO-SCL-250324-12,train
C5078,ISRO-SCL-250519-20,val
C5079,ISRO-SCL-250421-16,val
C5080,ISRO-SCL-250331-13,train
C5081,ISRO-SCL-250217-07,test
C5082,ISRO-SCL-250331-13,train
C5083,ISRO-SCL-250331-13,train
C5084,ISRO-SCL-250203-05,test
C5085,ISRO-SCL-250217-07,test
C5086,ISRO-SCL-250407-14,train
C5087,ISRO-SCL-250217-07,test
C5088,ISRO-SCL-250303-09,test
C5089,ISRO-SCL-250505-18,train
C5090,ISRO-SCL-250324-12,train
C5091,ISRO-SCL-250217-07,test
C5092,ISRO-SCL-250310-10,train
C5093,ISRO-SCL-250127-04,test
C5094,ISRO-SCL-250519-20,val
C5095,ISRO-SCL-250113-02,train
C5096,ISRO-SCL-250217-07,test
C5097,ISRO-SCL-250106-01,train
C5098,ISRO-SCL-250414-15,val
C5099,ISRO-SCL-250512-19,train
C5100,ISRO-SCL-250414-15,val
C5101,ISRO-SCL-250414-15,val
C5102,ISRO-SCL-250203-05,test
C5103,ISRO-SCL-250324-12,train
C5104,ISRO-SCL-250217-07,test
C5105,ISRO-SCL-250310-10,train
C5106,ISRO-SCL-250310-10,train
C5107,ISRO-SCL-250224-08,train
C5108,ISRO-SCL-250512-19,train
C5109,ISRO-SCL-250407-14,train
C5110,ISRO-SCL-250203-05,test
C5111,ISRO-SCL-250203-05,test
C5112,ISRO-SCL-250407-14,train
C5113,ISRO-SCL-250224-08,train
C5114,ISRO-SCL-250127-04,test
C5115,ISRO-SCL-250127-04,test
C5116,ISRO-SCL-250331-13,train
C5117,ISRO-SCL-250127-04,test
C5118,ISRO-SCL-250310-10,train
C5119,ISRO-SCL-250203-05,test
C5120,ISRO-SCL-250414-15,val
C5121,ISRO-SCL-250421-16,val
C5122,ISRO-SCL-250210-06,train
C5123,ISRO-SCL-250224-08,train
C5124,ISRO-SCL-250224-08,train
C5125,ISRO-SCL-250512-19,train
C5126,ISRO-SCL-250210-06,train
C5127,ISRO-SCL-250310-10,train
C5128,ISRO-SCL-250414-15,val
C5129,ISRO-SCL-250421-16,val
C5130,ISRO-SCL-250519-20,val
C5131,ISRO-SCL-250224-08,train
C5132,ISRO-SCL-250127-04,test
C5133,ISRO-SCL-250203-05,test
C5134,ISRO-SCL-250505-18,train
C5135,ISRO-SCL-250512-19,train
C5136,ISRO-SCL-250317-11,train
C5137,ISRO-SCL-250113-02,train
C5138,ISRO-SCL-250310-10,train
C5139,ISRO-SCL-250331-13,train
C5140,ISRO-SCL-250113-02,train
C5141,ISRO-SCL-250519-20,val
C5142,ISRO-SCL-250421-16,val
C5143,ISRO-SCL-250224-08,train
C5144,ISRO-SCL-250310-10,train
C5145,ISRO-SCL-250224-08,train
C5146,ISRO-SCL-250407-14,train
C5147,ISRO-SCL-250407-14,train
C5148,ISRO-SCL-250127-04,test
C5149,ISRO-SCL-250421-16,val
C5150,ISRO-SCL-250303-09,test
C5151,ISRO-SCL-250505-18,train
C5152,ISRO-SCL-250127-04,test
C5153,ISRO-SCL-250310-10,train
C5154,ISRO-SCL-250210-06,train
C5155,ISRO-SCL-250203-05,test
C5156,ISRO-SCL-250217-07,test
C5157,ISRO-SCL-250127-04,test
C5158,ISRO-SCL-250203-05,test
C5159,ISRO-SCL-250421-16,val
C5160,ISRO-SCL-250127-04,test
C5161,ISRO-SCL-250203-05,test
C5162,ISRO-SCL-250106-01,train
C5163,ISRO-SCL-250217-07,test
C5164,ISRO-SCL-250127-04,test
C5165,ISRO-SCL-250113-02,train
C5166,ISRO-SCL-250407-14,train
C5167,ISRO-SCL-250224-08,train
C5168,ISRO-SCL-250113-02,train
C5169,ISRO-SCL-250120-03,val
C5170,ISRO-SCL-250421-16,val
C5171,ISRO-SCL-250324-12,train
C5172,ISRO-SCL-250428-17,train
C5173,ISRO-SCL-250519-20,val
C5174,ISRO-SCL-250210-06,train
C5175,ISRO-SCL-250324-12,train
C5176,ISRO-SCL-250324-12,train
C5177,ISRO-SCL-250407-14,train
C5178,ISRO-SCL-250512-19,train
C5179,ISRO-SCL-250407-14,train
C5180,ISRO-SCL-250217-07,test
C5181,ISRO-SCL-250217-07,test
C5182,ISRO-SCL-250421-16,val
C5183,ISRO-SCL-250127-04,test
C5184,ISRO-SCL-250127-04,test
C5185,ISRO-SCL-250217-07,test
C5186,ISRO-SCL-250303-09,test
C5187,ISRO-SCL-250210-06,train
C5188,ISRO-SCL-250217-07,test
C5189,ISRO-SCL-250203-05,test
C5190,ISRO-SCL-250210-06,train
C5191,ISRO-SCL-250217-07,test
C5192,ISRO-SCL-250324-12,train
C5193,ISRO-SCL-250310-10,train
C5194,ISRO-SCL-250113-02,train
C5195,ISRO-SCL-250428-17,train
C5196,ISRO-SCL-250127-04,test
C5197,ISRO-SCL-250331-13,train
C5198,ISRO-SCL-250421-16,val
C5199,ISRO-SCL-250303-09,test
C5200,ISRO-SCL-250505-18,train
C5201,ISRO-SCL-250324-12,train
C5202,ISRO-SCL-250414-15,val
C5203,ISRO-SCL-250127-04,test
C5204,ISRO-SCL-250505-18,train
C5205,ISRO-SCL-250407-14,train
C5206,ISRO-SCL-250113-02,train
C5207,ISRO-SCL-250310-10,train
C5208,ISRO-SCL-250519-20,val
C5209,ISRO-SCL-250127-04,test
C5210,ISRO-SCL-250113-02,train
C5211,ISRO-SCL-250421-16,val
C5212,ISRO-SCL-250331-13,train
C5213,ISRO-SCL-250310-10,train
C5214,ISRO-SCL-250310-10,train
C5215,ISRO-SCL-250224-08,train
C5216,ISRO-SCL-250512-19,train
C5217,ISRO-SCL-250519-20,val
C5218,ISRO-SCL-250519-20,val
C5219,ISRO-SCL-250113-02,train
C5220,ISRO-SCL-250512-19,train
C5221,ISRO-SCL-250203-05,test
C5222,ISRO-SCL-250414-15,val
C5223,ISRO-SCL-250407-14,train
C5224,ISRO-SCL-250303-09,test
C5225,ISRO-SCL-250407-14,train
C5226,ISRO-SCL-250428-17,train
C5227,ISRO-SCL-250113-02,train
C5228,ISRO-SCL-250203-05,test
C5229,ISRO-SCL-250113-02,train
C5230,ISRO-SCL-250203-05,test
C5231,ISRO-SCL-250113-02,train
C5232,ISRO-SCL-250310-10,train
C5233,ISRO-SCL-250324-12,train
C5234,ISRO-SCL-250414-15,val
C5235,ISRO-SCL-250127-04,test
C5236,ISRO-SCL-250120-03,val
C5237,ISRO-SCL-250310-10,train
C5238,ISRO-SCL-250505-18,train
C5239,ISRO-SCL-250217-07,test
C5240,ISRO-SCL-250331-13,train
C5241,ISRO-SCL-250324-12,train
C5242,ISRO-SCL-250414-15,val
C5243,ISRO-SCL-250421-16,val
C5244,ISRO-SCL-250217-07,test
C5245,ISRO-SCL-250203-05,test
C5246,ISRO-SCL-250414-15,val
C5247,ISRO-SCL-250407-14,train
C5248,ISRO-SCL-250505-18,train
C5249,ISRO-SCL-250407-14,train
C5250,ISRO-SCL-250324-12,train
C5251,ISRO-SCL-250310-10,train
C5252,ISRO-SCL-250106-01,train
C5253,ISRO-SCL-250414-15,val
C5254,ISRO-SCL-250414-15,val
C5255,ISRO-SCL-250210-06,train
C5256,ISRO-SCL-250113-02,train
C5257,ISRO-SCL-250414-15,val
C5258,ISRO-SCL-250331-13,train
C5259,ISRO-SCL-250512-19,train
C5260,ISRO-SCL-250421-16,val
C5261,ISRO-SCL-250512-19,train
C5262,ISRO-SCL-250414-15,val
C5263,ISRO-SCL-250210-06,train
C5264,ISRO-SCL-250120-03,val
C5265,ISRO-SCL-250310-10,train
C5266,ISRO-SCL-250324-12,train
C5267,ISRO-SCL-250421-16,val
C5268,ISRO-SCL-250210-06,train
C5269,ISRO-SCL-250421-16,val
C5270,ISRO-SCL-250217-07,test
C5271,ISRO-SCL-250421-16,val
C5272,ISRO-SCL-250127-04,test
C5273,ISRO-SCL-250106-01,train
C5274,ISRO-SCL-250331-13,train
C5275,ISRO-SCL-250120-03,val
C5276,ISRO-SCL-250127-04,test
C5277,ISRO-SCL-250210-06,train
C5278,ISRO-SCL-250505-18,train
C5279,ISRO-SCL-250113-02,train
C5280,ISRO-SCL-250310-10,train
C5281,ISRO-SCL-250310-10,train
C5282,ISRO-SCL-250113-02,train
C5283,ISRO-SCL-250106-01,train
C5284,ISRO-SCL-250113-02,train
C5285,ISRO-SCL-250512-19,train
C5286,ISRO-SCL-250519-20,val
C5287,ISRO-SCL-250414-15,val
C5288,ISRO-SCL-250428-17,train
C5289,ISRO-SCL-250210-06,train
C5290,ISRO-SCL-250407-14,train
C5291,ISRO-SCL-250113-02,train
C5292,ISRO-SCL-250428-17,train
C5293,ISRO-SCL-250127-04,test
C5294,ISRO-SCL-250127-04,test
C5295,ISRO-SCL-250120-03,val
C5296,ISRO-SCL-250317-11,train
C5297,ISRO-SCL-250505-18,train
C5298,ISRO-SCL-250317-11,train
C5299,ISRO-SCL-250203-05,test
C5300,ISRO-SCL-250519-20,val
C5301,ISRO-SCL-250512-19,train
C5302,ISRO-SCL-250428-17,train
C5303,ISRO-SCL-250106-01,train
C5304,ISRO-SCL-250127-04,test
C5305,ISRO-SCL-250512-19,train
C5306,ISRO-SCL-250331-13,train
C5307,ISRO-SCL-250414-15,val
C5308,ISRO-SCL-250512-19,train
C5309,ISRO-SCL-250217-07,test
C5310,ISRO-SCL-250106-01,train
C5311,ISRO-SCL-250421-16,val
C5312,ISRO-SCL-250310-10,train
C5313,ISRO-SCL-250421-16,val
C5314,ISRO-SCL-250505-18,train
C5315,ISRO-SCL-250512-19,train
C5316,ISRO-SCL-250217-07,test
C5317,ISRO-SCL-250421-16,val
C5318,ISRO-SCL-250407-14,train
C5319,ISRO-SCL-250421-16,val
C5320,ISRO-SCL-250203-05,test
C5321,ISRO-SCL-250217-07,test
C5322,ISRO-SCL-250407-14,train
C5323,ISRO-SCL-250414-15,val
C5324,ISRO-SCL-250310-10,train
C5325,ISRO-SCL-250224-08,train
C5326,ISRO-SCL-250414-15,val
C5327,ISRO-SCL-250203-05,test
C5328,ISRO-SCL-250414-15,val
C5329,ISRO-SCL-250407-14,train
C5330,ISRO-SCL-250324-12,train
C5331,ISRO-SCL-250120-03,val
C5332,ISRO-SCL-250127-04,test
C5333,ISRO-SCL-250519-20,val
C5334,ISRO-SCL-250407-14,train
C5335,ISRO-SCL-250217-07,test
C5336,ISRO-SCL-250505-18,train
C5337,ISRO-SCL-250414-15,val
C5338,ISRO-SCL-250224-08,train
C5339,ISRO-SCL-250120-03,val
C5340,ISRO-SCL-250224-08,train
C5341,ISRO-SCL-250210-06,train
C5342,ISRO-SCL-250113-02,train
C5343,ISRO-SCL-250310-10,train
C5344,ISRO-SCL-250127-04,test
C5345,ISRO-SCL-250120-03,val
C5346,ISRO-SCL-250512-19,train
C5347,ISRO-SCL-250310-10,train
C5348,ISRO-SCL-250120-03,val
C5349,ISRO-SCL-250407-14,train
C5350,ISRO-SCL-250421-16,val
C5351,ISRO-SCL-250310-10,train
C5352,ISRO-SCL-250414-15,val
C5353,ISRO-SCL-250217-07,test
C5354,ISRO-SCL-250421-16,val
C5355,ISRO-SCL-250331-13,train
C5356,ISRO-SCL-250113-02,train
C5357,ISRO-SCL-250106-01,train
C5358,ISRO-SCL-250106-01,train
C5359,ISRO-SCL-250407-14,train
C5360,ISRO-SCL-250127-04,test
C5361,ISRO-SCL-250331-13,train
C5362,ISRO-SCL-250217-07,test
C5363,ISRO-SCL-250113-02,train
C5364,ISRO-SCL-250203-05,test
C5365,ISRO-SCL-250106-01,train
C5366,ISRO-SCL-250519-20,val
C5367,ISRO-SCL-250324-12,train
C5368,ISRO-SCL-250203-05,test
C5369,ISRO-SCL-250127-04,test
C5370,ISRO-SCL-250407-14,train
C5371,ISRO-SCL-250113-02,train
C5372,ISRO-SCL-250224-08,train
C5373,ISRO-SCL-250310-10,train
C5374,ISRO-SCL-250505-18,train
C5375,ISRO-SCL-250203-05,test
C5376,ISRO-SCL-250407-14,train
C5377,ISRO-SCL-250421-16,val
C5378,ISRO-SCL-250120-03,val
C5379,ISRO-SCL-250414-15,val
C5380,ISRO-SCL-250120-03,val
C5381,ISRO-SCL-250210-06,train
C5382,ISRO-SCL-250113-02,train
C5383,ISRO-SCL-250210-06,train
C5384,ISRO-SCL-250310-10,train
C5385,ISRO-SCL-250210-06,train
C5386,ISRO-SCL-250407-14,train
C5387,ISRO-SCL-250120-03,val
C5388,ISRO-SCL-250310-10,train
C5389,ISRO-SCL-250512-19,train
C5390,ISRO-SCL-250113-02,train
C5391,ISRO-SCL-250113-02,train
C5392,ISRO-SCL-250120-03,val
C5393,ISRO-SCL-250310-10,train
C5394,ISRO-SCL-250224-08,train
C5395,ISRO-SCL-250310-10,train
C5396,ISRO-SCL-250127-04,test
C5397,ISRO-SCL-250310-10,train
C5398,ISRO-SCL-250217-07,test
C5399,ISRO-SCL-250210-06,train
C5400,ISRO-SCL-250505-18,train
C5401,ISRO-SCL-250217-07,test
C5402,ISRO-SCL-250210-06,train
C5403,ISRO-SCL-250317-11,train
C5404,ISRO-SCL-250217-07,test
C5405,ISRO-SCL-250414-15,val
C5406,ISRO-SCL-250303-09,test
C5407,ISRO-SCL-250324-12,train
C5408,ISRO-SCL-250505-18,train
C5409,ISRO-SCL-250331-13,train
C5410,ISRO-SCL-250106-01,train
C5411,ISRO-SCL-250310-10,train
C5412,ISRO-SCL-250203-05,test
C5413,ISRO-SCL-250113-02,train
C5414,ISRO-SCL-250421-16,val
C5415,ISRO-SCL-250106-01,train
C5416,ISRO-SCL-250127-04,test
C5417,ISRO-SCL-250407-14,train
C5418,ISRO-SCL-250217-07,test
C5419,ISRO-SCL-250414-15,val
C5420,ISRO-SCL-250310-10,train
C5421,ISRO-SCL-250113-02,train
C5422,ISRO-SCL-250120-03,val
C5423,ISRO-SCL-250421-16,val
C5424,ISRO-SCL-250113-02,train
C5425,ISRO-SCL-250113-02,train
C5426,ISRO-SCL-250407-14,train
C5427,ISRO-SCL-250224-08,train
C5428,ISRO-SCL-250127-04,test
C5429,ISRO-SCL-250217-07,test
C5430,ISRO-SCL-250224-08,train
C5431,ISRO-SCL-250505-18,train
C5432,ISRO-SCL-250519-20,val
C5433,ISRO-SCL-250421-16,val
C5434,ISRO-SCL-250505-18,train
C5435,ISRO-SCL-250414-15,val
C5436,ISRO-SCL-250519-20,val
C5437,ISRO-SCL-250428-17,train
C5438,ISRO-SCL-250210-06,train
C5439,ISRO-SCL-250224-08,train
C5440,ISRO-SCL-250127-04,test
C5441,ISRO-SCL-250505-18,train
C5442,ISRO-SCL-250512-19,train
C5443,ISRO-SCL-250113-02,train
C5444,ISRO-SCL-250113-02,train
C5445,ISRO-SCL-250317-11,train
C5446,ISRO-SCL-250113-02,train
C5447,ISRO-SCL-250414-15,val
C5448,ISRO-SCL-250407-14,train
C5449,ISRO-SCL-250310-10,train
C5450,ISRO-SCL-250217-07,test
C5451,ISRO-SCL-250127-04,test
C5452,ISRO-SCL-250324-12,train
C5453,ISRO-SCL-250217-07,test
C5454,ISRO-SCL-250407-14,train
C5455,ISRO-SCL-250519-20,val
C5456,ISRO-SCL-250317-11,train
C5457,ISRO-SCL-250407-14,train
C5458,ISRO-SCL-250120-03,val
C5459,ISRO-SCL-250421-16,val
C5460,ISRO-SCL-250324-12,train
C5461,ISRO-SCL-250512-19,train
C5462,ISRO-SCL-250113-02,train
C5463,ISRO-SCL-250414-15,val
C5464,ISRO-SCL-250217-07,test
C5465,ISRO-SCL-250421-16,val
C5466,ISRO-SCL-250113-02,train
C5467,ISRO-SCL-250203-05,test
C5468,ISRO-SCL-250120-03,val
C5469,ISRO-SCL-250203-05,test
C5470,ISRO-SCL-250324-12,train
C5471,ISRO-SCL-250113-02,train
C5472,ISRO-SCL-250317-11,train
C5473,ISRO-SCL-250120-03,val
C5474,ISRO-SCL-250414-15,val
C5475,ISRO-SCL-250317-11,train
C5476,ISRO-SCL-250217-07,test
C5477,ISRO-SCL-250310-10,train
C5478,ISRO-SCL-250310-10,train
C5479,ISRO-SCL-250331-13,train
C5480,ISRO-SCL-250127-04,test
C5481,ISRO-SCL-250203-05,test
C5482,ISRO-SCL-250428-17,train
C5483,ISRO-SCL-250127-04,test
C5484,ISRO-SCL-250317-11,train
C5485,ISRO-SCL-250217-07,test
C5486,ISRO-SCL-250512-19,train
C5487,ISRO-SCL-250310-10,train
C5488,ISRO-SCL-250512-19,train
C5489,ISRO-SCL-250505-18,train
C5490,ISRO-SCL-250519-20,val
C5491,ISRO-SCL-250217-07,test
C5492,ISRO-SCL-250512-19,train
C5493,ISRO-SCL-250310-10,train
C5494,ISRO-SCL-250407-14,train
C5495,ISRO-SCL-250113-02,train
C5496,ISRO-SCL-250217-07,test
C5497,ISRO-SCL-250324-12,train
C5498,ISRO-SCL-250127-04,test
C5499,ISRO-SCL-250519-20,val
C5500,ISRO-SCL-250407-14,train
C5501,ISRO-SCL-250120-03,val
C5502,ISRO-SCL-250421-16,val
C5503,ISRO-SCL-250303-09,test
C5504,ISRO-SCL-250505-18,train
C5505,ISRO-SCL-250421-16,val
C5506,ISRO-SCL-250421-16,val
C5507,ISRO-SCL-250203-05,test
C5508,ISRO-SCL-250113-02,train
C5509,ISRO-SCL-250414-15,val
C5510,ISRO-SCL-250331-13,train
C5511,ISRO-SCL-250331-13,train
C5512,ISRO-SCL-250224-08,train
C5513,ISRO-SCL-250519-20,val
C5514,ISRO-SCL-250317-11,train
C5515,ISRO-SCL-250407-14,train
C5516,ISRO-SCL-250210-06,train
C5517,ISRO-SCL-250505-18,train
C5518,ISRO-SCL-250428-17,train
C5519,ISRO-SCL-250127-04,test
C5520,ISRO-SCL-250407-14,train
C5521,ISRO-SCL-250414-15,val
C5522,ISRO-SCL-250310-10,train
C5523,ISRO-SCL-250310-10,train
C5524,ISRO-SCL-250519-20,val
C5525,ISRO-SCL-250106-01,train
C5526,ISRO-SCL-250106-01,train
C5527,ISRO-SCL-250317-11,train
C5528,ISRO-SCL-250113-02,train
C5529,ISRO-SCL-250414-15,val
C5530,ISRO-SCL-250519-20,val
C5531,ISRO-SCL-250310-10,train
C5532,ISRO-SCL-250407-14,train
C5533,ISRO-SCL-250310-10,train
C5534,ISRO-SCL-250217-07,test
C5535,ISRO-SCL-250310-10,train
C5536,ISRO-SCL-250505-18,train
C5537,ISRO-SCL-250224-08,train
C5538,ISRO-SCL-250414-15,val
C5539,ISRO-SCL-250127-04,test
C5540,ISRO-SCL-250210-06,train
C5541,ISRO-SCL-250310-10,train
C5542,ISRO-SCL-250512-19,train
C5543,ISRO-SCL-250113-02,train
C5544,ISRO-SCL-250127-04,test
C5545,ISRO-SCL-250120-03,val
C5546,ISRO-SCL-250217-07,test
C5547,ISRO-SCL-250113-02,train
C5548,ISRO-SCL-250324-12,train
C5549,ISRO-SCL-250310-10,train
C5550,ISRO-SCL-250127-04,test
C5551,ISRO-SCL-250414-15,val
C5552,ISRO-SCL-250407-14,train
C5553,ISRO-SCL-250106-01,train
C5554,ISRO-SCL-250127-04,test
C5555,ISRO-SCL-250414-15,val
C5556,ISRO-SCL-250217-07,test
C5557,ISRO-SCL-250310-10,train
C5558,ISRO-SCL-250407-14,train
C5559,ISRO-SCL-250113-02,train
C5560,ISRO-SCL-250317-11,train
C5561,ISRO-SCL-250203-05,test
C5562,ISRO-SCL-250512-19,train
C5563,ISRO-SCL-250310-10,train
C5564,ISRO-SCL-250113-02,train
C5565,ISRO-SCL-250217-07,test
C5566,ISRO-SCL-250317-11,train
C5567,ISRO-SCL-250428-17,train
C5568,ISRO-SCL-250217-07,test
C5569,ISRO-SCL-250120-03,val
C5570,ISRO-SCL-250505-18,train
C5571,ISRO-SCL-250203-05,test
C5572,ISRO-SCL-250113-02,train
C5573,ISRO-SCL-250407-14,train
C5574,ISRO-SCL-250127-04,test
C5575,ISRO-SCL-250210-06,train
C5576,ISRO-SCL-250113-02,train
C5577,ISRO-SCL-250203-05,test
C5578,ISRO-SCL-250324-12,train
C5579,ISRO-SCL-250324-12,train
C5580,ISRO-SCL-250331-13,train
C5581,ISRO-SCL-250519-20,val
C5582,ISRO-SCL-250217-07,test
C5583,ISRO-SCL-250324-12,train
C5584,ISRO-SCL-250414-15,val
C5585,ISRO-SCL-250414-15,val
C5586,ISRO-SCL-250303-09,test
C5587,ISRO-SCL-250414-15,val
C5588,ISRO-SCL-250113-02,train
C5589,ISRO-SCL-250414-15,val
C5590,ISRO-SCL-250224-08,train
C5591,ISRO-SCL-250512-19,train
C5592,ISRO-SCL-250127-04,test
C5593,ISRO-SCL-250203-05,test
C5594,ISRO-SCL-250113-02,train
C5595,ISRO-SCL-250310-10,train
C5596,ISRO-SCL-250210-06,train
C5597,ISRO-SCL-250113-02,train
C5598,ISRO-SCL-250224-08,train
C5599,ISRO-SCL-250224-08,train
C5600,ISRO-SCL-250203-05,test
C5601,ISRO-SCL-250407-14,train
C5602,ISRO-SCL-250113-02,train
C5603,ISRO-SCL-250414-15,val
C5604,ISRO-SCL-250217-07,test
C5605,ISRO-SCL-250203-05,test
C5606,ISRO-SCL-250317-11,train
C5607,ISRO-SCL-250421-16,val
C5608,ISRO-SCL-250113-02,train
C5609,ISRO-SCL-250127-04,test
C5610,ISRO-SCL-250127-04,test
C5611,ISRO-SCL-250414-15,val
C5612,ISRO-SCL-250310-10,train
C5613,ISRO-SCL-250407-14,train
C5614,ISRO-SCL-250421-16,val
C5615,ISRO-SCL-250310-10,train
C5616,ISRO-SCL-250421-16,val
C5617,ISRO-SCL-250113-02,train
C5618,ISRO-SCL-250224-08,train
C5619,ISRO-SCL-250127-04,test
C5620,ISRO-SCL-250113-02,train
C5621,ISRO-SCL-250113-02,train
C5622,ISRO-SCL-250217-07,test
C5623,ISRO-SCL-250317-11,train
C5624,ISRO-SCL-250310-10,train
C5625,ISRO-SCL-250505-18,train
C5626,ISRO-SCL-250414-15,val
C5627,ISRO-SCL-250512-19,train
C5628,ISRO-SCL-250421-16,val
C5629,ISRO-SCL-250303-09,test
C5630,ISRO-SCL-250407-14,train
C5631,ISRO-SCL-250421-16,val
C5632,ISRO-SCL-250113-02,train
C5633,ISRO-SCL-250303-09,test
C5634,ISRO-SCL-250428-17,train
C5635,ISRO-SCL-250512-19,train
C5636,ISRO-SCL-250512-19,train
C5637,ISRO-SCL-250317-11,train
C5638,ISRO-SCL-250407-14,train
C5639,ISRO-SCL-250210-06,train
C5640,ISRO-SCL-250303-09,test
C5641,ISRO-SCL-250310-10,train
C5642,ISRO-SCL-250210-06,train
C5643,ISRO-SCL-250310-10,train
C5644,ISRO-SCL-250106-01,train
C5645,ISRO-SCL-250428-17,train
C5646,ISRO-SCL-250310-10,train
C5647,ISRO-SCL-250317-11,train
C5648,ISRO-SCL-250331-13,train
C5649,ISRO-SCL-250505-18,train
C5650,ISRO-SCL-250210-06,train
C5651,ISRO-SCL-250106-01,train
C5652,ISRO-SCL-250224-08,train
C5653,ISRO-SCL-250210-06,train
C5654,ISRO-SCL-250217-07,test
C5655,ISRO-SCL-250310-10,train
C5656,ISRO-SCL-250414-15,val
C5657,ISRO-SCL-250414-15,val
C5658,ISRO-SCL-250303-09,test
C5659,ISRO-SCL-250505-18,train
C5660,ISRO-SCL-250217-07,test
C5661,ISRO-SCL-250106-01,train
C5662,ISRO-SCL-250303-09,test
C5663,ISRO-SCL-250414-15,val
C5664,ISRO-SCL-250127-04,test
C5665,ISRO-SCL-250210-06,train
C5666,ISRO-SCL-250512-19,train
C5667,ISRO-SCL-250303-09,test
C5668,ISRO-SCL-250303-09,test
C5669,ISRO-SCL-250120-03,val
C5670,ISRO-SCL-250224-08,train
C5671,ISRO-SCL-250203-05,test
C5672,ISRO-SCL-250310-10,train
C5673,ISRO-SCL-250421-16,val
C5674,ISRO-SCL-250421-16,val
C5675,ISRO-SCL-250407-14,train
C5676,ISRO-SCL-250113-02,train
C5677,ISRO-SCL-250331-13,train
C5678,ISRO-SCL-250512-19,train
C5679,ISRO-SCL-250210-06,train
C5680,ISRO-SCL-250505-18,train
C5681,ISRO-SCL-250428-17,train
C5682,ISRO-SCL-250113-02,train
C5683,ISRO-SCL-250303-09,test
C5684,ISRO-SCL-250113-02,train
C5685,ISRO-SCL-250407-14,train
C5686,ISRO-SCL-250317-11,train
C5687,ISRO-SCL-250210-06,train
C5688,ISRO-SCL-250324-12,train
C5689,ISRO-SCL-250127-04,test
C5690,ISRO-SCL-250512-19,train
C5691,ISRO-SCL-250203-05,test
C5692,ISRO-SCL-250324-12,train
C5693,ISRO-SCL-250421-16,val
C5694,ISRO-SCL-250407-14,train
C5695,ISRO-SCL-250127-04,test
C5696,ISRO-SCL-250310-10,train
C5697,ISRO-SCL-250414-15,val
C5698,ISRO-SCL-250331-13,train
C5699,ISRO-SCL-250317-11,train
C5700,ISRO-SCL-250127-04,test
C5701,ISRO-SCL-250421-16,val
C5702,ISRO-SCL-250210-06,train
C5703,ISRO-SCL-250512-19,train
C5704,ISRO-SCL-250127-04,test
C5705,ISRO-SCL-250106-01,train
C5706,ISRO-SCL-250519-20,val
C5707,ISRO-SCL-250414-15,val
C5708,ISRO-SCL-250519-20,val
C5709,ISRO-SCL-250224-08,train
C5710,ISRO-SCL-250203-05,test
C5711,ISRO-SCL-250407-14,train
C5712,ISRO-SCL-250217-07,test
C5713,ISRO-SCL-250113-02,train
C5714,ISRO-SCL-250203-05,test
C5715,ISRO-SCL-250106-01,train
C5716,ISRO-SCL-250224-08,train
C5717,ISRO-SCL-250317-11,train
C5718,ISRO-SCL-250331-13,train
C5719,ISRO-SCL-250519-20,val
C5720,ISRO-SCL-250106-01,train
C5721,ISRO-SCL-250210-06,train
C5722,ISRO-SCL-250303-09,test
C5723,ISRO-SCL-250421-16,val
C5724,ISRO-SCL-250106-01,train
C5725,ISRO-SCL-250331-13,train
C5726,ISRO-SCL-250113-02,train
C5727,ISRO-SCL-250407-14,train
C5728,ISRO-SCL-250428-17,train
C5729,ISRO-SCL-250127-04,test
C5730,ISRO-SCL-250203-05,test
C5731,ISRO-SCL-250113-02,train
C5732,ISRO-SCL-250113-02,train
C5733,ISRO-SCL-250224-08,train
C5734,ISRO-SCL-250407-14,train
C5735,ISRO-SCL-250317-11,train
C5736,ISRO-SCL-250303-09,test
C5737,ISRO-SCL-250303-09,test
C5738,ISRO-SCL-250421-16,val
C5739,ISRO-SCL-250414-15,val
C5740,ISRO-SCL-250224-08,train
C5741,ISRO-SCL-250113-02,train
C5742,ISRO-SCL-250324-12,train
C5743,ISRO-SCL-250113-02,train
C5744,ISRO-SCL-250106-01,train
C5745,ISRO-SCL-250324-12,train
C5746,ISRO-SCL-250113-02,train
C5747,ISRO-SCL-250421-16,val
C5748,ISRO-SCL-250505-18,train
C5749,ISRO-SCL-250324-12,train
C5750,ISRO-SCL-250407-14,train
C5751,ISRO-SCL-250113-02,train
C5752,ISRO-SCL-250127-04,test
C5753,ISRO-SCL-250324-12,train
C5754,ISRO-SCL-250421-16,val
C5755,ISRO-SCL-250120-03,val
C5756,ISRO-SCL-250113-02,train
C5757,ISRO-SCL-250127-04,test
C5758,ISRO-SCL-250106-01,train
C5759,ISRO-SCL-250512-19,train
C5760,ISRO-SCL-250203-05,test
C5761,ISRO-SCL-250407-14,train
C5762,ISRO-SCL-250512-19,train
C5763,ISRO-SCL-250127-04,test
C5764,ISRO-SCL-250113-02,train
C5765,ISRO-SCL-250407-14,train
C5766,ISRO-SCL-250317-11,train
C5767,ISRO-SCL-250210-06,train
C5768,ISRO-SCL-250127-04,test
C5769,ISRO-SCL-250217-07,test
C5770,ISRO-SCL-250224-08,train
C5771,ISRO-SCL-250512-19,train
C5772,ISRO-SCL-250106-01,train
C5773,ISRO-SCL-250414-15,val
C5774,ISRO-SCL-250421-16,val
C5775,ISRO-SCL-250324-12,train
C5776,ISRO-SCL-250407-14,train
C5777,ISRO-SCL-250512-19,train
C5778,ISRO-SCL-250217-07,test
C5779,ISRO-SCL-250407-14,train
C5780,ISRO-SCL-250224-08,train
C5781,ISRO-SCL-250303-09,test
C5782,ISRO-SCL-250407-14,train
C5783,ISRO-SCL-250421-16,val
C5784,ISRO-SCL-250519-20,val
C5785,ISRO-SCL-250127-04,test
C5786,ISRO-SCL-250127-04,test
C5787,ISRO-SCL-250303-09,test
C5788,ISRO-SCL-250203-05,test
C5789,ISRO-SCL-250407-14,train
C5790,ISRO-SCL-250512-19,train
C5791,ISRO-SCL-250203-05,test
C5792,ISRO-SCL-250303-09,test
C5793,ISRO-SCL-250113-02,train
C5794,ISRO-SCL-250224-08,train
C5795,ISRO-SCL-250127-04,test
C5796,ISRO-SCL-250414-15,val
C5797,ISRO-SCL-250113-02,train
C5798,ISRO-SCL-250203-05,test
C5799,ISRO-SCL-250505-18,train
C5800,ISRO-SCL-250317-11,train
C5801,ISRO-SCL-250505-18,train
C5802,ISRO-SCL-250317-11,train
C5803,ISRO-SCL-250127-04,test
C5804,ISRO-SCL-250203-05,test
C5805,ISRO-SCL-250428-17,train
C5806,ISRO-SCL-250217-07,test
C5807,ISRO-SCL-250113-02,train
C5808,ISRO-SCL-250414-15,val
C5809,ISRO-SCL-250224-08,train
C5810,ISRO-SCL-250203-05,test
C5811,ISRO-SCL-250120-03,val
C5812,ISRO-SCL-250512-19,train
C5813,ISRO-SCL-250407-14,train
C5814,ISRO-SCL-250113-02,train
C5815,ISRO-SCL-250217-07,test
C5816,ISRO-SCL-250331-13,train
C5817,ISRO-SCL-250224-08,train
C5818,ISRO-SCL-250203-05,test
C5819,ISRO-SCL-250106-01,train
C5820,ISRO-SCL-250421-16,val
C5821,ISRO-SCL-250303-09,test
C5822,ISRO-SCL-250505-18,train
C5823,ISRO-SCL-250324-12,train
C5824,ISRO-SCL-250407-14,train
C5825,ISRO-SCL-250519-20,val
C5826,ISRO-SCL-250127-04,test
C5827,ISRO-SCL-250428-17,train
C5828,ISRO-SCL-250224-08,train
C5829,ISRO-SCL-250324-12,train
C5830,ISRO-SCL-250505-18,train
C5831,ISRO-SCL-250113-02,train
C5832,ISRO-SCL-250120-03,val
C5833,ISRO-SCL-250303-09,test
C5834,ISRO-SCL-250113-02,train
C5835,ISRO-SCL-250414-15,val
C5836,ISRO-SCL-250210-06,train
C5837,ISRO-SCL-250331-13,train
C5838,ISRO-SCL-250310-10,train
C5839,ISRO-SCL-250113-02,train
C5840,ISRO-SCL-250421-16,val
C5841,ISRO-SCL-250505-18,train
C5842,ISRO-SCL-250120-03,val
C5843,ISRO-SCL-250421-16,val
C5844,ISRO-SCL-250120-03,val
C5845,ISRO-SCL-250310-10,train
C5846,ISRO-SCL-250113-02,train
C5847,ISRO-SCL-250217-07,test
C5848,ISRO-SCL-250224-08,train
C5849,ISRO-SCL-250310-10,train
C5850,ISRO-SCL-250317-11,train
C5851,ISRO-SCL-250113-02,train
C5852,ISRO-SCL-250203-05,test
C5853,ISRO-SCL-250331-13,train
C5854,ISRO-SCL-250203-05,test
C5855,ISRO-SCL-250113-02,train
C5856,ISRO-SCL-250519-20,val
C5857,ISRO-SCL-250421-16,val
C5858,ISRO-SCL-250310-10,train
C5859,ISRO-SCL-250310-10,train
C5860,ISRO-SCL-250324-12,train
C5861,ISRO-SCL-250210-06,train
C5862,ISRO-SCL-250505-18,train
C5863,ISRO-SCL-250519-20,val
C5864,ISRO-SCL-250203-05,test
C5865,ISRO-SCL-250428-17,train
C5866,ISRO-SCL-250310-10,train
C5867,ISRO-SCL-250512-19,train
C5868,ISRO-SCL-250210-06,train
C5869,ISRO-SCL-250421-16,val
C5870,ISRO-SCL-250203-05,test
C5871,ISRO-SCL-250120-03,val
C5872,ISRO-SCL-250331-13,train
C5873,ISRO-SCL-250310-10,train
C5874,ISRO-SCL-250421-16,val
C5875,ISRO-SCL-250203-05,test
C5876,ISRO-SCL-250113-02,train
C5877,ISRO-SCL-250217-07,test
C5878,ISRO-SCL-250512-19,train
C5879,ISRO-SCL-250331-13,train
C5880,ISRO-SCL-250505-18,train
C5881,ISRO-SCL-250421-16,val
C5882,ISRO-SCL-250127-04,test
C5883,ISRO-SCL-250414-15,val
C5884,ISRO-SCL-250106-01,train
C5885,ISRO-SCL-250127-04,test
C5886,ISRO-SCL-250203-05,test
C5887,ISRO-SCL-250512-19,train
C5888,ISRO-SCL-250414-15,val
C5889,ISRO-SCL-250407-14,train
C5890,ISRO-SCL-250331-13,train
C5891,ISRO-SCL-250106-01,train
C5892,ISRO-SCL-250414-15,val
C5893,ISRO-SCL-250106-01,train
C5894,ISRO-SCL-250331-13,train
C5895,ISRO-SCL-250303-09,test
C5896,ISRO-SCL-250407-14,train
C5897,ISRO-SCL-250310-10,train
C5898,ISRO-SCL-250421-16,val
C5899,ISRO-SCL-250120-03,val
C5900,ISRO-SCL-250203-05,test
C5901,ISRO-SCL-250421-16,val
C5902,ISRO-SCL-250120-03,val
C5903,ISRO-SCL-250407-14,train
C5904,ISRO-SCL-250203-05,test
C5905,ISRO-SCL-250421-16,val
C5906,ISRO-SCL-250217-07,test
C5907,ISRO-SCL-250428-17,train
C5908,ISRO-SCL-250210-06,train
C5909,ISRO-SCL-250421-16,val
C5910,ISRO-SCL-250428-17,train
C5911,ISRO-SCL-250310-10,train
C5912,ISRO-SCL-250120-03,val
C5913,ISRO-SCL-250113-02,train
C5914,ISRO-SCL-250519-20,val
C5915,ISRO-SCL-250217-07,test
C5916,ISRO-SCL-250331-13,train
C5917,ISRO-SCL-250203-05,test
C5918,ISRO-SCL-250113-02,train
C5919,ISRO-SCL-250414-15,val
C5920,ISRO-SCL-250512-19,train
C5921,ISRO-SCL-250217-07,test
C5922,ISRO-SCL-250414-15,val
C5923,ISRO-SCL-250113-02,train
C5924,ISRO-SCL-250203-05,test
C5925,ISRO-SCL-250512-19,train
C5926,ISRO-SCL-250407-14,train
C5927,ISRO-SCL-250519-20,val
C5928,ISRO-SCL-250127-04,test
C5929,ISRO-SCL-250331-13,train
C5930,ISRO-SCL-250303-09,test
C5931,ISRO-SCL-250505-18,train
C5932,ISRO-SCL-250113-02,train
C5933,ISRO-SCL-250203-05,test
C5934,ISRO-SCL-250203-05,test
C5935,ISRO-SCL-250203-05,test
C5936,ISRO-SCL-250310-10,train
C5937,ISRO-SCL-250203-05,test
C5938,ISRO-SCL-250519-20,val
C5939,ISRO-SCL-250407-14,train
C5940,ISRO-SCL-250421-16,val
C5941,ISRO-SCL-250224-08,train
C5942,ISRO-SCL-250331-13,train
C5943,ISRO-SCL-250421-16,val
C5944,ISRO-SCL-250519-20,val
C5945,ISRO-SCL-250203-05,test
C5946,ISRO-SCL-250203-05,test
C5947,ISRO-SCL-250210-06,train
C5948,ISRO-SCL-250113-02,train
C5949,ISRO-SCL-250127-04,test
C5950,ISRO-SCL-250324-12,train
C5951,ISRO-SCL-250317-11,train
C5952,ISRO-SCL-250512-19,train
C5953,ISRO-SCL-250512-19,train
C5954,ISRO-SCL-250519-20,val
C5955,ISRO-SCL-250324-12,train
C5956,ISRO-SCL-250127-04,test
C5957,ISRO-SCL-250106-01,train
C5958,ISRO-SCL-250113-02,train
C5959,ISRO-SCL-250331-13,train
C5960,ISRO-SCL-250331-13,train
C5961,ISRO-SCL-250331-13,train
C5962,ISRO-SCL-250331-13,train
C5963,ISRO-SCL-250210-06,train
C5964,ISRO-SCL-250224-08,train
C5965,ISRO-SCL-250217-07,test
C5966,ISRO-SCL-250512-19,train
C5967,ISRO-SCL-250120-03,val
C5968,ISRO-SCL-250331-13,train
C5969,ISRO-SCL-250217-07,test
C5970,ISRO-SCL-250210-06,train
C5971,ISRO-SCL-250203-05,test
C5972,ISRO-SCL-250505-18,train
C5973,ISRO-SCL-250414-15,val
C5974,ISRO-SCL-250324-12,train
C5975,ISRO-SCL-250203-05,test
C5976,ISRO-SCL-250210-06,train
C5977,ISRO-SCL-250113-02,train
C5978,ISRO-SCL-250127-04,test
C5979,ISRO-SCL-250224-08,train
C5980,ISRO-SCL-250512-19,train
C5981,ISRO-SCL-250310-10,train
C5982,ISRO-SCL-250113-02,train
C5983,ISRO-SCL-250113-02,train
C5984,ISRO-SCL-250310-10,train
C5985,ISRO-SCL-250113-02,train
C5986,ISRO-SCL-250407-14,train
C5987,ISRO-SCL-250106-01,train
C5988,ISRO-SCL-250505-18,train
C5989,ISRO-SCL-250331-13,train
C5990,ISRO-SCL-250512-19,train
C5991,ISRO-SCL-250210-06,train
C5992,ISRO-SCL-250407-14,train
C5993,ISRO-SCL-250224-08,train
C5994,ISRO-SCL-250428-17,train
C5995,ISRO-SCL-250317-11,train
C5996,ISRO-SCL-250224-08,train
C5997,ISRO-SCL-250505-18,train
C5998,ISRO-SCL-250407-14,train
C5999,ISRO-SCL-250324-12,train
C6000,ISRO-SCL-250324-12,train
C6001,ISRO-SCL-250414-15,val
C6002,ISRO-SCL-250217-07,test
C6003,ISRO-SCL-250106-01,train
C6004,ISRO-SCL-250120-03,val
C6005,ISRO-SCL-250106-01,train
C6006,ISRO-SCL-250505-18,train
C6007,ISRO-SCL-250324-12,train
C6008,ISRO-SCL-250310-10,train
C6009,ISRO-SCL-250331-13,train
C6010,ISRO-SCL-250217-07,test
C6011,ISRO-SCL-250120-03,val
C6012,ISRO-SCL-250512-19,train
C6013,ISRO-SCL-250224-08,train
C6014,ISRO-SCL-250113-02,train
C6015,ISRO-SCL-250106-01,train
C6016,ISRO-SCL-250224-08,train
C6017,ISRO-SCL-250106-01,train
C6018,ISRO-SCL-250217-07,test
C6019,ISRO-SCL-250421-16,val
C6020,ISRO-SCL-250331-13,train
C6021,ISRO-SCL-250407-14,train
C6022,ISRO-SCL-250310-10,train
C6023,ISRO-SCL-250217-07,test
C6024,ISRO-SCL-250127-04,test
C6025,ISRO-SCL-250203-05,test
C6026,ISRO-SCL-250324-12,train
C6027,ISRO-SCL-250324-12,train
C6028,ISRO-SCL-250303-09,test
C6029,ISRO-SCL-250113-02,train
C6030,ISRO-SCL-250310-10,train
C6031,ISRO-SCL-250210-06,train
C6032,ISRO-SCL-250113-02,train
C6033,ISRO-SCL-250414-15,val
C6034,ISRO-SCL-250210-06,train
C6035,ISRO-SCL-250331-13,train
C6036,ISRO-SCL-250310-10,train
C6037,ISRO-SCL-250127-04,test
C6038,ISRO-SCL-250224-08,train
C6039,ISRO-SCL-250407-14,train
C6040,ISRO-SCL-250217-07,test
C6041,ISRO-SCL-250303-09,test
C6042,ISRO-SCL-250407-14,train
C6043,ISRO-SCL-250127-04,test
C6044,ISRO-SCL-250317-11,train
C6045,ISRO-SCL-250421-16,val
C6046,ISRO-SCL-250331-13,train
C6047,ISRO-SCL-250310-10,train
C6048,ISRO-SCL-250113-02,train
C6049,ISRO-SCL-250310-10,train
C6050,ISRO-SCL-250303-09,test
C6051,ISRO-SCL-250317-11,train
C6052,ISRO-SCL-250317-11,train
C6053,ISRO-SCL-250414-15,val
C6054,ISRO-SCL-250414-15,val
C6055,ISRO-SCL-250331-13,train
C6056,ISRO-SCL-250106-01,train
C6057,ISRO-SCL-250210-06,train
C6058,ISRO-SCL-250210-06,train
C6059,ISRO-SCL-250407-14,train
C6060,ISRO-SCL-250407-14,train
C6061,ISRO-SCL-250505-18,train
C6062,ISRO-SCL-250512-19,train
C6063,ISRO-SCL-250203-05,test
C6064,ISRO-SCL-250519-20,val
C6065,ISRO-SCL-250127-04,test
C6066,ISRO-SCL-250113-02,train
C6067,ISRO-SCL-250127-04,test
C6068,ISRO-SCL-250210-06,train
C6069,ISRO-SCL-250324-12,train
C6070,ISRO-SCL-250127-04,test
C6071,ISRO-SCL-250224-08,train
C6072,ISRO-SCL-250120-03,val
C6073,ISRO-SCL-250127-04,test
C6074,ISRO-SCL-250106-01,train
C6075,ISRO-SCL-250217-07,test
C6076,ISRO-SCL-250519-20,val
C6077,ISRO-SCL-250310-10,train
C6078,ISRO-SCL-250217-07,test
C6079,ISRO-SCL-250217-07,test
C6080,ISRO-SCL-250310-10,train
C6081,ISRO-SCL-250505-18,train
C6082,ISRO-SCL-250224-08,train
C6083,ISRO-SCL-250324-12,train
C6084,ISRO-SCL-250113-02,train
C6085,ISRO-SCL-250331-13,train
C6086,ISRO-SCL-250421-16,val
C6087,ISRO-SCL-250120-03,val
C6088,ISRO-SCL-250421-16,val
C6089,ISRO-SCL-250505-18,train
C6090,ISRO-SCL-250127-04,test
C6091,ISRO-SCL-250303-09,test
C6092,ISRO-SCL-250203-05,test
C6093,ISRO-SCL-250512-19,train
C6094,ISRO-SCL-250310-10,train
C6095,ISRO-SCL-250113-02,train
C6096,ISRO-SCL-250224-08,train
C6097,ISRO-SCL-250303-09,test
C6098,ISRO-SCL-250428-17,train
C6099,ISRO-SCL-250310-10,train
C6100,ISRO-SCL-250331-13,train
C6101,ISRO-SCL-250217-07,test
C6102,ISRO-SCL-250224-08,train
C6103,ISRO-SCL-250414-15,val
C6104,ISRO-SCL-250324-12,train
C6105,ISRO-SCL-250224-08,train
C6106,ISRO-SCL-250210-06,train
C6107,ISRO-SCL-250428-17,train
C6108,ISRO-SCL-250414-15,val
C6109,ISRO-SCL-250407-14,train
C6110,ISRO-SCL-250106-01,train
C6111,ISRO-SCL-250217-07,test
C6112,ISRO-SCL-250120-03,val
C6113,ISRO-SCL-250428-17,train
C6114,ISRO-SCL-250331-13,train
C6115,ISRO-SCL-250519-20,val
C6116,ISRO-SCL-250310-10,train
C6117,ISRO-SCL-250512-19,train
C6118,ISRO-SCL-250407-14,train
C6119,ISRO-SCL-250407-14,train
C6120,ISRO-SCL-250113-02,train
C6121,ISRO-SCL-250512-19,train
C6122,ISRO-SCL-250407-14,train
C6123,ISRO-SCL-250113-02,train
C6124,ISRO-SCL-250331-13,train
C6125,ISRO-SCL-250310-10,train
C6126,ISRO-SCL-250407-14,train
C6127,ISRO-SCL-250519-20,val
C6128,ISRO-SCL-250414-15,val
C6129,ISRO-SCL-250113-02,train
C6130,ISRO-SCL-250407-14,train
C6131,ISRO-SCL-250303-09,test
C6132,ISRO-SCL-250127-04,test
C6133,ISRO-SCL-250310-10,train
C6134,ISRO-SCL-250414-15,val
C6135,ISRO-SCL-250113-02,train
C6136,ISRO-SCL-250331-13,train
C6137,ISRO-SCL-250303-09,test
C6138,ISRO-SCL-250310-10,train
C6139,ISRO-SCL-250127-04,test
C6140,ISRO-SCL-250113-02,train
C6141,ISRO-SCL-250217-07,test
C6142,ISRO-SCL-250120-03,val
C6143,ISRO-SCL-250407-14,train
C6144,ISRO-SCL-250303-09,test
C6145,ISRO-SCL-250324-12,train
C6146,ISRO-SCL-250331-13,train
C6147,ISRO-SCL-250303-09,test
C6148,ISRO-SCL-250310-10,train
C6149,ISRO-SCL-250407-14,train
C6150,ISRO-SCL-250414-15,val
C6151,ISRO-SCL-250421-16,val
C6152,ISRO-SCL-250428-17,train
C6153,ISRO-SCL-250217-07,test
C6154,ISRO-SCL-250331-13,train
C6155,ISRO-SCL-250512-19,train
C6156,ISRO-SCL-250331-13,train
C6157,ISRO-SCL-250407-14,train
C6158,ISRO-SCL-250428-17,train
C6159,ISRO-SCL-250113-02,train
C6160,ISRO-SCL-250310-10,train
C6161,ISRO-SCL-250217-07,test
C6162,ISRO-SCL-250217-07,test
C6163,ISRO-SCL-250113-02,train
C6164,ISRO-SCL-250127-04,test
C6165,ISRO-SCL-250310-10,train
C6166,ISRO-SCL-250120-03,val
C6167,ISRO-SCL-250113-02,train
C6168,ISRO-SCL-250512-19,train
C6169,ISRO-SCL-250106-01,train
C6170,ISRO-SCL-250303-09,test
C6171,ISRO-SCL-250113-02,train
C6172,ISRO-SCL-250203-05,test
C6173,ISRO-SCL-250127-04,test
C6174,ISRO-SCL-250421-16,val
C6175,ISRO-SCL-250224-08,train
C6176,ISRO-SCL-250407-14,train
C6177,ISRO-SCL-250203-05,test
C6178,ISRO-SCL-250512-19,train
C6179,ISRO-SCL-250310-10,train
C6180,ISRO-SCL-250310-10,train
C6181,ISRO-SCL-250303-09,test
C6182,ISRO-SCL-250505-18,train
C6183,ISRO-SCL-250127-04,test
C6184,ISRO-SCL-250505-18,train
C6185,ISRO-SCL-250331-13,train
C6186,ISRO-SCL-250127-04,test
C6187,ISRO-SCL-250203-05,test
C6188,ISRO-SCL-250303-09,test
C6189,ISRO-SCL-250324-12,train
C6190,ISRO-SCL-250224-08,train
C6191,ISRO-SCL-250203-05,test
C6192,ISRO-SCL-250421-16,val
C6193,ISRO-SCL-250331-13,train
C6194,ISRO-SCL-250414-15,val
C6195,ISRO-SCL-250519-20,val
C6196,ISRO-SCL-250127-04,test
C6197,ISRO-SCL-250127-04,test
C6198,ISRO-SCL-250113-02,train
C6199,ISRO-SCL-250331-13,train
C6200,ISRO-SCL-250324-12,train
C6201,ISRO-SCL-250331-13,train
C6202,ISRO-SCL-250407-14,train
C6203,ISRO-SCL-250217-07,test
C6204,ISRO-SCL-250317-11,train
C6205,ISRO-SCL-250113-02,train
C6206,ISRO-SCL-250113-02,train
C6207,ISRO-SCL-250407-14,train
C6208,ISRO-SCL-250407-14,train
C6209,ISRO-SCL-250120-03,val
C6210,ISRO-SCL-250127-04,test
C6211,ISRO-SCL-250324-12,train
C6212,ISRO-SCL-250310-10,train
C6213,ISRO-SCL-250407-14,train
C6214,ISRO-SCL-250120-03,val
C6215,ISRO-SCL-250310-10,train
C6216,ISRO-SCL-250519-20,val
C6217,ISRO-SCL-250428-17,train
C6218,ISRO-SCL-250505-18,train
C6219,ISRO-SCL-250505-18,train
C6220,ISRO-SCL-250113-02,train
C6221,ISRO-SCL-250210-06,train
C6222,ISRO-SCL-250113-02,train
C6223,ISRO-SCL-250120-03,val
C6224,ISRO-SCL-250407-14,train
C6225,ISRO-SCL-250407-14,train
C6226,ISRO-SCL-250217-07,test
C6227,ISRO-SCL-250414-15,val
C6228,ISRO-SCL-250331-13,train
C6229,ISRO-SCL-250310-10,train
C6230,ISRO-SCL-250303-09,test
C6231,ISRO-SCL-250106-01,train
C6232,ISRO-SCL-250512-19,train
C6233,ISRO-SCL-250113-02,train
C6234,ISRO-SCL-250317-11,train
C6235,ISRO-SCL-250317-11,train
C6236,ISRO-SCL-250512-19,train
C6237,ISRO-SCL-250414-15,val
C6238,ISRO-SCL-250303-09,test
C6239,ISRO-SCL-250303-09,test
C6240,ISRO-SCL-250203-05,test
C6241,ISRO-SCL-250512-19,train
C6242,ISRO-SCL-250324-12,train
C6243,ISRO-SCL-250217-07,test
C6244,ISRO-SCL-250210-06,train
C6245,ISRO-SCL-250127-04,test
C6246,ISRO-SCL-250407-14,train
C6247,ISRO-SCL-250217-07,test
C6248,ISRO-SCL-250127-04,test
C6249,ISRO-SCL-250324-12,train
C6250,ISRO-SCL-250127-04,test
C6251,ISRO-SCL-250414-15,val
C6252,ISRO-SCL-250505-18,train
C6253,ISRO-SCL-250331-13,train
C6254,ISRO-SCL-250414-15,val
C6255,ISRO-SCL-250127-04,test
C6256,ISRO-SCL-250303-09,test
C6257,ISRO-SCL-250331-13,train
C6258,ISRO-SCL-250512-19,train
C6259,ISRO-SCL-250113-02,train
C6260,ISRO-SCL-250324-12,train
C6261,ISRO-SCL-250414-15,val
C6262,ISRO-SCL-250310-10,train
C6263,ISRO-SCL-250303-09,test
C6264,ISRO-SCL-250317-11,train
C6265,ISRO-SCL-250210-06,train
C6266,ISRO-SCL-250113-02,train
C6267,ISRO-SCL-250421-16,val
C6268,ISRO-SCL-250407-14,train
C6269,ISRO-SCL-250217-07,test
C6270,ISRO-SCL-250407-14,train
C6271,ISRO-SCL-250210-06,train
C6272,ISRO-SCL-250113-02,train
C6273,ISRO-SCL-250421-16,val
C6274,ISRO-SCL-250414-15,val
C6275,ISRO-SCL-250127-04,test
C6276,ISRO-SCL-250407-14,train
C6277,ISRO-SCL-250414-15,val
C6278,ISRO-SCL-250224-08,train
C6279,ISRO-SCL-250113-02,train
C6280,ISRO-SCL-250407-14,train
C6281,ISRO-SCL-250331-13,train
C6282,ISRO-SCL-250512-19,train
C6283,ISRO-SCL-250106-01,train
C6284,ISRO-SCL-250310-10,train
C6285,ISRO-SCL-250310-10,train
C6286,ISRO-SCL-250113-02,train
C6287,ISRO-SCL-250407-14,train
C6288,ISRO-SCL-250519-20,val
C6289,ISRO-SCL-250310-10,train
C6290,ISRO-SCL-250217-07,test
C6291,ISRO-SCL-250407-14,train
C6292,ISRO-SCL-250414-15,val
C6293,ISRO-SCL-250310-10,train
C6294,ISRO-SCL-250331-13,train
C6295,ISRO-SCL-250407-14,train
C6296,ISRO-SCL-250120-03,val
C6297,ISRO-SCL-250127-04,test
C6298,ISRO-SCL-250310-10,train
C6299,ISRO-SCL-250203-05,test
C6300,ISRO-SCL-250127-04,test
C6301,ISRO-SCL-250421-16,val
C6302,ISRO-SCL-250331-13,train
C6303,ISRO-SCL-250421-16,val
C6304,ISRO-SCL-250203-05,test
C6305,ISRO-SCL-250310-10,train
C6306,ISRO-SCL-250310-10,train
C6307,ISRO-SCL-250512-19,train
C6308,ISRO-SCL-250217-07,test
C6309,ISRO-SCL-250421-16,val
C6310,ISRO-SCL-250113-02,train
C6311,ISRO-SCL-250407-14,train
C6312,ISRO-SCL-250310-10,train
C6313,ISRO-SCL-250127-04,test
C6314,ISRO-SCL-250203-05,test
C6315,ISRO-SCL-250407-14,train
C6316,ISRO-SCL-250106-01,train
C6317,ISRO-SCL-250331-13,train
C6318,ISRO-SCL-250224-08,train
C6319,ISRO-SCL-250113-02,train
C6320,ISRO-SCL-250106-01,train
C6321,ISRO-SCL-250217-07,test
C6322,ISRO-SCL-250428-17,train
C6323,ISRO-SCL-250512-19,train
C6324,ISRO-SCL-250127-04,test
C6325,ISRO-SCL-250224-08,train
C6326,ISRO-SCL-250331-13,train
C6327,ISRO-SCL-250303-09,test
C6328,ISRO-SCL-250414-15,val
C6329,ISRO-SCL-250414-15,val
C6330,ISRO-SCL-250203-05,test
C6331,ISRO-SCL-250106-01,train
C6332,ISRO-SCL-250519-20,val
C6333,ISRO-SCL-250505-18,train
C6334,ISRO-SCL-250127-04,test
C6335,ISRO-SCL-250310-10,train
C6336,ISRO-SCL-250113-02,train
C6337,ISRO-SCL-250127-04,test
C6338,ISRO-SCL-250106-01,train
C6339,ISRO-SCL-250317-11,train
C6340,ISRO-SCL-250217-07,test
C6341,ISRO-SCL-250421-16,val
C6342,ISRO-SCL-250203-05,test
C6343,ISRO-SCL-250217-07,test
C6344,ISRO-SCL-250120-03,val
C6345,ISRO-SCL-250217-07,test
C6346,ISRO-SCL-250421-16,val
C6347,ISRO-SCL-250310-10,train
C6348,ISRO-SCL-250127-04,test
C6349,ISRO-SCL-250414-15,val
C6350,ISRO-SCL-250310-10,train
C6351,ISRO-SCL-250505-18,train
C6352,ISRO-SCL-250210-06,train
C6353,ISRO-SCL-250113-02,train
C6354,ISRO-SCL-250224-08,train
C6355,ISRO-SCL-250203-05,test
C6356,ISRO-SCL-250203-05,test
C6357,ISRO-SCL-250106-01,train
C6358,ISRO-SCL-250512-19,train
C6359,ISRO-SCL-250331-13,train
C6360,ISRO-SCL-250414-15,val
C6361,ISRO-SCL-250324-12,train
C6362,ISRO-SCL-250210-06,train
C6363,ISRO-SCL-250217-07,test
C6364,ISRO-SCL-250331-13,train
C6365,ISRO-SCL-250331-13,train
C6366,ISRO-SCL-250421-16,val
C6367,ISRO-SCL-250217-07,test
C6368,ISRO-SCL-250317-11,train
C6369,ISRO-SCL-250217-07,test
C6370,ISRO-SCL-250407-14,train
C6371,ISRO-SCL-250106-01,train
C6372,ISRO-SCL-250331-13,train
C6373,ISRO-SCL-250414-15,val
C6374,ISRO-SCL-250224-08,train
C6375,ISRO-SCL-250421-16,val
C6376,ISRO-SCL-250127-04,test
C6377,ISRO-SCL-250324-12,train
C6378,ISRO-SCL-250113-02,train
C6379,ISRO-SCL-250407-14,train
C6380,ISRO-SCL-250421-16,val
C6381,ISRO-SCL-250113-02,train
C6382,ISRO-SCL-250203-05,test
C6383,ISRO-SCL-250407-14,train
C6384,ISRO-SCL-250113-02,train
C6385,ISRO-SCL-250303-09,test
C6386,ISRO-SCL-250127-04,test
C6387,ISRO-SCL-250303-09,test
C6388,ISRO-SCL-250113-02,train
C6389,ISRO-SCL-250505-18,train
C6390,ISRO-SCL-250428-17,train
C6391,ISRO-SCL-250113-02,train
C6392,ISRO-SCL-250421-16,val
C6393,ISRO-SCL-250303-09,test
C6394,ISRO-SCL-250224-08,train
C6395,ISRO-SCL-250310-10,train
C6396,ISRO-SCL-250310-10,train
C6397,ISRO-SCL-250120-03,val
C6398,ISRO-SCL-250106-01,train
C6399,ISRO-SCL-250217-07,test
C6400,ISRO-SCL-250324-12,train
C6401,ISRO-SCL-250217-07,test
C6402,ISRO-SCL-250414-15,val
C6403,ISRO-SCL-250113-02,train
C6404,ISRO-SCL-250210-06,train
C6405,ISRO-SCL-250217-07,test
C6406,ISRO-SCL-250113-02,train
C6407,ISRO-SCL-250224-08,train
C6408,ISRO-SCL-250505-18,train
C6409,ISRO-SCL-250120-03,val
C6410,ISRO-SCL-250217-07,test
C6411,ISRO-SCL-250113-02,train
C6412,ISRO-SCL-250120-03,val
C6413,ISRO-SCL-250113-02,train
C6414,ISRO-SCL-250120-03,val
C6415,ISRO-SCL-250106-01,train
C6416,ISRO-SCL-250127-04,test
C6417,ISRO-SCL-250317-11,train
C6418,ISRO-SCL-250224-08,train
C6419,ISRO-SCL-250203-05,test
C6420,ISRO-SCL-250210-06,train
C6421,ISRO-SCL-250324-12,train
C6422,ISRO-SCL-250203-05,test
C6423,ISRO-SCL-250127-04,test
C6424,ISRO-SCL-250310-10,train
C6425,ISRO-SCL-250331-13,train
C6426,ISRO-SCL-250127-04,test
C6427,ISRO-SCL-250127-04,test
C6428,ISRO-SCL-250210-06,train
C6429,ISRO-SCL-250203-05,test
C6430,ISRO-SCL-250224-08,train
C6431,ISRO-SCL-250512-19,train
C6432,ISRO-SCL-250414-15,val
C6433,ISRO-SCL-250421-16,val
C6434,ISRO-SCL-250519-20,val
C6435,ISRO-SCL-250331-13,train
C6436,ISRO-SCL-250407-14,train
C6437,ISRO-SCL-250217-07,test
C6438,ISRO-SCL-250310-10,train
C6439,ISRO-SCL-250120-03,val
C6440,ISRO-SCL-250113-02,train
C6441,ISRO-SCL-250224-08,train
C6442,ISRO-SCL-250421-16,val
C6443,ISRO-SCL-250106-01,train
C6444,ISRO-SCL-250310-10,train
C6445,ISRO-SCL-250113-02,train
C6446,ISRO-SCL-250224-08,train
C6447,ISRO-SCL-250331-13,train
C6448,ISRO-SCL-250407-14,train
C6449,ISRO-SCL-250310-10,train
C6450,ISRO-SCL-250331-13,train
C6451,ISRO-SCL-250203-05,test
C6452,ISRO-SCL-250106-01,train
C6453,ISRO-SCL-250113-02,train
C6454,ISRO-SCL-250519-20,val
C6455,ISRO-SCL-250224-08,train
C6456,ISRO-SCL-250217-07,test
C6457,ISRO-SCL-250203-05,test
C6458,ISRO-SCL-250203-05,test
C6459,ISRO-SCL-250512-19,train
C6460,ISRO-SCL-250310-10,train
C6461,ISRO-SCL-250310-10,train
C6462,ISRO-SCL-250414-15,val
C6463,ISRO-SCL-250512-19,train
C6464,ISRO-SCL-250519-20,val
C6465,ISRO-SCL-250106-01,train
C6466,ISRO-SCL-250217-07,test
C6467,ISRO-SCL-250310-10,train
C6468,ISRO-SCL-250331-13,train
C6469,ISRO-SCL-250113-02,train
C6470,ISRO-SCL-250106-01,train
C6471,ISRO-SCL-250421-16,val
C6472,ISRO-SCL-250519-20,val
C6473,ISRO-SCL-250414-15,val
C6474,ISRO-SCL-250106-01,train
C6475,ISRO-SCL-250414-15,val
C6476,ISRO-SCL-250203-05,test
C6477,ISRO-SCL-250421-16,val
C6478,ISRO-SCL-250512-19,train
C6479,ISRO-SCL-250414-15,val
C6480,ISRO-SCL-250519-20,val
C6481,ISRO-SCL-250421-16,val
C6482,ISRO-SCL-250113-02,train
C6483,ISRO-SCL-250113-02,train
C6484,ISRO-SCL-250217-07,test
C6485,ISRO-SCL-250203-05,test
C6486,ISRO-SCL-250512-19,train
C6487,ISRO-SCL-250113-02,train
C6488,ISRO-SCL-250324-12,train
C6489,ISRO-SCL-250210-06,train
C6490,ISRO-SCL-250519-20,val
C6491,ISRO-SCL-250407-14,train
C6492,ISRO-SCL-250303-09,test
C6493,ISRO-SCL-250421-16,val
C6494,ISRO-SCL-250407-14,train
C6495,ISRO-SCL-250106-01,train
C6496,ISRO-SCL-250203-05,test
C6497,ISRO-SCL-250217-07,test
C6498,ISRO-SCL-250113-02,train
C6499,ISRO-SCL-250113-02,train
C6500,ISRO-SCL-250414-15,val
C6501,ISRO-SCL-250407-14,train
C6502,ISRO-SCL-250310-10,train
C6503,ISRO-SCL-250203-05,test
C6504,ISRO-SCL-250106-01,train
C6505,ISRO-SCL-250203-05,test
C6506,ISRO-SCL-250106-01,train
C6507,ISRO-SCL-250106-01,train
C6508,ISRO-SCL-250113-02,train
C6509,ISRO-SCL-250113-02,train
C6510,ISRO-SCL-250106-01,train
C6511,ISRO-SCL-250106-01,train
C6512,ISRO-SCL-250217-07,test
C6513,ISRO-SCL-250512-19,train
C6514,ISRO-SCL-250331-13,train
C6515,ISRO-SCL-250210-06,train
C6516,ISRO-SCL-250217-07,test
C6517,ISRO-SCL-250113-02,train
C6518,ISRO-SCL-250317-11,train
C6519,ISRO-SCL-250127-04,test
C6520,ISRO-SCL-250512-19,train
C6521,ISRO-SCL-250217-07,test
C6522,ISRO-SCL-250407-14,train
C6523,ISRO-SCL-250224-08,train
C6524,ISRO-SCL-250324-12,train
C6525,ISRO-SCL-250421-16,val
C6526,ISRO-SCL-250331-13,train
C6527,ISRO-SCL-250113-02,train
C6528,ISRO-SCL-250428-17,train
C6529,ISRO-SCL-250217-07,test
C6530,ISRO-SCL-250317-11,train
C6531,ISRO-SCL-250224-08,train
C6532,ISRO-SCL-250331-13,train
C6533,ISRO-SCL-250224-08,train
C6534,ISRO-SCL-250310-10,train
C6535,ISRO-SCL-250331-13,train
C6536,ISRO-SCL-250113-02,train
C6537,ISRO-SCL-250428-17,train
C6538,ISRO-SCL-250310-10,train
C6539,ISRO-SCL-250113-02,train
C6540,ISRO-SCL-250217-07,test
C6541,ISRO-SCL-250512-19,train
C6542,ISRO-SCL-250224-08,train
C6543,ISRO-SCL-250407-14,train
C6544,ISRO-SCL-250303-09,test
C6545,ISRO-SCL-250331-13,train
C6546,ISRO-SCL-250331-13,train
C6547,ISRO-SCL-250331-13,train
C6548,ISRO-SCL-250317-11,train
C6549,ISRO-SCL-250317-11,train
C6550,ISRO-SCL-250113-02,train
C6551,ISRO-SCL-250310-10,train
C6552,ISRO-SCL-250120-03,val
C6553,ISRO-SCL-250217-07,test
C6554,ISRO-SCL-250113-02,train
C6555,ISRO-SCL-250414-15,val
C6556,ISRO-SCL-250113-02,train
C6557,ISRO-SCL-250203-05,test
C6558,ISRO-SCL-250421-16,val
C6559,ISRO-SCL-250331-13,train
C6560,ISRO-SCL-250428-17,train
C6561,ISRO-SCL-250127-04,test
C6562,ISRO-SCL-250210-06,train
C6563,ISRO-SCL-250224-08,train
C6564,ISRO-SCL-250331-13,train
C6565,ISRO-SCL-250113-02,train
C6566,ISRO-SCL-250421-16,val
C6567,ISRO-SCL-250224-08,train
C6568,ISRO-SCL-250414-15,val
C6569,ISRO-SCL-250106-01,train
C6570,ISRO-SCL-250224-08,train
C6571,ISRO-SCL-250120-03,val
C6572,ISRO-SCL-250203-05,test
C6573,ISRO-SCL-250505-18,train
C6574,ISRO-SCL-250428-17,train
C6575,ISRO-SCL-250127-04,test
C6576,ISRO-SCL-250203-05,test
C6577,ISRO-SCL-250224-08,train
C6578,ISRO-SCL-250224-08,train
C6579,ISRO-SCL-250407-14,train
C6580,ISRO-SCL-250505-18,train
C6581,ISRO-SCL-250317-11,train
C6582,ISRO-SCL-250324-12,train
C6583,ISRO-SCL-250428-17,train
C6584,ISRO-SCL-250120-03,val
C6585,ISRO-SCL-250407-14,train
C6586,ISRO-SCL-250303-09,test
C6587,ISRO-SCL-250317-11,train
C6588,ISRO-SCL-250113-02,train
C6589,ISRO-SCL-250428-17,train
C6590,ISRO-SCL-250519-20,val
C6591,ISRO-SCL-250421-16,val
C6592,ISRO-SCL-250512-19,train
C6593,ISRO-SCL-250512-19,train
C6594,ISRO-SCL-250505-18,train
C6595,ISRO-SCL-250217-07,test
C6596,ISRO-SCL-250310-10,train
C6597,ISRO-SCL-250217-07,test
C6598,ISRO-SCL-250512-19,train
C6599,ISRO-SCL-250421-16,val
C6600,ISRO-SCL-250113-02,train
C6601,ISRO-SCL-250310-10,train
C6602,ISRO-SCL-250106-01,train
C6603,ISRO-SCL-250505-18,train
C6604,ISRO-SCL-250120-03,val
C6605,ISRO-SCL-250505-18,train
C6606,ISRO-SCL-250421-16,val
C6607,ISRO-SCL-250120-03,val
C6608,ISRO-SCL-250224-08,train
C6609,ISRO-SCL-250210-06,train
C6610,ISRO-SCL-250324-12,train
C6611,ISRO-SCL-250505-18,train
C6612,ISRO-SCL-250505-18,train
C6613,ISRO-SCL-250203-05,test
C6614,ISRO-SCL-250203-05,test
C6615,ISRO-SCL-250217-07,test
C6616,ISRO-SCL-250310-10,train
C6617,ISRO-SCL-250210-06,train
C6618,ISRO-SCL-250113-02,train
C6619,ISRO-SCL-250414-15,val
C6620,ISRO-SCL-250217-07,test
C6621,ISRO-SCL-250414-15,val
C6622,ISRO-SCL-250421-16,val
C6623,ISRO-SCL-250407-14,train
C6624,ISRO-SCL-250331-13,train
C6625,ISRO-SCL-250512-19,train
C6626,ISRO-SCL-250331-13,train
C6627,ISRO-SCL-250113-02,train
C6628,ISRO-SCL-250217-07,test
C6629,ISRO-SCL-250217-07,test
C6630,ISRO-SCL-250217-07,test
C6631,ISRO-SCL-250217-07,test
C6632,ISRO-SCL-250210-06,train
C6633,ISRO-SCL-250407-14,train
C6634,ISRO-SCL-250217-07,test
C6635,ISRO-SCL-250414-15,val
C6636,ISRO-SCL-250120-03,val
C6637,ISRO-SCL-250407-14,train
C6638,ISRO-SCL-250106-01,train
C6639,ISRO-SCL-250224-08,train
C6640,ISRO-SCL-250310-10,train
C6641,ISRO-SCL-250106-01,train
C6642,ISRO-SCL-250317-11,train
C6643,ISRO-SCL-250421-16,val
C6644,ISRO-SCL-250407-14,train
C6645,ISRO-SCL-250519-20,val
C6646,ISRO-SCL-250505-18,train
C6647,ISRO-SCL-250120-03,val
C6648,ISRO-SCL-250310-10,train
C6649,ISRO-SCL-250210-06,train
C6650,ISRO-SCL-250217-07,test
C6651,ISRO-SCL-250113-02,train
C6652,ISRO-SCL-250210-06,train
C6653,ISRO-SCL-250324-12,train
C6654,ISRO-SCL-250203-05,test
C6655,ISRO-SCL-250217-07,test
C6656,ISRO-SCL-250106-01,train
C6657,ISRO-SCL-250414-15,val
C6658,ISRO-SCL-250203-05,test
C6659,ISRO-SCL-250317-11,train
C6660,ISRO-SCL-250407-14,train
C6661,ISRO-SCL-250414-15,val
C6662,ISRO-SCL-250217-07,test
C6663,ISRO-SCL-250310-10,train
C6664,ISRO-SCL-250331-13,train
C6665,ISRO-SCL-250210-06,train
C6666,ISRO-SCL-250407-14,train
C6667,ISRO-SCL-250217-07,test
C6668,ISRO-SCL-250407-14,train
C6669,ISRO-SCL-250414-15,val
C6670,ISRO-SCL-250512-19,train
C6671,ISRO-SCL-250421-16,val
C6672,ISRO-SCL-250324-12,train
C6673,ISRO-SCL-250203-05,test
C6674,ISRO-SCL-250224-08,train
C6675,ISRO-SCL-250407-14,train
C6676,ISRO-SCL-250203-05,test
C6677,ISRO-SCL-250324-12,train
C6678,ISRO-SCL-250303-09,test
C6679,ISRO-SCL-250414-15,val
C6680,ISRO-SCL-250203-05,test
C6681,ISRO-SCL-250407-14,train
C6682,ISRO-SCL-250113-02,train
C6683,ISRO-SCL-250331-13,train
C6684,ISRO-SCL-250512-19,train
C6685,ISRO-SCL-250428-17,train
C6686,ISRO-SCL-250203-05,test
C6687,ISRO-SCL-250120-03,val
C6688,ISRO-SCL-250210-06,train
C6689,ISRO-SCL-250505-18,train
C6690,ISRO-SCL-250414-15,val
C6691,ISRO-SCL-250210-06,train
C6692,ISRO-SCL-250224-08,train
C6693,ISRO-SCL-250217-07,test
C6694,ISRO-SCL-250217-07,test
C6695,ISRO-SCL-250505-18,train
C6696,ISRO-SCL-250421-16,val
C6697,ISRO-SCL-250217-07,test
C6698,ISRO-SCL-250421-16,val
C6699,ISRO-SCL-250217-07,test
C6700,ISRO-SCL-250217-07,test
C6701,ISRO-SCL-250407-14,train
C6702,ISRO-SCL-250317-11,train
C6703,ISRO-SCL-250407-14,train
C6704,ISRO-SCL-250106-01,train
C6705,ISRO-SCL-250324-12,train
C6706,ISRO-SCL-250113-02,train
C6707,ISRO-SCL-250407-14,train
C6708,ISRO-SCL-250331-13,train
C6709,ISRO-SCL-250331-13,train
C6710,ISRO-SCL-250303-09,test
C6711,ISRO-SCL-250203-05,test
C6712,ISRO-SCL-250310-10,train
C6713,ISRO-SCL-250414-15,val
C6714,ISRO-SCL-250210-06,train
C6715,ISRO-SCL-250324-12,train
C6716,ISRO-SCL-250210-06,train
C6717,ISRO-SCL-250414-15,val
C6718,ISRO-SCL-250421-16,val
C6719,ISRO-SCL-250203-05,test
C6720,ISRO-SCL-250407-14,train
C6721,ISRO-SCL-250224-08,train
C6722,ISRO-SCL-250310-10,train
C6723,ISRO-SCL-250127-04,test
C6724,ISRO-SCL-250505-18,train
C6725,ISRO-SCL-250407-14,train
C6726,ISRO-SCL-250428-17,train
C6727,ISRO-SCL-250217-07,test
C6728,ISRO-SCL-250210-06,train
C6729,ISRO-SCL-250217-07,test
C6730,ISRO-SCL-250210-06,train
C6731,ISRO-SCL-250120-03,val
C6732,ISRO-SCL-250421-16,val
C6733,ISRO-SCL-250414-15,val
C6734,ISRO-SCL-250421-16,val
C6735,ISRO-SCL-250407-14,train
C6736,ISRO-SCL-250324-12,train
C6737,ISRO-SCL-250414-15,val
C6738,ISRO-SCL-250224-08,train
C6739,ISRO-SCL-250407-14,train
C6740,ISRO-SCL-250519-20,val
C6741,ISRO-SCL-250310-10,train
C6742,ISRO-SCL-250127-04,test
C6743,ISRO-SCL-250331-13,train
C6744,ISRO-SCL-250421-16,val
C6745,ISRO-SCL-250210-06,train
C6746,ISRO-SCL-250210-06,train
C6747,ISRO-SCL-250421-16,val
C6748,ISRO-SCL-250310-10,train
C6749,ISRO-SCL-250106-01,train
C6750,ISRO-SCL-250127-04,test
C6751,ISRO-SCL-250512-19,train
C6752,ISRO-SCL-250106-01,train
C6753,ISRO-SCL-250331-13,train
C6754,ISRO-SCL-250512-19,train
C6755,ISRO-SCL-250414-15,val
C6756,ISRO-SCL-250421-16,val
C6757,ISRO-SCL-250414-15,val
C6758,ISRO-SCL-250407-14,train
C6759,ISRO-SCL-250428-17,train
C6760,ISRO-SCL-250120-03,val
C6761,ISRO-SCL-250127-04,test
C6762,ISRO-SCL-250106-01,train
C6763,ISRO-SCL-250414-15,val
C6764,ISRO-SCL-250203-05,test
C6765,ISRO-SCL-250303-09,test
C6766,ISRO-SCL-250127-04,test
C6767,ISRO-SCL-250303-09,test
C6768,ISRO-SCL-250120-03,val
C6769,ISRO-SCL-250210-06,train
C6770,ISRO-SCL-250310-10,train
C6771,ISRO-SCL-250512-19,train
C6772,ISRO-SCL-250414-15,val
C6773,ISRO-SCL-250414-15,val
C6774,ISRO-SCL-250217-07,test
C6775,ISRO-SCL-250310-10,train
C6776,ISRO-SCL-250224-08,train
C6777,ISRO-SCL-250127-04,test
C6778,ISRO-SCL-250120-03,val
C6779,ISRO-SCL-250414-15,val
C6780,ISRO-SCL-250303-09,test
C6781,ISRO-SCL-250203-05,test
C6782,ISRO-SCL-250421-16,val
C6783,ISRO-SCL-250303-09,test
C6784,ISRO-SCL-250407-14,train
C6785,ISRO-SCL-250210-06,train
C6786,ISRO-SCL-250505-18,train
C6787,ISRO-SCL-250310-10,train
C6788,ISRO-SCL-250331-13,train
C6789,ISRO-SCL-250317-11,train
C6790,ISRO-SCL-250414-15,val
C6791,ISRO-SCL-250120-03,val
C6792,ISRO-SCL-250127-04,test
C6793,ISRO-SCL-250224-08,train
C6794,ISRO-SCL-250428-17,train
C6795,ISRO-SCL-250113-02,train
C6796,ISRO-SCL-250303-09,test
C6797,ISRO-SCL-250331-13,train
C6798,ISRO-SCL-250203-05,test
C6799,ISRO-SCL-250224-08,train
C6800,ISRO-SCL-250310-10,train
C6801,ISRO-SCL-250512-19,train
C6802,ISRO-SCL-250324-12,train
C6803,ISRO-SCL-250113-02,train
C6804,ISRO-SCL-250224-08,train
C6805,ISRO-SCL-250317-11,train
C6806,ISRO-SCL-250331-13,train
C6807,ISRO-SCL-250428-17,train
C6808,ISRO-SCL-250113-02,train
C6809,ISRO-SCL-250512-19,train
C6810,ISRO-SCL-250310-10,train
C6811,ISRO-SCL-250217-07,test
C6812,ISRO-SCL-250505-18,train
C6813,ISRO-SCL-250512-19,train
C6814,ISRO-SCL-250203-05,test
C6815,ISRO-SCL-250310-10,train
C6816,ISRO-SCL-250113-02,train
C6817,ISRO-SCL-250331-13,train
C6818,ISRO-SCL-250106-01,train
C6819,ISRO-SCL-250407-14,train
C6820,ISRO-SCL-250331-13,train
C6821,ISRO-SCL-250113-02,train
C6822,ISRO-SCL-250224-08,train
C6823,ISRO-SCL-250512-19,train
C6824,ISRO-SCL-250317-11,train
C6825,ISRO-SCL-250519-20,val
C6826,ISRO-SCL-250106-01,train
C6827,ISRO-SCL-250113-02,train
C6828,ISRO-SCL-250414-15,val
C6829,ISRO-SCL-250324-12,train
C6830,ISRO-SCL-250203-05,test
C6831,ISRO-SCL-250127-04,test
C6832,ISRO-SCL-250127-04,test
C6833,ISRO-SCL-250113-02,train
C6834,ISRO-SCL-250414-15,val
C6835,ISRO-SCL-250407-14,train
C6836,ISRO-SCL-250203-05,test
C6837,ISRO-SCL-250519-20,val
C6838,ISRO-SCL-250224-08,train
C6839,ISRO-SCL-250303-09,test
C6840,ISRO-SCL-250113-02,train
C6841,ISRO-SCL-250224-08,train
C6842,ISRO-SCL-250414-15,val
C6843,ISRO-SCL-250512-19,train
C6844,ISRO-SCL-250407-14,train
C6845,ISRO-SCL-250127-04,test
C6846,ISRO-SCL-250414-15,val
C6847,ISRO-SCL-250310-10,train
C6848,ISRO-SCL-250310-10,train
C6849,ISRO-SCL-250127-04,test
C6850,ISRO-SCL-250428-17,train
C6851,ISRO-SCL-250421-16,val
C6852,ISRO-SCL-250203-05,test
C6853,ISRO-SCL-250407-14,train
C6854,ISRO-SCL-250113-02,train
C6855,ISRO-SCL-250407-14,train
C6856,ISRO-SCL-250407-14,train
C6857,ISRO-SCL-250317-11,train
C6858,ISRO-SCL-250407-14,train
C6859,ISRO-SCL-250505-18,train
C6860,ISRO-SCL-250317-11,train
C6861,ISRO-SCL-250217-07,test
C6862,ISRO-SCL-250324-12,train
C6863,ISRO-SCL-250217-07,test
C6864,ISRO-SCL-250203-05,test
C6865,ISRO-SCL-250310-10,train
C6866,ISRO-SCL-250217-07,test
C6867,ISRO-SCL-250210-06,train
C6868,ISRO-SCL-250512-19,train
C6869,ISRO-SCL-250217-07,test
C6870,ISRO-SCL-250310-10,train
C6871,ISRO-SCL-250407-14,train
C6872,ISRO-SCL-250414-15,val
C6873,ISRO-SCL-250310-10,train
C6874,ISRO-SCL-250519-20,val
C6875,ISRO-SCL-250106-01,train
C6876,ISRO-SCL-250113-02,train
C6877,ISRO-SCL-250505-18,train
C6878,ISRO-SCL-250324-12,train
C6879,ISRO-SCL-250421-16,val
C6880,ISRO-SCL-250505-18,train
C6881,ISRO-SCL-250421-16,val
C6882,ISRO-SCL-250113-02,train
C6883,ISRO-SCL-250203-05,test
C6884,ISRO-SCL-250310-10,train
C6885,ISRO-SCL-250303-09,test
C6886,ISRO-SCL-250421-16,val
C6887,ISRO-SCL-250414-15,val
C6888,ISRO-SCL-250217-07,test
C6889,ISRO-SCL-250120-03,val
C6890,ISRO-SCL-250224-08,train
C6891,ISRO-SCL-250113-02,train
C6892,ISRO-SCL-250310-10,train
C6893,ISRO-SCL-250317-11,train
C6894,ISRO-SCL-250414-15,val
C6895,ISRO-SCL-250414-15,val
C6896,ISRO-SCL-250505-18,train
C6897,ISRO-SCL-250210-06,train
C6898,ISRO-SCL-250303-09,test
C6899,ISRO-SCL-250512-19,train
C6900,ISRO-SCL-250407-14,train
C6901,ISRO-SCL-250203-05,test
C6902,ISRO-SCL-250505-18,train
C6903,ISRO-SCL-250217-07,test
C6904,ISRO-SCL-250505-18,train
C6905,ISRO-SCL-250407-14,train
C6906,ISRO-SCL-250414-15,val
C6907,ISRO-SCL-250210-06,train
C6908,ISRO-SCL-250414-15,val
C6909,ISRO-SCL-250414-15,val
C6910,ISRO-SCL-250127-04,test
C6911,ISRO-SCL-250407-14,train
C6912,ISRO-SCL-250505-18,train
C6913,ISRO-SCL-250512-19,train
C6914,ISRO-SCL-250407-14,train
C6915,ISRO-SCL-250310-10,train
C6916,ISRO-SCL-250210-06,train
C6917,ISRO-SCL-250203-05,test
C6918,ISRO-SCL-250120-03,val
C6919,ISRO-SCL-250120-03,val
C6920,ISRO-SCL-250505-18,train
C6921,ISRO-SCL-250331-13,train
C6922,ISRO-SCL-250414-15,val
C6923,ISRO-SCL-250331-13,train
C6924,ISRO-SCL-250127-04,test
C6925,ISRO-SCL-250217-07,test
C6926,ISRO-SCL-250217-07,test
C6927,ISRO-SCL-250310-10,train
C6928,ISRO-SCL-250421-16,val
C6929,ISRO-SCL-250519-20,val
C6930,ISRO-SCL-250331-13,train
C6931,ISRO-SCL-250203-05,test
C6932,ISRO-SCL-250324-12,train
C6933,ISRO-SCL-250421-16,val
C6934,ISRO-SCL-250421-16,val
C6935,ISRO-SCL-250407-14,train
C6936,ISRO-SCL-250127-04,test
C6937,ISRO-SCL-250421-16,val
C6938,ISRO-SCL-250414-15,val
C6939,ISRO-SCL-250224-08,train
C6940,ISRO-SCL-250127-04,test
C6941,ISRO-SCL-250217-07,test
C6942,ISRO-SCL-250414-15,val
C6943,ISRO-SCL-250113-02,train
C6944,ISRO-SCL-250210-06,train
C6945,ISRO-SCL-250210-06,train
C6946,ISRO-SCL-250407-14,train
C6947,ISRO-SCL-250512-19,train
C6948,ISRO-SCL-250317-11,train
C6949,ISRO-SCL-250127-04,test
C6950,ISRO-SCL-250317-11,train
C6951,ISRO-SCL-250331-13,train
C6952,ISRO-SCL-250210-06,train
C6953,ISRO-SCL-250127-04,test
C6954,ISRO-SCL-250113-02,train
C6955,ISRO-SCL-250512-19,train
C6956,ISRO-SCL-250519-20,val
C6957,ISRO-SCL-250217-07,test
C6958,ISRO-SCL-250303-09,test
C6959,ISRO-SCL-250310-10,train
C6960,ISRO-SCL-250203-05,test
C6961,ISRO-SCL-250113-02,train
C6962,ISRO-SCL-250331-13,train
C6963,ISRO-SCL-250505-18,train
C6964,ISRO-SCL-250106-01,train
C6965,ISRO-SCL-250113-02,train
C6966,ISRO-SCL-250224-08,train
C6967,ISRO-SCL-250407-14,train
C6968,ISRO-SCL-250113-02,train
C6969,ISRO-SCL-250203-05,test
C6970,ISRO-SCL-250317-11,train
C6971,ISRO-SCL-250407-14,train
C6972,ISRO-SCL-250113-02,train
C6973,ISRO-SCL-250127-04,test
C6974,ISRO-SCL-250113-02,train
C6975,ISRO-SCL-250120-03,val
C6976,ISRO-SCL-250407-14,train
C6977,ISRO-SCL-250106-01,train
C6978,ISRO-SCL-250421-16,val
C6979,ISRO-SCL-250217-07,test
C6980,ISRO-SCL-250210-06,train
C6981,ISRO-SCL-250113-02,train
C6982,ISRO-SCL-250310-10,train
C6983,ISRO-SCL-250310-10,train
C6984,ISRO-SCL-250317-11,train
C6985,ISRO-SCL-250428-17,train
C6986,ISRO-SCL-250414-15,val
C6987,ISRO-SCL-250310-10,train
C6988,ISRO-SCL-250224-08,train
C6989,ISRO-SCL-250324-12,train
C6990,ISRO-SCL-250407-14,train
C6991,ISRO-SCL-250203-05,test
C6992,ISRO-SCL-250421-16,val
C6993,ISRO-SCL-250303-09,test
C6994,ISRO-SCL-250127-04,test
C6995,ISRO-SCL-250421-16,val
C6996,ISRO-SCL-250113-02,train
C6997,ISRO-SCL-250224-08,train
C6998,ISRO-SCL-250324-12,train
C6999,ISRO-SCL-250106-01,train
C7000,ISRO-SCL-250224-08,train
C7001,ISRO-SCL-250303-09,test
C7002,ISRO-SCL-250421-16,val
C7003,ISRO-SCL-250203-05,test
C7004,ISRO-SCL-250407-14,train
C7005,ISRO-SCL-250414-15,val
C7006,ISRO-SCL-250310-10,train
C7007,ISRO-SCL-250217-07,test
C7008,ISRO-SCL-250317-11,train
C7009,ISRO-SCL-250113-02,train
C7010,ISRO-SCL-250310-10,train
C7011,ISRO-SCL-250224-08,train
C7012,ISRO-SCL-250127-04,test
C7013,ISRO-SCL-250512-19,train
C7014,ISRO-SCL-250303-09,test
C7015,ISRO-SCL-250407-14,train
C7016,ISRO-SCL-250203-05,test
C7017,ISRO-SCL-250331-13,train
C7018,ISRO-SCL-250407-14,train
C7019,ISRO-SCL-250512-19,train
C7020,ISRO-SCL-250224-08,train
C7021,ISRO-SCL-250505-18,train
C7022,ISRO-SCL-250407-14,train
C7023,ISRO-SCL-250224-08,train
C7024,ISRO-SCL-250113-02,train
C7025,ISRO-SCL-250310-10,train
C7026,ISRO-SCL-250414-15,val
C7027,ISRO-SCL-250324-12,train
C7028,ISRO-SCL-250324-12,train
C7029,ISRO-SCL-250414-15,val
C7030,ISRO-SCL-250224-08,train
C7031,ISRO-SCL-250421-16,val
C7032,ISRO-SCL-250421-16,val
C7033,ISRO-SCL-250317-11,train
C7034,ISRO-SCL-250428-17,train
C7035,ISRO-SCL-250407-14,train
C7036,ISRO-SCL-250421-16,val
C7037,ISRO-SCL-250203-05,test
C7038,ISRO-SCL-250324-12,train
C7039,ISRO-SCL-250505-18,train
C7040,ISRO-SCL-250324-12,train
C7041,ISRO-SCL-250414-15,val
C7042,ISRO-SCL-250217-07,test
C7043,ISRO-SCL-250203-05,test
C7044,ISRO-SCL-250512-19,train
C7045,ISRO-SCL-250512-19,train
C7046,ISRO-SCL-250106-01,train
C7047,ISRO-SCL-250106-01,train
C7048,ISRO-SCL-250407-14,train
C7049,ISRO-SCL-250224-08,train
C7050,ISRO-SCL-250303-09,test
C7051,ISRO-SCL-250421-16,val
C7052,ISRO-SCL-250414-15,val
C7053,ISRO-SCL-250414-15,val
C7054,ISRO-SCL-250217-07,test
C7055,ISRO-SCL-250414-15,val
C7056,ISRO-SCL-250113-02,train
C7057,ISRO-SCL-250310-10,train
C7058,ISRO-SCL-250113-02,train
C7059,ISRO-SCL-250106-01,train
C7060,ISRO-SCL-250512-19,train
C7061,ISRO-SCL-250310-10,train
C7062,ISRO-SCL-250317-11,train
C7063,ISRO-SCL-250317-11,train
C7064,ISRO-SCL-250310-10,train
C7065,ISRO-SCL-250217-07,test
C7066,ISRO-SCL-250203-05,test
C7067,ISRO-SCL-250224-08,train
C7068,ISRO-SCL-250519-20,val
C7069,ISRO-SCL-250505-18,train
C7070,ISRO-SCL-250324-12,train
C7071,ISRO-SCL-250519-20,val
C7072,ISRO-SCL-250217-07,test
C7073,ISRO-SCL-250113-02,train
C7074,ISRO-SCL-250203-05,test
C7075,ISRO-SCL-250210-06,train
C7076,ISRO-SCL-250310-10,train
C7077,ISRO-SCL-250519-20,val
C7078,ISRO-SCL-250224-08,train
C7079,ISRO-SCL-250310-10,train
C7080,ISRO-SCL-250106-01,train
C7081,ISRO-SCL-250303-09,test
C7082,ISRO-SCL-250428-17,train
C7083,ISRO-SCL-250217-07,test
C7084,ISRO-SCL-250414-15,val
C7085,ISRO-SCL-250106-01,train
C7086,ISRO-SCL-250106-01,train
C7087,ISRO-SCL-250106-01,train
C7088,ISRO-SCL-250217-07,test
C7089,ISRO-SCL-250324-12,train
C7090,ISRO-SCL-250519-20,val
C7091,ISRO-SCL-250127-04,test
C7092,ISRO-SCL-250407-14,train
C7093,ISRO-SCL-250421-16,val
C7094,ISRO-SCL-250203-05,test
C7095,ISRO-SCL-250106-01,train
C7096,ISRO-SCL-250421-16,val
C7097,ISRO-SCL-250303-09,test
C7098,ISRO-SCL-250317-11,train
C7099,ISRO-SCL-250113-02,train
C7100,ISRO-SCL-250203-05,test
C7101,ISRO-SCL-250407-14,train
C7102,ISRO-SCL-250512-19,train
C7103,ISRO-SCL-250407-14,train
C7104,ISRO-SCL-250310-10,train
C7105,ISRO-SCL-250217-07,test
C7106,ISRO-SCL-250217-07,test
C7107,ISRO-SCL-250203-05,test
C7108,ISRO-SCL-250203-05,test
C7109,ISRO-SCL-250324-12,train
C7110,ISRO-SCL-250331-13,train
C7111,ISRO-SCL-250324-12,train
C7112,ISRO-SCL-250210-06,train
C7113,ISRO-SCL-250127-04,test
C7114,ISRO-SCL-250317-11,train
C7115,ISRO-SCL-250127-04,test
C7116,ISRO-SCL-250421-16,val
C7117,ISRO-SCL-250414-15,val
C7118,ISRO-SCL-250324-12,train
C7119,ISRO-SCL-250310-10,train
C7120,ISRO-SCL-250505-18,train
C7121,ISRO-SCL-250203-05,test
C7122,ISRO-SCL-250106-01,train
C7123,ISRO-SCL-250113-02,train
C7124,ISRO-SCL-250428-17,train
C7125,ISRO-SCL-250224-08,train
C7126,ISRO-SCL-250512-19,train
C7127,ISRO-SCL-250303-09,test
C7128,ISRO-SCL-250203-05,test
C7129,ISRO-SCL-250303-09,test
C7130,ISRO-SCL-250519-20,val
C7131,ISRO-SCL-250512-19,train
C7132,ISRO-SCL-250414-15,val
C7133,ISRO-SCL-250324-12,train
C7134,ISRO-SCL-250331-13,train
C7135,ISRO-SCL-250317-11,train
C7136,ISRO-SCL-250217-07,test
C7137,ISRO-SCL-250310-10,train
C7138,ISRO-SCL-250303-09,test
C7139,ISRO-SCL-250505-18,train
C7140,ISRO-SCL-250421-16,val
C7141,ISRO-SCL-250127-04,test
C7142,ISRO-SCL-250331-13,train
C7143,ISRO-SCL-250106-01,train
C7144,ISRO-SCL-250113-02,train
C7145,ISRO-SCL-250317-11,train
C7146,ISRO-SCL-250407-14,train
C7147,ISRO-SCL-250224-08,train
C7148,ISRO-SCL-250331-13,train
C7149,ISRO-SCL-250428-17,train
C7150,ISRO-SCL-250331-13,train
C7151,ISRO-SCL-250512-19,train
C7152,ISRO-SCL-250120-03,val
C7153,ISRO-SCL-250217-07,test
C7154,ISRO-SCL-250127-04,test
C7155,ISRO-SCL-250414-15,val
C7156,ISRO-SCL-250224-08,train
C7157,ISRO-SCL-250414-15,val
C7158,ISRO-SCL-250224-08,train
C7159,ISRO-SCL-250127-04,test
C7160,ISRO-SCL-250421-16,val
C7161,ISRO-SCL-250331-13,train
C7162,ISRO-SCL-250421-16,val
C7163,ISRO-SCL-250414-15,val
C7164,ISRO-SCL-250421-16,val
C7165,ISRO-SCL-250224-08,train
C7166,ISRO-SCL-250317-11,train
C7167,ISRO-SCL-250512-19,train
C7168,ISRO-SCL-250414-15,val
C7169,ISRO-SCL-250505-18,train
C7170,ISRO-SCL-250512-19,train
C7171,ISRO-SCL-250120-03,val
C7172,ISRO-SCL-250113-02,train
C7173,ISRO-SCL-250414-15,val
C7174,ISRO-SCL-250331-13,train
C7175,ISRO-SCL-250324-12,train
C7176,ISRO-SCL-250428-17,train
C7177,ISRO-SCL-250317-11,train
C7178,ISRO-SCL-250224-08,train
C7179,ISRO-SCL-250113-02,train
C7180,ISRO-SCL-250217-07,test
C7181,ISRO-SCL-250210-06,train
C7182,ISRO-SCL-250127-04,test
C7183,ISRO-SCL-250203-05,test
C7184,ISRO-SCL-250120-03,val
C7185,ISRO-SCL-250505-18,train
C7186,ISRO-SCL-250310-10,train
C7187,ISRO-SCL-250210-06,train
C7188,ISRO-SCL-250217-07,test
C7189,ISRO-SCL-250127-04,test
C7190,ISRO-SCL-250303-09,test
C7191,ISRO-SCL-250127-04,test
C7192,ISRO-SCL-250331-13,train
C7193,ISRO-SCL-250217-07,test
C7194,ISRO-SCL-250428-17,train
C7195,ISRO-SCL-250505-18,train
C7196,ISRO-SCL-250127-04,test
C7197,ISRO-SCL-250310-10,train
C7198,ISRO-SCL-250414-15,val
C7199,ISRO-SCL-250113-02,train
C7200,ISRO-SCL-250505-18,train
C7201,ISRO-SCL-250113-02,train
C7202,ISRO-SCL-250414-15,val
C7203,ISRO-SCL-250106-01,train
C7204,ISRO-SCL-250113-02,train
C7205,ISRO-SCL-250407-14,train
C7206,ISRO-SCL-250519-20,val
C7207,ISRO-SCL-250127-04,test
C7208,ISRO-SCL-250421-16,val
C7209,ISRO-SCL-250317-11,train
C7210,ISRO-SCL-250210-06,train
C7211,ISRO-SCL-250519-20,val
C7212,ISRO-SCL-250317-11,train
C7213,ISRO-SCL-250217-07,test
C7214,ISRO-SCL-250331-13,train
C7215,ISRO-SCL-250519-20,val
C7216,ISRO-SCL-250310-10,train
C7217,ISRO-SCL-250505-18,train
C7218,ISRO-SCL-250224-08,train
C7219,ISRO-SCL-250217-07,test
C7220,ISRO-SCL-250113-02,train
C7221,ISRO-SCL-250217-07,test
C7222,ISRO-SCL-250113-02,train
C7223,ISRO-SCL-250203-05,test
C7224,ISRO-SCL-250210-06,train
C7225,ISRO-SCL-250414-15,val
C7226,ISRO-SCL-250310-10,train
C7227,ISRO-SCL-250210-06,train
C7228,ISRO-SCL-250113-02,train
C7229,ISRO-SCL-250106-01,train
C7230,ISRO-SCL-250203-05,test
C7231,ISRO-SCL-250421-16,val
C7232,ISRO-SCL-250512-19,train
C7233,ISRO-SCL-250310-10,train
C7234,ISRO-SCL-250113-02,train
C7235,ISRO-SCL-250421-16,val
C7236,ISRO-SCL-250407-14,train
C7237,ISRO-SCL-250106-01,train
C7238,ISRO-SCL-250407-14,train
C7239,ISRO-SCL-250414-15,val
C7240,ISRO-SCL-250310-10,train
C7241,ISRO-SCL-250310-10,train
C7242,ISRO-SCL-250428-17,train
C7243,ISRO-SCL-250210-06,train
C7244,ISRO-SCL-250310-10,train
C7245,ISRO-SCL-250407-14,train
C7246,ISRO-SCL-250120-03,val
C7247,ISRO-SCL-250217-07,test
C7248,ISRO-SCL-250127-04,test
C7249,ISRO-SCL-250421-16,val
C7250,ISRO-SCL-250414-15,val
C7251,ISRO-SCL-250317-11,train
C7252,ISRO-SCL-250428-17,train
C7253,ISRO-SCL-250113-02,train
C7254,ISRO-SCL-250407-14,train
C7255,ISRO-SCL-250512-19,train
C7256,ISRO-SCL-250331-13,train
C7257,ISRO-SCL-250113-02,train
C7258,ISRO-SCL-250120-03,val
C7259,ISRO-SCL-250217-07,test
C7260,ISRO-SCL-250407-14,train
C7261,ISRO-SCL-250428-17,train
C7262,ISRO-SCL-250224-08,train
C7263,ISRO-SCL-250106-01,train
C7264,ISRO-SCL-250414-15,val
C7265,ISRO-SCL-250310-10,train
C7266,ISRO-SCL-250421-16,val
C7267,ISRO-SCL-250505-18,train
C7268,ISRO-SCL-250203-05,test
C7269,ISRO-SCL-250127-04,test
C7270,ISRO-SCL-250113-02,train
C7271,ISRO-SCL-250407-14,train
C7272,ISRO-SCL-250331-13,train
C7273,ISRO-SCL-250106-01,train
C7274,ISRO-SCL-250421-16,val
C7275,ISRO-SCL-250310-10,train
C7276,ISRO-SCL-250203-05,test
C7277,ISRO-SCL-250512-19,train
C7278,ISRO-SCL-250127-04,test
C7279,ISRO-SCL-250203-05,test
C7280,ISRO-SCL-250217-07,test
C7281,ISRO-SCL-250203-05,test
C7282,ISRO-SCL-250113-02,train
C7283,ISRO-SCL-250203-05,test
C7284,ISRO-SCL-250127-04,test
C7285,ISRO-SCL-250414-15,val
C7286,ISRO-SCL-250217-07,test
C7287,ISRO-SCL-250324-12,train
C7288,ISRO-SCL-250106-01,train
C7289,ISRO-SCL-250106-01,train
C7290,ISRO-SCL-250414-15,val
C7291,ISRO-SCL-250519-20,val
C7292,ISRO-SCL-250324-12,train
C7293,ISRO-SCL-250113-02,train
C7294,ISRO-SCL-250113-02,train
C7295,ISRO-SCL-250428-17,train
C7296,ISRO-SCL-250127-04,test
C7297,ISRO-SCL-250519-20,val
C7298,ISRO-SCL-250106-01,train
C7299,ISRO-SCL-250113-02,train
C7300,ISRO-SCL-250331-13,train
C7301,ISRO-SCL-250324-12,train
C7302,ISRO-SCL-250113-02,train
C7303,ISRO-SCL-250331-13,train
C7304,ISRO-SCL-250331-13,train
C7305,ISRO-SCL-250113-02,train
C7306,ISRO-SCL-250324-12,train
C7307,ISRO-SCL-250414-15,val
C7308,ISRO-SCL-250519-20,val
C7309,ISRO-SCL-250421-16,val
C7310,ISRO-SCL-250428-17,train
C7311,ISRO-SCL-250217-07,test
C7312,ISRO-SCL-250224-08,train
C7313,ISRO-SCL-250421-16,val
C7314,ISRO-SCL-250317-11,train
C7315,ISRO-SCL-250428-17,train
C7316,ISRO-SCL-250331-13,train
C7317,ISRO-SCL-250407-14,train
C7318,ISRO-SCL-250407-14,train
C7319,ISRO-SCL-250414-15,val
C7320,ISRO-SCL-250505-18,train
C7321,ISRO-SCL-250203-05,test
C7322,ISRO-SCL-250113-02,train
C7323,ISRO-SCL-250421-16,val
C7324,ISRO-SCL-250414-15,val
C7325,ISRO-SCL-250310-10,train
C7326,ISRO-SCL-250113-02,train
C7327,ISRO-SCL-250127-04,test
C7328,ISRO-SCL-250106-01,train
C7329,ISRO-SCL-250414-15,val
C7330,ISRO-SCL-250324-12,train
C7331,ISRO-SCL-250224-08,train
C7332,ISRO-SCL-250331-13,train
C7333,ISRO-SCL-250414-15,val
C7334,ISRO-SCL-250317-11,train
C7335,ISRO-SCL-250224-08,train
C7336,ISRO-SCL-250407-14,train
C7337,ISRO-SCL-250310-10,train
C7338,ISRO-SCL-250127-04,test
C7339,ISRO-SCL-250505-18,train
C7340,ISRO-SCL-250407-14,train
C7341,ISRO-SCL-250512-19,train
C7342,ISRO-SCL-250407-14,train
C7343,ISRO-SCL-250512-19,train
C7344,ISRO-SCL-250512-19,train
C7345,ISRO-SCL-250224-08,train
C7346,ISRO-SCL-250127-04,test
C7347,ISRO-SCL-250203-05,test
C7348,ISRO-SCL-250303-09,test
C7349,ISRO-SCL-250127-04,test
C7350,ISRO-SCL-250203-05,test
C7351,ISRO-SCL-250414-15,val
C7352,ISRO-SCL-250127-04,test
C7353,ISRO-SCL-250310-10,train
C7354,ISRO-SCL-250113-02,train
C7355,ISRO-SCL-250310-10,train
C7356,ISRO-SCL-250324-12,train
C7357,ISRO-SCL-250203-05,test
C7358,ISRO-SCL-250414-15,val
C7359,ISRO-SCL-250113-02,train
C7360,ISRO-SCL-250224-08,train
C7361,ISRO-SCL-250324-12,train
C7362,ISRO-SCL-250512-19,train
C7363,ISRO-SCL-250203-05,test
C7364,ISRO-SCL-250421-16,val
C7365,ISRO-SCL-250203-05,test
C7366,ISRO-SCL-250414-15,val
C7367,ISRO-SCL-250210-06,train
C7368,ISRO-SCL-250407-14,train
C7369,ISRO-SCL-250113-02,train
C7370,ISRO-SCL-250224-08,train
C7371,ISRO-SCL-250203-05,test
C7372,ISRO-SCL-250203-05,test
C7373,ISRO-SCL-250217-07,test
C7374,ISRO-SCL-250106-01,train
C7375,ISRO-SCL-250414-15,val
C7376,ISRO-SCL-250407-14,train
C7377,ISRO-SCL-250217-07,test
C7378,ISRO-SCL-250505-18,train
C7379,ISRO-SCL-250421-16,val
C7380,ISRO-SCL-250324-12,train
C7381,ISRO-SCL-250106-01,train
C7382,ISRO-SCL-250310-10,train
C7383,ISRO-SCL-250421-16,val
C7384,ISRO-SCL-250106-01,train
C7385,ISRO-SCL-250106-01,train
C7386,ISRO-SCL-250224-08,train
C7387,ISRO-SCL-250407-14,train
C7388,ISRO-SCL-250224-08,train
C7389,ISRO-SCL-250113-02,train
C7390,ISRO-SCL-250505-18,train
C7391,ISRO-SCL-250505-18,train
C7392,ISRO-SCL-250113-02,train
C7393,ISRO-SCL-250407-14,train
C7394,ISRO-SCL-250113-02,train
C7395,ISRO-SCL-250113-02,train
C7396,ISRO-SCL-250203-05,test
C7397,ISRO-SCL-250217-07,test
C7398,ISRO-SCL-250106-01,train
C7399,ISRO-SCL-250505-18,train
C7400,ISRO-SCL-250203-05,test
C7401,ISRO-SCL-250224-08,train
C7402,ISRO-SCL-250414-15,val
C7403,ISRO-SCL-250217-07,test
C7404,ISRO-SCL-250113-02,train
C7405,ISRO-SCL-250324-12,train
C7406,ISRO-SCL-250217-07,test
C7407,ISRO-SCL-250113-02,train
C7408,ISRO-SCL-250428-17,train
C7409,ISRO-SCL-250324-12,train
C7410,ISRO-SCL-250519-20,val
C7411,ISRO-SCL-250512-19,train
C7412,ISRO-SCL-250414-15,val
C7413,ISRO-SCL-250303-09,test
C7414,ISRO-SCL-250310-10,train
C7415,ISRO-SCL-250519-20,val
C7416,ISRO-SCL-250317-11,train
C7417,ISRO-SCL-250331-13,train
C7418,ISRO-SCL-250407-14,train
C7419,ISRO-SCL-250310-10,train
C7420,ISRO-SCL-250414-15,val
C7421,ISRO-SCL-250203-05,test
C7422,ISRO-SCL-250310-10,train
C7423,ISRO-SCL-250324-12,train
C7424,ISRO-SCL-250120-03,val
C7425,ISRO-SCL-250324-12,train
C7426,ISRO-SCL-250428-17,train
C7427,ISRO-SCL-250210-06,train
C7428,ISRO-SCL-250407-14,train
C7429,ISRO-SCL-250203-05,test
C7430,ISRO-SCL-250310-10,train
C7431,ISRO-SCL-250407-14,train
C7432,ISRO-SCL-250120-03,val
C7433,ISRO-SCL-250421-16,val
C7434,ISRO-SCL-250127-04,test
C7435,ISRO-SCL-250224-08,train
C7436,ISRO-SCL-250106-01,train
C7437,ISRO-SCL-250421-16,val
C7438,ISRO-SCL-250113-02,train
C7439,ISRO-SCL-250303-09,test
C7440,ISRO-SCL-250113-02,train
C7441,ISRO-SCL-250505-18,train
C7442,ISRO-SCL-250317-11,train
C7443,ISRO-SCL-250224-08,train
C7444,ISRO-SCL-250428-17,train
C7445,ISRO-SCL-250317-11,train
C7446,ISRO-SCL-250414-15,val
C7447,ISRO-SCL-250310-10,train
C7448,ISRO-SCL-250224-08,train
C7449,ISRO-SCL-250113-02,train
C7450,ISRO-SCL-250414-15,val
C7451,ISRO-SCL-250407-14,train
C7452,ISRO-SCL-250331-13,train
C7453,ISRO-SCL-250203-05,test
C7454,ISRO-SCL-250203-05,test
C7455,ISRO-SCL-250407-14,train
C7456,ISRO-SCL-250512-19,train
C7457,ISRO-SCL-250407-14,train
C7458,ISRO-SCL-250203-05,test
C7459,ISRO-SCL-250224-08,train
C7460,ISRO-SCL-250512-19,train
C7461,ISRO-SCL-250113-02,train
C7462,ISRO-SCL-250217-07,test
C7463,ISRO-SCL-250106-01,train
C7464,ISRO-SCL-250224-08,train
C7465,ISRO-SCL-250407-14,train
C7466,ISRO-SCL-250120-03,val
C7467,ISRO-SCL-250505-18,train
C7468,ISRO-SCL-250421-16,val
C7469,ISRO-SCL-250217-07,test
C7470,ISRO-SCL-250113-02,train
C7471,ISRO-SCL-250127-04,test
C7472,ISRO-SCL-250310-10,train
C7473,ISRO-SCL-250317-11,train
C7474,ISRO-SCL-250310-10,train
C7475,ISRO-SCL-250421-16,val
C7476,ISRO-SCL-250407-14,train
C7477,ISRO-SCL-250113-02,train
C7478,ISRO-SCL-250210-06,train
C7479,ISRO-SCL-250324-12,train
C7480,ISRO-SCL-250310-10,train
C7481,ISRO-SCL-250407-14,train
C7482,ISRO-SCL-250113-02,train
C7483,ISRO-SCL-250217-07,test
C7484,ISRO-SCL-250113-02,train
C7485,ISRO-SCL-250331-13,train
C7486,ISRO-SCL-250120-03,val
C7487,ISRO-SCL-250421-16,val
C7488,ISRO-SCL-250210-06,train
C7489,ISRO-SCL-250303-09,test
C7490,ISRO-SCL-250317-11,train
C7491,ISRO-SCL-250120-03,val
C7492,ISRO-SCL-250428-17,train
C7493,ISRO-SCL-250421-16,val
C7494,ISRO-SCL-250407-14,train
C7495,ISRO-SCL-250310-10,train
C7496,ISRO-SCL-250505-18,train
C7497,ISRO-SCL-250210-06,train
C7498,ISRO-SCL-250414-15,val
C7499,ISRO-SCL-250310-10,train
C7500,ISRO-SCL-250210-06,train
C7501,ISRO-SCL-250331-13,train
C7502,ISRO-SCL-250303-09,test
C7503,ISRO-SCL-250407-14,train
C7504,ISRO-SCL-250331-13,train
C7505,ISRO-SCL-250324-12,train
C7506,ISRO-SCL-250331-13,train
C7507,ISRO-SCL-250310-10,train
C7508,ISRO-SCL-250217-07,test
C7509,ISRO-SCL-250407-14,train
C7510,ISRO-SCL-250414-15,val
C7511,ISRO-SCL-250505-18,train
C7512,ISRO-SCL-250303-09,test
C7513,ISRO-SCL-250407-14,train
C7514,ISRO-SCL-250421-16,val
C7515,ISRO-SCL-250106-01,train
C7516,ISRO-SCL-250331-13,train
C7517,ISRO-SCL-250421-16,val
C7518,ISRO-SCL-250106-01,train
C7519,ISRO-SCL-250303-09,test
C7520,ISRO-SCL-250519-20,val
C7521,ISRO-SCL-250324-12,train
C7522,ISRO-SCL-250310-10,train
C7523,ISRO-SCL-250421-16,val
C7524,ISRO-SCL-250421-16,val
C7525,ISRO-SCL-250421-16,val
C7526,ISRO-SCL-250414-15,val
C7527,ISRO-SCL-250317-11,train
C7528,ISRO-SCL-250113-02,train
C7529,ISRO-SCL-250421-16,val
C7530,ISRO-SCL-250414-15,val
C7531,ISRO-SCL-250203-05,test
C7532,ISRO-SCL-250407-14,train
C7533,ISRO-SCL-250512-19,train
C7534,ISRO-SCL-250317-11,train
C7535,ISRO-SCL-250414-15,val
C7536,ISRO-SCL-250414-15,val
C7537,ISRO-SCL-250407-14,train
C7538,ISRO-SCL-250224-08,train
C7539,ISRO-SCL-250505-18,train
C7540,ISRO-SCL-250217-07,test
C7541,ISRO-SCL-250203-05,test
C7542,ISRO-SCL-250303-09,test
C7543,ISRO-SCL-250512-19,train
C7544,ISRO-SCL-250428-17,train
C7545,ISRO-SCL-250120-03,val
C7546,ISRO-SCL-250407-14,train
C7547,ISRO-SCL-250113-02,train
C7548,ISRO-SCL-250331-13,train
C7549,ISRO-SCL-250210-06,train
C7550,ISRO-SCL-250414-15,val
C7551,ISRO-SCL-250310-10,train
C7552,ISRO-SCL-250414-15,val
C7553,ISRO-SCL-250203-05,test
C7554,ISRO-SCL-250519-20,val
C7555,ISRO-SCL-250310-10,train
C7556,ISRO-SCL-250127-04,test
C7557,ISRO-SCL-250310-10,train
C7558,ISRO-SCL-250113-02,train
C7559,ISRO-SCL-250113-02,train
C7560,ISRO-SCL-250407-14,train
C7561,ISRO-SCL-250224-08,train
C7562,ISRO-SCL-250217-07,test
C7563,ISRO-SCL-250224-08,train
C7564,ISRO-SCL-250217-07,test
C7565,ISRO-SCL-250428-17,train
C7566,ISRO-SCL-250303-09,test
C7567,ISRO-SCL-250505-18,train
C7568,ISRO-SCL-250310-10,train
C7569,ISRO-SCL-250203-05,test
C7570,ISRO-SCL-250127-04,test
C7571,ISRO-SCL-250310-10,train
C7572,ISRO-SCL-250113-02,train
C7573,ISRO-SCL-250310-10,train
C7574,ISRO-SCL-250421-16,val
C7575,ISRO-SCL-250106-01,train
C7576,ISRO-SCL-250120-03,val
C7577,ISRO-SCL-250113-02,train
C7578,ISRO-SCL-250203-05,test
C7579,ISRO-SCL-250127-04,test
C7580,ISRO-SCL-250519-20,val
C7581,ISRO-SCL-250203-05,test
C7582,ISRO-SCL-250428-17,train
C7583,ISRO-SCL-250428-17,train
C7584,ISRO-SCL-250512-19,train
C7585,ISRO-SCL-250414-15,val
C7586,ISRO-SCL-250210-06,train
C7587,ISRO-SCL-250407-14,train
C7588,ISRO-SCL-250217-07,test
C7589,ISRO-SCL-250203-05,test
C7590,ISRO-SCL-250203-05,test
C7591,ISRO-SCL-250407-14,train
C7592,ISRO-SCL-250120-03,val
C7593,ISRO-SCL-250217-07,test
C7594,ISRO-SCL-250421-16,val
C7595,ISRO-SCL-250505-18,train
C7596,ISRO-SCL-250217-07,test
C7597,ISRO-SCL-250120-03,val
C7598,ISRO-SCL-250203-05,test
C7599,ISRO-SCL-250113-02,train
C7600,ISRO-SCL-250203-05,test
C7601,ISRO-SCL-250407-14,train
C7602,ISRO-SCL-250224-08,train
C7603,ISRO-SCL-250310-10,train
C7604,ISRO-SCL-250505-18,train
C7605,ISRO-SCL-250310-10,train
C7606,ISRO-SCL-250310-10,train
C7607,ISRO-SCL-250331-13,train
C7608,ISRO-SCL-250317-11,train
C7609,ISRO-SCL-250113-02,train
C7610,ISRO-SCL-250428-17,train
C7611,ISRO-SCL-250210-06,train
C7612,ISRO-SCL-250113-02,train
C7613,ISRO-SCL-250331-13,train
C7614,ISRO-SCL-250203-05,test
C7615,ISRO-SCL-250127-04,test
C7616,ISRO-SCL-250310-10,train
C7617,ISRO-SCL-250217-07,test
C7618,ISRO-SCL-250210-06,train
C7619,ISRO-SCL-250519-20,val
C7620,ISRO-SCL-250505-18,train
C7621,ISRO-SCL-250331-13,train
C7622,ISRO-SCL-250519-20,val
C7623,ISRO-SCL-250428-17,train
C7624,ISRO-SCL-250421-16,val
C7625,ISRO-SCL-250512-19,train
C7626,ISRO-SCL-250127-04,test
C7627,ISRO-SCL-250310-10,train
C7628,ISRO-SCL-250203-05,test
C7629,ISRO-SCL-250331-13,train
C7630,ISRO-SCL-250505-18,train
C7631,ISRO-SCL-250512-19,train
C7632,ISRO-SCL-250317-11,train
C7633,ISRO-SCL-250113-02,train
C7634,ISRO-SCL-250210-06,train
C7635,ISRO-SCL-250519-20,val
C7636,ISRO-SCL-250113-02,train
C7637,ISRO-SCL-250217-07,test
C7638,ISRO-SCL-250127-04,test
C7639,ISRO-SCL-250331-13,train
C7640,ISRO-SCL-250310-10,train
C7641,ISRO-SCL-250331-13,train
C7642,ISRO-SCL-250303-09,test
C7643,ISRO-SCL-250224-08,train
C7644,ISRO-SCL-250217-07,test
C7645,ISRO-SCL-250303-09,test
C7646,ISRO-SCL-250127-04,test
C7647,ISRO-SCL-250331-13,train
C7648,ISRO-SCL-250421-16,val
C7649,ISRO-SCL-250217-07,test
C7650,ISRO-SCL-250203-05,test
C7651,ISRO-SCL-250310-10,train
C7652,ISRO-SCL-250310-10,train
C7653,ISRO-SCL-250414-15,val
C7654,ISRO-SCL-250203-05,test
C7655,ISRO-SCL-250106-01,train
C7656,ISRO-SCL-250113-02,train
C7657,ISRO-SCL-250113-02,train
C7658,ISRO-SCL-250113-02,train
C7659,ISRO-SCL-250310-10,train
C7660,ISRO-SCL-250421-16,val
C7661,ISRO-SCL-250512-19,train
C7662,ISRO-SCL-250113-02,train
C7663,ISRO-SCL-250203-05,test
C7664,ISRO-SCL-250428-17,train
C7665,ISRO-SCL-250113-02,train
C7666,ISRO-SCL-250331-13,train
C7667,ISRO-SCL-250407-14,train
C7668,ISRO-SCL-250428-17,train
C7669,ISRO-SCL-250421-16,val
C7670,ISRO-SCL-250217-07,test
C7671,ISRO-SCL-250127-04,test
C7672,ISRO-SCL-250324-12,train
C7673,ISRO-SCL-250421-16,val
C7674,ISRO-SCL-250113-02,train
C7675,ISRO-SCL-250414-15,val
C7676,ISRO-SCL-250414-15,val
C7677,ISRO-SCL-250113-02,train
C7678,ISRO-SCL-250120-03,val
C7679,ISRO-SCL-250210-06,train
C7680,ISRO-SCL-250127-04,test
C7681,ISRO-SCL-250120-03,val
C7682,ISRO-SCL-250331-13,train
C7683,ISRO-SCL-250303-09,test
C7684,ISRO-SCL-250317-11,train
C7685,ISRO-SCL-250421-16,val
C7686,ISRO-SCL-250310-10,train
C7687,ISRO-SCL-250217-07,test
C7688,ISRO-SCL-250519-20,val
C7689,ISRO-SCL-250414-15,val
C7690,ISRO-SCL-250210-06,train
C7691,ISRO-SCL-250217-07,test
C7692,ISRO-SCL-250224-08,train
C7693,ISRO-SCL-250120-03,val
C7694,ISRO-SCL-250120-03,val
C7695,ISRO-SCL-250421-16,val
C7696,ISRO-SCL-250317-11,train
C7697,ISRO-SCL-250127-04,test
C7698,ISRO-SCL-250106-01,train
C7699,ISRO-SCL-250512-19,train
C7700,ISRO-SCL-250428-17,train
C7701,ISRO-SCL-250310-10,train
C7702,ISRO-SCL-250324-12,train
C7703,ISRO-SCL-250414-15,val
C7704,ISRO-SCL-250120-03,val
C7705,ISRO-SCL-250414-15,val
C7706,ISRO-SCL-250407-14,train
C7707,ISRO-SCL-250113-02,train
C7708,ISRO-SCL-250113-02,train
C7709,ISRO-SCL-250127-04,test
C7710,ISRO-SCL-250106-01,train
C7711,ISRO-SCL-250512-19,train
C7712,ISRO-SCL-250407-14,train
C7713,ISRO-SCL-250324-12,train
C7714,ISRO-SCL-250303-09,test
C7715,ISRO-SCL-250203-05,test
C7716,ISRO-SCL-250210-06,train
C7717,ISRO-SCL-250512-19,train
C7718,ISRO-SCL-250512-19,train
C7719,ISRO-SCL-250310-10,train
C7720,ISRO-SCL-250203-05,test
C7721,ISRO-SCL-250512-19,train
C7722,ISRO-SCL-250310-10,train
C7723,ISRO-SCL-250217-07,test
C7724,ISRO-SCL-250224-08,train
C7725,ISRO-SCL-250106-01,train
C7726,ISRO-SCL-250310-10,train
C7727,ISRO-SCL-250407-14,train
C7728,ISRO-SCL-250210-06,train
C7729,ISRO-SCL-250120-03,val
C7730,ISRO-SCL-250113-02,train
C7731,ISRO-SCL-250127-04,test
C7732,ISRO-SCL-250324-12,train
C7733,ISRO-SCL-250113-02,train
C7734,ISRO-SCL-250331-13,train
C7735,ISRO-SCL-250407-14,train
C7736,ISRO-SCL-250224-08,train
C7737,ISRO-SCL-250127-04,test
C7738,ISRO-SCL-250106-01,train
C7739,ISRO-SCL-250317-11,train
C7740,ISRO-SCL-250407-14,train
C7741,ISRO-SCL-250331-13,train
C7742,ISRO-SCL-250310-10,train
C7743,ISRO-SCL-250303-09,test
C7744,ISRO-SCL-250210-06,train
C7745,ISRO-SCL-250407-14,train
C7746,ISRO-SCL-250120-03,val
C7747,ISRO-SCL-250217-07,test
C7748,ISRO-SCL-250414-15,val
C7749,ISRO-SCL-250310-10,train
C7750,ISRO-SCL-250224-08,train
C7751,ISRO-SCL-250127-04,test
C7752,ISRO-SCL-250505-18,train
C7753,ISRO-SCL-250414-15,val
C7754,ISRO-SCL-250421-16,val
C7755,ISRO-SCL-250106-01,train
C7756,ISRO-SCL-250106-01,train
C7757,ISRO-SCL-250217-07,test
C7758,ISRO-SCL-250217-07,test
C7759,ISRO-SCL-250113-02,train
C7760,ISRO-SCL-250414-15,val
C7761,ISRO-SCL-250519-20,val
C7762,ISRO-SCL-250324-12,train
C7763,ISRO-SCL-250414-15,val
C7764,ISRO-SCL-250120-03,val
C7765,ISRO-SCL-250421-16,val
C7766,ISRO-SCL-250505-18,train
C7767,ISRO-SCL-250120-03,val
C7768,ISRO-SCL-250120-03,val
C7769,ISRO-SCL-250113-02,train
C7770,ISRO-SCL-250203-05,test
C7771,ISRO-SCL-250127-04,test
C7772,ISRO-SCL-250113-02,train
C7773,ISRO-SCL-250224-08,train
C7774,ISRO-SCL-250407-14,train
C7775,ISRO-SCL-250407-14,train
C7776,ISRO-SCL-250414-15,val
C7777,ISRO-SCL-250324-12,train
C7778,ISRO-SCL-250310-10,train
C7779,ISRO-SCL-250203-05,test
C7780,ISRO-SCL-250331-13,train
C7781,ISRO-SCL-250324-12,train
C7782,ISRO-SCL-250303-09,test
C7783,ISRO-SCL-250224-08,train
C7784,ISRO-SCL-250310-10,train
C7785,ISRO-SCL-250512-19,train
C7786,ISRO-SCL-250407-14,train
C7787,ISRO-SCL-250113-02,train
C7788,ISRO-SCL-250303-09,test
C7789,ISRO-SCL-250217-07,test
C7790,ISRO-SCL-250127-04,test
C7791,ISRO-SCL-250217-07,test
C7792,ISRO-SCL-250421-16,val
C7793,ISRO-SCL-250414-15,val
C7794,ISRO-SCL-250203-05,test
C7795,ISRO-SCL-250203-05,test
C7796,ISRO-SCL-250512-19,train
C7797,ISRO-SCL-250303-09,test
C7798,ISRO-SCL-250414-15,val
C7799,ISRO-SCL-250421-16,val
C7800,ISRO-SCL-250217-07,test
C7801,ISRO-SCL-250421-16,val
C7802,ISRO-SCL-250421-16,val
C7803,ISRO-SCL-250331-13,train
C7804,ISRO-SCL-250203-05,test
C7805,ISRO-SCL-250421-16,val
C7806,ISRO-SCL-250414-15,val
C7807,ISRO-SCL-250421-16,val
C7808,ISRO-SCL-250407-14,train
C7809,ISRO-SCL-250324-12,train
C7810,ISRO-SCL-250512-19,train
C7811,ISRO-SCL-250505-18,train
C7812,ISRO-SCL-250127-04,test
C7813,ISRO-SCL-250407-14,train
C7814,ISRO-SCL-250113-02,train
C7815,ISRO-SCL-250428-17,train
C7816,ISRO-SCL-250512-19,train
C7817,ISRO-SCL-250310-10,train
C7818,ISRO-SCL-250217-07,test
C7819,ISRO-SCL-250505-18,train
C7820,ISRO-SCL-250512-19,train
C7821,ISRO-SCL-250324-12,train
C7822,ISRO-SCL-250203-05,test
C7823,ISRO-SCL-250317-11,train
C7824,ISRO-SCL-250217-07,test
C7825,ISRO-SCL-250113-02,train
C7826,ISRO-SCL-250414-15,val
C7827,ISRO-SCL-250519-20,val
C7828,ISRO-SCL-250414-15,val
C7829,ISRO-SCL-250519-20,val
C7830,ISRO-SCL-250113-02,train
C7831,ISRO-SCL-250407-14,train
C7832,ISRO-SCL-250113-02,train
C7833,ISRO-SCL-250106-01,train
C7834,ISRO-SCL-250106-01,train
C7835,ISRO-SCL-250203-05,test
C7836,ISRO-SCL-250120-03,val
C7837,ISRO-SCL-250127-04,test
C7838,ISRO-SCL-250512-19,train
C7839,ISRO-SCL-250331-13,train
C7840,ISRO-SCL-250106-01,train
C7841,ISRO-SCL-250113-02,train
C7842,ISRO-SCL-250407-14,train
C7843,ISRO-SCL-250113-02,train
C7844,ISRO-SCL-250310-10,train
C7845,ISRO-SCL-250407-14,train
C7846,ISRO-SCL-250127-04,test
C7847,ISRO-SCL-250106-01,train
C7848,ISRO-SCL-250113-02,train
C7849,ISRO-SCL-250113-02,train
C7850,ISRO-SCL-250127-04,test
C7851,ISRO-SCL-250414-15,val
C7852,ISRO-SCL-250113-02,train
C7853,ISRO-SCL-250303-09,test
C7854,ISRO-SCL-250120-03,val
C7855,ISRO-SCL-250113-02,train
C7856,ISRO-SCL-250310-10,train
C7857,ISRO-SCL-250203-05,test
C7858,ISRO-SCL-250519-20,val
C7859,ISRO-SCL-250407-14,train
C7860,ISRO-SCL-250324-12,train
C7861,ISRO-SCL-250407-14,train
C7862,ISRO-SCL-250324-12,train
C7863,ISRO-SCL-250414-15,val
C7864,ISRO-SCL-250317-11,train
C7865,ISRO-SCL-250414-15,val
C7866,ISRO-SCL-250120-03,val
C7867,ISRO-SCL-250331-13,train
C7868,ISRO-SCL-250331-13,train
C7869,ISRO-SCL-250512-19,train
C7870,ISRO-SCL-250317-11,train
C7871,ISRO-SCL-250317-11,train
C7872,ISRO-SCL-250303-09,test
C7873,ISRO-SCL-250106-01,train
C7874,ISRO-SCL-250127-04,test
C7875,ISRO-SCL-250217-07,test
C7876,ISRO-SCL-250127-04,test
C7877,ISRO-SCL-250512-19,train
C7878,ISRO-SCL-250106-01,train
C7879,ISRO-SCL-250421-16,val
C7880,ISRO-SCL-250217-07,test
C7881,ISRO-SCL-250324-12,train
C7882,ISRO-SCL-250414-15,val
C7883,ISRO-SCL-250217-07,test
C7884,ISRO-SCL-250310-10,train
C7885,ISRO-SCL-250407-14,train
C7886,ISRO-SCL-250421-16,val
C7887,ISRO-SCL-250317-11,train
C7888,ISRO-SCL-250512-19,train
C7889,ISRO-SCL-250324-12,train
C7890,ISRO-SCL-250113-02,train
C7891,ISRO-SCL-250203-05,test
C7892,ISRO-SCL-250310-10,train
C7893,ISRO-SCL-250519-20,val
C7894,ISRO-SCL-250303-09,test
C7895,ISRO-SCL-250120-03,val
C7896,ISRO-SCL-250414-15,val
C7897,ISRO-SCL-250414-15,val
C7898,ISRO-SCL-250331-13,train
C7899,ISRO-SCL-250407-14,train
C7900,ISRO-SCL-250113-02,train
C7901,ISRO-SCL-250217-07,test
C7902,ISRO-SCL-250127-04,test
C7903,ISRO-SCL-250113-02,train
C7904,ISRO-SCL-250127-04,test
C7905,ISRO-SCL-250407-14,train
C7906,ISRO-SCL-250519-20,val
C7907,ISRO-SCL-250203-05,test
C7908,ISRO-SCL-250512-19,train
C7909,ISRO-SCL-250331-13,train
C7910,ISRO-SCL-250127-04,test
C7911,ISRO-SCL-250421-16,val
C7912,ISRO-SCL-250127-04,test
C7913,ISRO-SCL-250407-14,train
C7914,ISRO-SCL-250519-20,val
C7915,ISRO-SCL-250127-04,test
C7916,ISRO-SCL-250421-16,val
C7917,ISRO-SCL-250303-09,test
C7918,ISRO-SCL-250414-15,val
C7919,ISRO-SCL-250324-12,train
C7920,ISRO-SCL-250217-07,test
C7921,ISRO-SCL-250310-10,train
C7922,ISRO-SCL-250512-19,train
C7923,ISRO-SCL-250331-13,train
C7924,ISRO-SCL-250210-06,train
C7925,ISRO-SCL-250224-08,train
C7926,ISRO-SCL-250203-05,test
C7927,ISRO-SCL-250203-05,test
C7928,ISRO-SCL-250113-02,train
C7929,ISRO-SCL-250421-16,val
C7930,ISRO-SCL-250421-16,val
C7931,ISRO-SCL-250113-02,train
C7932,ISRO-SCL-250421-16,val
C7933,ISRO-SCL-250127-04,test
C7934,ISRO-SCL-250303-09,test
C7935,ISRO-SCL-250421-16,val
C7936,ISRO-SCL-250303-09,test
C7937,ISRO-SCL-250217-07,test
C7938,ISRO-SCL-250317-11,train
C7939,ISRO-SCL-250106-01,train
C7940,ISRO-SCL-250512-19,train
C7941,ISRO-SCL-250113-02,train
C7942,ISRO-SCL-250203-05,test
C7943,ISRO-SCL-250407-14,train
C7944,ISRO-SCL-250120-03,val
C7945,ISRO-SCL-250421-16,val
C7946,ISRO-SCL-250217-07,test
C7947,ISRO-SCL-250106-01,train
C7948,ISRO-SCL-250310-10,train
C7949,ISRO-SCL-250317-11,train
C7950,ISRO-SCL-250217-07,test
C7951,ISRO-SCL-250217-07,test
C7952,ISRO-SCL-250331-13,train
C7953,ISRO-SCL-250210-06,train
C7954,ISRO-SCL-250317-11,train
C7955,ISRO-SCL-250127-04,test
C7956,ISRO-SCL-250505-18,train
C7957,ISRO-SCL-250317-11,train
C7958,ISRO-SCL-250324-12,train
C7959,ISRO-SCL-250421-16,val
C7960,ISRO-SCL-250224-08,train
C7961,ISRO-SCL-250106-01,train
C7962,ISRO-SCL-250203-05,test
C7963,ISRO-SCL-250428-17,train
C7964,ISRO-SCL-250414-15,val
C7965,ISRO-SCL-250310-10,train
C7966,ISRO-SCL-250224-08,train
C7967,ISRO-SCL-250113-02,train
C7968,ISRO-SCL-250203-05,test
C7969,ISRO-SCL-250217-07,test
C7970,ISRO-SCL-250106-01,train
C7971,ISRO-SCL-250217-07,test
C7972,ISRO-SCL-250127-04,test
C7973,ISRO-SCL-250414-15,val
C7974,ISRO-SCL-250407-14,train
C7975,ISRO-SCL-250414-15,val
C7976,ISRO-SCL-250310-10,train
C7977,ISRO-SCL-250407-14,train
C7978,ISRO-SCL-250414-15,val
C7979,ISRO-SCL-250324-12,train
C7980,ISRO-SCL-250113-02,train
C7981,ISRO-SCL-250414-15,val
C7982,ISRO-SCL-250210-06,train
C7983,ISRO-SCL-250324-12,train
C7984,ISRO-SCL-250203-05,test
C7985,ISRO-SCL-250428-17,train
C7986,ISRO-SCL-250310-10,train
C7987,ISRO-SCL-250203-05,test
C7988,ISRO-SCL-250428-17,train
C7989,ISRO-SCL-250414-15,val
C7990,ISRO-SCL-250407-14,train
C7991,ISRO-SCL-250428-17,train
C7992,ISRO-SCL-250512-19,train
C7993,ISRO-SCL-250127-04,test
C7994,ISRO-SCL-250414-15,val
C7995,ISRO-SCL-250428-17,train
C7996,ISRO-SCL-250113-02,train
C7997,ISRO-SCL-250224-08,train
C7998,ISRO-SCL-250421-16,val
C7999,ISRO-SCL-250428-17,train
C8000,ISRO-SCL-250331-13,train
C8001,ISRO-SCL-250203-05,test
C8002,ISRO-SCL-250414-15,val
C8003,ISRO-SCL-250120-03,val
C8004,ISRO-SCL-250414-15,val
C8005,ISRO-SCL-250505-18,train
C8006,ISRO-SCL-250106-01,train
C8007,ISRO-SCL-250203-05,test
C8008,ISRO-SCL-250407-14,train
C8009,ISRO-SCL-250414-15,val
C8010,ISRO-SCL-250414-15,val
C8011,ISRO-SCL-250127-04,test
C8012,ISRO-SCL-250217-07,test
C8013,ISRO-SCL-250512-19,train
C8014,ISRO-SCL-250421-16,val
C8015,ISRO-SCL-250505-18,train
C8016,ISRO-SCL-250203-05,test
C8017,ISRO-SCL-250203-05,test
C8018,ISRO-SCL-250203-05,test
C8019,ISRO-SCL-250310-10,train
C8020,ISRO-SCL-250127-04,test
C8021,ISRO-SCL-250303-09,test
C8022,ISRO-SCL-250310-10,train
C8023,ISRO-SCL-250113-02,train
C8024,ISRO-SCL-250414-15,val
C8025,ISRO-SCL-250217-07,test
C8026,ISRO-SCL-250407-14,train
C8027,ISRO-SCL-250310-10,train
C8028,ISRO-SCL-250127-04,test
C8029,ISRO-SCL-250324-12,train
C8030,ISRO-SCL-250310-10,train
C8031,ISRO-SCL-250203-05,test
C8032,ISRO-SCL-250113-02,train
C8033,ISRO-SCL-250428-17,train
C8034,ISRO-SCL-250113-02,train
C8035,ISRO-SCL-250310-10,train
C8036,ISRO-SCL-250505-18,train
C8037,ISRO-SCL-250512-19,train
C8038,ISRO-SCL-250324-12,train
C8039,ISRO-SCL-250217-07,test
C8040,ISRO-SCL-250310-10,train
C8041,ISRO-SCL-250512-19,train
C8042,ISRO-SCL-250512-19,train
C8043,ISRO-SCL-250428-17,train
C8044,ISRO-SCL-250217-07,test
C8045,ISRO-SCL-250519-20,val
C8046,ISRO-SCL-250106-01,train
C8047,ISRO-SCL-250428-17,train
C8048,ISRO-SCL-250421-16,val
C8049,ISRO-SCL-250127-04,test
C8050,ISRO-SCL-250113-02,train
C8051,ISRO-SCL-250331-13,train
C8052,ISRO-SCL-250414-15,val
C8053,ISRO-SCL-250331-13,train
C8054,ISRO-SCL-250512-19,train
C8055,ISRO-SCL-250414-15,val
C8056,ISRO-SCL-250217-07,test
C8057,ISRO-SCL-250127-04,test
C8058,ISRO-SCL-250203-05,test
C8059,ISRO-SCL-250310-10,train
C8060,ISRO-SCL-250331-13,train
C8061,ISRO-SCL-250310-10,train
C8062,ISRO-SCL-250407-14,train
C8063,ISRO-SCL-250303-09,test
C8064,ISRO-SCL-250324-12,train
C8065,ISRO-SCL-250421-16,val
C8066,ISRO-SCL-250203-05,test
C8067,ISRO-SCL-250127-04,test
C8068,ISRO-SCL-250310-10,train
C8069,ISRO-SCL-250407-14,train
C8070,ISRO-SCL-250310-10,train
C8071,ISRO-SCL-250310-10,train
C8072,ISRO-SCL-250324-12,train
C8073,ISRO-SCL-250217-07,test
C8074,ISRO-SCL-250519-20,val
C8075,ISRO-SCL-250331-13,train
C8076,ISRO-SCL-250113-02,train
C8077,ISRO-SCL-250203-05,test
C8078,ISRO-SCL-250421-16,val
C8079,ISRO-SCL-250512-19,train
C8080,ISRO-SCL-250203-05,test
C8081,ISRO-SCL-250224-08,train
C8082,ISRO-SCL-250505-18,train
C8083,ISRO-SCL-250310-10,train
C8084,ISRO-SCL-250310-10,train
C8085,ISRO-SCL-250113-02,train
C8086,ISRO-SCL-250512-19,train
C8087,ISRO-SCL-250106-01,train
C8088,ISRO-SCL-250210-06,train
C8089,ISRO-SCL-250310-10,train
C8090,ISRO-SCL-250414-15,val
C8091,ISRO-SCL-250113-02,train
C8092,ISRO-SCL-250224-08,train
C8093,ISRO-SCL-250414-15,val
C8094,ISRO-SCL-250224-08,train
C8095,ISRO-SCL-250519-20,val
C8096,ISRO-SCL-250505-18,train
C8097,ISRO-SCL-250331-13,train
C8098,ISRO-SCL-250120-03,val
C8099,ISRO-SCL-250224-08,train
C8100,ISRO-SCL-250224-08,train
C8101,ISRO-SCL-250310-10,train
C8102,ISRO-SCL-250120-03,val
C8103,ISRO-SCL-250210-06,train
C8104,ISRO-SCL-250407-14,train
C8105,ISRO-SCL-250224-08,train
C8106,ISRO-SCL-250217-07,test
C8107,ISRO-SCL-250414-15,val
C8108,ISRO-SCL-250120-03,val
C8109,ISRO-SCL-250407-14,train
C8110,ISRO-SCL-250331-13,train
C8111,ISRO-SCL-250113-02,train
C8112,ISRO-SCL-250127-04,test
C8113,ISRO-SCL-250106-01,train
C8114,ISRO-SCL-250113-02,train
C8115,ISRO-SCL-250224-08,train
C8116,ISRO-SCL-250303-09,test
C8117,ISRO-SCL-250203-05,test
C8118,ISRO-SCL-250519-20,val
C8119,ISRO-SCL-250505-18,train
C8120,ISRO-SCL-250414-15,val
C8121,ISRO-SCL-250428-17,train
C8122,ISRO-SCL-250407-14,train
C8123,ISRO-SCL-250127-04,test
C8124,ISRO-SCL-250428-17,train
C8125,ISRO-SCL-250217-07,test
C8126,ISRO-SCL-250217-07,test
C8127,ISRO-SCL-250310-10,train
C8128,ISRO-SCL-250428-17,train
C8129,ISRO-SCL-250421-16,val
C8130,ISRO-SCL-250217-07,test
C8131,ISRO-SCL-250407-14,train
C8132,ISRO-SCL-250310-10,train
C8133,ISRO-SCL-250512-19,train
C8134,ISRO-SCL-250414-15,val
C8135,ISRO-SCL-250407-14,train
C8136,ISRO-SCL-250407-14,train
C8137,ISRO-SCL-250113-02,train
C8138,ISRO-SCL-250421-16,val
C8139,ISRO-SCL-250217-07,test
C8140,ISRO-SCL-250113-02,train
C8141,ISRO-SCL-250407-14,train
C8142,ISRO-SCL-250217-07,test
C8143,ISRO-SCL-250217-07,test
C8144,ISRO-SCL-250324-12,train
C8145,ISRO-SCL-250421-16,val
C8146,ISRO-SCL-250407-14,train
C8147,ISRO-SCL-250310-10,train
C8148,ISRO-SCL-250113-02,train
C8149,ISRO-SCL-250331-13,train
C8150,ISRO-SCL-250414-15,val
C8151,ISRO-SCL-250203-05,test
C8152,ISRO-SCL-250113-02,train
C8153,ISRO-SCL-250331-13,train
C8154,ISRO-SCL-250414-15,val
C8155,ISRO-SCL-250407-14,train
C8156,ISRO-SCL-250421-16,val
C8157,ISRO-SCL-250303-09,test
C8158,ISRO-SCL-250407-14,train
C8159,ISRO-SCL-250106-01,train
C8160,ISRO-SCL-250407-14,train
C8161,ISRO-SCL-250310-10,train
C8162,ISRO-SCL-250217-07,test
C8163,ISRO-SCL-250210-06,train
C8164,ISRO-SCL-250414-15,val
C8165,ISRO-SCL-250421-16,val
C8166,ISRO-SCL-250203-05,test
C8167,ISRO-SCL-250428-17,train
C8168,ISRO-SCL-250421-16,val
C8169,ISRO-SCL-250310-10,train
C8170,ISRO-SCL-250203-05,test
C8171,ISRO-SCL-250414-15,val
C8172,ISRO-SCL-250217-07,test
C8173,ISRO-SCL-250310-10,train
C8174,ISRO-SCL-250113-02,train
C8175,ISRO-SCL-250407-14,train
C8176,ISRO-SCL-250407-14,train
C8177,ISRO-SCL-250414-15,val
C8178,ISRO-SCL-250505-18,train
C8179,ISRO-SCL-250414-15,val
C8180,ISRO-SCL-250421-16,val
C8181,ISRO-SCL-250414-15,val
C8182,ISRO-SCL-250331-13,train
C8183,ISRO-SCL-250303-09,test
C8184,ISRO-SCL-250421-16,val
C8185,ISRO-SCL-250414-15,val
C8186,ISRO-SCL-250113-02,train
C8187,ISRO-SCL-250310-10,train
C8188,ISRO-SCL-250519-20,val
C8189,ISRO-SCL-250310-10,train
C8190,ISRO-SCL-250224-08,train
C8191,ISRO-SCL-250303-09,test
C8192,ISRO-SCL-250331-13,train
C8193,ISRO-SCL-250203-05,test
C8194,ISRO-SCL-250210-06,train
C8195,ISRO-SCL-250127-04,test
C8196,ISRO-SCL-250224-08,train
C8197,ISRO-SCL-250224-08,train
C8198,ISRO-SCL-250120-03,val
C8199,ISRO-SCL-250428-17,train
C8200,ISRO-SCL-250106-01,train
C8201,ISRO-SCL-250210-06,train
C8202,ISRO-SCL-250120-03,val
C8203,ISRO-SCL-250414-15,val
C8204,ISRO-SCL-250127-04,test
C8205,ISRO-SCL-250224-08,train
C8206,ISRO-SCL-250127-04,test
C8207,ISRO-SCL-250421-16,val
C8208,ISRO-SCL-250512-19,train
C8209,ISRO-SCL-250414-15,val
C8210,ISRO-SCL-250127-04,test
C8211,ISRO-SCL-250224-08,train
C8212,ISRO-SCL-250127-04,test
C8213,ISRO-SCL-250407-14,train
C8214,ISRO-SCL-250210-06,train
C8215,ISRO-SCL-250106-01,train
C8216,ISRO-SCL-250414-15,val
C8217,ISRO-SCL-250127-04,test
C8218,ISRO-SCL-250505-18,train
C8219,ISRO-SCL-250512-19,train
C8220,ISRO-SCL-250414-15,val
C8221,ISRO-SCL-250106-01,train
C8222,ISRO-SCL-250224-08,train
C8223,ISRO-SCL-250407-14,train
C8224,ISRO-SCL-250303-09,test
C8225,ISRO-SCL-250512-19,train
C8226,ISRO-SCL-250217-07,test
C8227,ISRO-SCL-250120-03,val
C8228,ISRO-SCL-250414-15,val
C8229,ISRO-SCL-250120-03,val
C8230,ISRO-SCL-250303-09,test
C8231,ISRO-SCL-250331-13,train
C8232,ISRO-SCL-250407-14,train
C8233,ISRO-SCL-250519-20,val
C8234,ISRO-SCL-250210-06,train
C8235,ISRO-SCL-250414-15,val
C8236,ISRO-SCL-250505-18,train
C8237,ISRO-SCL-250414-15,val
C8238,ISRO-SCL-250203-05,test
C8239,ISRO-SCL-250310-10,train
C8240,ISRO-SCL-250113-02,train
C8241,ISRO-SCL-250127-04,test
C8242,ISRO-SCL-250519-20,val
C8243,ISRO-SCL-250113-02,train
C8244,ISRO-SCL-250203-05,test
C8245,ISRO-SCL-250421-16,val
C8246,ISRO-SCL-250203-05,test
C8247,ISRO-SCL-250505-18,train
C8248,ISRO-SCL-250310-10,train
C8249,ISRO-SCL-250210-06,train
C8250,ISRO-SCL-250407-14,train
C8251,ISRO-SCL-250217-07,test
C8252,ISRO-SCL-250113-02,train
C8253,ISRO-SCL-250519-20,val
C8254,ISRO-SCL-250331-13,train
C8255,ISRO-SCL-250317-11,train
C8256,ISRO-SCL-250310-10,train
C8257,ISRO-SCL-250113-02,train
C8258,ISRO-SCL-250512-19,train
C8259,ISRO-SCL-250407-14,train
C8260,ISRO-SCL-250210-06,train
C8261,ISRO-SCL-250519-20,val
C8262,ISRO-SCL-250407-14,train
C8263,ISRO-SCL-250505-18,train
C8264,ISRO-SCL-250120-03,val
C8265,ISRO-SCL-250421-16,val
C8266,ISRO-SCL-250519-20,val
C8267,ISRO-SCL-250505-18,train
C8268,ISRO-SCL-250106-01,train
C8269,ISRO-SCL-250421-16,val
C8270,ISRO-SCL-250414-15,val
C8271,ISRO-SCL-250127-04,test
C8272,ISRO-SCL-250120-03,val
C8273,ISRO-SCL-250217-07,test
C8274,ISRO-SCL-250113-02,train
C8275,ISRO-SCL-250217-07,test
C8276,ISRO-SCL-250310-10,train
C8277,ISRO-SCL-250414-15,val
C8278,ISRO-SCL-250310-10,train
C8279,ISRO-SCL-250113-02,train
C8280,ISRO-SCL-250224-08,train
C8281,ISRO-SCL-250127-04,test
C8282,ISRO-SCL-250407-14,train
C8283,ISRO-SCL-250519-20,val
C8284,ISRO-SCL-250210-06,train
C8285,ISRO-SCL-250127-04,test
C8286,ISRO-SCL-250217-07,test
C8287,ISRO-SCL-250120-03,val
C8288,ISRO-SCL-250512-19,train
C8289,ISRO-SCL-250310-10,train
C8290,ISRO-SCL-250113-02,train
C8291,ISRO-SCL-250127-04,test
C8292,ISRO-SCL-250210-06,train
C8293,ISRO-SCL-250106-01,train
C8294,ISRO-SCL-250120-03,val
C8295,ISRO-SCL-250407-14,train
C8296,ISRO-SCL-250407-14,train
C8297,ISRO-SCL-250127-04,test
C8298,ISRO-SCL-250224-08,train
C8299,ISRO-SCL-250203-05,test
C8300,ISRO-SCL-250210-06,train
C8301,ISRO-SCL-250331-13,train
C8302,ISRO-SCL-250127-04,test
C8303,ISRO-SCL-250106-01,train
C8304,ISRO-SCL-250217-07,test
C8305,ISRO-SCL-250203-05,test
C8306,ISRO-SCL-250310-10,train
C8307,ISRO-SCL-250120-03,val
C8308,ISRO-SCL-250519-20,val
C8309,ISRO-SCL-250428-17,train
C8310,ISRO-SCL-250106-01,train
C8311,ISRO-SCL-250127-04,test
C8312,ISRO-SCL-250113-02,train
C8313,ISRO-SCL-250127-04,test
C8314,ISRO-SCL-250203-05,test
C8315,ISRO-SCL-250519-20,val
C8316,ISRO-SCL-250203-05,test
C8317,ISRO-SCL-250127-04,test
C8318,ISRO-SCL-250310-10,train
C8319,ISRO-SCL-250407-14,train
C8320,ISRO-SCL-250310-10,train
C8321,ISRO-SCL-250120-03,val
C8322,ISRO-SCL-250127-04,test
C8323,ISRO-SCL-250519-20,val
C8324,ISRO-SCL-250421-16,val
C8325,ISRO-SCL-250303-09,test
C8326,ISRO-SCL-250519-20,val
C8327,ISRO-SCL-250512-19,train
C8328,ISRO-SCL-250428-17,train
C8329,ISRO-SCL-250113-02,train
C8330,ISRO-SCL-250203-05,test
C8331,ISRO-SCL-250407-14,train
C8332,ISRO-SCL-250127-04,test
C8333,ISRO-SCL-250224-08,train
C8334,ISRO-SCL-250120-03,val
C8335,ISRO-SCL-250310-10,train
C8336,ISRO-SCL-250421-16,val
C8337,ISRO-SCL-250407-14,train
C8338,ISRO-SCL-250203-05,test
C8339,ISRO-SCL-250324-12,train
C8340,ISRO-SCL-250324-12,train
C8341,ISRO-SCL-250106-01,train
C8342,ISRO-SCL-250428-17,train
C8343,ISRO-SCL-250505-18,train
C8344,ISRO-SCL-250512-19,train
C8345,ISRO-SCL-250519-20,val
C8346,ISRO-SCL-250317-11,train
C8347,ISRO-SCL-250217-07,test
C8348,ISRO-SCL-250113-02,train
C8349,ISRO-SCL-250203-05,test
C8350,ISRO-SCL-250224-08,train
C8351,ISRO-SCL-250421-16,val
C8352,ISRO-SCL-250421-16,val
C8353,ISRO-SCL-250519-20,val
C8354,ISRO-SCL-250113-02,train
C8355,ISRO-SCL-250317-11,train
C8356,ISRO-SCL-250414-15,val
C8357,ISRO-SCL-250421-16,val
C8358,ISRO-SCL-250106-01,train
C8359,ISRO-SCL-250224-08,train
C8360,ISRO-SCL-250331-13,train
C8361,ISRO-SCL-250324-12,train
C8362,ISRO-SCL-250113-02,train
C8363,ISRO-SCL-250210-06,train
C8364,ISRO-SCL-250127-04,test
C8365,ISRO-SCL-250113-02,train
C8366,ISRO-SCL-250127-04,test
C8367,ISRO-SCL-250310-10,train
C8368,ISRO-SCL-250414-15,val
C8369,ISRO-SCL-250217-07,test
C8370,ISRO-SCL-250120-03,val
C8371,ISRO-SCL-250407-14,train
C8372,ISRO-SCL-250324-12,train
C8373,ISRO-SCL-250303-09,test
C8374,ISRO-SCL-250203-05,test
C8375,ISRO-SCL-250421-16,val
C8376,ISRO-SCL-250303-09,test
C8377,ISRO-SCL-250505-18,train
C8378,ISRO-SCL-250512-19,train
C8379,ISRO-SCL-250106-01,train
C8380,ISRO-SCL-250407-14,train
C8381,ISRO-SCL-250505-18,train
C8382,ISRO-SCL-250106-01,train
C8383,ISRO-SCL-250217-07,test
C8384,ISRO-SCL-250127-04,test
C8385,ISRO-SCL-250512-19,train
C8386,ISRO-SCL-250407-14,train
C8387,ISRO-SCL-250217-07,test
C8388,ISRO-SCL-250505-18,train
C8389,ISRO-SCL-250414-15,val
C8390,ISRO-SCL-250407-14,train
C8391,ISRO-SCL-250224-08,train
C8392,ISRO-SCL-250217-07,test
C8393,ISRO-SCL-250512-19,train
C8394,ISRO-SCL-250324-12,train
C8395,ISRO-SCL-250217-07,test
C8396,ISRO-SCL-250428-17,train
C8397,ISRO-SCL-250331-13,train
C8398,ISRO-SCL-250310-10,train
C8399,ISRO-SCL-250210-06,train
C8400,ISRO-SCL-250414-15,val
C8401,ISRO-SCL-250414-15,val
C8402,ISRO-SCL-250106-01,train
C8403,ISRO-SCL-250127-04,test
C8404,ISRO-SCL-250217-07,test
C8405,ISRO-SCL-250428-17,train
C8406,ISRO-SCL-250203-05,test
C8407,ISRO-SCL-250324-12,train
C8408,ISRO-SCL-250505-18,train
C8409,ISRO-SCL-250407-14,train
C8410,ISRO-SCL-250113-02,train
C8411,ISRO-SCL-250217-07,test
C8412,ISRO-SCL-250512-19,train
C8413,ISRO-SCL-250106-01,train
C8414,ISRO-SCL-250519-20,val
C8415,ISRO-SCL-250324-12,train
C8416,ISRO-SCL-250421-16,val
C8417,ISRO-SCL-250203-05,test
C8418,ISRO-SCL-250203-05,test
C8419,ISRO-SCL-250331-13,train
C8420,ISRO-SCL-250106-01,train
C8421,ISRO-SCL-250210-06,train
C8422,ISRO-SCL-250120-03,val
C8423,ISRO-SCL-250113-02,train
C8424,ISRO-SCL-250512-19,train
C8425,ISRO-SCL-250310-10,train
C8426,ISRO-SCL-250414-15,val
C8427,ISRO-SCL-250217-07,test
C8428,ISRO-SCL-250106-01,train
C8429,ISRO-SCL-250127-04,test
C8430,ISRO-SCL-250106-01,train
C8431,ISRO-SCL-250113-02,train
C8432,ISRO-SCL-250120-03,val
C8433,ISRO-SCL-250421-16,val
C8434,ISRO-SCL-250428-17,train
C8435,ISRO-SCL-250512-19,train
C8436,ISRO-SCL-250210-06,train
C8437,ISRO-SCL-250210-06,train
C8438,ISRO-SCL-250505-18,train
C8439,ISRO-SCL-250224-08,train
C8440,ISRO-SCL-250505-18,train
C8441,ISRO-SCL-250414-15,val
C8442,ISRO-SCL-250203-05,test
C8443,ISRO-SCL-250512-19,train
C8444,ISRO-SCL-250519-20,val
C8445,ISRO-SCL-250210-06,train
C8446,ISRO-SCL-250421-16,val
C8447,ISRO-SCL-250428-17,train
C8448,ISRO-SCL-250505-18,train
C8449,ISRO-SCL-250127-04,test
C8450,ISRO-SCL-250106-01,train
C8451,ISRO-SCL-250414-15,val
C8452,ISRO-SCL-250113-02,train
C8453,ISRO-SCL-250310-10,train
C8454,ISRO-SCL-250519-20,val
C8455,ISRO-SCL-250310-10,train
C8456,ISRO-SCL-250217-07,test
C8457,ISRO-SCL-250127-04,test
C8458,ISRO-SCL-250310-10,train
C8459,ISRO-SCL-250310-10,train
C8460,ISRO-SCL-250324-12,train
C8461,ISRO-SCL-250217-07,test
C8462,ISRO-SCL-250310-10,train
C8463,ISRO-SCL-250414-15,val
C8464,ISRO-SCL-250324-12,train
C8465,ISRO-SCL-250120-03,val
C8466,ISRO-SCL-250106-01,train
C8467,ISRO-SCL-250421-16,val
C8468,ISRO-SCL-250224-08,train
C8469,ISRO-SCL-250203-05,test
C8470,ISRO-SCL-250407-14,train
C8471,ISRO-SCL-250407-14,train
C8472,ISRO-SCL-250414-15,val
C8473,ISRO-SCL-250106-01,train
C8474,ISRO-SCL-250428-17,train
C8475,ISRO-SCL-250331-13,train
C8476,ISRO-SCL-250310-10,train
C8477,ISRO-SCL-250127-04,test
C8478,ISRO-SCL-250113-02,train
C8479,ISRO-SCL-250303-09,test
C8480,ISRO-SCL-250310-10,train
C8481,ISRO-SCL-250203-05,test
C8482,ISRO-SCL-250324-12,train
C8483,ISRO-SCL-250512-19,train
C8484,ISRO-SCL-250414-15,val
C8485,ISRO-SCL-250505-18,train
C8486,ISRO-SCL-250512-19,train
C8487,ISRO-SCL-250505-18,train
C8488,ISRO-SCL-250203-05,test
C8489,ISRO-SCL-250303-09,test
C8490,ISRO-SCL-250421-16,val
C8491,ISRO-SCL-250421-16,val
C8492,ISRO-SCL-250407-14,train
C8493,ISRO-SCL-250203-05,test
C8494,ISRO-SCL-250331-13,train
C8495,ISRO-SCL-250324-12,train
C8496,ISRO-SCL-250224-08,train
C8497,ISRO-SCL-250324-12,train
C8498,ISRO-SCL-250113-02,train
C8499,ISRO-SCL-250310-10,train
C8500,ISRO-SCL-250421-16,val
C8501,ISRO-SCL-250428-17,train
C8502,ISRO-SCL-250421-16,val
C8503,ISRO-SCL-250113-02,train
C8504,ISRO-SCL-250414-15,val
C8505,ISRO-SCL-250113-02,train
C8506,ISRO-SCL-250217-07,test
C8507,ISRO-SCL-250505-18,train
C8508,ISRO-SCL-250127-04,test
C8509,ISRO-SCL-250113-02,train
C8510,ISRO-SCL-250512-19,train
C8511,ISRO-SCL-250203-05,test
C8512,ISRO-SCL-250224-08,train
C8513,ISRO-SCL-250113-02,train
C8514,ISRO-SCL-250421-16,val
C8515,ISRO-SCL-250505-18,train
C8516,ISRO-SCL-250421-16,val
C8517,ISRO-SCL-250317-11,train
C8518,ISRO-SCL-250421-16,val
C8519,ISRO-SCL-250414-15,val
C8520,ISRO-SCL-250120-03,val
C8521,ISRO-SCL-250519-20,val
C8522,ISRO-SCL-250113-02,train
C8523,ISRO-SCL-250106-01,train
C8524,ISRO-SCL-250120-03,val
C8525,ISRO-SCL-250310-10,train
C8526,ISRO-SCL-250210-06,train
C8527,ISRO-SCL-250317-11,train
C8528,ISRO-SCL-250120-03,val
C8529,ISRO-SCL-250113-02,train
C8530,ISRO-SCL-250519-20,val
C8531,ISRO-SCL-250331-13,train
C8532,ISRO-SCL-250120-03,val
C8533,ISRO-SCL-250106-01,train
C8534,ISRO-SCL-250303-09,test
C8535,ISRO-SCL-250407-14,train
C8536,ISRO-SCL-250505-18,train
C8537,ISRO-SCL-250127-04,test
C8538,ISRO-SCL-250303-09,test
C8539,ISRO-SCL-250505-18,train
C8540,ISRO-SCL-250407-14,train
C8541,ISRO-SCL-250407-14,train
C8542,ISRO-SCL-250407-14,train
C8543,ISRO-SCL-250324-12,train
C8544,ISRO-SCL-250512-19,train
C8545,ISRO-SCL-250203-05,test
C8546,ISRO-SCL-250512-19,train
C8547,ISRO-SCL-250203-05,test
C8548,ISRO-SCL-250414-15,val
C8549,ISRO-SCL-250414-15,val
C8550,ISRO-SCL-250317-11,train
C8551,ISRO-SCL-250217-07,test
C8552,ISRO-SCL-250203-05,test
C8553,ISRO-SCL-250113-02,train
C8554,ISRO-SCL-250113-02,train
C8555,ISRO-SCL-250317-11,train
C8556,ISRO-SCL-250217-07,test
C8557,ISRO-SCL-250127-04,test
C8558,ISRO-SCL-250113-02,train
C8559,ISRO-SCL-250120-03,val
C8560,ISRO-SCL-250127-04,test
C8561,ISRO-SCL-250331-13,train
C8562,ISRO-SCL-250331-13,train
C8563,ISRO-SCL-250113-02,train
C8564,ISRO-SCL-250512-19,train
C8565,ISRO-SCL-250217-07,test
C8566,ISRO-SCL-250512-19,train
C8567,ISRO-SCL-250120-03,val
C8568,ISRO-SCL-250203-05,test
C8569,ISRO-SCL-250317-11,train
C8570,ISRO-SCL-250106-01,train
C8571,ISRO-SCL-250310-10,train
C8572,ISRO-SCL-250324-12,train
C8573,ISRO-SCL-250421-16,val
C8574,ISRO-SCL-250113-02,train
C8575,ISRO-SCL-250505-18,train
C8576,ISRO-SCL-250113-02,train
C8577,ISRO-SCL-250113-02,train
C8578,ISRO-SCL-250331-13,train
C8579,ISRO-SCL-250421-16,val
C8580,ISRO-SCL-250106-01,train
C8581,ISRO-SCL-250303-09,test
C8582,ISRO-SCL-250113-02,train
C8583,ISRO-SCL-250519-20,val
C8584,ISRO-SCL-250317-11,train
C8585,ISRO-SCL-250224-08,train
C8586,ISRO-SCL-250113-02,train
C8587,ISRO-SCL-250512-19,train
C8588,ISRO-SCL-250106-01,train
C8589,ISRO-SCL-250203-05,test
C8590,ISRO-SCL-250113-02,train
C8591,ISRO-SCL-250113-02,train
C8592,ISRO-SCL-250113-02,train
C8593,ISRO-SCL-250331-13,train
C8594,ISRO-SCL-250127-04,test
C8595,ISRO-SCL-250421-16,val
C8596,ISRO-SCL-250217-07,test
C8597,ISRO-SCL-250224-08,train
C8598,ISRO-SCL-250519-20,val
C8599,ISRO-SCL-250512-19,train
C8600,ISRO-SCL-250324-12,train
C8601,ISRO-SCL-250217-07,test
C8602,ISRO-SCL-250127-04,test
C8603,ISRO-SCL-250217-07,test
C8604,ISRO-SCL-250310-10,train
C8605,ISRO-SCL-250303-09,test
C8606,ISRO-SCL-250113-02,train
C8607,ISRO-SCL-250331-13,train
C8608,ISRO-SCL-250407-14,train
C8609,ISRO-SCL-250310-10,train
C8610,ISRO-SCL-250113-02,train
C8611,ISRO-SCL-250519-20,val
C8612,ISRO-SCL-250310-10,train
C8613,ISRO-SCL-250414-15,val
C8614,ISRO-SCL-250120-03,val
C8615,ISRO-SCL-250203-05,test
C8616,ISRO-SCL-250421-16,val
C8617,ISRO-SCL-250407-14,train
C8618,ISRO-SCL-250331-13,train
C8619,ISRO-SCL-250106-01,train
C8620,ISRO-SCL-250217-07,test
C8621,ISRO-SCL-250324-12,train
C8622,ISRO-SCL-250224-08,train
C8623,ISRO-SCL-250407-14,train
C8624,ISRO-SCL-250106-01,train
C8625,ISRO-SCL-250210-06,train
C8626,ISRO-SCL-250331-13,train
C8627,ISRO-SCL-250310-10,train
C8628,ISRO-SCL-250310-10,train
C8629,ISRO-SCL-250421-16,val
C8630,ISRO-SCL-250224-08,train
C8631,ISRO-SCL-250224-08,train
C8632,ISRO-SCL-250113-02,train
C8633,ISRO-SCL-250217-07,test
C8634,ISRO-SCL-250120-03,val
C8635,ISRO-SCL-250414-15,val
C8636,ISRO-SCL-250113-02,train
C8637,ISRO-SCL-250106-01,train
C8638,ISRO-SCL-250210-06,train
C8639,ISRO-SCL-250407-14,train
C8640,ISRO-SCL-250428-17,train
C8641,ISRO-SCL-250407-14,train
C8642,ISRO-SCL-250331-13,train
C8643,ISRO-SCL-250113-02,train
C8644,ISRO-SCL-250512-19,train
C8645,ISRO-SCL-250310-10,train
C8646,ISRO-SCL-250203-05,test
C8647,ISRO-SCL-250210-06,train
C8648,ISRO-SCL-250217-07,test
C8649,ISRO-SCL-250414-15,val
C8650,ISRO-SCL-250113-02,train
C8651,ISRO-SCL-250203-05,test
C8652,ISRO-SCL-250505-18,train
C8653,ISRO-SCL-250407-14,train
C8654,ISRO-SCL-250310-10,train
C8655,ISRO-SCL-250407-14,train
C8656,ISRO-SCL-250210-06,train
C8657,ISRO-SCL-250310-10,train
C8658,ISRO-SCL-250324-12,train
C8659,ISRO-SCL-250217-07,test
C8660,ISRO-SCL-250324-12,train
C8661,ISRO-SCL-250120-03,val
C8662,ISRO-SCL-250317-11,train
C8663,ISRO-SCL-250519-20,val
C8664,ISRO-SCL-250407-14,train
C8665,ISRO-SCL-250407-14,train
C8666,ISRO-SCL-250324-12,train
C8667,ISRO-SCL-250505-18,train
C8668,ISRO-SCL-250203-05,test
C8669,ISRO-SCL-250217-07,test
C8670,ISRO-SCL-250414-15,val
C8671,ISRO-SCL-250210-06,train
C8672,ISRO-SCL-250217-07,test
C8673,ISRO-SCL-250505-18,train
C8674,ISRO-SCL-250120-03,val
C8675,ISRO-SCL-250217-07,test
C8676,ISRO-SCL-250407-14,train
C8677,ISRO-SCL-250324-12,train
C8678,ISRO-SCL-250217-07,test
C8679,ISRO-SCL-250217-07,test
C8680,ISRO-SCL-250210-06,train
C8681,ISRO-SCL-250224-08,train
C8682,ISRO-SCL-250127-04,test
C8683,ISRO-SCL-250407-14,train
C8684,ISRO-SCL-250120-03,val
C8685,ISRO-SCL-250303-09,test
C8686,ISRO-SCL-250324-12,train
C8687,ISRO-SCL-250224-08,train
C8688,ISRO-SCL-250217-07,test
C8689,ISRO-SCL-250331-13,train
C8690,ISRO-SCL-250210-06,train
C8691,ISRO-SCL-250113-02,train
C8692,ISRO-SCL-250317-11,train
C8693,ISRO-SCL-250407-14,train
C8694,ISRO-SCL-250407-14,train
C8695,ISRO-SCL-250414-15,val
C8696,ISRO-SCL-250120-03,val
C8697,ISRO-SCL-250127-04,test
C8698,ISRO-SCL-250203-05,test
C8699,ISRO-SCL-250428-17,train
C8700,ISRO-SCL-250217-07,test
C8701,ISRO-SCL-250407-14,train
C8702,ISRO-SCL-250407-14,train
C8703,ISRO-SCL-250310-10,train
C8704,ISRO-SCL-250407-14,train
C8705,ISRO-SCL-250421-16,val
C8706,ISRO-SCL-250512-19,train
C8707,ISRO-SCL-250203-05,test
C8708,ISRO-SCL-250331-13,train
C8709,ISRO-SCL-250331-13,train
C8710,ISRO-SCL-250414-15,val
C8711,ISRO-SCL-250331-13,train
C8712,ISRO-SCL-250106-01,train
C8713,ISRO-SCL-250120-03,val
C8714,ISRO-SCL-250310-10,train
C8715,ISRO-SCL-250310-10,train
C8716,ISRO-SCL-250512-19,train
C8717,ISRO-SCL-250505-18,train
C8718,ISRO-SCL-250217-07,test
C8719,ISRO-SCL-250331-13,train
C8720,ISRO-SCL-250331-13,train
C8721,ISRO-SCL-250421-16,val
C8722,ISRO-SCL-250210-06,train
C8723,ISRO-SCL-250428-17,train
C8724,ISRO-SCL-250331-13,train
C8725,ISRO-SCL-250217-07,test
C8726,ISRO-SCL-250505-18,train
C8727,ISRO-SCL-250217-07,test
C8728,ISRO-SCL-250127-04,test
C8729,ISRO-SCL-250203-05,test
C8730,ISRO-SCL-250310-10,train
C8731,ISRO-SCL-250512-19,train
C8732,ISRO-SCL-250324-12,train
C8733,ISRO-SCL-250414-15,val
C8734,ISRO-SCL-250210-06,train
C8735,ISRO-SCL-250217-07,test
C8736,ISRO-SCL-250421-16,val
C8737,ISRO-SCL-250407-14,train
C8738,ISRO-SCL-250203-05,test
C8739,ISRO-SCL-250120-03,val
C8740,ISRO-SCL-250113-02,train
C8741,ISRO-SCL-250310-10,train
C8742,ISRO-SCL-250113-02,train
C8743,ISRO-SCL-250421-16,val
C8744,ISRO-SCL-250324-12,train
C8745,ISRO-SCL-250407-14,train
C8746,ISRO-SCL-250421-16,val
C8747,ISRO-SCL-250505-18,train
C8748,ISRO-SCL-250421-16,val
C8749,ISRO-SCL-250519-20,val
C8750,ISRO-SCL-250519-20,val
C8751,ISRO-SCL-250224-08,train
C8752,ISRO-SCL-250519-20,val
C8753,ISRO-SCL-250421-16,val
C8754,ISRO-SCL-250324-12,train
C8755,ISRO-SCL-250331-13,train
C8756,ISRO-SCL-250217-07,test
C8757,ISRO-SCL-250127-04,test
C8758,ISRO-SCL-250414-15,val
C8759,ISRO-SCL-250324-12,train
C8760,ISRO-SCL-250414-15,val
C8761,ISRO-SCL-250407-14,train
C8762,ISRO-SCL-250505-18,train
C8763,ISRO-SCL-250310-10,train
C8764,ISRO-SCL-250414-15,val
C8765,ISRO-SCL-250113-02,train
C8766,ISRO-SCL-250421-16,val
C8767,ISRO-SCL-250407-14,train
C8768,ISRO-SCL-250224-08,train
C8769,ISRO-SCL-250421-16,val
C8770,ISRO-SCL-250407-14,train
C8771,ISRO-SCL-250331-13,train
C8772,ISRO-SCL-250407-14,train
C8773,ISRO-SCL-250428-17,train
C8774,ISRO-SCL-250414-15,val
C8775,ISRO-SCL-250505-18,train
C8776,ISRO-SCL-250421-16,val
C8777,ISRO-SCL-250113-02,train
C8778,ISRO-SCL-250421-16,val
C8779,ISRO-SCL-250224-08,train
C8780,ISRO-SCL-250224-08,train
C8781,ISRO-SCL-250106-01,train
C8782,ISRO-SCL-250303-09,test
C8783,ISRO-SCL-250317-11,train
C8784,ISRO-SCL-250519-20,val
C8785,ISRO-SCL-250324-12,train
C8786,ISRO-SCL-250414-15,val
C8787,ISRO-SCL-250224-08,train
C8788,ISRO-SCL-250113-02,train
C8789,ISRO-SCL-250512-19,train
C8790,ISRO-SCL-250324-12,train
C8791,ISRO-SCL-250414-15,val
C8792,ISRO-SCL-250505-18,train
C8793,ISRO-SCL-250106-01,train
C8794,ISRO-SCL-250324-12,train
C8795,ISRO-SCL-250512-19,train
C8796,ISRO-SCL-250407-14,train
C8797,ISRO-SCL-250310-10,train
C8798,ISRO-SCL-250113-02,train
C8799,ISRO-SCL-250414-15,val
C8800,ISRO-SCL-250512-19,train
C8801,ISRO-SCL-250331-13,train
C8802,ISRO-SCL-250127-04,test
C8803,ISRO-SCL-250217-07,test
C8804,ISRO-SCL-250127-04,test
C8805,ISRO-SCL-250310-10,train
C8806,ISRO-SCL-250512-19,train
C8807,ISRO-SCL-250324-12,train
C8808,ISRO-SCL-250303-09,test
C8809,ISRO-SCL-250203-05,test
C8810,ISRO-SCL-250203-05,test
C8811,ISRO-SCL-250407-14,train
C8812,ISRO-SCL-250210-06,train
C8813,ISRO-SCL-250203-05,test
C8814,ISRO-SCL-250310-10,train
C8815,ISRO-SCL-250428-17,train
C8816,ISRO-SCL-250421-16,val
C8817,ISRO-SCL-250407-14,train
C8818,ISRO-SCL-250428-17,train
C8819,ISRO-SCL-250203-05,test
C8820,ISRO-SCL-250414-15,val
C8821,ISRO-SCL-250414-15,val
C8822,ISRO-SCL-250310-10,train
C8823,ISRO-SCL-250428-17,train
C8824,ISRO-SCL-250106-01,train
C8825,ISRO-SCL-250317-11,train
C8826,ISRO-SCL-250505-18,train
C8827,ISRO-SCL-250127-04,test
C8828,ISRO-SCL-250113-02,train
C8829,ISRO-SCL-250428-17,train
C8830,ISRO-SCL-250407-14,train
C8831,ISRO-SCL-250324-12,train
C8832,ISRO-SCL-250310-10,train
C8833,ISRO-SCL-250203-05,test
C8834,ISRO-SCL-250317-11,train
C8835,ISRO-SCL-250217-07,test
C8836,ISRO-SCL-250414-15,val
C8837,ISRO-SCL-250113-02,train
C8838,ISRO-SCL-250224-08,train
C8839,ISRO-SCL-250127-04,test
C8840,ISRO-SCL-250519-20,val
C8841,ISRO-SCL-250331-13,train
C8842,ISRO-SCL-250303-09,test
C8843,ISRO-SCL-250407-14,train
C8844,ISRO-SCL-250224-08,train
C8845,ISRO-SCL-250224-08,train
C8846,ISRO-SCL-250407-14,train
C8847,ISRO-SCL-250210-06,train
C8848,ISRO-SCL-250127-04,test
C8849,ISRO-SCL-250310-10,train
C8850,ISRO-SCL-250106-01,train
C8851,ISRO-SCL-250414-15,val
C8852,ISRO-SCL-250120-03,val
C8853,ISRO-SCL-250127-04,test
C8854,ISRO-SCL-250113-02,train
C8855,ISRO-SCL-250113-02,train
C8856,ISRO-SCL-250414-15,val
C8857,ISRO-SCL-250224-08,train
C8858,ISRO-SCL-250331-13,train
C8859,ISRO-SCL-250421-16,val
C8860,ISRO-SCL-250217-07,test
C8861,ISRO-SCL-250414-15,val
C8862,ISRO-SCL-250407-14,train
C8863,ISRO-SCL-250317-11,train
C8864,ISRO-SCL-250407-14,train
C8865,ISRO-SCL-250317-11,train
C8866,ISRO-SCL-250217-07,test
C8867,ISRO-SCL-250303-09,test
C8868,ISRO-SCL-250505-18,train
C8869,ISRO-SCL-250407-14,train
C8870,ISRO-SCL-250414-15,val
C8871,ISRO-SCL-250310-10,train
C8872,ISRO-SCL-250127-04,test
C8873,ISRO-SCL-250310-10,train
C8874,ISRO-SCL-250224-08,train
C8875,ISRO-SCL-250317-11,train
C8876,ISRO-SCL-250407-14,train
C8877,ISRO-SCL-250317-11,train
C8878,ISRO-SCL-250331-13,train
C8879,ISRO-SCL-250127-04,test
C8880,ISRO-SCL-250428-17,train
C8881,ISRO-SCL-250113-02,train
C8882,ISRO-SCL-250512-19,train
C8883,ISRO-SCL-250217-07,test
C8884,ISRO-SCL-250127-04,test
C8885,ISRO-SCL-250428-17,train
C8886,ISRO-SCL-250421-16,val
C8887,ISRO-SCL-250113-02,train
C8888,ISRO-SCL-250127-04,test
C8889,ISRO-SCL-250113-02,train
C8890,ISRO-SCL-250113-02,train
C8891,ISRO-SCL-250317-11,train
C8892,ISRO-SCL-250317-11,train
C8893,ISRO-SCL-250113-02,train
C8894,ISRO-SCL-250310-10,train
C8895,ISRO-SCL-250421-16,val
C8896,ISRO-SCL-250414-15,val
C8897,ISRO-SCL-250505-18,train
C8898,ISRO-SCL-250113-02,train
C8899,ISRO-SCL-250310-10,train
C8900,ISRO-SCL-250113-02,train
C8901,ISRO-SCL-250203-05,test
C8902,ISRO-SCL-250210-06,train
C8903,ISRO-SCL-250407-14,train
C8904,ISRO-SCL-250324-12,train
C8905,ISRO-SCL-250324-12,train
C8906,ISRO-SCL-250203-05,test
C8907,ISRO-SCL-250317-11,train
C8908,ISRO-SCL-250421-16,val
C8909,ISRO-SCL-250310-10,train
C8910,ISRO-SCL-250421-16,val
C8911,ISRO-SCL-250421-16,val
C8912,ISRO-SCL-250407-14,train
C8913,ISRO-SCL-250505-18,train
C8914,ISRO-SCL-250512-19,train
C8915,ISRO-SCL-250512-19,train
C8916,ISRO-SCL-250407-14,train
C8917,ISRO-SCL-250120-03,val
C8918,ISRO-SCL-250203-05,test
C8919,ISRO-SCL-250203-05,test
C8920,ISRO-SCL-250224-08,train
C8921,ISRO-SCL-250113-02,train
C8922,ISRO-SCL-250217-07,test
C8923,ISRO-SCL-250120-03,val
C8924,ISRO-SCL-250421-16,val
C8925,ISRO-SCL-250217-07,test
C8926,ISRO-SCL-250414-15,val
C8927,ISRO-SCL-250217-07,test
C8928,ISRO-SCL-250331-13,train
C8929,ISRO-SCL-250512-19,train
C8930,ISRO-SCL-250120-03,val
C8931,ISRO-SCL-250505-18,train
C8932,ISRO-SCL-250317-11,train
C8933,ISRO-SCL-250303-09,test
C8934,ISRO-SCL-250428-17,train
C8935,ISRO-SCL-250203-05,test
C8936,ISRO-SCL-250224-08,train
C8937,ISRO-SCL-250224-08,train
C8938,ISRO-SCL-250414-15,val
C8939,ISRO-SCL-250519-20,val
C8940,ISRO-SCL-250303-09,test
C8941,ISRO-SCL-250407-14,train
C8942,ISRO-SCL-250428-17,train
C8943,ISRO-SCL-250324-12,train
C8944,ISRO-SCL-250203-05,test
C8945,ISRO-SCL-250224-08,train
C8946,ISRO-SCL-250331-13,train
C8947,ISRO-SCL-250519-20,val
C8948,ISRO-SCL-250414-15,val
C8949,ISRO-SCL-250106-01,train
C8950,ISRO-SCL-250217-07,test
C8951,ISRO-SCL-250217-07,test
C8952,ISRO-SCL-250519-20,val
C8953,ISRO-SCL-250120-03,val
C8954,ISRO-SCL-250407-14,train
C8955,ISRO-SCL-250120-03,val
C8956,ISRO-SCL-250203-05,test
C8957,ISRO-SCL-250224-08,train
C8958,ISRO-SCL-250106-01,train
C8959,ISRO-SCL-250310-10,train
C8960,ISRO-SCL-250421-16,val
C8961,ISRO-SCL-250217-07,test
C8962,ISRO-SCL-250414-15,val
C8963,ISRO-SCL-250113-02,train
C8964,ISRO-SCL-250310-10,train
C8965,ISRO-SCL-250421-16,val
C8966,ISRO-SCL-250414-15,val
C8967,ISRO-SCL-250310-10,train
C8968,ISRO-SCL-250224-08,train
C8969,ISRO-SCL-250113-02,train
C8970,ISRO-SCL-250414-15,val
C8971,ISRO-SCL-250421-16,val
C8972,ISRO-SCL-250512-19,train
C8973,ISRO-SCL-250519-20,val
C8974,ISRO-SCL-250414-15,val
C8975,ISRO-SCL-250113-02,train
C8976,ISRO-SCL-250203-05,test
C8977,ISRO-SCL-250113-02,train
C8978,ISRO-SCL-250113-02,train
C8979,ISRO-SCL-250127-04,test
C8980,ISRO-SCL-250217-07,test
C8981,ISRO-SCL-250113-02,train
C8982,ISRO-SCL-250203-05,test
C8983,ISRO-SCL-250120-03,val
C8984,ISRO-SCL-250120-03,val
C8985,ISRO-SCL-250519-20,val
C8986,ISRO-SCL-250113-02,train
C8987,ISRO-SCL-250331-13,train
C8988,ISRO-SCL-250210-06,train
C8989,ISRO-SCL-250512-19,train
C8990,ISRO-SCL-250331-13,train
C8991,ISRO-SCL-250303-09,test
C8992,ISRO-SCL-250324-12,train
C8993,ISRO-SCL-250519-20,val
C8994,ISRO-SCL-250224-08,train
C8995,ISRO-SCL-250310-10,train
C8996,ISRO-SCL-250421-16,val
C8997,ISRO-SCL-250217-07,test
C8998,ISRO-SCL-250505-18,train
C8999,ISRO-SCL-250303-09,test
C9000,ISRO-SCL-250407-14,train
C9001,ISRO-SCL-250106-01,train
C9002,ISRO-SCL-250113-02,train
C9003,ISRO-SCL-250324-12,train
C9004,ISRO-SCL-250421-16,val
C9005,ISRO-SCL-250407-14,train
C9006,ISRO-SCL-250310-10,train
C9007,ISRO-SCL-250120-03,val
C9008,ISRO-SCL-250421-16,val
C9009,ISRO-SCL-250224-08,train
C9010,ISRO-SCL-250113-02,train
C9011,ISRO-SCL-250331-13,train
C9012,ISRO-SCL-250428-17,train
C9013,ISRO-SCL-250414-15,val
C9014,ISRO-SCL-250331-13,train
C9015,ISRO-SCL-250512-19,train
C9016,ISRO-SCL-250217-07,test
C9017,ISRO-SCL-250210-06,train
C9018,ISRO-SCL-250224-08,train
C9019,ISRO-SCL-250113-02,train
C9020,ISRO-SCL-250407-14,train
C9021,ISRO-SCL-250421-16,val
C9022,ISRO-SCL-250217-07,test
C9023,ISRO-SCL-250127-04,test
C9024,ISRO-SCL-250310-10,train
C9025,ISRO-SCL-250414-15,val
C9026,ISRO-SCL-250217-07,test
C9027,ISRO-SCL-250331-13,train
C9028,ISRO-SCL-250331-13,train
C9029,ISRO-SCL-250224-08,train
C9030,ISRO-SCL-250512-19,train
C9031,ISRO-SCL-250210-06,train
C9032,ISRO-SCL-250127-04,test
C9033,ISRO-SCL-250505-18,train
C9034,ISRO-SCL-250414-15,val
C9035,ISRO-SCL-250421-16,val
C9036,ISRO-SCL-250331-13,train
C9037,ISRO-SCL-250224-08,train
C9038,ISRO-SCL-250113-02,train
C9039,ISRO-SCL-250505-18,train
C9040,ISRO-SCL-250407-14,train
C9041,ISRO-SCL-250113-02,train
C9042,ISRO-SCL-250303-09,test
C9043,ISRO-SCL-250421-16,val
C9044,ISRO-SCL-250310-10,train
C9045,ISRO-SCL-250512-19,train
C9046,ISRO-SCL-250106-01,train
C9047,ISRO-SCL-250310-10,train
C9048,ISRO-SCL-250217-07,test
C9049,ISRO-SCL-250224-08,train
C9050,ISRO-SCL-250324-12,train
C9051,ISRO-SCL-250106-01,train
C9052,ISRO-SCL-250224-08,train
C9053,ISRO-SCL-250127-04,test
C9054,ISRO-SCL-250203-05,test
C9055,ISRO-SCL-250317-11,train
C9056,ISRO-SCL-250203-05,test
C9057,ISRO-SCL-250421-16,val
C9058,ISRO-SCL-250210-06,train
C9059,ISRO-SCL-250331-13,train
C9060,ISRO-SCL-250519-20,val
C9061,ISRO-SCL-250113-02,train
C9062,ISRO-SCL-250106-01,train
C9063,ISRO-SCL-250317-11,train
C9064,ISRO-SCL-250113-02,train
C9065,ISRO-SCL-250120-03,val
C9066,ISRO-SCL-250203-05,test
C9067,ISRO-SCL-250217-07,test
C9068,ISRO-SCL-250210-06,train
C9069,ISRO-SCL-250303-09,test
C9070,ISRO-SCL-250512-19,train
C9071,ISRO-SCL-250310-10,train
C9072,ISRO-SCL-250331-13,train
C9073,ISRO-SCL-250512-19,train
C9074,ISRO-SCL-250217-07,test
C9075,ISRO-SCL-250113-02,train
C9076,ISRO-SCL-250224-08,train
C9077,ISRO-SCL-250310-10,train
C9078,ISRO-SCL-250310-10,train
C9079,ISRO-SCL-250310-10,train
C9080,ISRO-SCL-250303-09,test
C9081,ISRO-SCL-250407-14,train
C9082,ISRO-SCL-250324-12,train
C9083,ISRO-SCL-250203-05,test
C9084,ISRO-SCL-250303-09,test
C9085,ISRO-SCL-250106-01,train
C9086,ISRO-SCL-250331-13,train
C9087,ISRO-SCL-250113-02,train
C9088,ISRO-SCL-250217-07,test
C9089,ISRO-SCL-250224-08,train
C9090,ISRO-SCL-250407-14,train
C9091,ISRO-SCL-250106-01,train
C9092,ISRO-SCL-250217-07,test
C9093,ISRO-SCL-250127-04,test
C9094,ISRO-SCL-250224-08,train
C9095,ISRO-SCL-250414-15,val
C9096,ISRO-SCL-250317-11,train
C9097,ISRO-SCL-250407-14,train
C9098,ISRO-SCL-250324-12,train
C9099,ISRO-SCL-250505-18,train
C9100,ISRO-SCL-250512-19,train
C9101,ISRO-SCL-250224-08,train
C9102,ISRO-SCL-250113-02,train
C9103,ISRO-SCL-250203-05,test
C9104,ISRO-SCL-250310-10,train
C9105,ISRO-SCL-250317-11,train
C9106,ISRO-SCL-250113-02,train
C9107,ISRO-SCL-250407-14,train
C9108,ISRO-SCL-250127-04,test
C9109,ISRO-SCL-250324-12,train
C9110,ISRO-SCL-250303-09,test
C9111,ISRO-SCL-250421-16,val
C9112,ISRO-SCL-250519-20,val
C9113,ISRO-SCL-250407-14,train
C9114,ISRO-SCL-250421-16,val
C9115,ISRO-SCL-250217-07,test
C9116,ISRO-SCL-250303-09,test
C9117,ISRO-SCL-250303-09,test
C9118,ISRO-SCL-250310-10,train
C9119,ISRO-SCL-250421-16,val
C9120,ISRO-SCL-250519-20,val
C9121,ISRO-SCL-250414-15,val
C9122,ISRO-SCL-250407-14,train
C9123,ISRO-SCL-250428-17,train
C9124,ISRO-SCL-250224-08,train
C9125,ISRO-SCL-250224-08,train
C9126,ISRO-SCL-250512-19,train
C9127,ISRO-SCL-250414-15,val
C9128,ISRO-SCL-250428-17,train
C9129,ISRO-SCL-250428-17,train
C9130,ISRO-SCL-250421-16,val
C9131,ISRO-SCL-250210-06,train
C9132,ISRO-SCL-250324-12,train
C9133,ISRO-SCL-250407-14,train
C9134,ISRO-SCL-250414-15,val
C9135,ISRO-SCL-250407-14,train
C9136,ISRO-SCL-250106-01,train
C9137,ISRO-SCL-250324-12,train
C9138,ISRO-SCL-250203-05,test
C9139,ISRO-SCL-250414-15,val
C9140,ISRO-SCL-250203-05,test
C9141,ISRO-SCL-250113-02,train
C9142,ISRO-SCL-250421-16,val
C9143,ISRO-SCL-250331-13,train
C9144,ISRO-SCL-250113-02,train
C9145,ISRO-SCL-250210-06,train
C9146,ISRO-SCL-250331-13,train
C9147,ISRO-SCL-250127-04,test
C9148,ISRO-SCL-250217-07,test
C9149,ISRO-SCL-250421-16,val
C9150,ISRO-SCL-250113-02,train
C9151,ISRO-SCL-250331-13,train
C9152,ISRO-SCL-250113-02,train
C9153,ISRO-SCL-250414-15,val
C9154,ISRO-SCL-250421-16,val
C9155,ISRO-SCL-250217-07,test
C9156,ISRO-SCL-250324-12,train
C9157,ISRO-SCL-250120-03,val
C9158,ISRO-SCL-250106-01,train
C9159,ISRO-SCL-250217-07,test
C9160,ISRO-SCL-250519-20,val
C9161,ISRO-SCL-250217-07,test
C9162,ISRO-SCL-250512-19,train
C9163,ISRO-SCL-250203-05,test
C9164,ISRO-SCL-250421-16,val
C9165,ISRO-SCL-250407-14,train
C9166,ISRO-SCL-250414-15,val
C9167,ISRO-SCL-250120-03,val
C9168,ISRO-SCL-250113-02,train
C9169,ISRO-SCL-250217-07,test
C9170,ISRO-SCL-250324-12,train
C9171,ISRO-SCL-250210-06,train
C9172,ISRO-SCL-250224-08,train
C9173,ISRO-SCL-250224-08,train
C9174,ISRO-SCL-250310-10,train
C9175,ISRO-SCL-250310-10,train
C9176,ISRO-SCL-250120-03,val
C9177,ISRO-SCL-250303-09,test
C9178,ISRO-SCL-250113-02,train
C9179,ISRO-SCL-250224-08,train
C9180,ISRO-SCL-250317-11,train
C9181,ISRO-SCL-250113-02,train
C9182,ISRO-SCL-250407-14,train
C9183,ISRO-SCL-250407-14,train
C9184,ISRO-SCL-250414-15,val
C9185,ISRO-SCL-250414-15,val
C9186,ISRO-SCL-250113-02,train
C9187,ISRO-SCL-250210-06,train
C9188,ISRO-SCL-250310-10,train
C9189,ISRO-SCL-250512-19,train
C9190,ISRO-SCL-250519-20,val
C9191,ISRO-SCL-250113-02,train
C9192,ISRO-SCL-250224-08,train
C9193,ISRO-SCL-250324-12,train
C9194,ISRO-SCL-250421-16,val
C9195,ISRO-SCL-250217-07,test
C9196,ISRO-SCL-250310-10,train
C9197,ISRO-SCL-250217-07,test
C9198,ISRO-SCL-250113-02,train
C9199,ISRO-SCL-250106-01,train
C9200,ISRO-SCL-250317-11,train
C9201,ISRO-SCL-250331-13,train
C9202,ISRO-SCL-250512-19,train
C9203,ISRO-SCL-250421-16,val
C9204,ISRO-SCL-250310-10,train
C9205,ISRO-SCL-250106-01,train
C9206,ISRO-SCL-250407-14,train
C9207,ISRO-SCL-250127-04,test
C9208,ISRO-SCL-250113-02,train
C9209,ISRO-SCL-250324-12,train
C9210,ISRO-SCL-250421-16,val
C9211,ISRO-SCL-250519-20,val
C9212,ISRO-SCL-250127-04,test
C9213,ISRO-SCL-250505-18,train
C9214,ISRO-SCL-250127-04,test
C9215,ISRO-SCL-250203-05,test
C9216,ISRO-SCL-250210-06,train
C9217,ISRO-SCL-250512-19,train
C9218,ISRO-SCL-250303-09,test
C9219,ISRO-SCL-250303-09,test
C9220,ISRO-SCL-250303-09,test
C9221,ISRO-SCL-250519-20,val
C9222,ISRO-SCL-250407-14,train
C9223,ISRO-SCL-250421-16,val
C9224,ISRO-SCL-250120-03,val
C9225,ISRO-SCL-250324-12,train
C9226,ISRO-SCL-250303-09,test
C9227,ISRO-SCL-250331-13,train
C9228,ISRO-SCL-250421-16,val
C9229,ISRO-SCL-250512-19,train
C9230,ISRO-SCL-250303-09,test
C9231,ISRO-SCL-250519-20,val
C9232,ISRO-SCL-250310-10,train
C9233,ISRO-SCL-250113-02,train
C9234,ISRO-SCL-250224-08,train
C9235,ISRO-SCL-250421-16,val
C9236,ISRO-SCL-250203-05,test
C9237,ISRO-SCL-250217-07,test
C9238,ISRO-SCL-250324-12,train
C9239,ISRO-SCL-250512-19,train
C9240,ISRO-SCL-250127-04,test
C9241,ISRO-SCL-250324-12,train
C9242,ISRO-SCL-250203-05,test
C9243,ISRO-SCL-250127-04,test
C9244,ISRO-SCL-250113-02,train
C9245,ISRO-SCL-250310-10,train
C9246,ISRO-SCL-250224-08,train
C9247,ISRO-SCL-250505-18,train
C9248,ISRO-SCL-250407-14,train
C9249,ISRO-SCL-250224-08,train
C9250,ISRO-SCL-250414-15,val
C9251,ISRO-SCL-250414-15,val
C9252,ISRO-SCL-250127-04,test
C9253,ISRO-SCL-250310-10,train
C9254,ISRO-SCL-250512-19,train
C9255,ISRO-SCL-250127-04,test
C9256,ISRO-SCL-250113-02,train
C9257,ISRO-SCL-250421-16,val
C9258,ISRO-SCL-250217-07,test
C9259,ISRO-SCL-250324-12,train
C9260,ISRO-SCL-250210-06,train
C9261,ISRO-SCL-250414-15,val
C9262,ISRO-SCL-250407-14,train
C9263,ISRO-SCL-250224-08,train
C9264,ISRO-SCL-250210-06,train
C9265,ISRO-SCL-250113-02,train
C9266,ISRO-SCL-250428-17,train
C9267,ISRO-SCL-250414-15,val
C9268,ISRO-SCL-250113-02,train
C9269,ISRO-SCL-250519-20,val
C9270,ISRO-SCL-250505-18,train
C9271,ISRO-SCL-250310-10,train
C9272,ISRO-SCL-250303-09,test
C9273,ISRO-SCL-250120-03,val
C9274,ISRO-SCL-250106-01,train
C9275,ISRO-SCL-250217-07,test
C9276,ISRO-SCL-250317-11,train
C9277,ISRO-SCL-250512-19,train
C9278,ISRO-SCL-250414-15,val
C9279,ISRO-SCL-250127-04,test
C9280,ISRO-SCL-250203-05,test
C9281,ISRO-SCL-250519-20,val
C9282,ISRO-SCL-250127-04,test
C9283,ISRO-SCL-250407-14,train
C9284,ISRO-SCL-250303-09,test
C9285,ISRO-SCL-250519-20,val
C9286,ISRO-SCL-250428-17,train
C9287,ISRO-SCL-250120-03,val
C9288,ISRO-SCL-250310-10,train
C9289,ISRO-SCL-250217-07,test
C9290,ISRO-SCL-250310-10,train
C9291,ISRO-SCL-250113-02,train
C9292,ISRO-SCL-250519-20,val
C9293,ISRO-SCL-250324-12,train
C9294,ISRO-SCL-250303-09,test
C9295,ISRO-SCL-250512-19,train
C9296,ISRO-SCL-250505-18,train
C9297,ISRO-SCL-250203-05,test
C9298,ISRO-SCL-250120-03,val
C9299,ISRO-SCL-250127-04,test
C9300,ISRO-SCL-250217-07,test
C9301,ISRO-SCL-250113-02,train
C9302,ISRO-SCL-250407-14,train
C9303,ISRO-SCL-250505-18,train
C9304,ISRO-SCL-250203-05,test
C9305,ISRO-SCL-250317-11,train
C9306,ISRO-SCL-250224-08,train
C9307,ISRO-SCL-250519-20,val
C9308,ISRO-SCL-250310-10,train
C9309,ISRO-SCL-250203-05,test
C9310,ISRO-SCL-250210-06,train
C9311,ISRO-SCL-250519-20,val
C9312,ISRO-SCL-250414-15,val
C9313,ISRO-SCL-250106-01,train
C9314,ISRO-SCL-250210-06,train
C9315,ISRO-SCL-250414-15,val
C9316,ISRO-SCL-250519-20,val
C9317,ISRO-SCL-250421-16,val
C9318,ISRO-SCL-250224-08,train
C9319,ISRO-SCL-250310-10,train
C9320,ISRO-SCL-250414-15,val
C9321,ISRO-SCL-250414-15,val
C9322,ISRO-SCL-250310-10,train
C9323,ISRO-SCL-250324-12,train
C9324,ISRO-SCL-250120-03,val
C9325,ISRO-SCL-250317-11,train
C9326,ISRO-SCL-250113-02,train
C9327,ISRO-SCL-250113-02,train
C9328,ISRO-SCL-250505-18,train
C9329,ISRO-SCL-250120-03,val
C9330,ISRO-SCL-250310-10,train
C9331,ISRO-SCL-250120-03,val
C9332,ISRO-SCL-250414-15,val
C9333,ISRO-SCL-250113-02,train
C9334,ISRO-SCL-250324-12,train
C9335,ISRO-SCL-250407-14,train
C9336,ISRO-SCL-250428-17,train
C9337,ISRO-SCL-250120-03,val
C9338,ISRO-SCL-250127-04,test
C9339,ISRO-SCL-250310-10,train
C9340,ISRO-SCL-250512-19,train
C9341,ISRO-SCL-250407-14,train
C9342,ISRO-SCL-250414-15,val
C9343,ISRO-SCL-250303-09,test
C9344,ISRO-SCL-250303-09,test
C9345,ISRO-SCL-250428-17,train
C9346,ISRO-SCL-250331-13,train
C9347,ISRO-SCL-250106-01,train
C9348,ISRO-SCL-250324-12,train
C9349,ISRO-SCL-250120-03,val
C9350,ISRO-SCL-250331-13,train
C9351,ISRO-SCL-250407-14,train
C9352,ISRO-SCL-250303-09,test
C9353,ISRO-SCL-250113-02,train
C9354,ISRO-SCL-250317-11,train
C9355,ISRO-SCL-250217-07,test
C9356,ISRO-SCL-250428-17,train
C9357,ISRO-SCL-250324-12,train
C9358,ISRO-SCL-250505-18,train
C9359,ISRO-SCL-250310-10,train
C9360,ISRO-SCL-250505-18,train
C9361,ISRO-SCL-250113-02,train
C9362,ISRO-SCL-250217-07,test
C9363,ISRO-SCL-250519-20,val
C9364,ISRO-SCL-250203-05,test
C9365,ISRO-SCL-250210-06,train
C9366,ISRO-SCL-250407-14,train
C9367,ISRO-SCL-250414-15,val
C9368,ISRO-SCL-250310-10,train
C9369,ISRO-SCL-250203-05,test
C9370,ISRO-SCL-250407-14,train
C9371,ISRO-SCL-250331-13,train
C9372,ISRO-SCL-250505-18,train
C9373,ISRO-SCL-250310-10,train
C9374,ISRO-SCL-250324-12,train
C9375,ISRO-SCL-250310-10,train
C9376,ISRO-SCL-250203-05,test
C9377,ISRO-SCL-250127-04,test
C9378,ISRO-SCL-250203-05,test
C9379,ISRO-SCL-250224-08,train
C9380,ISRO-SCL-250407-14,train
C9381,ISRO-SCL-250203-05,test
C9382,ISRO-SCL-250224-08,train
C9383,ISRO-SCL-250310-10,train
C9384,ISRO-SCL-250224-08,train
C9385,ISRO-SCL-250224-08,train
C9386,ISRO-SCL-250317-11,train
C9387,ISRO-SCL-250331-13,train
C9388,ISRO-SCL-250512-19,train
C9389,ISRO-SCL-250303-09,test
C9390,ISRO-SCL-250113-02,train
C9391,ISRO-SCL-250310-10,train
C9392,ISRO-SCL-250331-13,train
C9393,ISRO-SCL-250224-08,train
C9394,ISRO-SCL-250310-10,train
C9395,ISRO-SCL-250113-02,train
C9396,ISRO-SCL-250519-20,val
C9397,ISRO-SCL-250331-13,train
C9398,ISRO-SCL-250224-08,train
C9399,ISRO-SCL-250210-06,train
C9400,ISRO-SCL-250512-19,train
C9401,ISRO-SCL-250310-10,train
C9402,ISRO-SCL-250113-02,train
C9403,ISRO-SCL-250331-13,train
C9404,ISRO-SCL-250113-02,train
C9405,ISRO-SCL-250407-14,train
C9406,ISRO-SCL-250505-18,train
C9407,ISRO-SCL-250127-04,test
C9408,ISRO-SCL-250127-04,test
C9409,ISRO-SCL-250414-15,val
C9410,ISRO-SCL-250113-02,train
C9411,ISRO-SCL-250421-16,val
C9412,ISRO-SCL-250113-02,train
C9413,ISRO-SCL-250505-18,train
C9414,ISRO-SCL-250512-19,train
C9415,ISRO-SCL-250224-08,train
C9416,ISRO-SCL-250224-08,train
C9417,ISRO-SCL-250217-07,test
C9418,ISRO-SCL-250113-02,train
C9419,ISRO-SCL-250203-05,test
C9420,ISRO-SCL-250512-19,train
C9421,ISRO-SCL-250317-11,train
C9422,ISRO-SCL-250428-17,train
C9423,ISRO-SCL-250303-09,test
C9424,ISRO-SCL-250310-10,train
C9425,ISRO-SCL-250106-01,train
C9426,ISRO-SCL-250414-15,val
C9427,ISRO-SCL-250407-14,train
C9428,ISRO-SCL-250505-18,train
C9429,ISRO-SCL-250127-04,test
C9430,ISRO-SCL-250407-14,train
C9431,ISRO-SCL-250224-08,train
C9432,ISRO-SCL-250224-08,train
C9433,ISRO-SCL-250106-01,train
C9434,ISRO-SCL-250331-13,train
C9435,ISRO-SCL-250331-13,train
C9436,ISRO-SCL-250331-13,train
C9437,ISRO-SCL-250421-16,val
C9438,ISRO-SCL-250127-04,test
C9439,ISRO-SCL-250217-07,test
C9440,ISRO-SCL-250414-15,val
C9441,ISRO-SCL-250120-03,val
C9442,ISRO-SCL-250224-08,train
C9443,ISRO-SCL-250421-16,val
C9444,ISRO-SCL-250120-03,val
C9445,ISRO-SCL-250310-10,train
C9446,ISRO-SCL-250512-19,train
C9447,ISRO-SCL-250113-02,train
C9448,ISRO-SCL-250217-07,test
C9449,ISRO-SCL-250127-04,test
C9450,ISRO-SCL-250203-05,test
C9451,ISRO-SCL-250217-07,test
C9452,ISRO-SCL-250303-09,test
C9453,ISRO-SCL-250303-09,test
C9454,ISRO-SCL-250310-10,train
C9455,ISRO-SCL-250519-20,val
C9456,ISRO-SCL-250407-14,train
C9457,ISRO-SCL-250113-02,train
C9458,ISRO-SCL-250407-14,train
C9459,ISRO-SCL-250127-04,test
C9460,ISRO-SCL-250331-13,train
C9461,ISRO-SCL-250519-20,val
C9462,ISRO-SCL-250324-12,train
C9463,ISRO-SCL-250127-04,test
C9464,ISRO-SCL-250414-15,val
C9465,ISRO-SCL-250428-17,train
C9466,ISRO-SCL-250421-16,val
C9467,ISRO-SCL-250505-18,train
C9468,ISRO-SCL-250407-14,train
C9469,ISRO-SCL-250106-01,train
C9470,ISRO-SCL-250106-01,train
C9471,ISRO-SCL-250127-04,test
C9472,ISRO-SCL-250203-05,test
C9473,ISRO-SCL-250203-05,test
C9474,ISRO-SCL-250421-16,val
C9475,ISRO-SCL-250407-14,train
C9476,ISRO-SCL-250331-13,train
C9477,ISRO-SCL-250224-08,train
C9478,ISRO-SCL-250127-04,test
C9479,ISRO-SCL-250512-19,train
C9480,ISRO-SCL-250224-08,train
C9481,ISRO-SCL-250217-07,test
C9482,ISRO-SCL-250113-02,train
C9483,ISRO-SCL-250407-14,train
C9484,ISRO-SCL-250407-14,train
C9485,ISRO-SCL-250407-14,train
C9486,ISRO-SCL-250303-09,test
C9487,ISRO-SCL-250310-10,train
C9488,ISRO-SCL-250505-18,train
C9489,ISRO-SCL-250331-13,train
C9490,ISRO-SCL-250113-02,train
C9491,ISRO-SCL-250203-05,test
C9492,ISRO-SCL-250414-15,val
C9493,ISRO-SCL-250421-16,val
C9494,ISRO-SCL-250203-05,test
C9495,ISRO-SCL-250210-06,train
C9496,ISRO-SCL-250127-04,test
C9497,ISRO-SCL-250505-18,train
C9498,ISRO-SCL-250519-20,val
C9499,ISRO-SCL-250120-03,val
C9500,ISRO-SCL-250203-05,test
C9501,ISRO-SCL-250317-11,train
C9502,ISRO-SCL-250120-03,val
C9503,ISRO-SCL-250113-02,train
C9504,ISRO-SCL-250127-04,test
C9505,ISRO-SCL-250512-19,train
C9506,ISRO-SCL-250414-15,val
C9507,ISRO-SCL-250113-02,train
C9508,ISRO-SCL-250324-12,train
C9509,ISRO-SCL-250414-15,val
C9510,ISRO-SCL-250519-20,val
C9511,ISRO-SCL-250303-09,test
C9512,ISRO-SCL-250331-13,train
C9513,ISRO-SCL-250414-15,val
C9514,ISRO-SCL-250407-14,train
C9515,ISRO-SCL-250210-06,train
C9516,ISRO-SCL-250324-12,train
C9517,ISRO-SCL-250505-18,train
C9518,ISRO-SCL-250203-05,test
C9519,ISRO-SCL-250310-10,train
C9520,ISRO-SCL-250310-10,train
C9521,ISRO-SCL-250324-12,train
C9522,ISRO-SCL-250127-04,test
C9523,ISRO-SCL-250512-19,train
C9524,ISRO-SCL-250505-18,train
C9525,ISRO-SCL-250303-09,test
C9526,ISRO-SCL-250428-17,train
C9527,ISRO-SCL-250421-16,val
C9528,ISRO-SCL-250113-02,train
C9529,ISRO-SCL-250210-06,train
C9530,ISRO-SCL-250421-16,val
C9531,ISRO-SCL-250317-11,train
C9532,ISRO-SCL-250414-15,val
C9533,ISRO-SCL-250421-16,val
C9534,ISRO-SCL-250127-04,test
C9535,ISRO-SCL-250414-15,val
C9536,ISRO-SCL-250414-15,val
C9537,ISRO-SCL-250203-05,test
C9538,ISRO-SCL-250331-13,train
C9539,ISRO-SCL-250217-07,test
C9540,ISRO-SCL-250217-07,test
C9541,ISRO-SCL-250127-04,test
C9542,ISRO-SCL-250414-15,val
C9543,ISRO-SCL-250407-14,train
C9544,ISRO-SCL-250310-10,train
C9545,ISRO-SCL-250421-16,val
C9546,ISRO-SCL-250106-01,train
C9547,ISRO-SCL-250407-14,train
C9548,ISRO-SCL-250519-20,val
C9549,ISRO-SCL-250303-09,test
C9550,ISRO-SCL-250519-20,val
C9551,ISRO-SCL-250120-03,val
C9552,ISRO-SCL-250113-02,train
C9553,ISRO-SCL-250113-02,train
C9554,ISRO-SCL-250519-20,val
C9555,ISRO-SCL-250324-12,train
C9556,ISRO-SCL-250217-07,test
C9557,ISRO-SCL-250428-17,train
C9558,ISRO-SCL-250127-04,test
C9559,ISRO-SCL-250113-02,train
C9560,ISRO-SCL-250127-04,test
C9561,ISRO-SCL-250217-07,test
C9562,ISRO-SCL-250210-06,train
C9563,ISRO-SCL-250505-18,train
C9564,ISRO-SCL-250203-05,test
C9565,ISRO-SCL-250414-15,val
C9566,ISRO-SCL-250421-16,val
C9567,ISRO-SCL-250127-04,test
C9568,ISRO-SCL-250224-08,train
C9569,ISRO-SCL-250421-16,val
C9570,ISRO-SCL-250217-07,test
C9571,ISRO-SCL-250203-05,test
C9572,ISRO-SCL-250106-01,train
C9573,ISRO-SCL-250331-13,train
C9574,ISRO-SCL-250127-04,test
C9575,ISRO-SCL-250217-07,test
C9576,ISRO-SCL-250127-04,test
C9577,ISRO-SCL-250324-12,train
C9578,ISRO-SCL-250106-01,train
C9579,ISRO-SCL-250407-14,train
C9580,ISRO-SCL-250217-07,test
C9581,ISRO-SCL-250210-06,train
C9582,ISRO-SCL-250407-14,train
C9583,ISRO-SCL-250421-16,val
C9584,ISRO-SCL-250217-07,test
C9585,ISRO-SCL-250505-18,train
C9586,ISRO-SCL-250505-18,train
C9587,ISRO-SCL-250106-01,train
C9588,ISRO-SCL-250113-02,train
C9589,ISRO-SCL-250217-07,test
C9590,ISRO-SCL-250331-13,train
C9591,ISRO-SCL-250519-20,val
C9592,ISRO-SCL-250106-01,train
C9593,ISRO-SCL-250224-08,train
C9594,ISRO-SCL-250331-13,train
C9595,ISRO-SCL-250505-18,train
C9596,ISRO-SCL-250421-16,val
C9597,ISRO-SCL-250113-02,train
C9598,ISRO-SCL-250203-05,test
C9599,ISRO-SCL-250428-17,train
C9600,ISRO-SCL-250421-16,val
C9601,ISRO-SCL-250310-10,train
C9602,ISRO-SCL-250317-11,train
C9603,ISRO-SCL-250407-14,train
C9604,ISRO-SCL-250407-14,train
C9605,ISRO-SCL-250224-08,train
C9606,ISRO-SCL-250324-12,train
C9607,ISRO-SCL-250421-16,val
C9608,ISRO-SCL-250210-06,train
C9609,ISRO-SCL-250324-12,train
C9610,ISRO-SCL-250414-15,val
C9611,ISRO-SCL-250414-15,val
C9612,ISRO-SCL-250317-11,train
C9613,ISRO-SCL-250106-01,train
C9614,ISRO-SCL-250331-13,train
C9615,ISRO-SCL-250217-07,test
C9616,ISRO-SCL-250331-13,train
C9617,ISRO-SCL-250113-02,train
C9618,ISRO-SCL-250120-03,val
C9619,ISRO-SCL-250127-04,test
C9620,ISRO-SCL-250224-08,train
C9621,ISRO-SCL-250217-07,test
C9622,ISRO-SCL-250113-02,train
C9623,ISRO-SCL-250120-03,val
C9624,ISRO-SCL-250127-04,test
C9625,ISRO-SCL-250217-07,test
C9626,ISRO-SCL-250224-08,train
C9627,ISRO-SCL-250224-08,train
C9628,ISRO-SCL-250310-10,train
C9629,ISRO-SCL-250324-12,train
C9630,ISRO-SCL-250127-04,test
C9631,ISRO-SCL-250203-05,test
C9632,ISRO-SCL-250217-07,test
C9633,ISRO-SCL-250421-16,val
C9634,ISRO-SCL-250303-09,test
C9635,ISRO-SCL-250407-14,train
C9636,ISRO-SCL-250217-07,test
C9637,ISRO-SCL-250317-11,train
C9638,ISRO-SCL-250113-02,train
C9639,ISRO-SCL-250224-08,train
C9640,ISRO-SCL-250310-10,train
C9641,ISRO-SCL-250127-04,test
C9642,ISRO-SCL-250113-02,train
C9643,ISRO-SCL-250512-19,train
C9644,ISRO-SCL-250407-14,train
C9645,ISRO-SCL-250106-01,train
C9646,ISRO-SCL-250421-16,val
C9647,ISRO-SCL-250203-05,test
C9648,ISRO-SCL-250217-07,test
C9649,ISRO-SCL-250331-13,train
C9650,ISRO-SCL-250421-16,val
C9651,ISRO-SCL-250519-20,val
C9652,ISRO-SCL-250421-16,val
C9653,ISRO-SCL-250217-07,test
C9654,ISRO-SCL-250317-11,train
C9655,ISRO-SCL-250127-04,test
C9656,ISRO-SCL-250210-06,train
C9657,ISRO-SCL-250113-02,train
C9658,ISRO-SCL-250407-14,train
C9659,ISRO-SCL-250210-06,train
C9660,ISRO-SCL-250414-15,val
C9661,ISRO-SCL-250217-07,test
C9662,ISRO-SCL-250331-13,train
C9663,ISRO-SCL-250127-04,test
C9664,ISRO-SCL-250120-03,val
C9665,ISRO-SCL-250217-07,test
C9666,ISRO-SCL-250203-05,test
C9667,ISRO-SCL-250331-13,train
C9668,ISRO-SCL-250428-17,train
C9669,ISRO-SCL-250127-04,test
C9670,ISRO-SCL-250210-06,train
C9671,ISRO-SCL-250210-06,train
C9672,ISRO-SCL-250317-11,train
C9673,ISRO-SCL-250519-20,val
C9674,ISRO-SCL-250407-14,train
C9675,ISRO-SCL-250421-16,val
C9676,ISRO-SCL-250324-12,train
C9677,ISRO-SCL-250127-04,test
C9678,ISRO-SCL-250127-04,test
C9679,ISRO-SCL-250519-20,val
C9680,ISRO-SCL-250303-09,test
C9681,ISRO-SCL-250303-09,test
C9682,ISRO-SCL-250421-16,val
C9683,ISRO-SCL-250203-05,test
C9684,ISRO-SCL-250203-05,test
C9685,ISRO-SCL-250519-20,val
C9686,ISRO-SCL-250505-18,train
C9687,ISRO-SCL-250203-05,test
C9688,ISRO-SCL-250303-09,test
C9689,ISRO-SCL-250331-13,train
C9690,ISRO-SCL-250414-15,val
C9691,ISRO-SCL-250113-02,train
C9692,ISRO-SCL-250407-14,train
C9693,ISRO-SCL-250224-08,train
C9694,ISRO-SCL-250519-20,val
C9695,ISRO-SCL-250113-02,train
C9696,ISRO-SCL-250414-15,val
C9697,ISRO-SCL-250120-03,val
C9698,ISRO-SCL-250310-10,train
C9699,ISRO-SCL-250303-09,test
C9700,ISRO-SCL-250113-02,train
C9701,ISRO-SCL-250113-02,train
C9702,ISRO-SCL-250512-19,train
C9703,ISRO-SCL-250203-05,test
C9704,ISRO-SCL-250407-14,train
C9705,ISRO-SCL-250113-02,train
C9706,ISRO-SCL-250113-02,train
C9707,ISRO-SCL-250428-17,train
C9708,ISRO-SCL-250310-10,train
C9709,ISRO-SCL-250120-03,val
C9710,ISRO-SCL-250407-14,train
C9711,ISRO-SCL-250203-05,test
C9712,ISRO-SCL-250113-02,train
C9713,ISRO-SCL-250224-08,train
C9714,ISRO-SCL-250331-13,train
C9715,ISRO-SCL-250512-19,train
C9716,ISRO-SCL-250217-07,test
C9717,ISRO-SCL-250113-02,train
C9718,ISRO-SCL-250217-07,test
C9719,ISRO-SCL-250217-07,test
C9720,ISRO-SCL-250217-07,test
C9721,ISRO-SCL-250203-05,test
C9722,ISRO-SCL-250224-08,train
C9723,ISRO-SCL-250421-16,val
C9724,ISRO-SCL-250407-14,train
C9725,ISRO-SCL-250317-11,train
C9726,ISRO-SCL-250217-07,test
C9727,ISRO-SCL-250414-15,val
C9728,ISRO-SCL-250127-04,test
C9729,ISRO-SCL-250512-19,train
C9730,ISRO-SCL-250210-06,train
C9731,ISRO-SCL-250210-06,train
C9732,ISRO-SCL-250203-05,test
C9733,ISRO-SCL-250217-07,test
C9734,ISRO-SCL-250428-17,train
C9735,ISRO-SCL-250407-14,train
C9736,ISRO-SCL-250414-15,val
C9737,ISRO-SCL-250421-16,val
C9738,ISRO-SCL-250331-13,train
C9739,ISRO-SCL-250407-14,train
C9740,ISRO-SCL-250106-01,train
C9741,ISRO-SCL-250421-16,val
C9742,ISRO-SCL-250217-07,test
C9743,ISRO-SCL-250106-01,train
C9744,ISRO-SCL-250113-02,train
C9745,ISRO-SCL-250113-02,train
C9746,ISRO-SCL-250303-09,test
C9747,ISRO-SCL-250407-14,train
C9748,ISRO-SCL-250519-20,val
C9749,ISRO-SCL-250317-11,train
C9750,ISRO-SCL-250310-10,train
C9751,ISRO-SCL-250120-03,val
C9752,ISRO-SCL-250512-19,train
C9753,ISRO-SCL-250210-06,train
C9754,ISRO-SCL-250310-10,train
C9755,ISRO-SCL-250203-05,test
C9756,ISRO-SCL-250414-15,val
C9757,ISRO-SCL-250210-06,train
C9758,ISRO-SCL-250217-07,test
C9759,ISRO-SCL-250421-16,val
C9760,ISRO-SCL-250224-08,train
C9761,ISRO-SCL-250113-02,train
C9762,ISRO-SCL-250519-20,val
C9763,ISRO-SCL-250106-01,train
C9764,ISRO-SCL-250519-20,val
C9765,ISRO-SCL-250414-15,val
C9766,ISRO-SCL-250106-01,train
C9767,ISRO-SCL-250127-04,test
C9768,ISRO-SCL-250407-14,train
C9769,ISRO-SCL-250113-02,train
C9770,ISRO-SCL-250505-18,train
C9771,ISRO-SCL-250407-14,train
C9772,ISRO-SCL-250310-10,train
C9773,ISRO-SCL-250113-02,train
C9774,ISRO-SCL-250331-13,train
C9775,ISRO-SCL-250414-15,val
C9776,ISRO-SCL-250203-05,test
C9777,ISRO-SCL-250414-15,val
C9778,ISRO-SCL-250203-05,test
C9779,ISRO-SCL-250421-16,val
C9780,ISRO-SCL-250324-12,train
C9781,ISRO-SCL-250428-17,train
C9782,ISRO-SCL-250324-12,train
C9783,ISRO-SCL-250113-02,train
C9784,ISRO-SCL-250519-20,val
C9785,ISRO-SCL-250224-08,train
C9786,ISRO-SCL-250428-17,train
C9787,ISRO-SCL-250106-01,train
C9788,ISRO-SCL-250512-19,train
C9789,ISRO-SCL-250113-02,train
C9790,ISRO-SCL-250519-20,val
C9791,ISRO-SCL-250120-03,val
C9792,ISRO-SCL-250224-08,train
C9793,ISRO-SCL-250106-01,train
C9794,ISRO-SCL-250310-10,train
C9795,ISRO-SCL-250203-05,test
C9796,ISRO-SCL-250519-20,val
C9797,ISRO-SCL-250120-03,val
C9798,ISRO-SCL-250407-14,train
C9799,ISRO-SCL-250407-14,train
C9800,ISRO-SCL-250310-10,train
C9801,ISRO-SCL-250414-15,val
C9802,ISRO-SCL-250113-02,train
C9803,ISRO-SCL-250414-15,val
C9804,ISRO-SCL-250421-16,val
C9805,ISRO-SCL-250203-05,test
C9806,ISRO-SCL-250127-04,test
C9807,ISRO-SCL-250310-10,train
C9808,ISRO-SCL-250224-08,train
C9809,ISRO-SCL-250421-16,val
C9810,ISRO-SCL-250421-16,val
C9811,ISRO-SCL-250331-13,train
C9812,ISRO-SCL-250414-15,val
C9813,ISRO-SCL-250421-16,val
C9814,ISRO-SCL-250203-05,test
C9815,ISRO-SCL-250414-15,val
C9816,ISRO-SCL-250317-11,train
C9817,ISRO-SCL-250113-02,train
C9818,ISRO-SCL-250324-12,train
C9819,ISRO-SCL-250519-20,val
C9820,ISRO-SCL-250407-14,train
C9821,ISRO-SCL-250127-04,test
C9822,ISRO-SCL-250310-10,train
C9823,ISRO-SCL-250203-05,test
C9824,ISRO-SCL-250217-07,test
C9825,ISRO-SCL-250512-19,train
C9826,ISRO-SCL-250217-07,test
C9827,ISRO-SCL-250217-07,test
C9828,ISRO-SCL-250106-01,train
C9829,ISRO-SCL-250113-02,train
C9830,ISRO-SCL-250120-03,val
C9831,ISRO-SCL-250210-06,train
C9832,ISRO-SCL-250203-05,test
C9833,ISRO-SCL-250224-08,train
C9834,ISRO-SCL-250113-02,train
C9835,ISRO-SCL-250428-17,train
C9836,ISRO-SCL-250407-14,train
C9837,ISRO-SCL-250224-08,train
C9838,ISRO-SCL-250217-07,test
C9839,ISRO-SCL-250407-14,train
C9840,ISRO-SCL-250407-14,train
C9841,ISRO-SCL-250414-15,val
C9842,ISRO-SCL-250407-14,train
C9843,ISRO-SCL-250217-07,test
C9844,ISRO-SCL-250120-03,val
C9845,ISRO-SCL-250407-14,train
C9846,ISRO-SCL-250421-16,val
C9847,ISRO-SCL-250113-02,train
C9848,ISRO-SCL-250210-06,train
C9849,ISRO-SCL-250324-12,train
C9850,ISRO-SCL-250310-10,train
C9851,ISRO-SCL-250428-17,train
C9852,ISRO-SCL-250120-03,val
C9853,ISRO-SCL-250217-07,test
C9854,ISRO-SCL-250113-02,train
C9855,ISRO-SCL-250113-02,train
C9856,ISRO-SCL-250519-20,val
C9857,ISRO-SCL-250310-10,train
C9858,ISRO-SCL-250512-19,train
C9859,ISRO-SCL-250317-11,train
C9860,ISRO-SCL-250203-05,test
C9861,ISRO-SCL-250421-16,val
C9862,ISRO-SCL-250310-10,train
C9863,ISRO-SCL-250414-15,val
C9864,ISRO-SCL-250106-01,train
C9865,ISRO-SCL-250303-09,test
C9866,ISRO-SCL-250106-01,train
C9867,ISRO-SCL-250113-02,train
C9868,ISRO-SCL-250310-10,train
C9869,ISRO-SCL-250317-11,train
C9870,ISRO-SCL-250505-18,train
C9871,ISRO-SCL-250310-10,train
C9872,ISRO-SCL-250421-16,val
C9873,ISRO-SCL-250414-15,val
C9874,ISRO-SCL-250303-09,test
C9875,ISRO-SCL-250127-04,test
C9876,ISRO-SCL-250519-20,val
C9877,ISRO-SCL-250310-10,train
C9878,ISRO-SCL-250310-10,train
C9879,ISRO-SCL-250120-03,val
C9880,ISRO-SCL-250310-10,train
C9881,ISRO-SCL-250421-16,val
C9882,ISRO-SCL-250113-02,train
C9883,ISRO-SCL-250310-10,train
C9884,ISRO-SCL-250414-15,val
C9885,ISRO-SCL-250203-05,test
C9886,ISRO-SCL-250217-07,test
C9887,ISRO-SCL-250106-01,train
C9888,ISRO-SCL-250203-05,test
C9889,ISRO-SCL-250113-02,train
C9890,ISRO-SCL-250407-14,train
C9891,ISRO-SCL-250519-20,val
C9892,ISRO-SCL-250217-07,test
C9893,ISRO-SCL-250113-02,train
C9894,ISRO-SCL-250127-04,test
C9895,ISRO-SCL-250407-14,train
C9896,ISRO-SCL-250203-05,test
C9897,ISRO-SCL-250407-14,train
C9898,ISRO-SCL-250120-03,val
C9899,ISRO-SCL-250217-07,test
C9900,ISRO-SCL-250210-06,train
C9901,ISRO-SCL-250421-16,val
C9902,ISRO-SCL-250303-09,test
C9903,ISRO-SCL-250505-18,train
C9904,ISRO-SCL-250127-04,test
C9905,ISRO-SCL-250106-01,train
C9906,ISRO-SCL-250421-16,val
C9907,ISRO-SCL-250203-05,test
C9908,ISRO-SCL-250310-10,train
C9909,ISRO-SCL-250407-14,train
C9910,ISRO-SCL-250310-10,train
C9911,ISRO-SCL-250113-02,train
C9912,ISRO-SCL-250421-16,val
C9913,ISRO-SCL-250303-09,test
C9914,ISRO-SCL-250127-04,test
C9915,ISRO-SCL-250331-13,train
C9916,ISRO-SCL-250224-08,train
C9917,ISRO-SCL-250210-06,train
C9918,ISRO-SCL-250127-04,test
C9919,ISRO-SCL-250512-19,train
C9920,ISRO-SCL-250317-11,train
C9921,ISRO-SCL-250414-15,val
C9922,ISRO-SCL-250407-14,train
C9923,ISRO-SCL-250414-15,val
C9924,ISRO-SCL-250210-06,train
C9925,ISRO-SCL-250331-13,train
C9926,ISRO-SCL-250127-04,test
C9927,ISRO-SCL-250407-14,train
C9928,ISRO-SCL-250113-02,train
C9929,ISRO-SCL-250407-14,train
C9930,ISRO-SCL-250127-04,test
C9931,ISRO-SCL-250210-06,train
C9932,ISRO-SCL-250310-10,train
C9933,ISRO-SCL-250421-16,val
C9934,ISRO-SCL-250127-04,test
C9935,ISRO-SCL-250505-18,train
C9936,ISRO-SCL-250310-10,train
C9937,ISRO-SCL-250407-14,train
C9938,ISRO-SCL-250310-10,train
C9939,ISRO-SCL-250512-19,train
C9940,ISRO-SCL-250217-07,test
C9941,ISRO-SCL-250127-04,test
C9942,ISRO-SCL-250505-18,train
C9943,ISRO-SCL-250217-07,test
C9944,ISRO-SCL-250331-13,train
C9945,ISRO-SCL-250407-14,train
C9946,ISRO-SCL-250317-11,train
C9947,ISRO-SCL-250127-04,test
C9948,ISRO-SCL-250113-02,train
C9949,ISRO-SCL-250505-18,train
C9950,ISRO-SCL-250407-14,train
C9951,ISRO-SCL-250113-02,train
C9952,ISRO-SCL-250113-02,train
C9953,ISRO-SCL-250224-08,train
C9954,ISRO-SCL-250414-15,val
C9955,ISRO-SCL-250414-15,val
C9956,ISRO-SCL-250106-01,train
C9957,ISRO-SCL-250428-17,train
C9958,ISRO-SCL-250317-11,train
C9959,ISRO-SCL-250224-08,train
C9960,ISRO-SCL-250519-20,val
C9961,ISRO-SCL-250113-02,train
C9962,ISRO-SCL-250303-09,test
C9963,ISRO-SCL-250519-20,val
C9964,ISRO-SCL-250127-04,test
C9965,ISRO-SCL-250421-16,val
C9966,ISRO-SCL-250224-08,train
C9967,ISRO-SCL-250310-10,train
C9968,ISRO-SCL-250519-20,val
C9969,ISRO-SCL-250407-14,train
C9970,ISRO-SCL-250512-19,train
C9971,ISRO-SCL-250106-01,train
C9972,ISRO-SCL-250127-04,test
C9973,ISRO-SCL-250106-01,train
C9974,ISRO-SCL-250331-13,train
C9975,ISRO-SCL-250310-10,train
C9976,ISRO-SCL-250106-01,train
C9977,ISRO-SCL-250331-13,train
C9978,ISRO-SCL-250310-10,train
C9979,ISRO-SCL-250120-03,val
C9980,ISRO-SCL-250203-05,test
C9981,ISRO-SCL-250224-08,train
C9982,ISRO-SCL-250217-07,test
C9983,ISRO-SCL-250217-07,test
C9984,ISRO-SCL-250331-13,train
C9985,ISRO-SCL-250421-16,val
C9986,ISRO-SCL-250120-03,val
C9987,ISRO-SCL-250421-16,val
C9988,ISRO-SCL-250113-02,train
C9989,ISRO-SCL-250512-19,train
C9990,ISRO-SCL-250512-19,train
C9991,ISRO-SCL-250310-10,train
C9992,ISRO-SCL-250217-07,test
C9993,ISRO-SCL-250310-10,train
C9994,ISRO-SCL-250414-15,val
C9995,ISRO-SCL-250113-02,train
C9996,ISRO-SCL-250519-20,val
C9997,ISRO-SCL-250217-07,test
C9998,ISRO-SCL-250519-20,val
C9999,ISRO-SCL-250127-04,test
C10000,ISRO-SCL-250414-15,val
C10001,ISRO-SCL-250203-05,test
C10002,ISRO-SCL-250519-20,val
C10003,ISRO-SCL-250317-11,train
C10004,ISRO-SCL-250127-04,test
C10005,ISRO-SCL-250106-01,train
C10006,ISRO-SCL-250317-11,train
C10007,ISRO-SCL-250113-02,train
C10008,ISRO-SCL-250113-02,train
C10009,ISRO-SCL-250217-07,test
C10010,ISRO-SCL-250120-03,val
C10011,ISRO-SCL-250113-02,train
C10012,ISRO-SCL-250421-16,val
C10013,ISRO-SCL-250127-04,test
C10014,ISRO-SCL-250421-16,val
C10015,ISRO-SCL-250113-02,train
C10016,ISRO-SCL-250210-06,train
C10017,ISRO-SCL-250113-02,train
C10018,ISRO-SCL-250421-16,val
C10019,ISRO-SCL-250414-15,val
C10020,ISRO-SCL-250519-20,val
C10021,ISRO-SCL-250127-04,test
C10022,ISRO-SCL-250310-10,train
C10023,ISRO-SCL-250407-14,train
C10024,ISRO-SCL-250310-10,train
C10025,ISRO-SCL-250505-18,train
C10026,ISRO-SCL-250428-17,train
C10027,ISRO-SCL-250113-02,train
C10028,ISRO-SCL-250303-09,test
C10029,ISRO-SCL-250217-07,test
C10030,ISRO-SCL-250407-14,train
C10031,ISRO-SCL-250421-16,val
C10032,ISRO-SCL-250310-10,train
C10033,ISRO-SCL-250331-13,train
C10034,ISRO-SCL-250303-09,test
C10035,ISRO-SCL-250203-05,test
C10036,ISRO-SCL-250505-18,train
C10037,ISRO-SCL-250414-15,val
C10038,ISRO-SCL-250120-03,val
C10039,ISRO-SCL-250512-19,train
C10040,ISRO-SCL-250127-04,test
C10041,ISRO-SCL-250310-10,train
C10042,ISRO-SCL-250414-15,val
C10043,ISRO-SCL-250324-12,train
C10044,ISRO-SCL-250407-14,train
C10045,ISRO-SCL-250421-16,val
C10046,ISRO-SCL-250414-15,val
C10047,ISRO-SCL-250113-02,train
C10048,ISRO-SCL-250317-11,train
C10049,ISRO-SCL-250210-06,train
C10050,ISRO-SCL-250113-02,train
C10051,ISRO-SCL-250421-16,val
C10052,ISRO-SCL-250310-10,train
C10053,ISRO-SCL-250414-15,val
C10054,ISRO-SCL-250203-05,test
C10055,ISRO-SCL-250331-13,train
C10056,ISRO-SCL-250303-09,test
C10057,ISRO-SCL-250303-09,test
C10058,ISRO-SCL-250127-04,test
C10059,ISRO-SCL-250331-13,train
C10060,ISRO-SCL-250407-14,train
C10061,ISRO-SCL-250210-06,train
C10062,ISRO-SCL-250106-01,train
C10063,ISRO-SCL-250113-02,train
C10064,ISRO-SCL-250310-10,train
C10065,ISRO-SCL-250414-15,val
C10066,ISRO-SCL-250414-15,val
C10067,ISRO-SCL-250317-11,train
C10068,ISRO-SCL-250421-16,val
C10069,ISRO-SCL-250505-18,train
C10070,ISRO-SCL-250317-11,train
C10071,ISRO-SCL-250113-02,train
C10072,ISRO-SCL-250120-03,val
C10073,ISRO-SCL-250310-10,train
C10074,ISRO-SCL-250224-08,train
C10075,ISRO-SCL-250217-07,test
C10076,ISRO-SCL-250113-02,train
C10077,ISRO-SCL-250106-01,train
C10078,ISRO-SCL-250217-07,test
C10079,ISRO-SCL-250203-05,test
C10080,ISRO-SCL-250210-06,train
C10081,ISRO-SCL-250217-07,test
C10082,ISRO-SCL-250331-13,train
C10083,ISRO-SCL-250113-02,train
C10084,ISRO-SCL-250310-10,train
C10085,ISRO-SCL-250421-16,val
C10086,ISRO-SCL-250421-16,val
C10087,ISRO-SCL-250127-04,test
C10088,ISRO-SCL-250512-19,train
C10089,ISRO-SCL-250331-13,train
C10090,ISRO-SCL-250414-15,val
C10091,ISRO-SCL-250421-16,val
C10092,ISRO-SCL-250505-18,train
C10093,ISRO-SCL-250519-20,val
C10094,ISRO-SCL-250310-10,train
C10095,ISRO-SCL-250210-06,train
C10096,ISRO-SCL-250505-18,train
C10097,ISRO-SCL-250106-01,train
C10098,ISRO-SCL-250106-01,train
C10099,ISRO-SCL-250203-05,test
C10100,ISRO-SCL-250331-13,train
C10101,ISRO-SCL-250224-08,train
C10102,ISRO-SCL-250113-02,train
C10103,ISRO-SCL-250210-06,train
C10104,ISRO-SCL-250224-08,train
C10105,ISRO-SCL-250505-18,train
C10106,ISRO-SCL-250324-12,train
C10107,ISRO-SCL-250203-05,test
C10108,ISRO-SCL-250303-09,test
C10109,ISRO-SCL-250407-14,train
C10110,ISRO-SCL-250317-11,train
C10111,ISRO-SCL-250210-06,train
C10112,ISRO-SCL-250106-01,train
C10113,ISRO-SCL-250310-10,train
C10114,ISRO-SCL-250106-01,train
C10115,ISRO-SCL-250127-04,test
C10116,ISRO-SCL-250407-14,train
C10117,ISRO-SCL-250113-02,train
C10118,ISRO-SCL-250331-13,train
C10119,ISRO-SCL-250113-02,train
C10120,ISRO-SCL-250203-05,test
C10121,ISRO-SCL-250310-10,train
C10122,ISRO-SCL-250519-20,val
C10123,ISRO-SCL-250210-06,train
C10124,ISRO-SCL-250113-02,train
C10125,ISRO-SCL-250217-07,test
C10126,ISRO-SCL-250217-07,test
C10127,ISRO-SCL-250407-14,train
C10128,ISRO-SCL-250512-19,train
C10129,ISRO-SCL-250414-15,val
C10130,ISRO-SCL-250407-14,train
C10131,ISRO-SCL-250303-09,test
C10132,ISRO-SCL-250414-15,val
C10133,ISRO-SCL-250414-15,val
C10134,ISRO-SCL-250217-07,test
C10135,ISRO-SCL-250203-05,test
C10136,ISRO-SCL-250203-05,test
C10137,ISRO-SCL-250414-15,val
C10138,ISRO-SCL-250310-10,train
C10139,ISRO-SCL-250303-09,test
C10140,ISRO-SCL-250407-14,train
C10141,ISRO-SCL-250113-02,train
C10142,ISRO-SCL-250217-07,test
C10143,ISRO-SCL-250317-11,train
C10144,ISRO-SCL-250217-07,test
C10145,ISRO-SCL-250407-14,train
C10146,ISRO-SCL-250127-04,test
C10147,ISRO-SCL-250113-02,train
C10148,ISRO-SCL-250421-16,val
C10149,ISRO-SCL-250203-05,test
C10150,ISRO-SCL-250519-20,val
C10151,ISRO-SCL-250421-16,val
C10152,ISRO-SCL-250421-16,val
C10153,ISRO-SCL-250421-16,val
C10154,ISRO-SCL-250127-04,test
C10155,ISRO-SCL-250414-15,val
C10156,ISRO-SCL-250224-08,train
C10157,ISRO-SCL-250303-09,test
C10158,ISRO-SCL-250210-06,train
C10159,ISRO-SCL-250324-12,train
C10160,ISRO-SCL-250407-14,train
C10161,ISRO-SCL-250210-06,train
C10162,ISRO-SCL-250331-13,train
C10163,ISRO-SCL-250106-01,train
C10164,ISRO-SCL-250310-10,train
C10165,ISRO-SCL-250421-16,val
C10166,ISRO-SCL-250317-11,train
C10167,ISRO-SCL-250512-19,train
C10168,ISRO-SCL-250217-07,test
C10169,ISRO-SCL-250113-02,train
C10170,ISRO-SCL-250303-09,test
C10171,ISRO-SCL-250324-12,train
C10172,ISRO-SCL-250331-13,train
C10173,ISRO-SCL-250217-07,test
C10174,ISRO-SCL-250310-10,train
C10175,ISRO-SCL-250421-16,val
C10176,ISRO-SCL-250113-02,train
C10177,ISRO-SCL-250331-13,train
C10178,ISRO-SCL-250217-07,test
C10179,ISRO-SCL-250217-07,test
C10180,ISRO-SCL-250217-07,test
C10181,ISRO-SCL-250512-19,train
C10182,ISRO-SCL-250217-07,test
C10183,ISRO-SCL-250303-09,test
C10184,ISRO-SCL-250310-10,train
C10185,ISRO-SCL-250210-06,train
C10186,ISRO-SCL-250317-11,train
C10187,ISRO-SCL-250331-13,train
C10188,ISRO-SCL-250519-20,val
C10189,ISRO-SCL-250310-10,train
C10190,ISRO-SCL-250203-05,test
C10191,ISRO-SCL-250310-10,train
C10192,ISRO-SCL-250331-13,train
C10193,ISRO-SCL-250127-04,test
C10194,ISRO-SCL-250421-16,val
C10195,ISRO-SCL-250512-19,train
C10196,ISRO-SCL-250324-12,train
C10197,ISRO-SCL-250106-01,train
C10198,ISRO-SCL-250519-20,val
C10199,ISRO-SCL-250519-20,val
C10200,ISRO-SCL-250414-15,val
C10201,ISRO-SCL-250414-15,val
C10202,ISRO-SCL-250113-02,train
C10203,ISRO-SCL-250217-07,test
C10204,ISRO-SCL-250310-10,train
C10205,ISRO-SCL-250127-04,test
C10206,ISRO-SCL-250127-04,test
C10207,ISRO-SCL-250113-02,train
C10208,ISRO-SCL-250324-12,train
C10209,ISRO-SCL-250224-08,train
C10210,ISRO-SCL-250113-02,train
C10211,ISRO-SCL-250407-14,train
C10212,ISRO-SCL-250106-01,train
C10213,ISRO-SCL-250310-10,train
C10214,ISRO-SCL-250331-13,train
C10215,ISRO-SCL-250303-09,test
C10216,ISRO-SCL-250127-04,test
C10217,ISRO-SCL-250421-16,val
C10218,ISRO-SCL-250113-02,train
C10219,ISRO-SCL-250217-07,test
C10220,ISRO-SCL-250217-07,test
C10221,ISRO-SCL-250303-09,test
C10222,ISRO-SCL-250203-05,test
C10223,ISRO-SCL-250310-10,train
C10224,ISRO-SCL-250407-14,train
C10225,ISRO-SCL-250421-16,val
C10226,ISRO-SCL-250331-13,train
C10227,ISRO-SCL-250512-19,train
C10228,ISRO-SCL-250512-19,train
C10229,ISRO-SCL-250210-06,train
C10230,ISRO-SCL-250106-01,train
C10231,ISRO-SCL-250317-11,train
C10232,ISRO-SCL-250203-05,test
C10233,ISRO-SCL-250203-05,test
C10234,ISRO-SCL-250303-09,test
C10235,ISRO-SCL-250414-15,val
C10236,ISRO-SCL-250203-05,test
C10237,ISRO-SCL-250310-10,train
C10238,ISRO-SCL-250505-18,train
C10239,ISRO-SCL-250519-20,val
C10240,ISRO-SCL-250414-15,val
C10241,ISRO-SCL-250217-07,test
C10242,ISRO-SCL-250127-04,test
C10243,ISRO-SCL-250113-02,train
C10244,ISRO-SCL-250407-14,train
C10245,ISRO-SCL-250106-01,train
C10246,ISRO-SCL-250331-13,train
C10247,ISRO-SCL-250113-02,train
C10248,ISRO-SCL-250106-01,train
C10249,ISRO-SCL-250113-02,train
C10250,ISRO-SCL-250113-02,train
C10251,ISRO-SCL-250120-03,val
C10252,ISRO-SCL-250421-16,val
C10253,ISRO-SCL-250113-02,train
C10254,ISRO-SCL-250421-16,val
C10255,ISRO-SCL-250512-19,train
C10256,ISRO-SCL-250106-01,train
C10257,ISRO-SCL-250512-19,train
C10258,ISRO-SCL-250421-16,val
C10259,ISRO-SCL-250324-12,train
C10260,ISRO-SCL-250217-07,test
C10261,ISRO-SCL-250421-16,val
C10262,ISRO-SCL-250113-02,train
C10263,ISRO-SCL-250310-10,train
C10264,ISRO-SCL-250407-14,train
C10265,ISRO-SCL-250310-10,train
C10266,ISRO-SCL-250331-13,train
C10267,ISRO-SCL-250113-02,train
C10268,ISRO-SCL-250210-06,train
C10269,ISRO-SCL-250217-07,test
C10270,ISRO-SCL-250428-17,train
C10271,ISRO-SCL-250203-05,test
C10272,ISRO-SCL-250512-19,train
C10273,ISRO-SCL-250324-12,train
C10274,ISRO-SCL-250310-10,train
C10275,ISRO-SCL-250310-10,train
C10276,ISRO-SCL-250127-04,test
C10277,ISRO-SCL-250512-19,train
C10278,ISRO-SCL-250203-05,test
C10279,ISRO-SCL-250310-10,train
C10280,ISRO-SCL-250407-14,train
C10281,ISRO-SCL-250505-18,train
C10282,ISRO-SCL-250120-03,val
C10283,ISRO-SCL-250407-14,train
C10284,ISRO-SCL-250120-03,val
C10285,ISRO-SCL-250217-07,test
C10286,ISRO-SCL-250113-02,train
C10287,ISRO-SCL-250407-14,train
C10288,ISRO-SCL-250331-13,train
C10289,ISRO-SCL-250421-16,val
C10290,ISRO-SCL-250428-17,train
C10291,ISRO-SCL-250210-06,train
C10292,ISRO-SCL-250414-15,val
C10293,ISRO-SCL-250331-13,train
C10294,ISRO-SCL-250414-15,val
C10295,ISRO-SCL-250303-09,test
C10296,ISRO-SCL-250421-16,val
C10297,ISRO-SCL-250127-04,test
C10298,ISRO-SCL-250428-17,train
C10299,ISRO-SCL-250331-13,train
C10300,ISRO-SCL-250113-02,train
C10301,ISRO-SCL-250324-12,train
C10302,ISRO-SCL-250303-09,test
C10303,ISRO-SCL-250210-06,train
C10304,ISRO-SCL-250310-10,train
C10305,ISRO-SCL-250428-17,train
C10306,ISRO-SCL-250127-04,test
C10307,ISRO-SCL-250217-07,test
C10308,ISRO-SCL-250217-07,test
C10309,ISRO-SCL-250414-15,val
C10310,ISRO-SCL-250113-02,train
C10311,ISRO-SCL-250407-14,train
C10312,ISRO-SCL-250414-15,val
C10313,ISRO-SCL-250113-02,train
C10314,ISRO-SCL-250310-10,train
C10315,ISRO-SCL-250203-05,test
C10316,ISRO-SCL-250331-13,train
C10317,ISRO-SCL-250505-18,train
C10318,ISRO-SCL-250217-07,test
C10319,ISRO-SCL-250421-16,val
C10320,ISRO-SCL-250317-11,train
C10321,ISRO-SCL-250210-06,train
C10322,ISRO-SCL-250324-12,train
C10323,ISRO-SCL-250505-18,train
C10324,ISRO-SCL-250113-02,train
C10325,ISRO-SCL-250127-04,test
C10326,ISRO-SCL-250414-15,val
C10327,ISRO-SCL-250421-16,val
C10328,ISRO-SCL-250303-09,test
C10329,ISRO-SCL-250106-01,train
C10330,ISRO-SCL-250519-20,val
C10331,ISRO-SCL-250203-05,test
C10332,ISRO-SCL-250113-02,train
C10333,ISRO-SCL-250331-13,train
C10334,ISRO-SCL-250106-01,train
C10335,ISRO-SCL-250317-11,train
C10336,ISRO-SCL-250512-19,train
C10337,ISRO-SCL-250310-10,train
C10338,ISRO-SCL-250210-06,train
C10339,ISRO-SCL-250127-04,test
C10340,ISRO-SCL-250113-02,train
C10341,ISRO-SCL-250310-10,train
C10342,ISRO-SCL-250127-04,test
C10343,ISRO-SCL-250519-20,val
C10344,ISRO-SCL-250421-16,val
C10345,ISRO-SCL-250505-18,train
C10346,ISRO-SCL-250407-14,train
C10347,ISRO-SCL-250127-04,test
C10348,ISRO-SCL-250414-15,val
C10349,ISRO-SCL-250203-05,test
C10350,ISRO-SCL-250519-20,val
C10351,ISRO-SCL-250303-09,test
C10352,ISRO-SCL-250421-16,val
C10353,ISRO-SCL-250310-10,train
C10354,ISRO-SCL-250310-10,train
C10355,ISRO-SCL-250505-18,train
C10356,ISRO-SCL-250310-10,train
C10357,ISRO-SCL-250127-04,test
C10358,ISRO-SCL-250407-14,train
C10359,ISRO-SCL-250210-06,train
C10360,ISRO-SCL-250407-14,train
C10361,ISRO-SCL-250120-03,val
C10362,ISRO-SCL-250421-16,val
C10363,ISRO-SCL-250224-08,train
C10364,ISRO-SCL-250203-05,test
C10365,ISRO-SCL-250407-14,train
C10366,ISRO-SCL-250310-10,train
C10367,ISRO-SCL-250331-13,train
C10368,ISRO-SCL-250310-10,train
C10369,ISRO-SCL-250310-10,train
C10370,ISRO-SCL-250414-15,val
C10371,ISRO-SCL-250519-20,val
C10372,ISRO-SCL-250414-15,val
C10373,ISRO-SCL-250414-15,val
C10374,ISRO-SCL-250331-13,train
C10375,ISRO-SCL-250310-10,train
C10376,ISRO-SCL-250210-06,train
C10377,ISRO-SCL-250512-19,train
C10378,ISRO-SCL-250113-02,train
C10379,ISRO-SCL-250203-05,test
C10380,ISRO-SCL-250113-02,train
C10381,ISRO-SCL-250414-15,val
C10382,ISRO-SCL-250407-14,train
C10383,ISRO-SCL-250421-16,val
C10384,ISRO-SCL-250331-13,train
C10385,ISRO-SCL-250414-15,val
C10386,ISRO-SCL-250421-16,val
C10387,ISRO-SCL-250113-02,train
C10388,ISRO-SCL-250324-12,train
C10389,ISRO-SCL-250303-09,test
C10390,ISRO-SCL-250519-20,val
C10391,ISRO-SCL-250310-10,train
C10392,ISRO-SCL-250210-06,train
C10393,ISRO-SCL-250203-05,test
C10394,ISRO-SCL-250519-20,val
C10395,ISRO-SCL-250414-15,val
C10396,ISRO-SCL-250421-16,val
C10397,ISRO-SCL-250331-13,train
C10398,ISRO-SCL-250324-12,train
C10399,ISRO-SCL-250421-16,val
C10400,ISRO-SCL-250428-17,train
C10401,ISRO-SCL-250414-15,val
C10402,ISRO-SCL-250512-19,train
C10403,ISRO-SCL-250407-14,train
C10404,ISRO-SCL-250210-06,train
C10405,ISRO-SCL-250331-13,train
C10406,ISRO-SCL-250421-16,val
C10407,ISRO-SCL-250414-15,val
C10408,ISRO-SCL-250203-05,test
C10409,ISRO-SCL-250317-11,train
C10410,ISRO-SCL-250224-08,train
C10411,ISRO-SCL-250217-07,test
C10412,ISRO-SCL-250407-14,train
C10413,ISRO-SCL-250113-02,train
C10414,ISRO-SCL-250331-13,train
C10415,ISRO-SCL-250421-16,val
C10416,ISRO-SCL-250407-14,train
C10417,ISRO-SCL-250113-02,train
C10418,ISRO-SCL-250217-07,test
C10419,ISRO-SCL-250106-01,train
C10420,ISRO-SCL-250120-03,val
C10421,ISRO-SCL-250203-05,test
C10422,ISRO-SCL-250414-15,val
C10423,ISRO-SCL-250414-15,val
C10424,ISRO-SCL-250331-13,train
C10425,ISRO-SCL-250331-13,train
C10426,ISRO-SCL-250106-01,train
C10427,ISRO-SCL-250113-02,train
C10428,ISRO-SCL-250217-07,test
C10429,ISRO-SCL-250127-04,test
C10430,ISRO-SCL-250303-09,test
C10431,ISRO-SCL-250512-19,train
C10432,ISRO-SCL-250113-02,train
C10433,ISRO-SCL-250127-04,test
C10434,ISRO-SCL-250106-01,train
C10435,ISRO-SCL-250331-13,train
C10436,ISRO-SCL-250224-08,train
C10437,ISRO-SCL-250113-02,train
C10438,ISRO-SCL-250407-14,train
C10439,ISRO-SCL-250421-16,val
C10440,ISRO-SCL-250421-16,val
C10441,ISRO-SCL-250310-10,train
C10442,ISRO-SCL-250120-03,val
C10443,ISRO-SCL-250310-10,train
C10444,ISRO-SCL-250310-10,train
C10445,ISRO-SCL-250324-12,train
C10446,ISRO-SCL-250106-01,train
C10447,ISRO-SCL-250310-10,train
C10448,ISRO-SCL-250428-17,train
C10449,ISRO-SCL-250310-10,train
C10450,ISRO-SCL-250317-11,train
C10451,ISRO-SCL-250310-10,train
C10452,ISRO-SCL-250421-16,val
C10453,ISRO-SCL-250127-04,test
C10454,ISRO-SCL-250224-08,train
C10455,ISRO-SCL-250203-05,test
C10456,ISRO-SCL-250303-09,test
C10457,ISRO-SCL-250505-18,train
C10458,ISRO-SCL-250127-04,test
C10459,ISRO-SCL-250210-06,train
C10460,ISRO-SCL-250421-16,val
C10461,ISRO-SCL-250127-04,test
C10462,ISRO-SCL-250303-09,test
C10463,ISRO-SCL-250127-04,test
C10464,ISRO-SCL-250106-01,train
C10465,ISRO-SCL-250224-08,train
C10466,ISRO-SCL-250120-03,val
C10467,ISRO-SCL-250331-13,train
C10468,ISRO-SCL-250203-05,test
C10469,ISRO-SCL-250113-02,train
C10470,ISRO-SCL-250113-02,train
C10471,ISRO-SCL-250127-04,test
C10472,ISRO-SCL-250414-15,val
C10473,ISRO-SCL-250414-15,val
C10474,ISRO-SCL-250512-19,train
C10475,ISRO-SCL-250331-13,train
C10476,ISRO-SCL-250421-16,val
C10477,ISRO-SCL-250203-05,test
C10478,ISRO-SCL-250127-04,test
C10479,ISRO-SCL-250407-14,train
C10480,ISRO-SCL-250127-04,test
C10481,ISRO-SCL-250113-02,train
C10482,ISRO-SCL-250331-13,train
C10483,ISRO-SCL-250505-18,train
C10484,ISRO-SCL-250512-19,train
C10485,ISRO-SCL-250421-16,val
C10486,ISRO-SCL-250310-10,train
C10487,ISRO-SCL-250421-16,val
C10488,ISRO-SCL-250127-04,test
C10489,ISRO-SCL-250210-06,train
C10490,ISRO-SCL-250407-14,train
C10491,ISRO-SCL-250310-10,train
C10492,ISRO-SCL-250224-08,train
C10493,ISRO-SCL-250310-10,train
C10494,ISRO-SCL-250113-02,train
C10495,ISRO-SCL-250203-05,test
C10496,ISRO-SCL-250505-18,train
C10497,ISRO-SCL-250331-13,train
C10498,ISRO-SCL-250407-14,train
C10499,ISRO-SCL-250217-07,test
C10500,ISRO-SCL-250203-05,test
